result,table,_start,_stop,_time,_value,_field,_measurement,test_name
_result,0,2025-02-06 20:56:00.508289+00:00,2025-02-09 20:56:00.508289+00:00,2025-02-09 19:47:00.532300+00:00,0.6601,avg_energy_dram,unit_test_energy,Abgebrochen
_result,0,2025-02-06 20:56:00.508289+00:00,2025-02-09 20:56:00.508289+00:00,2025-02-09 19:55:23.690662+00:00,0.6074,avg_energy_dram,unit_test_energy,Abgebrochen
_result,0,2025-02-06 20:56:00.508289+00:00,2025-02-09 20:56:00.508289+00:00,2025-02-09 19:56:13.737272+00:00,0.5955,avg_energy_dram,unit_test_energy,Abgebrochen
_result,0,2025-02-06 20:56:00.508289+00:00,2025-02-09 20:56:00.508289+00:00,2025-02-09 19:57:03.793952+00:00,0.626,avg_energy_dram,unit_test_energy,Abgebrochen
_result,0,2025-02-06 20:56:00.508289+00:00,2025-02-09 20:56:00.508289+00:00,2025-02-09 19:57:53.755933+00:00,0.7515,avg_energy_dram,unit_test_energy,Abgebrochen
_result,0,2025-02-06 20:56:00.508289+00:00,2025-02-09 20:56:00.508289+00:00,2025-02-09 19:58:43.916315+00:00,0.5991,avg_energy_dram,unit_test_energy,Abgebrochen
_result,0,2025-02-06 20:56:00.508289+00:00,2025-02-09 20:56:00.508289+00:00,2025-02-09 19:59:34.033638+00:00,0.5949,avg_energy_dram,unit_test_energy,Abgebrochen
_result,0,2025-02-06 20:56:00.508289+00:00,2025-02-09 20:56:00.508289+00:00,2025-02-09 20:00:24.052073+00:00,0.6154,avg_energy_dram,unit_test_energy,Abgebrochen
_result,0,2025-02-06 20:56:00.508289+00:00,2025-02-09 20:56:00.508289+00:00,2025-02-09 20:01:14.048028+00:00,0.6125,avg_energy_dram,unit_test_energy,Abgebrochen
_result,0,2025-02-06 20:56:00.508289+00:00,2025-02-09 20:56:00.508289+00:00,2025-02-09 20:02:04.083157+00:00,0.608,avg_energy_dram,unit_test_energy,Abgebrochen
_result,0,2025-02-06 20:56:00.508289+00:00,2025-02-09 20:56:00.508289+00:00,2025-02-09 20:02:54.076757+00:00,0.6424,avg_energy_dram,unit_test_energy,Abgebrochen
_result,0,2025-02-06 20:56:00.508289+00:00,2025-02-09 20:56:00.508289+00:00,2025-02-09 20:03:44.104711+00:00,0.6047,avg_energy_dram,unit_test_energy,Abgebrochen
_result,0,2025-02-06 20:56:00.508289+00:00,2025-02-09 20:56:00.508289+00:00,2025-02-09 20:04:34.184624+00:00,0.6241,avg_energy_dram,unit_test_energy,Abgebrochen
_result,0,2025-02-06 20:56:00.508289+00:00,2025-02-09 20:56:00.508289+00:00,2025-02-09 20:05:24.268744+00:00,0.6395,avg_energy_dram,unit_test_energy,Abgebrochen
_result,0,2025-02-06 20:56:00.508289+00:00,2025-02-09 20:56:00.508289+00:00,2025-02-09 20:06:14.335615+00:00,0.6389,avg_energy_dram,unit_test_energy,Abgebrochen
_result,0,2025-02-06 20:56:00.508289+00:00,2025-02-09 20:56:00.508289+00:00,2025-02-09 20:07:04.328782+00:00,0.6311,avg_energy_dram,unit_test_energy,Abgebrochen
_result,0,2025-02-06 20:56:00.508289+00:00,2025-02-09 20:56:00.508289+00:00,2025-02-09 20:07:59.083110+00:00,0.6153,avg_energy_dram,unit_test_energy,Abgebrochen
_result,0,2025-02-06 20:56:00.508289+00:00,2025-02-09 20:56:00.508289+00:00,2025-02-09 20:08:49.168072+00:00,0.6179,avg_energy_dram,unit_test_energy,Abgebrochen
_result,0,2025-02-06 20:56:00.508289+00:00,2025-02-09 20:56:00.508289+00:00,2025-02-09 20:09:39.215517+00:00,0.6192,avg_energy_dram,unit_test_energy,Abgebrochen
_result,0,2025-02-06 20:56:00.508289+00:00,2025-02-09 20:56:00.508289+00:00,2025-02-09 20:10:29.245198+00:00,0.6257,avg_energy_dram,unit_test_energy,Abgebrochen
_result,0,2025-02-06 20:56:00.508289+00:00,2025-02-09 20:56:00.508289+00:00,2025-02-09 20:11:19.198170+00:00,0.5815,avg_energy_dram,unit_test_energy,Abgebrochen
_result,0,2025-02-06 20:56:00.508289+00:00,2025-02-09 20:56:00.508289+00:00,2025-02-09 20:12:09.216052+00:00,0.6371,avg_energy_dram,unit_test_energy,Abgebrochen
_result,0,2025-02-06 20:56:00.508289+00:00,2025-02-09 20:56:00.508289+00:00,2025-02-09 20:12:59.220959+00:00,0.6217,avg_energy_dram,unit_test_energy,Abgebrochen
_result,0,2025-02-06 20:56:00.508289+00:00,2025-02-09 20:56:00.508289+00:00,2025-02-09 20:13:49.259909+00:00,0.6422,avg_energy_dram,unit_test_energy,Abgebrochen
_result,0,2025-02-06 20:56:00.508289+00:00,2025-02-09 20:56:00.508289+00:00,2025-02-09 20:14:39.376675+00:00,0.6289,avg_energy_dram,unit_test_energy,Abgebrochen
_result,0,2025-02-06 20:56:00.508289+00:00,2025-02-09 20:56:00.508289+00:00,2025-02-09 20:15:29.419042+00:00,0.6078,avg_energy_dram,unit_test_energy,Abgebrochen
_result,0,2025-02-06 20:56:00.508289+00:00,2025-02-09 20:56:00.508289+00:00,2025-02-09 20:16:19.383290+00:00,0.6032,avg_energy_dram,unit_test_energy,Abgebrochen
_result,0,2025-02-06 20:56:00.508289+00:00,2025-02-09 20:56:00.508289+00:00,2025-02-09 20:17:09.365337+00:00,0.6287,avg_energy_dram,unit_test_energy,Abgebrochen
_result,0,2025-02-06 20:56:00.508289+00:00,2025-02-09 20:56:00.508289+00:00,2025-02-09 20:17:59.357206+00:00,0.6323,avg_energy_dram,unit_test_energy,Abgebrochen
_result,0,2025-02-06 20:56:00.508289+00:00,2025-02-09 20:56:00.508289+00:00,2025-02-09 20:18:49.261934+00:00,0.83,avg_energy_dram,unit_test_energy,Abgebrochen
_result,0,2025-02-06 20:56:00.508289+00:00,2025-02-09 20:56:00.508289+00:00,2025-02-09 20:19:39.268843+00:00,0.6444,avg_energy_dram,unit_test_energy,Abgebrochen
_result,1,2025-02-06 20:56:00.508289+00:00,2025-02-09 20:56:00.508289+00:00,2025-02-09 19:47:00.532300+00:00,4.8711,avg_energy_pkg,unit_test_energy,Abgebrochen
_result,1,2025-02-06 20:56:00.508289+00:00,2025-02-09 20:56:00.508289+00:00,2025-02-09 19:55:23.690662+00:00,7.4156,avg_energy_pkg,unit_test_energy,Abgebrochen
_result,1,2025-02-06 20:56:00.508289+00:00,2025-02-09 20:56:00.508289+00:00,2025-02-09 19:56:13.737272+00:00,6.614,avg_energy_pkg,unit_test_energy,Abgebrochen
_result,1,2025-02-06 20:56:00.508289+00:00,2025-02-09 20:56:00.508289+00:00,2025-02-09 19:57:03.793952+00:00,5.7918,avg_energy_pkg,unit_test_energy,Abgebrochen
_result,1,2025-02-06 20:56:00.508289+00:00,2025-02-09 20:56:00.508289+00:00,2025-02-09 19:57:53.755933+00:00,8.304,avg_energy_pkg,unit_test_energy,Abgebrochen
_result,1,2025-02-06 20:56:00.508289+00:00,2025-02-09 20:56:00.508289+00:00,2025-02-09 19:58:43.916315+00:00,5.7994,avg_energy_pkg,unit_test_energy,Abgebrochen
_result,1,2025-02-06 20:56:00.508289+00:00,2025-02-09 20:56:00.508289+00:00,2025-02-09 19:59:34.033638+00:00,7.9505,avg_energy_pkg,unit_test_energy,Abgebrochen
_result,1,2025-02-06 20:56:00.508289+00:00,2025-02-09 20:56:00.508289+00:00,2025-02-09 20:00:24.052073+00:00,7.3484,avg_energy_pkg,unit_test_energy,Abgebrochen
_result,1,2025-02-06 20:56:00.508289+00:00,2025-02-09 20:56:00.508289+00:00,2025-02-09 20:01:14.048028+00:00,7.0019,avg_energy_pkg,unit_test_energy,Abgebrochen
_result,1,2025-02-06 20:56:00.508289+00:00,2025-02-09 20:56:00.508289+00:00,2025-02-09 20:02:04.083157+00:00,6.7045,avg_energy_pkg,unit_test_energy,Abgebrochen
_result,1,2025-02-06 20:56:00.508289+00:00,2025-02-09 20:56:00.508289+00:00,2025-02-09 20:02:54.076757+00:00,6.6137,avg_energy_pkg,unit_test_energy,Abgebrochen
_result,1,2025-02-06 20:56:00.508289+00:00,2025-02-09 20:56:00.508289+00:00,2025-02-09 20:03:44.104711+00:00,8.7937,avg_energy_pkg,unit_test_energy,Abgebrochen
_result,1,2025-02-06 20:56:00.508289+00:00,2025-02-09 20:56:00.508289+00:00,2025-02-09 20:04:34.184624+00:00,6.3609,avg_energy_pkg,unit_test_energy,Abgebrochen
_result,1,2025-02-06 20:56:00.508289+00:00,2025-02-09 20:56:00.508289+00:00,2025-02-09 20:05:24.268744+00:00,6.8259,avg_energy_pkg,unit_test_energy,Abgebrochen
_result,1,2025-02-06 20:56:00.508289+00:00,2025-02-09 20:56:00.508289+00:00,2025-02-09 20:06:14.335615+00:00,7.9376,avg_energy_pkg,unit_test_energy,Abgebrochen
_result,1,2025-02-06 20:56:00.508289+00:00,2025-02-09 20:56:00.508289+00:00,2025-02-09 20:07:04.328782+00:00,5.6852,avg_energy_pkg,unit_test_energy,Abgebrochen
_result,1,2025-02-06 20:56:00.508289+00:00,2025-02-09 20:56:00.508289+00:00,2025-02-09 20:07:59.083110+00:00,7.0351,avg_energy_pkg,unit_test_energy,Abgebrochen
_result,1,2025-02-06 20:56:00.508289+00:00,2025-02-09 20:56:00.508289+00:00,2025-02-09 20:08:49.168072+00:00,8.6897,avg_energy_pkg,unit_test_energy,Abgebrochen
_result,1,2025-02-06 20:56:00.508289+00:00,2025-02-09 20:56:00.508289+00:00,2025-02-09 20:09:39.215517+00:00,7.4476,avg_energy_pkg,unit_test_energy,Abgebrochen
_result,1,2025-02-06 20:56:00.508289+00:00,2025-02-09 20:56:00.508289+00:00,2025-02-09 20:10:29.245198+00:00,5.7884,avg_energy_pkg,unit_test_energy,Abgebrochen
_result,1,2025-02-06 20:56:00.508289+00:00,2025-02-09 20:56:00.508289+00:00,2025-02-09 20:11:19.198170+00:00,6.9917,avg_energy_pkg,unit_test_energy,Abgebrochen
_result,1,2025-02-06 20:56:00.508289+00:00,2025-02-09 20:56:00.508289+00:00,2025-02-09 20:12:09.216052+00:00,6.8488,avg_energy_pkg,unit_test_energy,Abgebrochen
_result,1,2025-02-06 20:56:00.508289+00:00,2025-02-09 20:56:00.508289+00:00,2025-02-09 20:12:59.220959+00:00,6.062,avg_energy_pkg,unit_test_energy,Abgebrochen
_result,1,2025-02-06 20:56:00.508289+00:00,2025-02-09 20:56:00.508289+00:00,2025-02-09 20:13:49.259909+00:00,8.515,avg_energy_pkg,unit_test_energy,Abgebrochen
_result,1,2025-02-06 20:56:00.508289+00:00,2025-02-09 20:56:00.508289+00:00,2025-02-09 20:14:39.376675+00:00,8.5882,avg_energy_pkg,unit_test_energy,Abgebrochen
_result,1,2025-02-06 20:56:00.508289+00:00,2025-02-09 20:56:00.508289+00:00,2025-02-09 20:15:29.419042+00:00,7.5663,avg_energy_pkg,unit_test_energy,Abgebrochen
_result,1,2025-02-06 20:56:00.508289+00:00,2025-02-09 20:56:00.508289+00:00,2025-02-09 20:16:19.383290+00:00,6.1197,avg_energy_pkg,unit_test_energy,Abgebrochen
_result,1,2025-02-06 20:56:00.508289+00:00,2025-02-09 20:56:00.508289+00:00,2025-02-09 20:17:09.365337+00:00,8.0085,avg_energy_pkg,unit_test_energy,Abgebrochen
_result,1,2025-02-06 20:56:00.508289+00:00,2025-02-09 20:56:00.508289+00:00,2025-02-09 20:17:59.357206+00:00,5.9009,avg_energy_pkg,unit_test_energy,Abgebrochen
_result,1,2025-02-06 20:56:00.508289+00:00,2025-02-09 20:56:00.508289+00:00,2025-02-09 20:18:49.261934+00:00,7.3648,avg_energy_pkg,unit_test_energy,Abgebrochen
_result,1,2025-02-06 20:56:00.508289+00:00,2025-02-09 20:56:00.508289+00:00,2025-02-09 20:19:39.268843+00:00,8.3212,avg_energy_pkg,unit_test_energy,Abgebrochen
_result,2,2025-02-06 20:56:00.508289+00:00,2025-02-09 20:56:00.508289+00:00,2025-02-09 19:47:00.532300+00:00,0.0607,duration,unit_test_energy,Abgebrochen
_result,2,2025-02-06 20:56:00.508289+00:00,2025-02-09 20:56:00.508289+00:00,2025-02-09 19:55:23.690662+00:00,0.0569,duration,unit_test_energy,Abgebrochen
_result,2,2025-02-06 20:56:00.508289+00:00,2025-02-09 20:56:00.508289+00:00,2025-02-09 19:56:13.737272+00:00,0.0604,duration,unit_test_energy,Abgebrochen
_result,2,2025-02-06 20:56:00.508289+00:00,2025-02-09 20:56:00.508289+00:00,2025-02-09 19:57:03.793952+00:00,0.0567,duration,unit_test_energy,Abgebrochen
_result,2,2025-02-06 20:56:00.508289+00:00,2025-02-09 20:56:00.508289+00:00,2025-02-09 19:57:53.755933+00:00,0.0585,duration,unit_test_energy,Abgebrochen
_result,2,2025-02-06 20:56:00.508289+00:00,2025-02-09 20:56:00.508289+00:00,2025-02-09 19:58:43.916315+00:00,0.0583,duration,unit_test_energy,Abgebrochen
_result,2,2025-02-06 20:56:00.508289+00:00,2025-02-09 20:56:00.508289+00:00,2025-02-09 19:59:34.033638+00:00,0.0586,duration,unit_test_energy,Abgebrochen
_result,2,2025-02-06 20:56:00.508289+00:00,2025-02-09 20:56:00.508289+00:00,2025-02-09 20:00:24.052073+00:00,0.0572,duration,unit_test_energy,Abgebrochen
_result,2,2025-02-06 20:56:00.508289+00:00,2025-02-09 20:56:00.508289+00:00,2025-02-09 20:01:14.048028+00:00,0.057,duration,unit_test_energy,Abgebrochen
_result,2,2025-02-06 20:56:00.508289+00:00,2025-02-09 20:56:00.508289+00:00,2025-02-09 20:02:04.083157+00:00,0.058,duration,unit_test_energy,Abgebrochen
_result,2,2025-02-06 20:56:00.508289+00:00,2025-02-09 20:56:00.508289+00:00,2025-02-09 20:02:54.076757+00:00,0.0626,duration,unit_test_energy,Abgebrochen
_result,2,2025-02-06 20:56:00.508289+00:00,2025-02-09 20:56:00.508289+00:00,2025-02-09 20:03:44.104711+00:00,0.0576,duration,unit_test_energy,Abgebrochen
_result,2,2025-02-06 20:56:00.508289+00:00,2025-02-09 20:56:00.508289+00:00,2025-02-09 20:04:34.184624+00:00,0.0607,duration,unit_test_energy,Abgebrochen
_result,2,2025-02-06 20:56:00.508289+00:00,2025-02-09 20:56:00.508289+00:00,2025-02-09 20:05:24.268744+00:00,0.0575,duration,unit_test_energy,Abgebrochen
_result,2,2025-02-06 20:56:00.508289+00:00,2025-02-09 20:56:00.508289+00:00,2025-02-09 20:06:14.335615+00:00,0.0585,duration,unit_test_energy,Abgebrochen
_result,2,2025-02-06 20:56:00.508289+00:00,2025-02-09 20:56:00.508289+00:00,2025-02-09 20:07:04.328782+00:00,0.0587,duration,unit_test_energy,Abgebrochen
_result,2,2025-02-06 20:56:00.508289+00:00,2025-02-09 20:56:00.508289+00:00,2025-02-09 20:07:59.083110+00:00,0.057,duration,unit_test_energy,Abgebrochen
_result,2,2025-02-06 20:56:00.508289+00:00,2025-02-09 20:56:00.508289+00:00,2025-02-09 20:08:49.168072+00:00,0.0571,duration,unit_test_energy,Abgebrochen
_result,2,2025-02-06 20:56:00.508289+00:00,2025-02-09 20:56:00.508289+00:00,2025-02-09 20:09:39.215517+00:00,0.0575,duration,unit_test_energy,Abgebrochen
_result,2,2025-02-06 20:56:00.508289+00:00,2025-02-09 20:56:00.508289+00:00,2025-02-09 20:10:29.245198+00:00,0.0572,duration,unit_test_energy,Abgebrochen
_result,2,2025-02-06 20:56:00.508289+00:00,2025-02-09 20:56:00.508289+00:00,2025-02-09 20:11:19.198170+00:00,0.0571,duration,unit_test_energy,Abgebrochen
_result,2,2025-02-06 20:56:00.508289+00:00,2025-02-09 20:56:00.508289+00:00,2025-02-09 20:12:09.216052+00:00,0.0578,duration,unit_test_energy,Abgebrochen
_result,2,2025-02-06 20:56:00.508289+00:00,2025-02-09 20:56:00.508289+00:00,2025-02-09 20:12:59.220959+00:00,0.0598,duration,unit_test_energy,Abgebrochen
_result,2,2025-02-06 20:56:00.508289+00:00,2025-02-09 20:56:00.508289+00:00,2025-02-09 20:13:49.259909+00:00,0.0569,duration,unit_test_energy,Abgebrochen
_result,2,2025-02-06 20:56:00.508289+00:00,2025-02-09 20:56:00.508289+00:00,2025-02-09 20:14:39.376675+00:00,0.0586,duration,unit_test_energy,Abgebrochen
_result,2,2025-02-06 20:56:00.508289+00:00,2025-02-09 20:56:00.508289+00:00,2025-02-09 20:15:29.419042+00:00,0.0576,duration,unit_test_energy,Abgebrochen
_result,2,2025-02-06 20:56:00.508289+00:00,2025-02-09 20:56:00.508289+00:00,2025-02-09 20:16:19.383290+00:00,0.0582,duration,unit_test_energy,Abgebrochen
_result,2,2025-02-06 20:56:00.508289+00:00,2025-02-09 20:56:00.508289+00:00,2025-02-09 20:17:09.365337+00:00,0.0581,duration,unit_test_energy,Abgebrochen
_result,2,2025-02-06 20:56:00.508289+00:00,2025-02-09 20:56:00.508289+00:00,2025-02-09 20:17:59.357206+00:00,0.0581,duration,unit_test_energy,Abgebrochen
_result,2,2025-02-06 20:56:00.508289+00:00,2025-02-09 20:56:00.508289+00:00,2025-02-09 20:18:49.261934+00:00,0.0638,duration,unit_test_energy,Abgebrochen
_result,2,2025-02-06 20:56:00.508289+00:00,2025-02-09 20:56:00.508289+00:00,2025-02-09 20:19:39.268843+00:00,0.0568,duration,unit_test_energy,Abgebrochen
_result,3,2025-02-06 20:56:00.508289+00:00,2025-02-09 20:56:00.508289+00:00,2025-02-09 19:47:00.532300+00:00,0.7263,median_energy_dram,unit_test_energy,Abgebrochen
_result,3,2025-02-06 20:56:00.508289+00:00,2025-02-09 20:56:00.508289+00:00,2025-02-09 19:55:23.690662+00:00,0.6384,median_energy_dram,unit_test_energy,Abgebrochen
_result,3,2025-02-06 20:56:00.508289+00:00,2025-02-09 20:56:00.508289+00:00,2025-02-09 19:56:13.737272+00:00,0.6555,median_energy_dram,unit_test_energy,Abgebrochen
_result,3,2025-02-06 20:56:00.508289+00:00,2025-02-09 20:56:00.508289+00:00,2025-02-09 19:57:03.793952+00:00,0.6738,median_energy_dram,unit_test_energy,Abgebrochen
_result,3,2025-02-06 20:56:00.508289+00:00,2025-02-09 20:56:00.508289+00:00,2025-02-09 19:57:53.755933+00:00,0.7385,median_energy_dram,unit_test_energy,Abgebrochen
_result,3,2025-02-06 20:56:00.508289+00:00,2025-02-09 20:56:00.508289+00:00,2025-02-09 19:58:43.916315+00:00,0.6287,median_energy_dram,unit_test_energy,Abgebrochen
_result,3,2025-02-06 20:56:00.508289+00:00,2025-02-09 20:56:00.508289+00:00,2025-02-09 19:59:34.033638+00:00,0.6323,median_energy_dram,unit_test_energy,Abgebrochen
_result,3,2025-02-06 20:56:00.508289+00:00,2025-02-09 20:56:00.508289+00:00,2025-02-09 20:00:24.052073+00:00,0.6445,median_energy_dram,unit_test_energy,Abgebrochen
_result,3,2025-02-06 20:56:00.508289+00:00,2025-02-09 20:56:00.508289+00:00,2025-02-09 20:01:14.048028+00:00,0.6616,median_energy_dram,unit_test_energy,Abgebrochen
_result,3,2025-02-06 20:56:00.508289+00:00,2025-02-09 20:56:00.508289+00:00,2025-02-09 20:02:04.083157+00:00,0.6445,median_energy_dram,unit_test_energy,Abgebrochen
_result,3,2025-02-06 20:56:00.508289+00:00,2025-02-09 20:56:00.508289+00:00,2025-02-09 20:02:54.076757+00:00,0.7361,median_energy_dram,unit_test_energy,Abgebrochen
_result,3,2025-02-06 20:56:00.508289+00:00,2025-02-09 20:56:00.508289+00:00,2025-02-09 20:03:44.104711+00:00,0.6433,median_energy_dram,unit_test_energy,Abgebrochen
_result,3,2025-02-06 20:56:00.508289+00:00,2025-02-09 20:56:00.508289+00:00,2025-02-09 20:04:34.184624+00:00,0.6958,median_energy_dram,unit_test_energy,Abgebrochen
_result,3,2025-02-06 20:56:00.508289+00:00,2025-02-09 20:56:00.508289+00:00,2025-02-09 20:05:24.268744+00:00,0.6775,median_energy_dram,unit_test_energy,Abgebrochen
_result,3,2025-02-06 20:56:00.508289+00:00,2025-02-09 20:56:00.508289+00:00,2025-02-09 20:06:14.335615+00:00,0.6909,median_energy_dram,unit_test_energy,Abgebrochen
_result,3,2025-02-06 20:56:00.508289+00:00,2025-02-09 20:56:00.508289+00:00,2025-02-09 20:07:04.328782+00:00,0.6848,median_energy_dram,unit_test_energy,Abgebrochen
_result,3,2025-02-06 20:56:00.508289+00:00,2025-02-09 20:56:00.508289+00:00,2025-02-09 20:07:59.083110+00:00,0.6433,median_energy_dram,unit_test_energy,Abgebrochen
_result,3,2025-02-06 20:56:00.508289+00:00,2025-02-09 20:56:00.508289+00:00,2025-02-09 20:08:49.168072+00:00,0.6665,median_energy_dram,unit_test_energy,Abgebrochen
_result,3,2025-02-06 20:56:00.508289+00:00,2025-02-09 20:56:00.508289+00:00,2025-02-09 20:09:39.215517+00:00,0.6702,median_energy_dram,unit_test_energy,Abgebrochen
_result,3,2025-02-06 20:56:00.508289+00:00,2025-02-09 20:56:00.508289+00:00,2025-02-09 20:10:29.245198+00:00,0.6775,median_energy_dram,unit_test_energy,Abgebrochen
_result,3,2025-02-06 20:56:00.508289+00:00,2025-02-09 20:56:00.508289+00:00,2025-02-09 20:11:19.198170+00:00,0.6201,median_energy_dram,unit_test_energy,Abgebrochen
_result,3,2025-02-06 20:56:00.508289+00:00,2025-02-09 20:56:00.508289+00:00,2025-02-09 20:12:09.216052+00:00,0.675,median_energy_dram,unit_test_energy,Abgebrochen
_result,3,2025-02-06 20:56:00.508289+00:00,2025-02-09 20:56:00.508289+00:00,2025-02-09 20:12:59.220959+00:00,0.6702,median_energy_dram,unit_test_energy,Abgebrochen
_result,3,2025-02-06 20:56:00.508289+00:00,2025-02-09 20:56:00.508289+00:00,2025-02-09 20:13:49.259909+00:00,0.6763,median_energy_dram,unit_test_energy,Abgebrochen
_result,3,2025-02-06 20:56:00.508289+00:00,2025-02-09 20:56:00.508289+00:00,2025-02-09 20:14:39.376675+00:00,0.6775,median_energy_dram,unit_test_energy,Abgebrochen
_result,3,2025-02-06 20:56:00.508289+00:00,2025-02-09 20:56:00.508289+00:00,2025-02-09 20:15:29.419042+00:00,0.6433,median_energy_dram,unit_test_energy,Abgebrochen
_result,3,2025-02-06 20:56:00.508289+00:00,2025-02-09 20:56:00.508289+00:00,2025-02-09 20:16:19.383290+00:00,0.6628,median_energy_dram,unit_test_energy,Abgebrochen
_result,3,2025-02-06 20:56:00.508289+00:00,2025-02-09 20:56:00.508289+00:00,2025-02-09 20:17:09.365337+00:00,0.6946,median_energy_dram,unit_test_energy,Abgebrochen
_result,3,2025-02-06 20:56:00.508289+00:00,2025-02-09 20:56:00.508289+00:00,2025-02-09 20:17:59.357206+00:00,0.6787,median_energy_dram,unit_test_energy,Abgebrochen
_result,3,2025-02-06 20:56:00.508289+00:00,2025-02-09 20:56:00.508289+00:00,2025-02-09 20:18:49.261934+00:00,0.8704,median_energy_dram,unit_test_energy,Abgebrochen
_result,3,2025-02-06 20:56:00.508289+00:00,2025-02-09 20:56:00.508289+00:00,2025-02-09 20:19:39.268843+00:00,0.6836,median_energy_dram,unit_test_energy,Abgebrochen
_result,4,2025-02-06 20:56:00.508289+00:00,2025-02-09 20:56:00.508289+00:00,2025-02-09 19:47:00.532300+00:00,5.5811,median_energy_pkg,unit_test_energy,Abgebrochen
_result,4,2025-02-06 20:56:00.508289+00:00,2025-02-09 20:56:00.508289+00:00,2025-02-09 19:55:23.690662+00:00,7.9724,median_energy_pkg,unit_test_energy,Abgebrochen
_result,4,2025-02-06 20:56:00.508289+00:00,2025-02-09 20:56:00.508289+00:00,2025-02-09 19:56:13.737272+00:00,7.1704,median_energy_pkg,unit_test_energy,Abgebrochen
_result,4,2025-02-06 20:56:00.508289+00:00,2025-02-09 20:56:00.508289+00:00,2025-02-09 19:57:03.793952+00:00,5.0391,median_energy_pkg,unit_test_energy,Abgebrochen
_result,4,2025-02-06 20:56:00.508289+00:00,2025-02-09 20:56:00.508289+00:00,2025-02-09 19:57:53.755933+00:00,8.302,median_energy_pkg,unit_test_energy,Abgebrochen
_result,4,2025-02-06 20:56:00.508289+00:00,2025-02-09 20:56:00.508289+00:00,2025-02-09 19:58:43.916315+00:00,6.5454,median_energy_pkg,unit_test_energy,Abgebrochen
_result,4,2025-02-06 20:56:00.508289+00:00,2025-02-09 20:56:00.508289+00:00,2025-02-09 19:59:34.033638+00:00,9.1565,median_energy_pkg,unit_test_energy,Abgebrochen
_result,4,2025-02-06 20:56:00.508289+00:00,2025-02-09 20:56:00.508289+00:00,2025-02-09 20:00:24.052073+00:00,8.0396,median_energy_pkg,unit_test_energy,Abgebrochen
_result,4,2025-02-06 20:56:00.508289+00:00,2025-02-09 20:56:00.508289+00:00,2025-02-09 20:01:14.048028+00:00,7.8259,median_energy_pkg,unit_test_energy,Abgebrochen
_result,4,2025-02-06 20:56:00.508289+00:00,2025-02-09 20:56:00.508289+00:00,2025-02-09 20:02:04.083157+00:00,7.627,median_energy_pkg,unit_test_energy,Abgebrochen
_result,4,2025-02-06 20:56:00.508289+00:00,2025-02-09 20:56:00.508289+00:00,2025-02-09 20:02:54.076757+00:00,8.1128,median_energy_pkg,unit_test_energy,Abgebrochen
_result,4,2025-02-06 20:56:00.508289+00:00,2025-02-09 20:56:00.508289+00:00,2025-02-09 20:03:44.104711+00:00,9.5288,median_energy_pkg,unit_test_energy,Abgebrochen
_result,4,2025-02-06 20:56:00.508289+00:00,2025-02-09 20:56:00.508289+00:00,2025-02-09 20:04:34.184624+00:00,7.3914,median_energy_pkg,unit_test_energy,Abgebrochen
_result,4,2025-02-06 20:56:00.508289+00:00,2025-02-09 20:56:00.508289+00:00,2025-02-09 20:05:24.268744+00:00,7.1863,median_energy_pkg,unit_test_energy,Abgebrochen
_result,4,2025-02-06 20:56:00.508289+00:00,2025-02-09 20:56:00.508289+00:00,2025-02-09 20:06:14.335615+00:00,8.1921,median_energy_pkg,unit_test_energy,Abgebrochen
_result,4,2025-02-06 20:56:00.508289+00:00,2025-02-09 20:56:00.508289+00:00,2025-02-09 20:07:04.328782+00:00,6.5295,median_energy_pkg,unit_test_energy,Abgebrochen
_result,4,2025-02-06 20:56:00.508289+00:00,2025-02-09 20:56:00.508289+00:00,2025-02-09 20:07:59.083110+00:00,6.6736,median_energy_pkg,unit_test_energy,Abgebrochen
_result,4,2025-02-06 20:56:00.508289+00:00,2025-02-09 20:56:00.508289+00:00,2025-02-09 20:08:49.168072+00:00,9.4739,median_energy_pkg,unit_test_energy,Abgebrochen
_result,4,2025-02-06 20:56:00.508289+00:00,2025-02-09 20:56:00.508289+00:00,2025-02-09 20:09:39.215517+00:00,8.0823,median_energy_pkg,unit_test_energy,Abgebrochen
_result,4,2025-02-06 20:56:00.508289+00:00,2025-02-09 20:56:00.508289+00:00,2025-02-09 20:10:29.245198+00:00,6.5405,median_energy_pkg,unit_test_energy,Abgebrochen
_result,4,2025-02-06 20:56:00.508289+00:00,2025-02-09 20:56:00.508289+00:00,2025-02-09 20:11:19.198170+00:00,7.9126,median_energy_pkg,unit_test_energy,Abgebrochen
_result,4,2025-02-06 20:56:00.508289+00:00,2025-02-09 20:56:00.508289+00:00,2025-02-09 20:12:09.216052+00:00,6.947,median_energy_pkg,unit_test_energy,Abgebrochen
_result,4,2025-02-06 20:56:00.508289+00:00,2025-02-09 20:56:00.508289+00:00,2025-02-09 20:12:59.220959+00:00,6.1975,median_energy_pkg,unit_test_energy,Abgebrochen
_result,4,2025-02-06 20:56:00.508289+00:00,2025-02-09 20:56:00.508289+00:00,2025-02-09 20:13:49.259909+00:00,8.2373,median_energy_pkg,unit_test_energy,Abgebrochen
_result,4,2025-02-06 20:56:00.508289+00:00,2025-02-09 20:56:00.508289+00:00,2025-02-09 20:14:39.376675+00:00,9.3408,median_energy_pkg,unit_test_energy,Abgebrochen
_result,4,2025-02-06 20:56:00.508289+00:00,2025-02-09 20:56:00.508289+00:00,2025-02-09 20:15:29.419042+00:00,7.8882,median_energy_pkg,unit_test_energy,Abgebrochen
_result,4,2025-02-06 20:56:00.508289+00:00,2025-02-09 20:56:00.508289+00:00,2025-02-09 20:16:19.383290+00:00,6.7847,median_energy_pkg,unit_test_energy,Abgebrochen
_result,4,2025-02-06 20:56:00.508289+00:00,2025-02-09 20:56:00.508289+00:00,2025-02-09 20:17:09.365337+00:00,8.2886,median_energy_pkg,unit_test_energy,Abgebrochen
_result,4,2025-02-06 20:56:00.508289+00:00,2025-02-09 20:56:00.508289+00:00,2025-02-09 20:17:59.357206+00:00,6.554,median_energy_pkg,unit_test_energy,Abgebrochen
_result,4,2025-02-06 20:56:00.508289+00:00,2025-02-09 20:56:00.508289+00:00,2025-02-09 20:18:49.261934+00:00,8.9685,median_energy_pkg,unit_test_energy,Abgebrochen
_result,4,2025-02-06 20:56:00.508289+00:00,2025-02-09 20:56:00.508289+00:00,2025-02-09 20:19:39.268843+00:00,7.8821,median_energy_pkg,unit_test_energy,Abgebrochen
_result,5,2025-02-06 20:56:00.508289+00:00,2025-02-09 20:56:00.508289+00:00,2025-02-09 19:47:00.532300+00:00,0.04,total_energy_dram,unit_test_energy,Abgebrochen
_result,5,2025-02-06 20:56:00.508289+00:00,2025-02-09 20:56:00.508289+00:00,2025-02-09 19:55:23.690662+00:00,0.0345,total_energy_dram,unit_test_energy,Abgebrochen
_result,5,2025-02-06 20:56:00.508289+00:00,2025-02-09 20:56:00.508289+00:00,2025-02-09 19:56:13.737272+00:00,0.0359,total_energy_dram,unit_test_energy,Abgebrochen
_result,5,2025-02-06 20:56:00.508289+00:00,2025-02-09 20:56:00.508289+00:00,2025-02-09 19:57:03.793952+00:00,0.0355,total_energy_dram,unit_test_energy,Abgebrochen
_result,5,2025-02-06 20:56:00.508289+00:00,2025-02-09 20:56:00.508289+00:00,2025-02-09 19:57:53.755933+00:00,0.0439,total_energy_dram,unit_test_energy,Abgebrochen
_result,5,2025-02-06 20:56:00.508289+00:00,2025-02-09 20:56:00.508289+00:00,2025-02-09 19:58:43.916315+00:00,0.0349,total_energy_dram,unit_test_energy,Abgebrochen
_result,5,2025-02-06 20:56:00.508289+00:00,2025-02-09 20:56:00.508289+00:00,2025-02-09 19:59:34.033638+00:00,0.0349,total_energy_dram,unit_test_energy,Abgebrochen
_result,5,2025-02-06 20:56:00.508289+00:00,2025-02-09 20:56:00.508289+00:00,2025-02-09 20:00:24.052073+00:00,0.0352,total_energy_dram,unit_test_energy,Abgebrochen
_result,5,2025-02-06 20:56:00.508289+00:00,2025-02-09 20:56:00.508289+00:00,2025-02-09 20:01:14.048028+00:00,0.0349,total_energy_dram,unit_test_energy,Abgebrochen
_result,5,2025-02-06 20:56:00.508289+00:00,2025-02-09 20:56:00.508289+00:00,2025-02-09 20:02:04.083157+00:00,0.0353,total_energy_dram,unit_test_energy,Abgebrochen
_result,5,2025-02-06 20:56:00.508289+00:00,2025-02-09 20:56:00.508289+00:00,2025-02-09 20:02:54.076757+00:00,0.0402,total_energy_dram,unit_test_energy,Abgebrochen
_result,5,2025-02-06 20:56:00.508289+00:00,2025-02-09 20:56:00.508289+00:00,2025-02-09 20:03:44.104711+00:00,0.0349,total_energy_dram,unit_test_energy,Abgebrochen
_result,5,2025-02-06 20:56:00.508289+00:00,2025-02-09 20:56:00.508289+00:00,2025-02-09 20:04:34.184624+00:00,0.0379,total_energy_dram,unit_test_energy,Abgebrochen
_result,5,2025-02-06 20:56:00.508289+00:00,2025-02-09 20:56:00.508289+00:00,2025-02-09 20:05:24.268744+00:00,0.0368,total_energy_dram,unit_test_energy,Abgebrochen
_result,5,2025-02-06 20:56:00.508289+00:00,2025-02-09 20:56:00.508289+00:00,2025-02-09 20:06:14.335615+00:00,0.0374,total_energy_dram,unit_test_energy,Abgebrochen
_result,5,2025-02-06 20:56:00.508289+00:00,2025-02-09 20:56:00.508289+00:00,2025-02-09 20:07:04.328782+00:00,0.037,total_energy_dram,unit_test_energy,Abgebrochen
_result,5,2025-02-06 20:56:00.508289+00:00,2025-02-09 20:56:00.508289+00:00,2025-02-09 20:07:59.083110+00:00,0.0351,total_energy_dram,unit_test_energy,Abgebrochen
_result,5,2025-02-06 20:56:00.508289+00:00,2025-02-09 20:56:00.508289+00:00,2025-02-09 20:08:49.168072+00:00,0.0353,total_energy_dram,unit_test_energy,Abgebrochen
_result,5,2025-02-06 20:56:00.508289+00:00,2025-02-09 20:56:00.508289+00:00,2025-02-09 20:09:39.215517+00:00,0.0356,total_energy_dram,unit_test_energy,Abgebrochen
_result,5,2025-02-06 20:56:00.508289+00:00,2025-02-09 20:56:00.508289+00:00,2025-02-09 20:10:29.245198+00:00,0.0358,total_energy_dram,unit_test_energy,Abgebrochen
_result,5,2025-02-06 20:56:00.508289+00:00,2025-02-09 20:56:00.508289+00:00,2025-02-09 20:11:19.198170+00:00,0.0332,total_energy_dram,unit_test_energy,Abgebrochen
_result,5,2025-02-06 20:56:00.508289+00:00,2025-02-09 20:56:00.508289+00:00,2025-02-09 20:12:09.216052+00:00,0.0368,total_energy_dram,unit_test_energy,Abgebrochen
_result,5,2025-02-06 20:56:00.508289+00:00,2025-02-09 20:56:00.508289+00:00,2025-02-09 20:12:59.220959+00:00,0.0372,total_energy_dram,unit_test_energy,Abgebrochen
_result,5,2025-02-06 20:56:00.508289+00:00,2025-02-09 20:56:00.508289+00:00,2025-02-09 20:13:49.259909+00:00,0.0366,total_energy_dram,unit_test_energy,Abgebrochen
_result,5,2025-02-06 20:56:00.508289+00:00,2025-02-09 20:56:00.508289+00:00,2025-02-09 20:14:39.376675+00:00,0.0369,total_energy_dram,unit_test_energy,Abgebrochen
_result,5,2025-02-06 20:56:00.508289+00:00,2025-02-09 20:56:00.508289+00:00,2025-02-09 20:15:29.419042+00:00,0.035,total_energy_dram,unit_test_energy,Abgebrochen
_result,5,2025-02-06 20:56:00.508289+00:00,2025-02-09 20:56:00.508289+00:00,2025-02-09 20:16:19.383290+00:00,0.0351,total_energy_dram,unit_test_energy,Abgebrochen
_result,5,2025-02-06 20:56:00.508289+00:00,2025-02-09 20:56:00.508289+00:00,2025-02-09 20:17:09.365337+00:00,0.0365,total_energy_dram,unit_test_energy,Abgebrochen
_result,5,2025-02-06 20:56:00.508289+00:00,2025-02-09 20:56:00.508289+00:00,2025-02-09 20:17:59.357206+00:00,0.0367,total_energy_dram,unit_test_energy,Abgebrochen
_result,5,2025-02-06 20:56:00.508289+00:00,2025-02-09 20:56:00.508289+00:00,2025-02-09 20:18:49.261934+00:00,0.053,total_energy_dram,unit_test_energy,Abgebrochen
_result,5,2025-02-06 20:56:00.508289+00:00,2025-02-09 20:56:00.508289+00:00,2025-02-09 20:19:39.268843+00:00,0.0366,total_energy_dram,unit_test_energy,Abgebrochen
_result,6,2025-02-06 20:56:00.508289+00:00,2025-02-09 20:56:00.508289+00:00,2025-02-09 19:47:00.532300+00:00,0.2955,total_energy_pkg,unit_test_energy,Abgebrochen
_result,6,2025-02-06 20:56:00.508289+00:00,2025-02-09 20:56:00.508289+00:00,2025-02-09 19:55:23.690662+00:00,0.4218,total_energy_pkg,unit_test_energy,Abgebrochen
_result,6,2025-02-06 20:56:00.508289+00:00,2025-02-09 20:56:00.508289+00:00,2025-02-09 19:56:13.737272+00:00,0.3993,total_energy_pkg,unit_test_energy,Abgebrochen
_result,6,2025-02-06 20:56:00.508289+00:00,2025-02-09 20:56:00.508289+00:00,2025-02-09 19:57:03.793952+00:00,0.3287,total_energy_pkg,unit_test_energy,Abgebrochen
_result,6,2025-02-06 20:56:00.508289+00:00,2025-02-09 20:56:00.508289+00:00,2025-02-09 19:57:53.755933+00:00,0.4856,total_energy_pkg,unit_test_energy,Abgebrochen
_result,6,2025-02-06 20:56:00.508289+00:00,2025-02-09 20:56:00.508289+00:00,2025-02-09 19:58:43.916315+00:00,0.338,total_energy_pkg,unit_test_energy,Abgebrochen
_result,6,2025-02-06 20:56:00.508289+00:00,2025-02-09 20:56:00.508289+00:00,2025-02-09 19:59:34.033638+00:00,0.4658,total_energy_pkg,unit_test_energy,Abgebrochen
_result,6,2025-02-06 20:56:00.508289+00:00,2025-02-09 20:56:00.508289+00:00,2025-02-09 20:00:24.052073+00:00,0.4205,total_energy_pkg,unit_test_energy,Abgebrochen
_result,6,2025-02-06 20:56:00.508289+00:00,2025-02-09 20:56:00.508289+00:00,2025-02-09 20:01:14.048028+00:00,0.3991,total_energy_pkg,unit_test_energy,Abgebrochen
_result,6,2025-02-06 20:56:00.508289+00:00,2025-02-09 20:56:00.508289+00:00,2025-02-09 20:02:04.083157+00:00,0.389,total_energy_pkg,unit_test_energy,Abgebrochen
_result,6,2025-02-06 20:56:00.508289+00:00,2025-02-09 20:56:00.508289+00:00,2025-02-09 20:02:54.076757+00:00,0.4141,total_energy_pkg,unit_test_energy,Abgebrochen
_result,6,2025-02-06 20:56:00.508289+00:00,2025-02-09 20:56:00.508289+00:00,2025-02-09 20:03:44.104711+00:00,0.5068,total_energy_pkg,unit_test_energy,Abgebrochen
_result,6,2025-02-06 20:56:00.508289+00:00,2025-02-09 20:56:00.508289+00:00,2025-02-09 20:04:34.184624+00:00,0.3863,total_energy_pkg,unit_test_energy,Abgebrochen
_result,6,2025-02-06 20:56:00.508289+00:00,2025-02-09 20:56:00.508289+00:00,2025-02-09 20:05:24.268744+00:00,0.3928,total_energy_pkg,unit_test_energy,Abgebrochen
_result,6,2025-02-06 20:56:00.508289+00:00,2025-02-09 20:56:00.508289+00:00,2025-02-09 20:06:14.335615+00:00,0.4641,total_energy_pkg,unit_test_energy,Abgebrochen
_result,6,2025-02-06 20:56:00.508289+00:00,2025-02-09 20:56:00.508289+00:00,2025-02-09 20:07:04.328782+00:00,0.3337,total_energy_pkg,unit_test_energy,Abgebrochen
_result,6,2025-02-06 20:56:00.508289+00:00,2025-02-09 20:56:00.508289+00:00,2025-02-09 20:07:59.083110+00:00,0.4012,total_energy_pkg,unit_test_energy,Abgebrochen
_result,6,2025-02-06 20:56:00.508289+00:00,2025-02-09 20:56:00.508289+00:00,2025-02-09 20:08:49.168072+00:00,0.4961,total_energy_pkg,unit_test_energy,Abgebrochen
_result,6,2025-02-06 20:56:00.508289+00:00,2025-02-09 20:56:00.508289+00:00,2025-02-09 20:09:39.215517+00:00,0.428,total_energy_pkg,unit_test_energy,Abgebrochen
_result,6,2025-02-06 20:56:00.508289+00:00,2025-02-09 20:56:00.508289+00:00,2025-02-09 20:10:29.245198+00:00,0.3309,total_energy_pkg,unit_test_energy,Abgebrochen
_result,6,2025-02-06 20:56:00.508289+00:00,2025-02-09 20:56:00.508289+00:00,2025-02-09 20:11:19.198170+00:00,0.3992,total_energy_pkg,unit_test_energy,Abgebrochen
_result,6,2025-02-06 20:56:00.508289+00:00,2025-02-09 20:56:00.508289+00:00,2025-02-09 20:12:09.216052+00:00,0.3956,total_energy_pkg,unit_test_energy,Abgebrochen
_result,6,2025-02-06 20:56:00.508289+00:00,2025-02-09 20:56:00.508289+00:00,2025-02-09 20:12:59.220959+00:00,0.3624,total_energy_pkg,unit_test_energy,Abgebrochen
_result,6,2025-02-06 20:56:00.508289+00:00,2025-02-09 20:56:00.508289+00:00,2025-02-09 20:13:49.259909+00:00,0.4847,total_energy_pkg,unit_test_energy,Abgebrochen
_result,6,2025-02-06 20:56:00.508289+00:00,2025-02-09 20:56:00.508289+00:00,2025-02-09 20:14:39.376675+00:00,0.5034,total_energy_pkg,unit_test_energy,Abgebrochen
_result,6,2025-02-06 20:56:00.508289+00:00,2025-02-09 20:56:00.508289+00:00,2025-02-09 20:15:29.419042+00:00,0.4362,total_energy_pkg,unit_test_energy,Abgebrochen
_result,6,2025-02-06 20:56:00.508289+00:00,2025-02-09 20:56:00.508289+00:00,2025-02-09 20:16:19.383290+00:00,0.3561,total_energy_pkg,unit_test_energy,Abgebrochen
_result,6,2025-02-06 20:56:00.508289+00:00,2025-02-09 20:56:00.508289+00:00,2025-02-09 20:17:09.365337+00:00,0.465,total_energy_pkg,unit_test_energy,Abgebrochen
_result,6,2025-02-06 20:56:00.508289+00:00,2025-02-09 20:56:00.508289+00:00,2025-02-09 20:17:59.357206+00:00,0.3429,total_energy_pkg,unit_test_energy,Abgebrochen
_result,6,2025-02-06 20:56:00.508289+00:00,2025-02-09 20:56:00.508289+00:00,2025-02-09 20:18:49.261934+00:00,0.4701,total_energy_pkg,unit_test_energy,Abgebrochen
_result,6,2025-02-06 20:56:00.508289+00:00,2025-02-09 20:56:00.508289+00:00,2025-02-09 20:19:39.268843+00:00,0.4729,total_energy_pkg,unit_test_energy,Abgebrochen
_result,7,2025-02-06 20:56:00.508289+00:00,2025-02-09 20:56:00.508289+00:00,2025-02-09 19:47:25.740459+00:00,0.3138,avg_energy_dram,unit_test_energy,Abgelehnt
_result,7,2025-02-06 20:56:00.508289+00:00,2025-02-09 20:56:00.508289+00:00,2025-02-09 19:55:48.860968+00:00,0.4284,avg_energy_dram,unit_test_energy,Abgelehnt
_result,7,2025-02-06 20:56:00.508289+00:00,2025-02-09 20:56:00.508289+00:00,2025-02-09 19:56:38.888755+00:00,0.3855,avg_energy_dram,unit_test_energy,Abgelehnt
_result,7,2025-02-06 20:56:00.508289+00:00,2025-02-09 20:56:00.508289+00:00,2025-02-09 19:57:28.946805+00:00,0.4145,avg_energy_dram,unit_test_energy,Abgelehnt
_result,7,2025-02-06 20:56:00.508289+00:00,2025-02-09 20:56:00.508289+00:00,2025-02-09 19:58:18.917965+00:00,0.3451,avg_energy_dram,unit_test_energy,Abgelehnt
_result,7,2025-02-06 20:56:00.508289+00:00,2025-02-09 20:56:00.508289+00:00,2025-02-09 19:59:09.078728+00:00,0.4011,avg_energy_dram,unit_test_energy,Abgelehnt
_result,7,2025-02-06 20:56:00.508289+00:00,2025-02-09 20:56:00.508289+00:00,2025-02-09 19:59:59.199154+00:00,0.3575,avg_energy_dram,unit_test_energy,Abgelehnt
_result,7,2025-02-06 20:56:00.508289+00:00,2025-02-09 20:56:00.508289+00:00,2025-02-09 20:00:49.197797+00:00,0.3987,avg_energy_dram,unit_test_energy,Abgelehnt
_result,7,2025-02-06 20:56:00.508289+00:00,2025-02-09 20:56:00.508289+00:00,2025-02-09 20:01:39.214500+00:00,0.4945,avg_energy_dram,unit_test_energy,Abgelehnt
_result,7,2025-02-06 20:56:00.508289+00:00,2025-02-09 20:56:00.508289+00:00,2025-02-09 20:02:29.240941+00:00,0.4434,avg_energy_dram,unit_test_energy,Abgelehnt
_result,7,2025-02-06 20:56:00.508289+00:00,2025-02-09 20:56:00.508289+00:00,2025-02-09 20:03:19.234680+00:00,0.4408,avg_energy_dram,unit_test_energy,Abgelehnt
_result,7,2025-02-06 20:56:00.508289+00:00,2025-02-09 20:56:00.508289+00:00,2025-02-09 20:04:09.259797+00:00,0.4703,avg_energy_dram,unit_test_energy,Abgelehnt
_result,7,2025-02-06 20:56:00.508289+00:00,2025-02-09 20:56:00.508289+00:00,2025-02-09 20:04:59.339317+00:00,0.4289,avg_energy_dram,unit_test_energy,Abgelehnt
_result,7,2025-02-06 20:56:00.508289+00:00,2025-02-09 20:56:00.508289+00:00,2025-02-09 20:05:49.436867+00:00,0.3937,avg_energy_dram,unit_test_energy,Abgelehnt
_result,7,2025-02-06 20:56:00.508289+00:00,2025-02-09 20:56:00.508289+00:00,2025-02-09 20:06:39.493039+00:00,0.3613,avg_energy_dram,unit_test_energy,Abgelehnt
_result,7,2025-02-06 20:56:00.508289+00:00,2025-02-09 20:56:00.508289+00:00,2025-02-09 20:07:29.476870+00:00,0.4042,avg_energy_dram,unit_test_energy,Abgelehnt
_result,7,2025-02-06 20:56:00.508289+00:00,2025-02-09 20:56:00.508289+00:00,2025-02-09 20:08:24.232673+00:00,0.3735,avg_energy_dram,unit_test_energy,Abgelehnt
_result,7,2025-02-06 20:56:00.508289+00:00,2025-02-09 20:56:00.508289+00:00,2025-02-09 20:09:14.319711+00:00,0.3905,avg_energy_dram,unit_test_energy,Abgelehnt
_result,7,2025-02-06 20:56:00.508289+00:00,2025-02-09 20:56:00.508289+00:00,2025-02-09 20:10:04.370199+00:00,0.4268,avg_energy_dram,unit_test_energy,Abgelehnt
_result,7,2025-02-06 20:56:00.508289+00:00,2025-02-09 20:56:00.508289+00:00,2025-02-09 20:10:54.385634+00:00,0.4207,avg_energy_dram,unit_test_energy,Abgelehnt
_result,7,2025-02-06 20:56:00.508289+00:00,2025-02-09 20:56:00.508289+00:00,2025-02-09 20:11:44.349130+00:00,0.4332,avg_energy_dram,unit_test_energy,Abgelehnt
_result,7,2025-02-06 20:56:00.508289+00:00,2025-02-09 20:56:00.508289+00:00,2025-02-09 20:12:34.366631+00:00,0.4539,avg_energy_dram,unit_test_energy,Abgelehnt
_result,7,2025-02-06 20:56:00.508289+00:00,2025-02-09 20:56:00.508289+00:00,2025-02-09 20:13:24.376312+00:00,0.4556,avg_energy_dram,unit_test_energy,Abgelehnt
_result,7,2025-02-06 20:56:00.508289+00:00,2025-02-09 20:56:00.508289+00:00,2025-02-09 20:14:14.431671+00:00,0.4753,avg_energy_dram,unit_test_energy,Abgelehnt
_result,7,2025-02-06 20:56:00.508289+00:00,2025-02-09 20:56:00.508289+00:00,2025-02-09 20:15:04.554001+00:00,0.4151,avg_energy_dram,unit_test_energy,Abgelehnt
_result,7,2025-02-06 20:56:00.508289+00:00,2025-02-09 20:56:00.508289+00:00,2025-02-09 20:15:54.575337+00:00,0.438,avg_energy_dram,unit_test_energy,Abgelehnt
_result,7,2025-02-06 20:56:00.508289+00:00,2025-02-09 20:56:00.508289+00:00,2025-02-09 20:16:44.553298+00:00,0.4185,avg_energy_dram,unit_test_energy,Abgelehnt
_result,7,2025-02-06 20:56:00.508289+00:00,2025-02-09 20:56:00.508289+00:00,2025-02-09 20:17:34.501758+00:00,0.409,avg_energy_dram,unit_test_energy,Abgelehnt
_result,7,2025-02-06 20:56:00.508289+00:00,2025-02-09 20:56:00.508289+00:00,2025-02-09 20:18:24.496101+00:00,0.4366,avg_energy_dram,unit_test_energy,Abgelehnt
_result,7,2025-02-06 20:56:00.508289+00:00,2025-02-09 20:56:00.508289+00:00,2025-02-09 20:19:14.392799+00:00,0.4416,avg_energy_dram,unit_test_energy,Abgelehnt
_result,7,2025-02-06 20:56:00.508289+00:00,2025-02-09 20:56:00.508289+00:00,2025-02-09 20:20:04.414799+00:00,0.4791,avg_energy_dram,unit_test_energy,Abgelehnt
_result,8,2025-02-06 20:56:00.508289+00:00,2025-02-09 20:56:00.508289+00:00,2025-02-09 19:47:25.740459+00:00,1.0523,avg_energy_pkg,unit_test_energy,Abgelehnt
_result,8,2025-02-06 20:56:00.508289+00:00,2025-02-09 20:56:00.508289+00:00,2025-02-09 19:55:48.860968+00:00,1.725,avg_energy_pkg,unit_test_energy,Abgelehnt
_result,8,2025-02-06 20:56:00.508289+00:00,2025-02-09 20:56:00.508289+00:00,2025-02-09 19:56:38.888755+00:00,4.4108,avg_energy_pkg,unit_test_energy,Abgelehnt
_result,8,2025-02-06 20:56:00.508289+00:00,2025-02-09 20:56:00.508289+00:00,2025-02-09 19:57:28.946805+00:00,3.2054,avg_energy_pkg,unit_test_energy,Abgelehnt
_result,8,2025-02-06 20:56:00.508289+00:00,2025-02-09 20:56:00.508289+00:00,2025-02-09 19:58:18.917965+00:00,1.895,avg_energy_pkg,unit_test_energy,Abgelehnt
_result,8,2025-02-06 20:56:00.508289+00:00,2025-02-09 20:56:00.508289+00:00,2025-02-09 19:59:09.078728+00:00,2.1355,avg_energy_pkg,unit_test_energy,Abgelehnt
_result,8,2025-02-06 20:56:00.508289+00:00,2025-02-09 20:56:00.508289+00:00,2025-02-09 19:59:59.199154+00:00,1.9943,avg_energy_pkg,unit_test_energy,Abgelehnt
_result,8,2025-02-06 20:56:00.508289+00:00,2025-02-09 20:56:00.508289+00:00,2025-02-09 20:00:49.197797+00:00,3.2877,avg_energy_pkg,unit_test_energy,Abgelehnt
_result,8,2025-02-06 20:56:00.508289+00:00,2025-02-09 20:56:00.508289+00:00,2025-02-09 20:01:39.214500+00:00,2.1873,avg_energy_pkg,unit_test_energy,Abgelehnt
_result,8,2025-02-06 20:56:00.508289+00:00,2025-02-09 20:56:00.508289+00:00,2025-02-09 20:02:29.240941+00:00,3.5018,avg_energy_pkg,unit_test_energy,Abgelehnt
_result,8,2025-02-06 20:56:00.508289+00:00,2025-02-09 20:56:00.508289+00:00,2025-02-09 20:03:19.234680+00:00,1.6742,avg_energy_pkg,unit_test_energy,Abgelehnt
_result,8,2025-02-06 20:56:00.508289+00:00,2025-02-09 20:56:00.508289+00:00,2025-02-09 20:04:09.259797+00:00,2.0635,avg_energy_pkg,unit_test_energy,Abgelehnt
_result,8,2025-02-06 20:56:00.508289+00:00,2025-02-09 20:56:00.508289+00:00,2025-02-09 20:04:59.339317+00:00,2.3201,avg_energy_pkg,unit_test_energy,Abgelehnt
_result,8,2025-02-06 20:56:00.508289+00:00,2025-02-09 20:56:00.508289+00:00,2025-02-09 20:05:49.436867+00:00,2.9168,avg_energy_pkg,unit_test_energy,Abgelehnt
_result,8,2025-02-06 20:56:00.508289+00:00,2025-02-09 20:56:00.508289+00:00,2025-02-09 20:06:39.493039+00:00,2.254,avg_energy_pkg,unit_test_energy,Abgelehnt
_result,8,2025-02-06 20:56:00.508289+00:00,2025-02-09 20:56:00.508289+00:00,2025-02-09 20:07:29.476870+00:00,1.6837,avg_energy_pkg,unit_test_energy,Abgelehnt
_result,8,2025-02-06 20:56:00.508289+00:00,2025-02-09 20:56:00.508289+00:00,2025-02-09 20:08:24.232673+00:00,3.2574,avg_energy_pkg,unit_test_energy,Abgelehnt
_result,8,2025-02-06 20:56:00.508289+00:00,2025-02-09 20:56:00.508289+00:00,2025-02-09 20:09:14.319711+00:00,4.3496,avg_energy_pkg,unit_test_energy,Abgelehnt
_result,8,2025-02-06 20:56:00.508289+00:00,2025-02-09 20:56:00.508289+00:00,2025-02-09 20:10:04.370199+00:00,2.8474,avg_energy_pkg,unit_test_energy,Abgelehnt
_result,8,2025-02-06 20:56:00.508289+00:00,2025-02-09 20:56:00.508289+00:00,2025-02-09 20:10:54.385634+00:00,4.3018,avg_energy_pkg,unit_test_energy,Abgelehnt
_result,8,2025-02-06 20:56:00.508289+00:00,2025-02-09 20:56:00.508289+00:00,2025-02-09 20:11:44.349130+00:00,0.8473,avg_energy_pkg,unit_test_energy,Abgelehnt
_result,8,2025-02-06 20:56:00.508289+00:00,2025-02-09 20:56:00.508289+00:00,2025-02-09 20:12:34.366631+00:00,2.9661,avg_energy_pkg,unit_test_energy,Abgelehnt
_result,8,2025-02-06 20:56:00.508289+00:00,2025-02-09 20:56:00.508289+00:00,2025-02-09 20:13:24.376312+00:00,2.9786,avg_energy_pkg,unit_test_energy,Abgelehnt
_result,8,2025-02-06 20:56:00.508289+00:00,2025-02-09 20:56:00.508289+00:00,2025-02-09 20:14:14.431671+00:00,3.464,avg_energy_pkg,unit_test_energy,Abgelehnt
_result,8,2025-02-06 20:56:00.508289+00:00,2025-02-09 20:56:00.508289+00:00,2025-02-09 20:15:04.554001+00:00,2.1804,avg_energy_pkg,unit_test_energy,Abgelehnt
_result,8,2025-02-06 20:56:00.508289+00:00,2025-02-09 20:56:00.508289+00:00,2025-02-09 20:15:54.575337+00:00,2.4781,avg_energy_pkg,unit_test_energy,Abgelehnt
_result,8,2025-02-06 20:56:00.508289+00:00,2025-02-09 20:56:00.508289+00:00,2025-02-09 20:16:44.553298+00:00,4.9543,avg_energy_pkg,unit_test_energy,Abgelehnt
_result,8,2025-02-06 20:56:00.508289+00:00,2025-02-09 20:56:00.508289+00:00,2025-02-09 20:17:34.501758+00:00,3.6013,avg_energy_pkg,unit_test_energy,Abgelehnt
_result,8,2025-02-06 20:56:00.508289+00:00,2025-02-09 20:56:00.508289+00:00,2025-02-09 20:18:24.496101+00:00,2.0913,avg_energy_pkg,unit_test_energy,Abgelehnt
_result,8,2025-02-06 20:56:00.508289+00:00,2025-02-09 20:56:00.508289+00:00,2025-02-09 20:19:14.392799+00:00,2.6719,avg_energy_pkg,unit_test_energy,Abgelehnt
_result,8,2025-02-06 20:56:00.508289+00:00,2025-02-09 20:56:00.508289+00:00,2025-02-09 20:20:04.414799+00:00,2.8309,avg_energy_pkg,unit_test_energy,Abgelehnt
_result,9,2025-02-06 20:56:00.508289+00:00,2025-02-09 20:56:00.508289+00:00,2025-02-09 19:47:25.740459+00:00,0.0331,duration,unit_test_energy,Abgelehnt
_result,9,2025-02-06 20:56:00.508289+00:00,2025-02-09 20:56:00.508289+00:00,2025-02-09 19:55:48.860968+00:00,0.0161,duration,unit_test_energy,Abgelehnt
_result,9,2025-02-06 20:56:00.508289+00:00,2025-02-09 20:56:00.508289+00:00,2025-02-09 19:56:38.888755+00:00,0.0165,duration,unit_test_energy,Abgelehnt
_result,9,2025-02-06 20:56:00.508289+00:00,2025-02-09 20:56:00.508289+00:00,2025-02-09 19:57:28.946805+00:00,0.0161,duration,unit_test_energy,Abgelehnt
_result,9,2025-02-06 20:56:00.508289+00:00,2025-02-09 20:56:00.508289+00:00,2025-02-09 19:58:18.917965+00:00,0.0198,duration,unit_test_energy,Abgelehnt
_result,9,2025-02-06 20:56:00.508289+00:00,2025-02-09 20:56:00.508289+00:00,2025-02-09 19:59:09.078728+00:00,0.0173,duration,unit_test_energy,Abgelehnt
_result,9,2025-02-06 20:56:00.508289+00:00,2025-02-09 20:56:00.508289+00:00,2025-02-09 19:59:59.199154+00:00,0.0271,duration,unit_test_energy,Abgelehnt
_result,9,2025-02-06 20:56:00.508289+00:00,2025-02-09 20:56:00.508289+00:00,2025-02-09 20:00:49.197797+00:00,0.0162,duration,unit_test_energy,Abgelehnt
_result,9,2025-02-06 20:56:00.508289+00:00,2025-02-09 20:56:00.508289+00:00,2025-02-09 20:01:39.214500+00:00,0.0169,duration,unit_test_energy,Abgelehnt
_result,9,2025-02-06 20:56:00.508289+00:00,2025-02-09 20:56:00.508289+00:00,2025-02-09 20:02:29.240941+00:00,0.0173,duration,unit_test_energy,Abgelehnt
_result,9,2025-02-06 20:56:00.508289+00:00,2025-02-09 20:56:00.508289+00:00,2025-02-09 20:03:19.234680+00:00,0.0165,duration,unit_test_energy,Abgelehnt
_result,9,2025-02-06 20:56:00.508289+00:00,2025-02-09 20:56:00.508289+00:00,2025-02-09 20:04:09.259797+00:00,0.0174,duration,unit_test_energy,Abgelehnt
_result,9,2025-02-06 20:56:00.508289+00:00,2025-02-09 20:56:00.508289+00:00,2025-02-09 20:04:59.339317+00:00,0.0157,duration,unit_test_energy,Abgelehnt
_result,9,2025-02-06 20:56:00.508289+00:00,2025-02-09 20:56:00.508289+00:00,2025-02-09 20:05:49.436867+00:00,0.0197,duration,unit_test_energy,Abgelehnt
_result,9,2025-02-06 20:56:00.508289+00:00,2025-02-09 20:56:00.508289+00:00,2025-02-09 20:06:39.493039+00:00,0.0213,duration,unit_test_energy,Abgelehnt
_result,9,2025-02-06 20:56:00.508289+00:00,2025-02-09 20:56:00.508289+00:00,2025-02-09 20:07:29.476870+00:00,0.0183,duration,unit_test_energy,Abgelehnt
_result,9,2025-02-06 20:56:00.508289+00:00,2025-02-09 20:56:00.508289+00:00,2025-02-09 20:08:24.232673+00:00,0.017,duration,unit_test_energy,Abgelehnt
_result,9,2025-02-06 20:56:00.508289+00:00,2025-02-09 20:56:00.508289+00:00,2025-02-09 20:09:14.319711+00:00,0.0159,duration,unit_test_energy,Abgelehnt
_result,9,2025-02-06 20:56:00.508289+00:00,2025-02-09 20:56:00.508289+00:00,2025-02-09 20:10:04.370199+00:00,0.0174,duration,unit_test_energy,Abgelehnt
_result,9,2025-02-06 20:56:00.508289+00:00,2025-02-09 20:56:00.508289+00:00,2025-02-09 20:10:54.385634+00:00,0.0161,duration,unit_test_energy,Abgelehnt
_result,9,2025-02-06 20:56:00.508289+00:00,2025-02-09 20:56:00.508289+00:00,2025-02-09 20:11:44.349130+00:00,0.0159,duration,unit_test_energy,Abgelehnt
_result,9,2025-02-06 20:56:00.508289+00:00,2025-02-09 20:56:00.508289+00:00,2025-02-09 20:12:34.366631+00:00,0.0173,duration,unit_test_energy,Abgelehnt
_result,9,2025-02-06 20:56:00.508289+00:00,2025-02-09 20:56:00.508289+00:00,2025-02-09 20:13:24.376312+00:00,0.0162,duration,unit_test_energy,Abgelehnt
_result,9,2025-02-06 20:56:00.508289+00:00,2025-02-09 20:56:00.508289+00:00,2025-02-09 20:14:14.431671+00:00,0.0178,duration,unit_test_energy,Abgelehnt
_result,9,2025-02-06 20:56:00.508289+00:00,2025-02-09 20:56:00.508289+00:00,2025-02-09 20:15:04.554001+00:00,0.0163,duration,unit_test_energy,Abgelehnt
_result,9,2025-02-06 20:56:00.508289+00:00,2025-02-09 20:56:00.508289+00:00,2025-02-09 20:15:54.575337+00:00,0.0159,duration,unit_test_energy,Abgelehnt
_result,9,2025-02-06 20:56:00.508289+00:00,2025-02-09 20:56:00.508289+00:00,2025-02-09 20:16:44.553298+00:00,0.0162,duration,unit_test_energy,Abgelehnt
_result,9,2025-02-06 20:56:00.508289+00:00,2025-02-09 20:56:00.508289+00:00,2025-02-09 20:17:34.501758+00:00,0.0169,duration,unit_test_energy,Abgelehnt
_result,9,2025-02-06 20:56:00.508289+00:00,2025-02-09 20:56:00.508289+00:00,2025-02-09 20:18:24.496101+00:00,0.0173,duration,unit_test_energy,Abgelehnt
_result,9,2025-02-06 20:56:00.508289+00:00,2025-02-09 20:56:00.508289+00:00,2025-02-09 20:19:14.392799+00:00,0.0164,duration,unit_test_energy,Abgelehnt
_result,9,2025-02-06 20:56:00.508289+00:00,2025-02-09 20:56:00.508289+00:00,2025-02-09 20:20:04.414799+00:00,0.0168,duration,unit_test_energy,Abgelehnt
_result,10,2025-02-06 20:56:00.508289+00:00,2025-02-09 20:56:00.508289+00:00,2025-02-09 19:47:25.740459+00:00,0.0,median_energy_dram,unit_test_energy,Abgelehnt
_result,10,2025-02-06 20:56:00.508289+00:00,2025-02-09 20:56:00.508289+00:00,2025-02-09 19:55:48.860968+00:00,0.0,median_energy_dram,unit_test_energy,Abgelehnt
_result,10,2025-02-06 20:56:00.508289+00:00,2025-02-09 20:56:00.508289+00:00,2025-02-09 19:56:38.888755+00:00,0.0,median_energy_dram,unit_test_energy,Abgelehnt
_result,10,2025-02-06 20:56:00.508289+00:00,2025-02-09 20:56:00.508289+00:00,2025-02-09 19:57:28.946805+00:00,0.0,median_energy_dram,unit_test_energy,Abgelehnt
_result,10,2025-02-06 20:56:00.508289+00:00,2025-02-09 20:56:00.508289+00:00,2025-02-09 19:58:18.917965+00:00,0.0,median_energy_dram,unit_test_energy,Abgelehnt
_result,10,2025-02-06 20:56:00.508289+00:00,2025-02-09 20:56:00.508289+00:00,2025-02-09 19:59:09.078728+00:00,0.0,median_energy_dram,unit_test_energy,Abgelehnt
_result,10,2025-02-06 20:56:00.508289+00:00,2025-02-09 20:56:00.508289+00:00,2025-02-09 19:59:59.199154+00:00,0.0,median_energy_dram,unit_test_energy,Abgelehnt
_result,10,2025-02-06 20:56:00.508289+00:00,2025-02-09 20:56:00.508289+00:00,2025-02-09 20:00:49.197797+00:00,0.0,median_energy_dram,unit_test_energy,Abgelehnt
_result,10,2025-02-06 20:56:00.508289+00:00,2025-02-09 20:56:00.508289+00:00,2025-02-09 20:01:39.214500+00:00,0.0,median_energy_dram,unit_test_energy,Abgelehnt
_result,10,2025-02-06 20:56:00.508289+00:00,2025-02-09 20:56:00.508289+00:00,2025-02-09 20:02:29.240941+00:00,0.0,median_energy_dram,unit_test_energy,Abgelehnt
_result,10,2025-02-06 20:56:00.508289+00:00,2025-02-09 20:56:00.508289+00:00,2025-02-09 20:03:19.234680+00:00,0.0,median_energy_dram,unit_test_energy,Abgelehnt
_result,10,2025-02-06 20:56:00.508289+00:00,2025-02-09 20:56:00.508289+00:00,2025-02-09 20:04:09.259797+00:00,0.0,median_energy_dram,unit_test_energy,Abgelehnt
_result,10,2025-02-06 20:56:00.508289+00:00,2025-02-09 20:56:00.508289+00:00,2025-02-09 20:04:59.339317+00:00,0.0,median_energy_dram,unit_test_energy,Abgelehnt
_result,10,2025-02-06 20:56:00.508289+00:00,2025-02-09 20:56:00.508289+00:00,2025-02-09 20:05:49.436867+00:00,0.0,median_energy_dram,unit_test_energy,Abgelehnt
_result,10,2025-02-06 20:56:00.508289+00:00,2025-02-09 20:56:00.508289+00:00,2025-02-09 20:06:39.493039+00:00,0.0,median_energy_dram,unit_test_energy,Abgelehnt
_result,10,2025-02-06 20:56:00.508289+00:00,2025-02-09 20:56:00.508289+00:00,2025-02-09 20:07:29.476870+00:00,0.0,median_energy_dram,unit_test_energy,Abgelehnt
_result,10,2025-02-06 20:56:00.508289+00:00,2025-02-09 20:56:00.508289+00:00,2025-02-09 20:08:24.232673+00:00,0.0,median_energy_dram,unit_test_energy,Abgelehnt
_result,10,2025-02-06 20:56:00.508289+00:00,2025-02-09 20:56:00.508289+00:00,2025-02-09 20:09:14.319711+00:00,0.0,median_energy_dram,unit_test_energy,Abgelehnt
_result,10,2025-02-06 20:56:00.508289+00:00,2025-02-09 20:56:00.508289+00:00,2025-02-09 20:10:04.370199+00:00,0.0,median_energy_dram,unit_test_energy,Abgelehnt
_result,10,2025-02-06 20:56:00.508289+00:00,2025-02-09 20:56:00.508289+00:00,2025-02-09 20:10:54.385634+00:00,0.0,median_energy_dram,unit_test_energy,Abgelehnt
_result,10,2025-02-06 20:56:00.508289+00:00,2025-02-09 20:56:00.508289+00:00,2025-02-09 20:11:44.349130+00:00,0.0,median_energy_dram,unit_test_energy,Abgelehnt
_result,10,2025-02-06 20:56:00.508289+00:00,2025-02-09 20:56:00.508289+00:00,2025-02-09 20:12:34.366631+00:00,0.0,median_energy_dram,unit_test_energy,Abgelehnt
_result,10,2025-02-06 20:56:00.508289+00:00,2025-02-09 20:56:00.508289+00:00,2025-02-09 20:13:24.376312+00:00,0.0,median_energy_dram,unit_test_energy,Abgelehnt
_result,10,2025-02-06 20:56:00.508289+00:00,2025-02-09 20:56:00.508289+00:00,2025-02-09 20:14:14.431671+00:00,0.0,median_energy_dram,unit_test_energy,Abgelehnt
_result,10,2025-02-06 20:56:00.508289+00:00,2025-02-09 20:56:00.508289+00:00,2025-02-09 20:15:04.554001+00:00,0.0,median_energy_dram,unit_test_energy,Abgelehnt
_result,10,2025-02-06 20:56:00.508289+00:00,2025-02-09 20:56:00.508289+00:00,2025-02-09 20:15:54.575337+00:00,0.0,median_energy_dram,unit_test_energy,Abgelehnt
_result,10,2025-02-06 20:56:00.508289+00:00,2025-02-09 20:56:00.508289+00:00,2025-02-09 20:16:44.553298+00:00,0.0,median_energy_dram,unit_test_energy,Abgelehnt
_result,10,2025-02-06 20:56:00.508289+00:00,2025-02-09 20:56:00.508289+00:00,2025-02-09 20:17:34.501758+00:00,0.0,median_energy_dram,unit_test_energy,Abgelehnt
_result,10,2025-02-06 20:56:00.508289+00:00,2025-02-09 20:56:00.508289+00:00,2025-02-09 20:18:24.496101+00:00,0.0,median_energy_dram,unit_test_energy,Abgelehnt
_result,10,2025-02-06 20:56:00.508289+00:00,2025-02-09 20:56:00.508289+00:00,2025-02-09 20:19:14.392799+00:00,0.0,median_energy_dram,unit_test_energy,Abgelehnt
_result,10,2025-02-06 20:56:00.508289+00:00,2025-02-09 20:56:00.508289+00:00,2025-02-09 20:20:04.414799+00:00,0.0,median_energy_dram,unit_test_energy,Abgelehnt
_result,11,2025-02-06 20:56:00.508289+00:00,2025-02-09 20:56:00.508289+00:00,2025-02-09 19:47:25.740459+00:00,0.0,median_energy_pkg,unit_test_energy,Abgelehnt
_result,11,2025-02-06 20:56:00.508289+00:00,2025-02-09 20:56:00.508289+00:00,2025-02-09 19:55:48.860968+00:00,0.0,median_energy_pkg,unit_test_energy,Abgelehnt
_result,11,2025-02-06 20:56:00.508289+00:00,2025-02-09 20:56:00.508289+00:00,2025-02-09 19:56:38.888755+00:00,0.0,median_energy_pkg,unit_test_energy,Abgelehnt
_result,11,2025-02-06 20:56:00.508289+00:00,2025-02-09 20:56:00.508289+00:00,2025-02-09 19:57:28.946805+00:00,0.0,median_energy_pkg,unit_test_energy,Abgelehnt
_result,11,2025-02-06 20:56:00.508289+00:00,2025-02-09 20:56:00.508289+00:00,2025-02-09 19:58:18.917965+00:00,0.0,median_energy_pkg,unit_test_energy,Abgelehnt
_result,11,2025-02-06 20:56:00.508289+00:00,2025-02-09 20:56:00.508289+00:00,2025-02-09 19:59:09.078728+00:00,0.0,median_energy_pkg,unit_test_energy,Abgelehnt
_result,11,2025-02-06 20:56:00.508289+00:00,2025-02-09 20:56:00.508289+00:00,2025-02-09 19:59:59.199154+00:00,0.0,median_energy_pkg,unit_test_energy,Abgelehnt
_result,11,2025-02-06 20:56:00.508289+00:00,2025-02-09 20:56:00.508289+00:00,2025-02-09 20:00:49.197797+00:00,0.0,median_energy_pkg,unit_test_energy,Abgelehnt
_result,11,2025-02-06 20:56:00.508289+00:00,2025-02-09 20:56:00.508289+00:00,2025-02-09 20:01:39.214500+00:00,0.0,median_energy_pkg,unit_test_energy,Abgelehnt
_result,11,2025-02-06 20:56:00.508289+00:00,2025-02-09 20:56:00.508289+00:00,2025-02-09 20:02:29.240941+00:00,0.0,median_energy_pkg,unit_test_energy,Abgelehnt
_result,11,2025-02-06 20:56:00.508289+00:00,2025-02-09 20:56:00.508289+00:00,2025-02-09 20:03:19.234680+00:00,0.0,median_energy_pkg,unit_test_energy,Abgelehnt
_result,11,2025-02-06 20:56:00.508289+00:00,2025-02-09 20:56:00.508289+00:00,2025-02-09 20:04:09.259797+00:00,0.0,median_energy_pkg,unit_test_energy,Abgelehnt
_result,11,2025-02-06 20:56:00.508289+00:00,2025-02-09 20:56:00.508289+00:00,2025-02-09 20:04:59.339317+00:00,0.0,median_energy_pkg,unit_test_energy,Abgelehnt
_result,11,2025-02-06 20:56:00.508289+00:00,2025-02-09 20:56:00.508289+00:00,2025-02-09 20:05:49.436867+00:00,0.0,median_energy_pkg,unit_test_energy,Abgelehnt
_result,11,2025-02-06 20:56:00.508289+00:00,2025-02-09 20:56:00.508289+00:00,2025-02-09 20:06:39.493039+00:00,0.0,median_energy_pkg,unit_test_energy,Abgelehnt
_result,11,2025-02-06 20:56:00.508289+00:00,2025-02-09 20:56:00.508289+00:00,2025-02-09 20:07:29.476870+00:00,0.0,median_energy_pkg,unit_test_energy,Abgelehnt
_result,11,2025-02-06 20:56:00.508289+00:00,2025-02-09 20:56:00.508289+00:00,2025-02-09 20:08:24.232673+00:00,0.0,median_energy_pkg,unit_test_energy,Abgelehnt
_result,11,2025-02-06 20:56:00.508289+00:00,2025-02-09 20:56:00.508289+00:00,2025-02-09 20:09:14.319711+00:00,0.0,median_energy_pkg,unit_test_energy,Abgelehnt
_result,11,2025-02-06 20:56:00.508289+00:00,2025-02-09 20:56:00.508289+00:00,2025-02-09 20:10:04.370199+00:00,0.0,median_energy_pkg,unit_test_energy,Abgelehnt
_result,11,2025-02-06 20:56:00.508289+00:00,2025-02-09 20:56:00.508289+00:00,2025-02-09 20:10:54.385634+00:00,0.0,median_energy_pkg,unit_test_energy,Abgelehnt
_result,11,2025-02-06 20:56:00.508289+00:00,2025-02-09 20:56:00.508289+00:00,2025-02-09 20:11:44.349130+00:00,0.0,median_energy_pkg,unit_test_energy,Abgelehnt
_result,11,2025-02-06 20:56:00.508289+00:00,2025-02-09 20:56:00.508289+00:00,2025-02-09 20:12:34.366631+00:00,0.0,median_energy_pkg,unit_test_energy,Abgelehnt
_result,11,2025-02-06 20:56:00.508289+00:00,2025-02-09 20:56:00.508289+00:00,2025-02-09 20:13:24.376312+00:00,0.0,median_energy_pkg,unit_test_energy,Abgelehnt
_result,11,2025-02-06 20:56:00.508289+00:00,2025-02-09 20:56:00.508289+00:00,2025-02-09 20:14:14.431671+00:00,0.0,median_energy_pkg,unit_test_energy,Abgelehnt
_result,11,2025-02-06 20:56:00.508289+00:00,2025-02-09 20:56:00.508289+00:00,2025-02-09 20:15:04.554001+00:00,0.0,median_energy_pkg,unit_test_energy,Abgelehnt
_result,11,2025-02-06 20:56:00.508289+00:00,2025-02-09 20:56:00.508289+00:00,2025-02-09 20:15:54.575337+00:00,0.0,median_energy_pkg,unit_test_energy,Abgelehnt
_result,11,2025-02-06 20:56:00.508289+00:00,2025-02-09 20:56:00.508289+00:00,2025-02-09 20:16:44.553298+00:00,0.0,median_energy_pkg,unit_test_energy,Abgelehnt
_result,11,2025-02-06 20:56:00.508289+00:00,2025-02-09 20:56:00.508289+00:00,2025-02-09 20:17:34.501758+00:00,0.0,median_energy_pkg,unit_test_energy,Abgelehnt
_result,11,2025-02-06 20:56:00.508289+00:00,2025-02-09 20:56:00.508289+00:00,2025-02-09 20:18:24.496101+00:00,0.0,median_energy_pkg,unit_test_energy,Abgelehnt
_result,11,2025-02-06 20:56:00.508289+00:00,2025-02-09 20:56:00.508289+00:00,2025-02-09 20:19:14.392799+00:00,0.0,median_energy_pkg,unit_test_energy,Abgelehnt
_result,11,2025-02-06 20:56:00.508289+00:00,2025-02-09 20:56:00.508289+00:00,2025-02-09 20:20:04.414799+00:00,0.0,median_energy_pkg,unit_test_energy,Abgelehnt
_result,12,2025-02-06 20:56:00.508289+00:00,2025-02-09 20:56:00.508289+00:00,2025-02-09 19:47:25.740459+00:00,0.0104,total_energy_dram,unit_test_energy,Abgelehnt
_result,12,2025-02-06 20:56:00.508289+00:00,2025-02-09 20:56:00.508289+00:00,2025-02-09 19:55:48.860968+00:00,0.0069,total_energy_dram,unit_test_energy,Abgelehnt
_result,12,2025-02-06 20:56:00.508289+00:00,2025-02-09 20:56:00.508289+00:00,2025-02-09 19:56:38.888755+00:00,0.0063,total_energy_dram,unit_test_energy,Abgelehnt
_result,12,2025-02-06 20:56:00.508289+00:00,2025-02-09 20:56:00.508289+00:00,2025-02-09 19:57:28.946805+00:00,0.0067,total_energy_dram,unit_test_energy,Abgelehnt
_result,12,2025-02-06 20:56:00.508289+00:00,2025-02-09 20:56:00.508289+00:00,2025-02-09 19:58:18.917965+00:00,0.0068,total_energy_dram,unit_test_energy,Abgelehnt
_result,12,2025-02-06 20:56:00.508289+00:00,2025-02-09 20:56:00.508289+00:00,2025-02-09 19:59:09.078728+00:00,0.007,total_energy_dram,unit_test_energy,Abgelehnt
_result,12,2025-02-06 20:56:00.508289+00:00,2025-02-09 20:56:00.508289+00:00,2025-02-09 19:59:59.199154+00:00,0.0097,total_energy_dram,unit_test_energy,Abgelehnt
_result,12,2025-02-06 20:56:00.508289+00:00,2025-02-09 20:56:00.508289+00:00,2025-02-09 20:00:49.197797+00:00,0.0065,total_energy_dram,unit_test_energy,Abgelehnt
_result,12,2025-02-06 20:56:00.508289+00:00,2025-02-09 20:56:00.508289+00:00,2025-02-09 20:01:39.214500+00:00,0.0084,total_energy_dram,unit_test_energy,Abgelehnt
_result,12,2025-02-06 20:56:00.508289+00:00,2025-02-09 20:56:00.508289+00:00,2025-02-09 20:02:29.240941+00:00,0.0077,total_energy_dram,unit_test_energy,Abgelehnt
_result,12,2025-02-06 20:56:00.508289+00:00,2025-02-09 20:56:00.508289+00:00,2025-02-09 20:03:19.234680+00:00,0.0073,total_energy_dram,unit_test_energy,Abgelehnt
_result,12,2025-02-06 20:56:00.508289+00:00,2025-02-09 20:56:00.508289+00:00,2025-02-09 20:04:09.259797+00:00,0.0082,total_energy_dram,unit_test_energy,Abgelehnt
_result,12,2025-02-06 20:56:00.508289+00:00,2025-02-09 20:56:00.508289+00:00,2025-02-09 20:04:59.339317+00:00,0.0067,total_energy_dram,unit_test_energy,Abgelehnt
_result,12,2025-02-06 20:56:00.508289+00:00,2025-02-09 20:56:00.508289+00:00,2025-02-09 20:05:49.436867+00:00,0.0078,total_energy_dram,unit_test_energy,Abgelehnt
_result,12,2025-02-06 20:56:00.508289+00:00,2025-02-09 20:56:00.508289+00:00,2025-02-09 20:06:39.493039+00:00,0.0077,total_energy_dram,unit_test_energy,Abgelehnt
_result,12,2025-02-06 20:56:00.508289+00:00,2025-02-09 20:56:00.508289+00:00,2025-02-09 20:07:29.476870+00:00,0.0074,total_energy_dram,unit_test_energy,Abgelehnt
_result,12,2025-02-06 20:56:00.508289+00:00,2025-02-09 20:56:00.508289+00:00,2025-02-09 20:08:24.232673+00:00,0.0063,total_energy_dram,unit_test_energy,Abgelehnt
_result,12,2025-02-06 20:56:00.508289+00:00,2025-02-09 20:56:00.508289+00:00,2025-02-09 20:09:14.319711+00:00,0.0062,total_energy_dram,unit_test_energy,Abgelehnt
_result,12,2025-02-06 20:56:00.508289+00:00,2025-02-09 20:56:00.508289+00:00,2025-02-09 20:10:04.370199+00:00,0.0074,total_energy_dram,unit_test_energy,Abgelehnt
_result,12,2025-02-06 20:56:00.508289+00:00,2025-02-09 20:56:00.508289+00:00,2025-02-09 20:10:54.385634+00:00,0.0068,total_energy_dram,unit_test_energy,Abgelehnt
_result,12,2025-02-06 20:56:00.508289+00:00,2025-02-09 20:56:00.508289+00:00,2025-02-09 20:11:44.349130+00:00,0.0069,total_energy_dram,unit_test_energy,Abgelehnt
_result,12,2025-02-06 20:56:00.508289+00:00,2025-02-09 20:56:00.508289+00:00,2025-02-09 20:12:34.366631+00:00,0.0079,total_energy_dram,unit_test_energy,Abgelehnt
_result,12,2025-02-06 20:56:00.508289+00:00,2025-02-09 20:56:00.508289+00:00,2025-02-09 20:13:24.376312+00:00,0.0074,total_energy_dram,unit_test_energy,Abgelehnt
_result,12,2025-02-06 20:56:00.508289+00:00,2025-02-09 20:56:00.508289+00:00,2025-02-09 20:14:14.431671+00:00,0.0085,total_energy_dram,unit_test_energy,Abgelehnt
_result,12,2025-02-06 20:56:00.508289+00:00,2025-02-09 20:56:00.508289+00:00,2025-02-09 20:15:04.554001+00:00,0.0068,total_energy_dram,unit_test_energy,Abgelehnt
_result,12,2025-02-06 20:56:00.508289+00:00,2025-02-09 20:56:00.508289+00:00,2025-02-09 20:15:54.575337+00:00,0.007,total_energy_dram,unit_test_energy,Abgelehnt
_result,12,2025-02-06 20:56:00.508289+00:00,2025-02-09 20:56:00.508289+00:00,2025-02-09 20:16:44.553298+00:00,0.0068,total_energy_dram,unit_test_energy,Abgelehnt
_result,12,2025-02-06 20:56:00.508289+00:00,2025-02-09 20:56:00.508289+00:00,2025-02-09 20:17:34.501758+00:00,0.0069,total_energy_dram,unit_test_energy,Abgelehnt
_result,12,2025-02-06 20:56:00.508289+00:00,2025-02-09 20:56:00.508289+00:00,2025-02-09 20:18:24.496101+00:00,0.0076,total_energy_dram,unit_test_energy,Abgelehnt
_result,12,2025-02-06 20:56:00.508289+00:00,2025-02-09 20:56:00.508289+00:00,2025-02-09 20:19:14.392799+00:00,0.0073,total_energy_dram,unit_test_energy,Abgelehnt
_result,12,2025-02-06 20:56:00.508289+00:00,2025-02-09 20:56:00.508289+00:00,2025-02-09 20:20:04.414799+00:00,0.0081,total_energy_dram,unit_test_energy,Abgelehnt
_result,13,2025-02-06 20:56:00.508289+00:00,2025-02-09 20:56:00.508289+00:00,2025-02-09 19:47:25.740459+00:00,0.0348,total_energy_pkg,unit_test_energy,Abgelehnt
_result,13,2025-02-06 20:56:00.508289+00:00,2025-02-09 20:56:00.508289+00:00,2025-02-09 19:55:48.860968+00:00,0.0278,total_energy_pkg,unit_test_energy,Abgelehnt
_result,13,2025-02-06 20:56:00.508289+00:00,2025-02-09 20:56:00.508289+00:00,2025-02-09 19:56:38.888755+00:00,0.0726,total_energy_pkg,unit_test_energy,Abgelehnt
_result,13,2025-02-06 20:56:00.508289+00:00,2025-02-09 20:56:00.508289+00:00,2025-02-09 19:57:28.946805+00:00,0.0515,total_energy_pkg,unit_test_energy,Abgelehnt
_result,13,2025-02-06 20:56:00.508289+00:00,2025-02-09 20:56:00.508289+00:00,2025-02-09 19:58:18.917965+00:00,0.0375,total_energy_pkg,unit_test_energy,Abgelehnt
_result,13,2025-02-06 20:56:00.508289+00:00,2025-02-09 20:56:00.508289+00:00,2025-02-09 19:59:09.078728+00:00,0.037,total_energy_pkg,unit_test_energy,Abgelehnt
_result,13,2025-02-06 20:56:00.508289+00:00,2025-02-09 20:56:00.508289+00:00,2025-02-09 19:59:59.199154+00:00,0.0541,total_energy_pkg,unit_test_energy,Abgelehnt
_result,13,2025-02-06 20:56:00.508289+00:00,2025-02-09 20:56:00.508289+00:00,2025-02-09 20:00:49.197797+00:00,0.0533,total_energy_pkg,unit_test_energy,Abgelehnt
_result,13,2025-02-06 20:56:00.508289+00:00,2025-02-09 20:56:00.508289+00:00,2025-02-09 20:01:39.214500+00:00,0.037,total_energy_pkg,unit_test_energy,Abgelehnt
_result,13,2025-02-06 20:56:00.508289+00:00,2025-02-09 20:56:00.508289+00:00,2025-02-09 20:02:29.240941+00:00,0.0607,total_energy_pkg,unit_test_energy,Abgelehnt
_result,13,2025-02-06 20:56:00.508289+00:00,2025-02-09 20:56:00.508289+00:00,2025-02-09 20:03:19.234680+00:00,0.0276,total_energy_pkg,unit_test_energy,Abgelehnt
_result,13,2025-02-06 20:56:00.508289+00:00,2025-02-09 20:56:00.508289+00:00,2025-02-09 20:04:09.259797+00:00,0.0359,total_energy_pkg,unit_test_energy,Abgelehnt
_result,13,2025-02-06 20:56:00.508289+00:00,2025-02-09 20:56:00.508289+00:00,2025-02-09 20:04:59.339317+00:00,0.0363,total_energy_pkg,unit_test_energy,Abgelehnt
_result,13,2025-02-06 20:56:00.508289+00:00,2025-02-09 20:56:00.508289+00:00,2025-02-09 20:05:49.436867+00:00,0.0574,total_energy_pkg,unit_test_energy,Abgelehnt
_result,13,2025-02-06 20:56:00.508289+00:00,2025-02-09 20:56:00.508289+00:00,2025-02-09 20:06:39.493039+00:00,0.048,total_energy_pkg,unit_test_energy,Abgelehnt
_result,13,2025-02-06 20:56:00.508289+00:00,2025-02-09 20:56:00.508289+00:00,2025-02-09 20:07:29.476870+00:00,0.0308,total_energy_pkg,unit_test_energy,Abgelehnt
_result,13,2025-02-06 20:56:00.508289+00:00,2025-02-09 20:56:00.508289+00:00,2025-02-09 20:08:24.232673+00:00,0.0554,total_energy_pkg,unit_test_energy,Abgelehnt
_result,13,2025-02-06 20:56:00.508289+00:00,2025-02-09 20:56:00.508289+00:00,2025-02-09 20:09:14.319711+00:00,0.0693,total_energy_pkg,unit_test_energy,Abgelehnt
_result,13,2025-02-06 20:56:00.508289+00:00,2025-02-09 20:56:00.508289+00:00,2025-02-09 20:10:04.370199+00:00,0.0497,total_energy_pkg,unit_test_energy,Abgelehnt
_result,13,2025-02-06 20:56:00.508289+00:00,2025-02-09 20:56:00.508289+00:00,2025-02-09 20:10:54.385634+00:00,0.0693,total_energy_pkg,unit_test_energy,Abgelehnt
_result,13,2025-02-06 20:56:00.508289+00:00,2025-02-09 20:56:00.508289+00:00,2025-02-09 20:11:44.349130+00:00,0.0135,total_energy_pkg,unit_test_energy,Abgelehnt
_result,13,2025-02-06 20:56:00.508289+00:00,2025-02-09 20:56:00.508289+00:00,2025-02-09 20:12:34.366631+00:00,0.0515,total_energy_pkg,unit_test_energy,Abgelehnt
_result,13,2025-02-06 20:56:00.508289+00:00,2025-02-09 20:56:00.508289+00:00,2025-02-09 20:13:24.376312+00:00,0.0483,total_energy_pkg,unit_test_energy,Abgelehnt
_result,13,2025-02-06 20:56:00.508289+00:00,2025-02-09 20:56:00.508289+00:00,2025-02-09 20:14:14.431671+00:00,0.0618,total_energy_pkg,unit_test_energy,Abgelehnt
_result,13,2025-02-06 20:56:00.508289+00:00,2025-02-09 20:56:00.508289+00:00,2025-02-09 20:15:04.554001+00:00,0.0356,total_energy_pkg,unit_test_energy,Abgelehnt
_result,13,2025-02-06 20:56:00.508289+00:00,2025-02-09 20:56:00.508289+00:00,2025-02-09 20:15:54.575337+00:00,0.0394,total_energy_pkg,unit_test_energy,Abgelehnt
_result,13,2025-02-06 20:56:00.508289+00:00,2025-02-09 20:56:00.508289+00:00,2025-02-09 20:16:44.553298+00:00,0.0802,total_energy_pkg,unit_test_energy,Abgelehnt
_result,13,2025-02-06 20:56:00.508289+00:00,2025-02-09 20:56:00.508289+00:00,2025-02-09 20:17:34.501758+00:00,0.0607,total_energy_pkg,unit_test_energy,Abgelehnt
_result,13,2025-02-06 20:56:00.508289+00:00,2025-02-09 20:56:00.508289+00:00,2025-02-09 20:18:24.496101+00:00,0.0363,total_energy_pkg,unit_test_energy,Abgelehnt
_result,13,2025-02-06 20:56:00.508289+00:00,2025-02-09 20:56:00.508289+00:00,2025-02-09 20:19:14.392799+00:00,0.0439,total_energy_pkg,unit_test_energy,Abgelehnt
_result,13,2025-02-06 20:56:00.508289+00:00,2025-02-09 20:56:00.508289+00:00,2025-02-09 20:20:04.414799+00:00,0.0476,total_energy_pkg,unit_test_energy,Abgelehnt
_result,14,2025-02-06 20:56:00.508289+00:00,2025-02-09 20:56:00.508289+00:00,2025-02-09 19:47:15.643488+00:00,0.3149,avg_energy_dram,unit_test_energy,Datenkorrektur
_result,14,2025-02-06 20:56:00.508289+00:00,2025-02-09 20:56:00.508289+00:00,2025-02-09 19:55:38.802644+00:00,0.4441,avg_energy_dram,unit_test_energy,Datenkorrektur
_result,14,2025-02-06 20:56:00.508289+00:00,2025-02-09 20:56:00.508289+00:00,2025-02-09 19:56:28.831268+00:00,0.4007,avg_energy_dram,unit_test_energy,Datenkorrektur
_result,14,2025-02-06 20:56:00.508289+00:00,2025-02-09 20:56:00.508289+00:00,2025-02-09 19:57:18.887629+00:00,0.4479,avg_energy_dram,unit_test_energy,Datenkorrektur
_result,14,2025-02-06 20:56:00.508289+00:00,2025-02-09 20:56:00.508289+00:00,2025-02-09 19:58:08.855340+00:00,0.4201,avg_energy_dram,unit_test_energy,Datenkorrektur
_result,14,2025-02-06 20:56:00.508289+00:00,2025-02-09 20:56:00.508289+00:00,2025-02-09 19:58:59.017692+00:00,0.4358,avg_energy_dram,unit_test_energy,Datenkorrektur
_result,14,2025-02-06 20:56:00.508289+00:00,2025-02-09 20:56:00.508289+00:00,2025-02-09 19:59:49.125962+00:00,0.4433,avg_energy_dram,unit_test_energy,Datenkorrektur
_result,14,2025-02-06 20:56:00.508289+00:00,2025-02-09 20:56:00.508289+00:00,2025-02-09 20:00:39.137951+00:00,0.3961,avg_energy_dram,unit_test_energy,Datenkorrektur
_result,14,2025-02-06 20:56:00.508289+00:00,2025-02-09 20:56:00.508289+00:00,2025-02-09 20:01:29.158484+00:00,0.4473,avg_energy_dram,unit_test_energy,Datenkorrektur
_result,14,2025-02-06 20:56:00.508289+00:00,2025-02-09 20:56:00.508289+00:00,2025-02-09 20:02:19.181151+00:00,0.4449,avg_energy_dram,unit_test_energy,Datenkorrektur
_result,14,2025-02-06 20:56:00.508289+00:00,2025-02-09 20:56:00.508289+00:00,2025-02-09 20:03:09.174555+00:00,0.4306,avg_energy_dram,unit_test_energy,Datenkorrektur
_result,14,2025-02-06 20:56:00.508289+00:00,2025-02-09 20:56:00.508289+00:00,2025-02-09 20:03:59.200016+00:00,0.4293,avg_energy_dram,unit_test_energy,Datenkorrektur
_result,14,2025-02-06 20:56:00.508289+00:00,2025-02-09 20:56:00.508289+00:00,2025-02-09 20:04:49.280588+00:00,0.4567,avg_energy_dram,unit_test_energy,Datenkorrektur
_result,14,2025-02-06 20:56:00.508289+00:00,2025-02-09 20:56:00.508289+00:00,2025-02-09 20:05:39.368054+00:00,0.3757,avg_energy_dram,unit_test_energy,Datenkorrektur
_result,14,2025-02-06 20:56:00.508289+00:00,2025-02-09 20:56:00.508289+00:00,2025-02-09 20:06:29.429206+00:00,0.438,avg_energy_dram,unit_test_energy,Datenkorrektur
_result,14,2025-02-06 20:56:00.508289+00:00,2025-02-09 20:56:00.508289+00:00,2025-02-09 20:07:19.415426+00:00,0.4483,avg_energy_dram,unit_test_energy,Datenkorrektur
_result,14,2025-02-06 20:56:00.508289+00:00,2025-02-09 20:56:00.508289+00:00,2025-02-09 20:08:14.173025+00:00,0.4536,avg_energy_dram,unit_test_energy,Datenkorrektur
_result,14,2025-02-06 20:56:00.508289+00:00,2025-02-09 20:56:00.508289+00:00,2025-02-09 20:09:04.261091+00:00,0.453,avg_energy_dram,unit_test_energy,Datenkorrektur
_result,14,2025-02-06 20:56:00.508289+00:00,2025-02-09 20:56:00.508289+00:00,2025-02-09 20:09:54.310075+00:00,0.4419,avg_energy_dram,unit_test_energy,Datenkorrektur
_result,14,2025-02-06 20:56:00.508289+00:00,2025-02-09 20:56:00.508289+00:00,2025-02-09 20:10:44.333423+00:00,0.4441,avg_energy_dram,unit_test_energy,Datenkorrektur
_result,14,2025-02-06 20:56:00.508289+00:00,2025-02-09 20:56:00.508289+00:00,2025-02-09 20:11:34.290772+00:00,0.4439,avg_energy_dram,unit_test_energy,Datenkorrektur
_result,14,2025-02-06 20:56:00.508289+00:00,2025-02-09 20:56:00.508289+00:00,2025-02-09 20:12:24.307459+00:00,0.4111,avg_energy_dram,unit_test_energy,Datenkorrektur
_result,14,2025-02-06 20:56:00.508289+00:00,2025-02-09 20:56:00.508289+00:00,2025-02-09 20:13:14.317967+00:00,0.4426,avg_energy_dram,unit_test_energy,Datenkorrektur
_result,14,2025-02-06 20:56:00.508289+00:00,2025-02-09 20:56:00.508289+00:00,2025-02-09 20:14:04.370246+00:00,0.4316,avg_energy_dram,unit_test_energy,Datenkorrektur
_result,14,2025-02-06 20:56:00.508289+00:00,2025-02-09 20:56:00.508289+00:00,2025-02-09 20:14:54.486538+00:00,0.4481,avg_energy_dram,unit_test_energy,Datenkorrektur
_result,14,2025-02-06 20:56:00.508289+00:00,2025-02-09 20:56:00.508289+00:00,2025-02-09 20:15:44.512471+00:00,0.3422,avg_energy_dram,unit_test_energy,Datenkorrektur
_result,14,2025-02-06 20:56:00.508289+00:00,2025-02-09 20:56:00.508289+00:00,2025-02-09 20:16:34.495731+00:00,0.3437,avg_energy_dram,unit_test_energy,Datenkorrektur
_result,14,2025-02-06 20:56:00.508289+00:00,2025-02-09 20:56:00.508289+00:00,2025-02-09 20:17:24.450350+00:00,0.4365,avg_energy_dram,unit_test_energy,Datenkorrektur
_result,14,2025-02-06 20:56:00.508289+00:00,2025-02-09 20:56:00.508289+00:00,2025-02-09 20:18:14.442639+00:00,0.4447,avg_energy_dram,unit_test_energy,Datenkorrektur
_result,14,2025-02-06 20:56:00.508289+00:00,2025-02-09 20:56:00.508289+00:00,2025-02-09 20:19:04.340243+00:00,0.4686,avg_energy_dram,unit_test_energy,Datenkorrektur
_result,14,2025-02-06 20:56:00.508289+00:00,2025-02-09 20:56:00.508289+00:00,2025-02-09 20:19:54.361792+00:00,0.4996,avg_energy_dram,unit_test_energy,Datenkorrektur
_result,15,2025-02-06 20:56:00.508289+00:00,2025-02-09 20:56:00.508289+00:00,2025-02-09 19:47:15.643488+00:00,2.4646,avg_energy_pkg,unit_test_energy,Datenkorrektur
_result,15,2025-02-06 20:56:00.508289+00:00,2025-02-09 20:56:00.508289+00:00,2025-02-09 19:55:38.802644+00:00,4.1831,avg_energy_pkg,unit_test_energy,Datenkorrektur
_result,15,2025-02-06 20:56:00.508289+00:00,2025-02-09 20:56:00.508289+00:00,2025-02-09 19:56:28.831268+00:00,1.9374,avg_energy_pkg,unit_test_energy,Datenkorrektur
_result,15,2025-02-06 20:56:00.508289+00:00,2025-02-09 20:56:00.508289+00:00,2025-02-09 19:57:18.887629+00:00,1.3077,avg_energy_pkg,unit_test_energy,Datenkorrektur
_result,15,2025-02-06 20:56:00.508289+00:00,2025-02-09 20:56:00.508289+00:00,2025-02-09 19:58:08.855340+00:00,1.5094,avg_energy_pkg,unit_test_energy,Datenkorrektur
_result,15,2025-02-06 20:56:00.508289+00:00,2025-02-09 20:56:00.508289+00:00,2025-02-09 19:58:59.017692+00:00,2.3004,avg_energy_pkg,unit_test_energy,Datenkorrektur
_result,15,2025-02-06 20:56:00.508289+00:00,2025-02-09 20:56:00.508289+00:00,2025-02-09 19:59:49.125962+00:00,2.3712,avg_energy_pkg,unit_test_energy,Datenkorrektur
_result,15,2025-02-06 20:56:00.508289+00:00,2025-02-09 20:56:00.508289+00:00,2025-02-09 20:00:39.137951+00:00,4.8406,avg_energy_pkg,unit_test_energy,Datenkorrektur
_result,15,2025-02-06 20:56:00.508289+00:00,2025-02-09 20:56:00.508289+00:00,2025-02-09 20:01:29.158484+00:00,0.8209,avg_energy_pkg,unit_test_energy,Datenkorrektur
_result,15,2025-02-06 20:56:00.508289+00:00,2025-02-09 20:56:00.508289+00:00,2025-02-09 20:02:19.181151+00:00,3.1045,avg_energy_pkg,unit_test_energy,Datenkorrektur
_result,15,2025-02-06 20:56:00.508289+00:00,2025-02-09 20:56:00.508289+00:00,2025-02-09 20:03:09.174555+00:00,0.7687,avg_energy_pkg,unit_test_energy,Datenkorrektur
_result,15,2025-02-06 20:56:00.508289+00:00,2025-02-09 20:56:00.508289+00:00,2025-02-09 20:03:59.200016+00:00,1.9217,avg_energy_pkg,unit_test_energy,Datenkorrektur
_result,15,2025-02-06 20:56:00.508289+00:00,2025-02-09 20:56:00.508289+00:00,2025-02-09 20:04:49.280588+00:00,2.3344,avg_energy_pkg,unit_test_energy,Datenkorrektur
_result,15,2025-02-06 20:56:00.508289+00:00,2025-02-09 20:56:00.508289+00:00,2025-02-09 20:05:39.368054+00:00,1.4846,avg_energy_pkg,unit_test_energy,Datenkorrektur
_result,15,2025-02-06 20:56:00.508289+00:00,2025-02-09 20:56:00.508289+00:00,2025-02-09 20:06:29.429206+00:00,1.797,avg_energy_pkg,unit_test_energy,Datenkorrektur
_result,15,2025-02-06 20:56:00.508289+00:00,2025-02-09 20:56:00.508289+00:00,2025-02-09 20:07:19.415426+00:00,1.6018,avg_energy_pkg,unit_test_energy,Datenkorrektur
_result,15,2025-02-06 20:56:00.508289+00:00,2025-02-09 20:56:00.508289+00:00,2025-02-09 20:08:14.173025+00:00,1.7541,avg_energy_pkg,unit_test_energy,Datenkorrektur
_result,15,2025-02-06 20:56:00.508289+00:00,2025-02-09 20:56:00.508289+00:00,2025-02-09 20:09:04.261091+00:00,1.393,avg_energy_pkg,unit_test_energy,Datenkorrektur
_result,15,2025-02-06 20:56:00.508289+00:00,2025-02-09 20:56:00.508289+00:00,2025-02-09 20:09:54.310075+00:00,1.9232,avg_energy_pkg,unit_test_energy,Datenkorrektur
_result,15,2025-02-06 20:56:00.508289+00:00,2025-02-09 20:56:00.508289+00:00,2025-02-09 20:10:44.333423+00:00,1.8397,avg_energy_pkg,unit_test_energy,Datenkorrektur
_result,15,2025-02-06 20:56:00.508289+00:00,2025-02-09 20:56:00.508289+00:00,2025-02-09 20:11:34.290772+00:00,5.6854,avg_energy_pkg,unit_test_energy,Datenkorrektur
_result,15,2025-02-06 20:56:00.508289+00:00,2025-02-09 20:56:00.508289+00:00,2025-02-09 20:12:24.307459+00:00,1.0748,avg_energy_pkg,unit_test_energy,Datenkorrektur
_result,15,2025-02-06 20:56:00.508289+00:00,2025-02-09 20:56:00.508289+00:00,2025-02-09 20:13:14.317967+00:00,2.0399,avg_energy_pkg,unit_test_energy,Datenkorrektur
_result,15,2025-02-06 20:56:00.508289+00:00,2025-02-09 20:56:00.508289+00:00,2025-02-09 20:14:04.370246+00:00,3.3781,avg_energy_pkg,unit_test_energy,Datenkorrektur
_result,15,2025-02-06 20:56:00.508289+00:00,2025-02-09 20:56:00.508289+00:00,2025-02-09 20:14:54.486538+00:00,3.901,avg_energy_pkg,unit_test_energy,Datenkorrektur
_result,15,2025-02-06 20:56:00.508289+00:00,2025-02-09 20:56:00.508289+00:00,2025-02-09 20:15:44.512471+00:00,2.1006,avg_energy_pkg,unit_test_energy,Datenkorrektur
_result,15,2025-02-06 20:56:00.508289+00:00,2025-02-09 20:56:00.508289+00:00,2025-02-09 20:16:34.495731+00:00,2.5706,avg_energy_pkg,unit_test_energy,Datenkorrektur
_result,15,2025-02-06 20:56:00.508289+00:00,2025-02-09 20:56:00.508289+00:00,2025-02-09 20:17:24.450350+00:00,2.1013,avg_energy_pkg,unit_test_energy,Datenkorrektur
_result,15,2025-02-06 20:56:00.508289+00:00,2025-02-09 20:56:00.508289+00:00,2025-02-09 20:18:14.442639+00:00,2.1729,avg_energy_pkg,unit_test_energy,Datenkorrektur
_result,15,2025-02-06 20:56:00.508289+00:00,2025-02-09 20:56:00.508289+00:00,2025-02-09 20:19:04.340243+00:00,2.749,avg_energy_pkg,unit_test_energy,Datenkorrektur
_result,15,2025-02-06 20:56:00.508289+00:00,2025-02-09 20:56:00.508289+00:00,2025-02-09 20:19:54.361792+00:00,5.6838,avg_energy_pkg,unit_test_energy,Datenkorrektur
_result,16,2025-02-06 20:56:00.508289+00:00,2025-02-09 20:56:00.508289+00:00,2025-02-09 19:47:15.643488+00:00,0.0169,duration,unit_test_energy,Datenkorrektur
_result,16,2025-02-06 20:56:00.508289+00:00,2025-02-09 20:56:00.508289+00:00,2025-02-09 19:55:38.802644+00:00,0.0128,duration,unit_test_energy,Datenkorrektur
_result,16,2025-02-06 20:56:00.508289+00:00,2025-02-09 20:56:00.508289+00:00,2025-02-09 19:56:28.831268+00:00,0.0129,duration,unit_test_energy,Datenkorrektur
_result,16,2025-02-06 20:56:00.508289+00:00,2025-02-09 20:56:00.508289+00:00,2025-02-09 19:57:18.887629+00:00,0.0119,duration,unit_test_energy,Datenkorrektur
_result,16,2025-02-06 20:56:00.508289+00:00,2025-02-09 20:56:00.508289+00:00,2025-02-09 19:58:08.855340+00:00,0.0125,duration,unit_test_energy,Datenkorrektur
_result,16,2025-02-06 20:56:00.508289+00:00,2025-02-09 20:56:00.508289+00:00,2025-02-09 19:58:59.017692+00:00,0.0136,duration,unit_test_energy,Datenkorrektur
_result,16,2025-02-06 20:56:00.508289+00:00,2025-02-09 20:56:00.508289+00:00,2025-02-09 19:59:49.125962+00:00,0.0118,duration,unit_test_energy,Datenkorrektur
_result,16,2025-02-06 20:56:00.508289+00:00,2025-02-09 20:56:00.508289+00:00,2025-02-09 20:00:39.137951+00:00,0.0125,duration,unit_test_energy,Datenkorrektur
_result,16,2025-02-06 20:56:00.508289+00:00,2025-02-09 20:56:00.508289+00:00,2025-02-09 20:01:29.158484+00:00,0.0124,duration,unit_test_energy,Datenkorrektur
_result,16,2025-02-06 20:56:00.508289+00:00,2025-02-09 20:56:00.508289+00:00,2025-02-09 20:02:19.181151+00:00,0.0128,duration,unit_test_energy,Datenkorrektur
_result,16,2025-02-06 20:56:00.508289+00:00,2025-02-09 20:56:00.508289+00:00,2025-02-09 20:03:09.174555+00:00,0.0132,duration,unit_test_energy,Datenkorrektur
_result,16,2025-02-06 20:56:00.508289+00:00,2025-02-09 20:56:00.508289+00:00,2025-02-09 20:03:59.200016+00:00,0.0122,duration,unit_test_energy,Datenkorrektur
_result,16,2025-02-06 20:56:00.508289+00:00,2025-02-09 20:56:00.508289+00:00,2025-02-09 20:04:49.280588+00:00,0.012,duration,unit_test_energy,Datenkorrektur
_result,16,2025-02-06 20:56:00.508289+00:00,2025-02-09 20:56:00.508289+00:00,2025-02-09 20:05:39.368054+00:00,0.0167,duration,unit_test_energy,Datenkorrektur
_result,16,2025-02-06 20:56:00.508289+00:00,2025-02-09 20:56:00.508289+00:00,2025-02-09 20:06:29.429206+00:00,0.0123,duration,unit_test_energy,Datenkorrektur
_result,16,2025-02-06 20:56:00.508289+00:00,2025-02-09 20:56:00.508289+00:00,2025-02-09 20:07:19.415426+00:00,0.0121,duration,unit_test_energy,Datenkorrektur
_result,16,2025-02-06 20:56:00.508289+00:00,2025-02-09 20:56:00.508289+00:00,2025-02-09 20:08:14.173025+00:00,0.0121,duration,unit_test_energy,Datenkorrektur
_result,16,2025-02-06 20:56:00.508289+00:00,2025-02-09 20:56:00.508289+00:00,2025-02-09 20:09:04.261091+00:00,0.0125,duration,unit_test_energy,Datenkorrektur
_result,16,2025-02-06 20:56:00.508289+00:00,2025-02-09 20:56:00.508289+00:00,2025-02-09 20:09:54.310075+00:00,0.0122,duration,unit_test_energy,Datenkorrektur
_result,16,2025-02-06 20:56:00.508289+00:00,2025-02-09 20:56:00.508289+00:00,2025-02-09 20:10:44.333423+00:00,0.0125,duration,unit_test_energy,Datenkorrektur
_result,16,2025-02-06 20:56:00.508289+00:00,2025-02-09 20:56:00.508289+00:00,2025-02-09 20:11:34.290772+00:00,0.0143,duration,unit_test_energy,Datenkorrektur
_result,16,2025-02-06 20:56:00.508289+00:00,2025-02-09 20:56:00.508289+00:00,2025-02-09 20:12:24.307459+00:00,0.0123,duration,unit_test_energy,Datenkorrektur
_result,16,2025-02-06 20:56:00.508289+00:00,2025-02-09 20:56:00.508289+00:00,2025-02-09 20:13:14.317967+00:00,0.012,duration,unit_test_energy,Datenkorrektur
_result,16,2025-02-06 20:56:00.508289+00:00,2025-02-09 20:56:00.508289+00:00,2025-02-09 20:14:04.370246+00:00,0.013,duration,unit_test_energy,Datenkorrektur
_result,16,2025-02-06 20:56:00.508289+00:00,2025-02-09 20:56:00.508289+00:00,2025-02-09 20:14:54.486538+00:00,0.0125,duration,unit_test_energy,Datenkorrektur
_result,16,2025-02-06 20:56:00.508289+00:00,2025-02-09 20:56:00.508289+00:00,2025-02-09 20:15:44.512471+00:00,0.0168,duration,unit_test_energy,Datenkorrektur
_result,16,2025-02-06 20:56:00.508289+00:00,2025-02-09 20:56:00.508289+00:00,2025-02-09 20:16:34.495731+00:00,0.0252,duration,unit_test_energy,Datenkorrektur
_result,16,2025-02-06 20:56:00.508289+00:00,2025-02-09 20:56:00.508289+00:00,2025-02-09 20:17:24.450350+00:00,0.012,duration,unit_test_energy,Datenkorrektur
_result,16,2025-02-06 20:56:00.508289+00:00,2025-02-09 20:56:00.508289+00:00,2025-02-09 20:18:14.442639+00:00,0.0121,duration,unit_test_energy,Datenkorrektur
_result,16,2025-02-06 20:56:00.508289+00:00,2025-02-09 20:56:00.508289+00:00,2025-02-09 20:19:04.340243+00:00,0.0126,duration,unit_test_energy,Datenkorrektur
_result,16,2025-02-06 20:56:00.508289+00:00,2025-02-09 20:56:00.508289+00:00,2025-02-09 20:19:54.361792+00:00,0.013,duration,unit_test_energy,Datenkorrektur
_result,17,2025-02-06 20:56:00.508289+00:00,2025-02-09 20:56:00.508289+00:00,2025-02-09 19:47:15.643488+00:00,0.0,median_energy_dram,unit_test_energy,Datenkorrektur
_result,17,2025-02-06 20:56:00.508289+00:00,2025-02-09 20:56:00.508289+00:00,2025-02-09 19:55:38.802644+00:00,0.0,median_energy_dram,unit_test_energy,Datenkorrektur
_result,17,2025-02-06 20:56:00.508289+00:00,2025-02-09 20:56:00.508289+00:00,2025-02-09 19:56:28.831268+00:00,0.0,median_energy_dram,unit_test_energy,Datenkorrektur
_result,17,2025-02-06 20:56:00.508289+00:00,2025-02-09 20:56:00.508289+00:00,2025-02-09 19:57:18.887629+00:00,0.0,median_energy_dram,unit_test_energy,Datenkorrektur
_result,17,2025-02-06 20:56:00.508289+00:00,2025-02-09 20:56:00.508289+00:00,2025-02-09 19:58:08.855340+00:00,0.0,median_energy_dram,unit_test_energy,Datenkorrektur
_result,17,2025-02-06 20:56:00.508289+00:00,2025-02-09 20:56:00.508289+00:00,2025-02-09 19:58:59.017692+00:00,0.0,median_energy_dram,unit_test_energy,Datenkorrektur
_result,17,2025-02-06 20:56:00.508289+00:00,2025-02-09 20:56:00.508289+00:00,2025-02-09 19:59:49.125962+00:00,0.0,median_energy_dram,unit_test_energy,Datenkorrektur
_result,17,2025-02-06 20:56:00.508289+00:00,2025-02-09 20:56:00.508289+00:00,2025-02-09 20:00:39.137951+00:00,0.0,median_energy_dram,unit_test_energy,Datenkorrektur
_result,17,2025-02-06 20:56:00.508289+00:00,2025-02-09 20:56:00.508289+00:00,2025-02-09 20:01:29.158484+00:00,0.0,median_energy_dram,unit_test_energy,Datenkorrektur
_result,17,2025-02-06 20:56:00.508289+00:00,2025-02-09 20:56:00.508289+00:00,2025-02-09 20:02:19.181151+00:00,0.0,median_energy_dram,unit_test_energy,Datenkorrektur
_result,17,2025-02-06 20:56:00.508289+00:00,2025-02-09 20:56:00.508289+00:00,2025-02-09 20:03:09.174555+00:00,0.0,median_energy_dram,unit_test_energy,Datenkorrektur
_result,17,2025-02-06 20:56:00.508289+00:00,2025-02-09 20:56:00.508289+00:00,2025-02-09 20:03:59.200016+00:00,0.0,median_energy_dram,unit_test_energy,Datenkorrektur
_result,17,2025-02-06 20:56:00.508289+00:00,2025-02-09 20:56:00.508289+00:00,2025-02-09 20:04:49.280588+00:00,0.0,median_energy_dram,unit_test_energy,Datenkorrektur
_result,17,2025-02-06 20:56:00.508289+00:00,2025-02-09 20:56:00.508289+00:00,2025-02-09 20:05:39.368054+00:00,0.0,median_energy_dram,unit_test_energy,Datenkorrektur
_result,17,2025-02-06 20:56:00.508289+00:00,2025-02-09 20:56:00.508289+00:00,2025-02-09 20:06:29.429206+00:00,0.0,median_energy_dram,unit_test_energy,Datenkorrektur
_result,17,2025-02-06 20:56:00.508289+00:00,2025-02-09 20:56:00.508289+00:00,2025-02-09 20:07:19.415426+00:00,0.0,median_energy_dram,unit_test_energy,Datenkorrektur
_result,17,2025-02-06 20:56:00.508289+00:00,2025-02-09 20:56:00.508289+00:00,2025-02-09 20:08:14.173025+00:00,0.0,median_energy_dram,unit_test_energy,Datenkorrektur
_result,17,2025-02-06 20:56:00.508289+00:00,2025-02-09 20:56:00.508289+00:00,2025-02-09 20:09:04.261091+00:00,0.0,median_energy_dram,unit_test_energy,Datenkorrektur
_result,17,2025-02-06 20:56:00.508289+00:00,2025-02-09 20:56:00.508289+00:00,2025-02-09 20:09:54.310075+00:00,0.0,median_energy_dram,unit_test_energy,Datenkorrektur
_result,17,2025-02-06 20:56:00.508289+00:00,2025-02-09 20:56:00.508289+00:00,2025-02-09 20:10:44.333423+00:00,0.0,median_energy_dram,unit_test_energy,Datenkorrektur
_result,17,2025-02-06 20:56:00.508289+00:00,2025-02-09 20:56:00.508289+00:00,2025-02-09 20:11:34.290772+00:00,0.0,median_energy_dram,unit_test_energy,Datenkorrektur
_result,17,2025-02-06 20:56:00.508289+00:00,2025-02-09 20:56:00.508289+00:00,2025-02-09 20:12:24.307459+00:00,0.0,median_energy_dram,unit_test_energy,Datenkorrektur
_result,17,2025-02-06 20:56:00.508289+00:00,2025-02-09 20:56:00.508289+00:00,2025-02-09 20:13:14.317967+00:00,0.0,median_energy_dram,unit_test_energy,Datenkorrektur
_result,17,2025-02-06 20:56:00.508289+00:00,2025-02-09 20:56:00.508289+00:00,2025-02-09 20:14:04.370246+00:00,0.0,median_energy_dram,unit_test_energy,Datenkorrektur
_result,17,2025-02-06 20:56:00.508289+00:00,2025-02-09 20:56:00.508289+00:00,2025-02-09 20:14:54.486538+00:00,0.0,median_energy_dram,unit_test_energy,Datenkorrektur
_result,17,2025-02-06 20:56:00.508289+00:00,2025-02-09 20:56:00.508289+00:00,2025-02-09 20:15:44.512471+00:00,0.0,median_energy_dram,unit_test_energy,Datenkorrektur
_result,17,2025-02-06 20:56:00.508289+00:00,2025-02-09 20:56:00.508289+00:00,2025-02-09 20:16:34.495731+00:00,0.0,median_energy_dram,unit_test_energy,Datenkorrektur
_result,17,2025-02-06 20:56:00.508289+00:00,2025-02-09 20:56:00.508289+00:00,2025-02-09 20:17:24.450350+00:00,0.0,median_energy_dram,unit_test_energy,Datenkorrektur
_result,17,2025-02-06 20:56:00.508289+00:00,2025-02-09 20:56:00.508289+00:00,2025-02-09 20:18:14.442639+00:00,0.0,median_energy_dram,unit_test_energy,Datenkorrektur
_result,17,2025-02-06 20:56:00.508289+00:00,2025-02-09 20:56:00.508289+00:00,2025-02-09 20:19:04.340243+00:00,0.0,median_energy_dram,unit_test_energy,Datenkorrektur
_result,17,2025-02-06 20:56:00.508289+00:00,2025-02-09 20:56:00.508289+00:00,2025-02-09 20:19:54.361792+00:00,0.0,median_energy_dram,unit_test_energy,Datenkorrektur
_result,18,2025-02-06 20:56:00.508289+00:00,2025-02-09 20:56:00.508289+00:00,2025-02-09 19:47:15.643488+00:00,0.0,median_energy_pkg,unit_test_energy,Datenkorrektur
_result,18,2025-02-06 20:56:00.508289+00:00,2025-02-09 20:56:00.508289+00:00,2025-02-09 19:55:38.802644+00:00,0.0,median_energy_pkg,unit_test_energy,Datenkorrektur
_result,18,2025-02-06 20:56:00.508289+00:00,2025-02-09 20:56:00.508289+00:00,2025-02-09 19:56:28.831268+00:00,0.0,median_energy_pkg,unit_test_energy,Datenkorrektur
_result,18,2025-02-06 20:56:00.508289+00:00,2025-02-09 20:56:00.508289+00:00,2025-02-09 19:57:18.887629+00:00,0.0,median_energy_pkg,unit_test_energy,Datenkorrektur
_result,18,2025-02-06 20:56:00.508289+00:00,2025-02-09 20:56:00.508289+00:00,2025-02-09 19:58:08.855340+00:00,0.0,median_energy_pkg,unit_test_energy,Datenkorrektur
_result,18,2025-02-06 20:56:00.508289+00:00,2025-02-09 20:56:00.508289+00:00,2025-02-09 19:58:59.017692+00:00,0.0,median_energy_pkg,unit_test_energy,Datenkorrektur
_result,18,2025-02-06 20:56:00.508289+00:00,2025-02-09 20:56:00.508289+00:00,2025-02-09 19:59:49.125962+00:00,0.0,median_energy_pkg,unit_test_energy,Datenkorrektur
_result,18,2025-02-06 20:56:00.508289+00:00,2025-02-09 20:56:00.508289+00:00,2025-02-09 20:00:39.137951+00:00,0.0,median_energy_pkg,unit_test_energy,Datenkorrektur
_result,18,2025-02-06 20:56:00.508289+00:00,2025-02-09 20:56:00.508289+00:00,2025-02-09 20:01:29.158484+00:00,0.0,median_energy_pkg,unit_test_energy,Datenkorrektur
_result,18,2025-02-06 20:56:00.508289+00:00,2025-02-09 20:56:00.508289+00:00,2025-02-09 20:02:19.181151+00:00,0.0,median_energy_pkg,unit_test_energy,Datenkorrektur
_result,18,2025-02-06 20:56:00.508289+00:00,2025-02-09 20:56:00.508289+00:00,2025-02-09 20:03:09.174555+00:00,0.0,median_energy_pkg,unit_test_energy,Datenkorrektur
_result,18,2025-02-06 20:56:00.508289+00:00,2025-02-09 20:56:00.508289+00:00,2025-02-09 20:03:59.200016+00:00,0.0,median_energy_pkg,unit_test_energy,Datenkorrektur
_result,18,2025-02-06 20:56:00.508289+00:00,2025-02-09 20:56:00.508289+00:00,2025-02-09 20:04:49.280588+00:00,0.0,median_energy_pkg,unit_test_energy,Datenkorrektur
_result,18,2025-02-06 20:56:00.508289+00:00,2025-02-09 20:56:00.508289+00:00,2025-02-09 20:05:39.368054+00:00,0.0,median_energy_pkg,unit_test_energy,Datenkorrektur
_result,18,2025-02-06 20:56:00.508289+00:00,2025-02-09 20:56:00.508289+00:00,2025-02-09 20:06:29.429206+00:00,0.0,median_energy_pkg,unit_test_energy,Datenkorrektur
_result,18,2025-02-06 20:56:00.508289+00:00,2025-02-09 20:56:00.508289+00:00,2025-02-09 20:07:19.415426+00:00,0.0,median_energy_pkg,unit_test_energy,Datenkorrektur
_result,18,2025-02-06 20:56:00.508289+00:00,2025-02-09 20:56:00.508289+00:00,2025-02-09 20:08:14.173025+00:00,0.0,median_energy_pkg,unit_test_energy,Datenkorrektur
_result,18,2025-02-06 20:56:00.508289+00:00,2025-02-09 20:56:00.508289+00:00,2025-02-09 20:09:04.261091+00:00,0.0,median_energy_pkg,unit_test_energy,Datenkorrektur
_result,18,2025-02-06 20:56:00.508289+00:00,2025-02-09 20:56:00.508289+00:00,2025-02-09 20:09:54.310075+00:00,0.0,median_energy_pkg,unit_test_energy,Datenkorrektur
_result,18,2025-02-06 20:56:00.508289+00:00,2025-02-09 20:56:00.508289+00:00,2025-02-09 20:10:44.333423+00:00,0.0,median_energy_pkg,unit_test_energy,Datenkorrektur
_result,18,2025-02-06 20:56:00.508289+00:00,2025-02-09 20:56:00.508289+00:00,2025-02-09 20:11:34.290772+00:00,0.0,median_energy_pkg,unit_test_energy,Datenkorrektur
_result,18,2025-02-06 20:56:00.508289+00:00,2025-02-09 20:56:00.508289+00:00,2025-02-09 20:12:24.307459+00:00,0.0,median_energy_pkg,unit_test_energy,Datenkorrektur
_result,18,2025-02-06 20:56:00.508289+00:00,2025-02-09 20:56:00.508289+00:00,2025-02-09 20:13:14.317967+00:00,0.0,median_energy_pkg,unit_test_energy,Datenkorrektur
_result,18,2025-02-06 20:56:00.508289+00:00,2025-02-09 20:56:00.508289+00:00,2025-02-09 20:14:04.370246+00:00,0.0,median_energy_pkg,unit_test_energy,Datenkorrektur
_result,18,2025-02-06 20:56:00.508289+00:00,2025-02-09 20:56:00.508289+00:00,2025-02-09 20:14:54.486538+00:00,0.0,median_energy_pkg,unit_test_energy,Datenkorrektur
_result,18,2025-02-06 20:56:00.508289+00:00,2025-02-09 20:56:00.508289+00:00,2025-02-09 20:15:44.512471+00:00,0.0,median_energy_pkg,unit_test_energy,Datenkorrektur
_result,18,2025-02-06 20:56:00.508289+00:00,2025-02-09 20:56:00.508289+00:00,2025-02-09 20:16:34.495731+00:00,0.0,median_energy_pkg,unit_test_energy,Datenkorrektur
_result,18,2025-02-06 20:56:00.508289+00:00,2025-02-09 20:56:00.508289+00:00,2025-02-09 20:17:24.450350+00:00,0.0,median_energy_pkg,unit_test_energy,Datenkorrektur
_result,18,2025-02-06 20:56:00.508289+00:00,2025-02-09 20:56:00.508289+00:00,2025-02-09 20:18:14.442639+00:00,0.0,median_energy_pkg,unit_test_energy,Datenkorrektur
_result,18,2025-02-06 20:56:00.508289+00:00,2025-02-09 20:56:00.508289+00:00,2025-02-09 20:19:04.340243+00:00,0.0,median_energy_pkg,unit_test_energy,Datenkorrektur
_result,18,2025-02-06 20:56:00.508289+00:00,2025-02-09 20:56:00.508289+00:00,2025-02-09 20:19:54.361792+00:00,0.0,median_energy_pkg,unit_test_energy,Datenkorrektur
_result,19,2025-02-06 20:56:00.508289+00:00,2025-02-09 20:56:00.508289+00:00,2025-02-09 19:47:15.643488+00:00,0.0053,total_energy_dram,unit_test_energy,Datenkorrektur
_result,19,2025-02-06 20:56:00.508289+00:00,2025-02-09 20:56:00.508289+00:00,2025-02-09 19:55:38.802644+00:00,0.0057,total_energy_dram,unit_test_energy,Datenkorrektur
_result,19,2025-02-06 20:56:00.508289+00:00,2025-02-09 20:56:00.508289+00:00,2025-02-09 19:56:28.831268+00:00,0.0052,total_energy_dram,unit_test_energy,Datenkorrektur
_result,19,2025-02-06 20:56:00.508289+00:00,2025-02-09 20:56:00.508289+00:00,2025-02-09 19:57:18.887629+00:00,0.0053,total_energy_dram,unit_test_energy,Datenkorrektur
_result,19,2025-02-06 20:56:00.508289+00:00,2025-02-09 20:56:00.508289+00:00,2025-02-09 19:58:08.855340+00:00,0.0052,total_energy_dram,unit_test_energy,Datenkorrektur
_result,19,2025-02-06 20:56:00.508289+00:00,2025-02-09 20:56:00.508289+00:00,2025-02-09 19:58:59.017692+00:00,0.0059,total_energy_dram,unit_test_energy,Datenkorrektur
_result,19,2025-02-06 20:56:00.508289+00:00,2025-02-09 20:56:00.508289+00:00,2025-02-09 19:59:49.125962+00:00,0.0052,total_energy_dram,unit_test_energy,Datenkorrektur
_result,19,2025-02-06 20:56:00.508289+00:00,2025-02-09 20:56:00.508289+00:00,2025-02-09 20:00:39.137951+00:00,0.0049,total_energy_dram,unit_test_energy,Datenkorrektur
_result,19,2025-02-06 20:56:00.508289+00:00,2025-02-09 20:56:00.508289+00:00,2025-02-09 20:01:29.158484+00:00,0.0056,total_energy_dram,unit_test_energy,Datenkorrektur
_result,19,2025-02-06 20:56:00.508289+00:00,2025-02-09 20:56:00.508289+00:00,2025-02-09 20:02:19.181151+00:00,0.0057,total_energy_dram,unit_test_energy,Datenkorrektur
_result,19,2025-02-06 20:56:00.508289+00:00,2025-02-09 20:56:00.508289+00:00,2025-02-09 20:03:09.174555+00:00,0.0057,total_energy_dram,unit_test_energy,Datenkorrektur
_result,19,2025-02-06 20:56:00.508289+00:00,2025-02-09 20:56:00.508289+00:00,2025-02-09 20:03:59.200016+00:00,0.0052,total_energy_dram,unit_test_energy,Datenkorrektur
_result,19,2025-02-06 20:56:00.508289+00:00,2025-02-09 20:56:00.508289+00:00,2025-02-09 20:04:49.280588+00:00,0.0055,total_energy_dram,unit_test_energy,Datenkorrektur
_result,19,2025-02-06 20:56:00.508289+00:00,2025-02-09 20:56:00.508289+00:00,2025-02-09 20:05:39.368054+00:00,0.0063,total_energy_dram,unit_test_energy,Datenkorrektur
_result,19,2025-02-06 20:56:00.508289+00:00,2025-02-09 20:56:00.508289+00:00,2025-02-09 20:06:29.429206+00:00,0.0054,total_energy_dram,unit_test_energy,Datenkorrektur
_result,19,2025-02-06 20:56:00.508289+00:00,2025-02-09 20:56:00.508289+00:00,2025-02-09 20:07:19.415426+00:00,0.0054,total_energy_dram,unit_test_energy,Datenkorrektur
_result,19,2025-02-06 20:56:00.508289+00:00,2025-02-09 20:56:00.508289+00:00,2025-02-09 20:08:14.173025+00:00,0.0055,total_energy_dram,unit_test_energy,Datenkorrektur
_result,19,2025-02-06 20:56:00.508289+00:00,2025-02-09 20:56:00.508289+00:00,2025-02-09 20:09:04.261091+00:00,0.0057,total_energy_dram,unit_test_energy,Datenkorrektur
_result,19,2025-02-06 20:56:00.508289+00:00,2025-02-09 20:56:00.508289+00:00,2025-02-09 20:09:54.310075+00:00,0.0054,total_energy_dram,unit_test_energy,Datenkorrektur
_result,19,2025-02-06 20:56:00.508289+00:00,2025-02-09 20:56:00.508289+00:00,2025-02-09 20:10:44.333423+00:00,0.0056,total_energy_dram,unit_test_energy,Datenkorrektur
_result,19,2025-02-06 20:56:00.508289+00:00,2025-02-09 20:56:00.508289+00:00,2025-02-09 20:11:34.290772+00:00,0.0063,total_energy_dram,unit_test_energy,Datenkorrektur
_result,19,2025-02-06 20:56:00.508289+00:00,2025-02-09 20:56:00.508289+00:00,2025-02-09 20:12:24.307459+00:00,0.0051,total_energy_dram,unit_test_energy,Datenkorrektur
_result,19,2025-02-06 20:56:00.508289+00:00,2025-02-09 20:56:00.508289+00:00,2025-02-09 20:13:14.317967+00:00,0.0053,total_energy_dram,unit_test_energy,Datenkorrektur
_result,19,2025-02-06 20:56:00.508289+00:00,2025-02-09 20:56:00.508289+00:00,2025-02-09 20:14:04.370246+00:00,0.0056,total_energy_dram,unit_test_energy,Datenkorrektur
_result,19,2025-02-06 20:56:00.508289+00:00,2025-02-09 20:56:00.508289+00:00,2025-02-09 20:14:54.486538+00:00,0.0056,total_energy_dram,unit_test_energy,Datenkorrektur
_result,19,2025-02-06 20:56:00.508289+00:00,2025-02-09 20:56:00.508289+00:00,2025-02-09 20:15:44.512471+00:00,0.0057,total_energy_dram,unit_test_energy,Datenkorrektur
_result,19,2025-02-06 20:56:00.508289+00:00,2025-02-09 20:56:00.508289+00:00,2025-02-09 20:16:34.495731+00:00,0.0087,total_energy_dram,unit_test_energy,Datenkorrektur
_result,19,2025-02-06 20:56:00.508289+00:00,2025-02-09 20:56:00.508289+00:00,2025-02-09 20:17:24.450350+00:00,0.0052,total_energy_dram,unit_test_energy,Datenkorrektur
_result,19,2025-02-06 20:56:00.508289+00:00,2025-02-09 20:56:00.508289+00:00,2025-02-09 20:18:14.442639+00:00,0.0054,total_energy_dram,unit_test_energy,Datenkorrektur
_result,19,2025-02-06 20:56:00.508289+00:00,2025-02-09 20:56:00.508289+00:00,2025-02-09 20:19:04.340243+00:00,0.0059,total_energy_dram,unit_test_energy,Datenkorrektur
_result,19,2025-02-06 20:56:00.508289+00:00,2025-02-09 20:56:00.508289+00:00,2025-02-09 20:19:54.361792+00:00,0.0065,total_energy_dram,unit_test_energy,Datenkorrektur
_result,20,2025-02-06 20:56:00.508289+00:00,2025-02-09 20:56:00.508289+00:00,2025-02-09 19:47:15.643488+00:00,0.0416,total_energy_pkg,unit_test_energy,Datenkorrektur
_result,20,2025-02-06 20:56:00.508289+00:00,2025-02-09 20:56:00.508289+00:00,2025-02-09 19:55:38.802644+00:00,0.0535,total_energy_pkg,unit_test_energy,Datenkorrektur
_result,20,2025-02-06 20:56:00.508289+00:00,2025-02-09 20:56:00.508289+00:00,2025-02-09 19:56:28.831268+00:00,0.0251,total_energy_pkg,unit_test_energy,Datenkorrektur
_result,20,2025-02-06 20:56:00.508289+00:00,2025-02-09 20:56:00.508289+00:00,2025-02-09 19:57:18.887629+00:00,0.0155,total_energy_pkg,unit_test_energy,Datenkorrektur
_result,20,2025-02-06 20:56:00.508289+00:00,2025-02-09 20:56:00.508289+00:00,2025-02-09 19:58:08.855340+00:00,0.0189,total_energy_pkg,unit_test_energy,Datenkorrektur
_result,20,2025-02-06 20:56:00.508289+00:00,2025-02-09 20:56:00.508289+00:00,2025-02-09 19:58:59.017692+00:00,0.0312,total_energy_pkg,unit_test_energy,Datenkorrektur
_result,20,2025-02-06 20:56:00.508289+00:00,2025-02-09 20:56:00.508289+00:00,2025-02-09 19:59:49.125962+00:00,0.0281,total_energy_pkg,unit_test_energy,Datenkorrektur
_result,20,2025-02-06 20:56:00.508289+00:00,2025-02-09 20:56:00.508289+00:00,2025-02-09 20:00:39.137951+00:00,0.0604,total_energy_pkg,unit_test_energy,Datenkorrektur
_result,20,2025-02-06 20:56:00.508289+00:00,2025-02-09 20:56:00.508289+00:00,2025-02-09 20:01:29.158484+00:00,0.0102,total_energy_pkg,unit_test_energy,Datenkorrektur
_result,20,2025-02-06 20:56:00.508289+00:00,2025-02-09 20:56:00.508289+00:00,2025-02-09 20:02:19.181151+00:00,0.0396,total_energy_pkg,unit_test_energy,Datenkorrektur
_result,20,2025-02-06 20:56:00.508289+00:00,2025-02-09 20:56:00.508289+00:00,2025-02-09 20:03:09.174555+00:00,0.0101,total_energy_pkg,unit_test_energy,Datenkorrektur
_result,20,2025-02-06 20:56:00.508289+00:00,2025-02-09 20:56:00.508289+00:00,2025-02-09 20:03:59.200016+00:00,0.0235,total_energy_pkg,unit_test_energy,Datenkorrektur
_result,20,2025-02-06 20:56:00.508289+00:00,2025-02-09 20:56:00.508289+00:00,2025-02-09 20:04:49.280588+00:00,0.0281,total_energy_pkg,unit_test_energy,Datenkorrektur
_result,20,2025-02-06 20:56:00.508289+00:00,2025-02-09 20:56:00.508289+00:00,2025-02-09 20:05:39.368054+00:00,0.0248,total_energy_pkg,unit_test_energy,Datenkorrektur
_result,20,2025-02-06 20:56:00.508289+00:00,2025-02-09 20:56:00.508289+00:00,2025-02-09 20:06:29.429206+00:00,0.022,total_energy_pkg,unit_test_energy,Datenkorrektur
_result,20,2025-02-06 20:56:00.508289+00:00,2025-02-09 20:56:00.508289+00:00,2025-02-09 20:07:19.415426+00:00,0.0194,total_energy_pkg,unit_test_energy,Datenkorrektur
_result,20,2025-02-06 20:56:00.508289+00:00,2025-02-09 20:56:00.508289+00:00,2025-02-09 20:08:14.173025+00:00,0.0212,total_energy_pkg,unit_test_energy,Datenkorrektur
_result,20,2025-02-06 20:56:00.508289+00:00,2025-02-09 20:56:00.508289+00:00,2025-02-09 20:09:04.261091+00:00,0.0175,total_energy_pkg,unit_test_energy,Datenkorrektur
_result,20,2025-02-06 20:56:00.508289+00:00,2025-02-09 20:56:00.508289+00:00,2025-02-09 20:09:54.310075+00:00,0.0234,total_energy_pkg,unit_test_energy,Datenkorrektur
_result,20,2025-02-06 20:56:00.508289+00:00,2025-02-09 20:56:00.508289+00:00,2025-02-09 20:10:44.333423+00:00,0.023,total_energy_pkg,unit_test_energy,Datenkorrektur
_result,20,2025-02-06 20:56:00.508289+00:00,2025-02-09 20:56:00.508289+00:00,2025-02-09 20:11:34.290772+00:00,0.0813,total_energy_pkg,unit_test_energy,Datenkorrektur
_result,20,2025-02-06 20:56:00.508289+00:00,2025-02-09 20:56:00.508289+00:00,2025-02-09 20:12:24.307459+00:00,0.0132,total_energy_pkg,unit_test_energy,Datenkorrektur
_result,20,2025-02-06 20:56:00.508289+00:00,2025-02-09 20:56:00.508289+00:00,2025-02-09 20:13:14.317967+00:00,0.0245,total_energy_pkg,unit_test_energy,Datenkorrektur
_result,20,2025-02-06 20:56:00.508289+00:00,2025-02-09 20:56:00.508289+00:00,2025-02-09 20:14:04.370246+00:00,0.0439,total_energy_pkg,unit_test_energy,Datenkorrektur
_result,20,2025-02-06 20:56:00.508289+00:00,2025-02-09 20:56:00.508289+00:00,2025-02-09 20:14:54.486538+00:00,0.0489,total_energy_pkg,unit_test_energy,Datenkorrektur
_result,20,2025-02-06 20:56:00.508289+00:00,2025-02-09 20:56:00.508289+00:00,2025-02-09 20:15:44.512471+00:00,0.0352,total_energy_pkg,unit_test_energy,Datenkorrektur
_result,20,2025-02-06 20:56:00.508289+00:00,2025-02-09 20:56:00.508289+00:00,2025-02-09 20:16:34.495731+00:00,0.0648,total_energy_pkg,unit_test_energy,Datenkorrektur
_result,20,2025-02-06 20:56:00.508289+00:00,2025-02-09 20:56:00.508289+00:00,2025-02-09 20:17:24.450350+00:00,0.0253,total_energy_pkg,unit_test_energy,Datenkorrektur
_result,20,2025-02-06 20:56:00.508289+00:00,2025-02-09 20:56:00.508289+00:00,2025-02-09 20:18:14.442639+00:00,0.0262,total_energy_pkg,unit_test_energy,Datenkorrektur
_result,20,2025-02-06 20:56:00.508289+00:00,2025-02-09 20:56:00.508289+00:00,2025-02-09 20:19:04.340243+00:00,0.0347,total_energy_pkg,unit_test_energy,Datenkorrektur
_result,20,2025-02-06 20:56:00.508289+00:00,2025-02-09 20:56:00.508289+00:00,2025-02-09 20:19:54.361792+00:00,0.0736,total_energy_pkg,unit_test_energy,Datenkorrektur
_result,21,2025-02-06 20:56:00.508289+00:00,2025-02-09 20:56:00.508289+00:00,2025-02-09 19:47:05.568859+00:00,0.37,avg_energy_dram,unit_test_energy,Geprueft
_result,21,2025-02-06 20:56:00.508289+00:00,2025-02-09 20:56:00.508289+00:00,2025-02-09 19:55:28.727602+00:00,0.3498,avg_energy_dram,unit_test_energy,Geprueft
_result,21,2025-02-06 20:56:00.508289+00:00,2025-02-09 20:56:00.508289+00:00,2025-02-09 19:56:18.772580+00:00,0.3793,avg_energy_dram,unit_test_energy,Geprueft
_result,21,2025-02-06 20:56:00.508289+00:00,2025-02-09 20:56:00.508289+00:00,2025-02-09 19:57:08.829781+00:00,0.3688,avg_energy_dram,unit_test_energy,Geprueft
_result,21,2025-02-06 20:56:00.508289+00:00,2025-02-09 20:56:00.508289+00:00,2025-02-09 19:57:58.794934+00:00,0.3416,avg_energy_dram,unit_test_energy,Geprueft
_result,21,2025-02-06 20:56:00.508289+00:00,2025-02-09 20:56:00.508289+00:00,2025-02-09 19:58:48.953587+00:00,0.3484,avg_energy_dram,unit_test_energy,Geprueft
_result,21,2025-02-06 20:56:00.508289+00:00,2025-02-09 20:56:00.508289+00:00,2025-02-09 19:59:39.067712+00:00,0.3617,avg_energy_dram,unit_test_energy,Geprueft
_result,21,2025-02-06 20:56:00.508289+00:00,2025-02-09 20:56:00.508289+00:00,2025-02-09 20:00:29.083446+00:00,0.3972,avg_energy_dram,unit_test_energy,Geprueft
_result,21,2025-02-06 20:56:00.508289+00:00,2025-02-09 20:56:00.508289+00:00,2025-02-09 20:01:19.098701+00:00,0.2963,avg_energy_dram,unit_test_energy,Geprueft
_result,21,2025-02-06 20:56:00.508289+00:00,2025-02-09 20:56:00.508289+00:00,2025-02-09 20:02:09.119609+00:00,0.3295,avg_energy_dram,unit_test_energy,Geprueft
_result,21,2025-02-06 20:56:00.508289+00:00,2025-02-09 20:56:00.508289+00:00,2025-02-09 20:02:59.113592+00:00,0.3553,avg_energy_dram,unit_test_energy,Geprueft
_result,21,2025-02-06 20:56:00.508289+00:00,2025-02-09 20:56:00.508289+00:00,2025-02-09 20:03:49.140574+00:00,0.3406,avg_energy_dram,unit_test_energy,Geprueft
_result,21,2025-02-06 20:56:00.508289+00:00,2025-02-09 20:56:00.508289+00:00,2025-02-09 20:04:39.218982+00:00,0.3454,avg_energy_dram,unit_test_energy,Geprueft
_result,21,2025-02-06 20:56:00.508289+00:00,2025-02-09 20:56:00.508289+00:00,2025-02-09 20:05:29.302469+00:00,0.3976,avg_energy_dram,unit_test_energy,Geprueft
_result,21,2025-02-06 20:56:00.508289+00:00,2025-02-09 20:56:00.508289+00:00,2025-02-09 20:06:19.371252+00:00,0.3769,avg_energy_dram,unit_test_energy,Geprueft
_result,21,2025-02-06 20:56:00.508289+00:00,2025-02-09 20:56:00.508289+00:00,2025-02-09 20:07:09.363895+00:00,0.3576,avg_energy_dram,unit_test_energy,Geprueft
_result,21,2025-02-06 20:56:00.508289+00:00,2025-02-09 20:56:00.508289+00:00,2025-02-09 20:08:04.116144+00:00,0.3776,avg_energy_dram,unit_test_energy,Geprueft
_result,21,2025-02-06 20:56:00.508289+00:00,2025-02-09 20:56:00.508289+00:00,2025-02-09 20:08:54.201997+00:00,0.3537,avg_energy_dram,unit_test_energy,Geprueft
_result,21,2025-02-06 20:56:00.508289+00:00,2025-02-09 20:56:00.508289+00:00,2025-02-09 20:09:44.250618+00:00,0.355,avg_energy_dram,unit_test_energy,Geprueft
_result,21,2025-02-06 20:56:00.508289+00:00,2025-02-09 20:56:00.508289+00:00,2025-02-09 20:10:34.275027+00:00,0.4649,avg_energy_dram,unit_test_energy,Geprueft
_result,21,2025-02-06 20:56:00.508289+00:00,2025-02-09 20:56:00.508289+00:00,2025-02-09 20:11:24.232257+00:00,0.3687,avg_energy_dram,unit_test_energy,Geprueft
_result,21,2025-02-06 20:56:00.508289+00:00,2025-02-09 20:56:00.508289+00:00,2025-02-09 20:12:14.249799+00:00,0.3563,avg_energy_dram,unit_test_energy,Geprueft
_result,21,2025-02-06 20:56:00.508289+00:00,2025-02-09 20:56:00.508289+00:00,2025-02-09 20:13:04.259577+00:00,0.3448,avg_energy_dram,unit_test_energy,Geprueft
_result,21,2025-02-06 20:56:00.508289+00:00,2025-02-09 20:56:00.508289+00:00,2025-02-09 20:13:54.297298+00:00,0.322,avg_energy_dram,unit_test_energy,Geprueft
_result,21,2025-02-06 20:56:00.508289+00:00,2025-02-09 20:56:00.508289+00:00,2025-02-09 20:14:44.413389+00:00,0.3575,avg_energy_dram,unit_test_energy,Geprueft
_result,21,2025-02-06 20:56:00.508289+00:00,2025-02-09 20:56:00.508289+00:00,2025-02-09 20:15:34.452103+00:00,0.3894,avg_energy_dram,unit_test_energy,Geprueft
_result,21,2025-02-06 20:56:00.508289+00:00,2025-02-09 20:56:00.508289+00:00,2025-02-09 20:16:24.422210+00:00,0.3318,avg_energy_dram,unit_test_energy,Geprueft
_result,21,2025-02-06 20:56:00.508289+00:00,2025-02-09 20:56:00.508289+00:00,2025-02-09 20:17:14.399344+00:00,0.3594,avg_energy_dram,unit_test_energy,Geprueft
_result,21,2025-02-06 20:56:00.508289+00:00,2025-02-09 20:56:00.508289+00:00,2025-02-09 20:18:04.390550+00:00,0.3701,avg_energy_dram,unit_test_energy,Geprueft
_result,21,2025-02-06 20:56:00.508289+00:00,2025-02-09 20:56:00.508289+00:00,2025-02-09 20:18:54.292777+00:00,0.3834,avg_energy_dram,unit_test_energy,Geprueft
_result,21,2025-02-06 20:56:00.508289+00:00,2025-02-09 20:56:00.508289+00:00,2025-02-09 20:19:44.298032+00:00,0.3249,avg_energy_dram,unit_test_energy,Geprueft
_result,22,2025-02-06 20:56:00.508289+00:00,2025-02-09 20:56:00.508289+00:00,2025-02-09 19:47:05.568859+00:00,3.1904,avg_energy_pkg,unit_test_energy,Geprueft
_result,22,2025-02-06 20:56:00.508289+00:00,2025-02-09 20:56:00.508289+00:00,2025-02-09 19:55:28.727602+00:00,2.7943,avg_energy_pkg,unit_test_energy,Geprueft
_result,22,2025-02-06 20:56:00.508289+00:00,2025-02-09 20:56:00.508289+00:00,2025-02-09 19:56:18.772580+00:00,1.6087,avg_energy_pkg,unit_test_energy,Geprueft
_result,22,2025-02-06 20:56:00.508289+00:00,2025-02-09 20:56:00.508289+00:00,2025-02-09 19:57:08.829781+00:00,3.2076,avg_energy_pkg,unit_test_energy,Geprueft
_result,22,2025-02-06 20:56:00.508289+00:00,2025-02-09 20:56:00.508289+00:00,2025-02-09 19:57:58.794934+00:00,3.044,avg_energy_pkg,unit_test_energy,Geprueft
_result,22,2025-02-06 20:56:00.508289+00:00,2025-02-09 20:56:00.508289+00:00,2025-02-09 19:58:48.953587+00:00,5.5368,avg_energy_pkg,unit_test_energy,Geprueft
_result,22,2025-02-06 20:56:00.508289+00:00,2025-02-09 20:56:00.508289+00:00,2025-02-09 19:59:39.067712+00:00,2.6461,avg_energy_pkg,unit_test_energy,Geprueft
_result,22,2025-02-06 20:56:00.508289+00:00,2025-02-09 20:56:00.508289+00:00,2025-02-09 20:00:29.083446+00:00,4.4832,avg_energy_pkg,unit_test_energy,Geprueft
_result,22,2025-02-06 20:56:00.508289+00:00,2025-02-09 20:56:00.508289+00:00,2025-02-09 20:01:19.098701+00:00,2.5896,avg_energy_pkg,unit_test_energy,Geprueft
_result,22,2025-02-06 20:56:00.508289+00:00,2025-02-09 20:56:00.508289+00:00,2025-02-09 20:02:09.119609+00:00,5.9847,avg_energy_pkg,unit_test_energy,Geprueft
_result,22,2025-02-06 20:56:00.508289+00:00,2025-02-09 20:56:00.508289+00:00,2025-02-09 20:02:59.113592+00:00,5.1097,avg_energy_pkg,unit_test_energy,Geprueft
_result,22,2025-02-06 20:56:00.508289+00:00,2025-02-09 20:56:00.508289+00:00,2025-02-09 20:03:49.140574+00:00,4.8681,avg_energy_pkg,unit_test_energy,Geprueft
_result,22,2025-02-06 20:56:00.508289+00:00,2025-02-09 20:56:00.508289+00:00,2025-02-09 20:04:39.218982+00:00,3.0013,avg_energy_pkg,unit_test_energy,Geprueft
_result,22,2025-02-06 20:56:00.508289+00:00,2025-02-09 20:56:00.508289+00:00,2025-02-09 20:05:29.302469+00:00,6.2533,avg_energy_pkg,unit_test_energy,Geprueft
_result,22,2025-02-06 20:56:00.508289+00:00,2025-02-09 20:56:00.508289+00:00,2025-02-09 20:06:19.371252+00:00,3.5125,avg_energy_pkg,unit_test_energy,Geprueft
_result,22,2025-02-06 20:56:00.508289+00:00,2025-02-09 20:56:00.508289+00:00,2025-02-09 20:07:09.363895+00:00,4.0137,avg_energy_pkg,unit_test_energy,Geprueft
_result,22,2025-02-06 20:56:00.508289+00:00,2025-02-09 20:56:00.508289+00:00,2025-02-09 20:08:04.116144+00:00,4.7404,avg_energy_pkg,unit_test_energy,Geprueft
_result,22,2025-02-06 20:56:00.508289+00:00,2025-02-09 20:56:00.508289+00:00,2025-02-09 20:08:54.201997+00:00,3.5556,avg_energy_pkg,unit_test_energy,Geprueft
_result,22,2025-02-06 20:56:00.508289+00:00,2025-02-09 20:56:00.508289+00:00,2025-02-09 20:09:44.250618+00:00,1.7202,avg_energy_pkg,unit_test_energy,Geprueft
_result,22,2025-02-06 20:56:00.508289+00:00,2025-02-09 20:56:00.508289+00:00,2025-02-09 20:10:34.275027+00:00,5.9328,avg_energy_pkg,unit_test_energy,Geprueft
_result,22,2025-02-06 20:56:00.508289+00:00,2025-02-09 20:56:00.508289+00:00,2025-02-09 20:11:24.232257+00:00,1.9393,avg_energy_pkg,unit_test_energy,Geprueft
_result,22,2025-02-06 20:56:00.508289+00:00,2025-02-09 20:56:00.508289+00:00,2025-02-09 20:12:14.249799+00:00,3.2559,avg_energy_pkg,unit_test_energy,Geprueft
_result,22,2025-02-06 20:56:00.508289+00:00,2025-02-09 20:56:00.508289+00:00,2025-02-09 20:13:04.259577+00:00,5.7052,avg_energy_pkg,unit_test_energy,Geprueft
_result,22,2025-02-06 20:56:00.508289+00:00,2025-02-09 20:56:00.508289+00:00,2025-02-09 20:13:54.297298+00:00,4.4532,avg_energy_pkg,unit_test_energy,Geprueft
_result,22,2025-02-06 20:56:00.508289+00:00,2025-02-09 20:56:00.508289+00:00,2025-02-09 20:14:44.413389+00:00,4.8951,avg_energy_pkg,unit_test_energy,Geprueft
_result,22,2025-02-06 20:56:00.508289+00:00,2025-02-09 20:56:00.508289+00:00,2025-02-09 20:15:34.452103+00:00,2.6495,avg_energy_pkg,unit_test_energy,Geprueft
_result,22,2025-02-06 20:56:00.508289+00:00,2025-02-09 20:56:00.508289+00:00,2025-02-09 20:16:24.422210+00:00,2.0967,avg_energy_pkg,unit_test_energy,Geprueft
_result,22,2025-02-06 20:56:00.508289+00:00,2025-02-09 20:56:00.508289+00:00,2025-02-09 20:17:14.399344+00:00,2.5271,avg_energy_pkg,unit_test_energy,Geprueft
_result,22,2025-02-06 20:56:00.508289+00:00,2025-02-09 20:56:00.508289+00:00,2025-02-09 20:18:04.390550+00:00,2.6096,avg_energy_pkg,unit_test_energy,Geprueft
_result,22,2025-02-06 20:56:00.508289+00:00,2025-02-09 20:56:00.508289+00:00,2025-02-09 20:18:54.292777+00:00,2.3849,avg_energy_pkg,unit_test_energy,Geprueft
_result,22,2025-02-06 20:56:00.508289+00:00,2025-02-09 20:56:00.508289+00:00,2025-02-09 20:19:44.298032+00:00,4.2034,avg_energy_pkg,unit_test_energy,Geprueft
_result,23,2025-02-06 20:56:00.508289+00:00,2025-02-09 20:56:00.508289+00:00,2025-02-09 19:47:05.568859+00:00,0.014,duration,unit_test_energy,Geprueft
_result,23,2025-02-06 20:56:00.508289+00:00,2025-02-09 20:56:00.508289+00:00,2025-02-09 19:55:28.727602+00:00,0.0148,duration,unit_test_energy,Geprueft
_result,23,2025-02-06 20:56:00.508289+00:00,2025-02-09 20:56:00.508289+00:00,2025-02-09 19:56:18.772580+00:00,0.0146,duration,unit_test_energy,Geprueft
_result,23,2025-02-06 20:56:00.508289+00:00,2025-02-09 20:56:00.508289+00:00,2025-02-09 19:57:08.829781+00:00,0.0147,duration,unit_test_energy,Geprueft
_result,23,2025-02-06 20:56:00.508289+00:00,2025-02-09 20:56:00.508289+00:00,2025-02-09 19:57:58.794934+00:00,0.0179,duration,unit_test_energy,Geprueft
_result,23,2025-02-06 20:56:00.508289+00:00,2025-02-09 20:56:00.508289+00:00,2025-02-09 19:58:48.953587+00:00,0.0161,duration,unit_test_energy,Geprueft
_result,23,2025-02-06 20:56:00.508289+00:00,2025-02-09 20:56:00.508289+00:00,2025-02-09 19:59:39.067712+00:00,0.0133,duration,unit_test_energy,Geprueft
_result,23,2025-02-06 20:56:00.508289+00:00,2025-02-09 20:56:00.508289+00:00,2025-02-09 20:00:29.083446+00:00,0.0129,duration,unit_test_energy,Geprueft
_result,23,2025-02-06 20:56:00.508289+00:00,2025-02-09 20:56:00.508289+00:00,2025-02-09 20:01:19.098701+00:00,0.0268,duration,unit_test_energy,Geprueft
_result,23,2025-02-06 20:56:00.508289+00:00,2025-02-09 20:56:00.508289+00:00,2025-02-09 20:02:09.119609+00:00,0.0148,duration,unit_test_energy,Geprueft
_result,23,2025-02-06 20:56:00.508289+00:00,2025-02-09 20:56:00.508289+00:00,2025-02-09 20:02:59.113592+00:00,0.0158,duration,unit_test_energy,Geprueft
_result,23,2025-02-06 20:56:00.508289+00:00,2025-02-09 20:56:00.508289+00:00,2025-02-09 20:03:49.140574+00:00,0.0147,duration,unit_test_energy,Geprueft
_result,23,2025-02-06 20:56:00.508289+00:00,2025-02-09 20:56:00.508289+00:00,2025-02-09 20:04:39.218982+00:00,0.0136,duration,unit_test_energy,Geprueft
_result,23,2025-02-06 20:56:00.508289+00:00,2025-02-09 20:56:00.508289+00:00,2025-02-09 20:05:29.302469+00:00,0.0135,duration,unit_test_energy,Geprueft
_result,23,2025-02-06 20:56:00.508289+00:00,2025-02-09 20:56:00.508289+00:00,2025-02-09 20:06:19.371252+00:00,0.0147,duration,unit_test_energy,Geprueft
_result,23,2025-02-06 20:56:00.508289+00:00,2025-02-09 20:56:00.508289+00:00,2025-02-09 20:07:09.363895+00:00,0.0152,duration,unit_test_energy,Geprueft
_result,23,2025-02-06 20:56:00.508289+00:00,2025-02-09 20:56:00.508289+00:00,2025-02-09 20:08:04.116144+00:00,0.0137,duration,unit_test_energy,Geprueft
_result,23,2025-02-06 20:56:00.508289+00:00,2025-02-09 20:56:00.508289+00:00,2025-02-09 20:08:54.201997+00:00,0.0135,duration,unit_test_energy,Geprueft
_result,23,2025-02-06 20:56:00.508289+00:00,2025-02-09 20:56:00.508289+00:00,2025-02-09 20:09:44.250618+00:00,0.0144,duration,unit_test_energy,Geprueft
_result,23,2025-02-06 20:56:00.508289+00:00,2025-02-09 20:56:00.508289+00:00,2025-02-09 20:10:34.275027+00:00,0.0127,duration,unit_test_energy,Geprueft
_result,23,2025-02-06 20:56:00.508289+00:00,2025-02-09 20:56:00.508289+00:00,2025-02-09 20:11:24.232257+00:00,0.0134,duration,unit_test_energy,Geprueft
_result,23,2025-02-06 20:56:00.508289+00:00,2025-02-09 20:56:00.508289+00:00,2025-02-09 20:12:14.249799+00:00,0.0137,duration,unit_test_energy,Geprueft
_result,23,2025-02-06 20:56:00.508289+00:00,2025-02-09 20:56:00.508289+00:00,2025-02-09 20:13:04.259577+00:00,0.0179,duration,unit_test_energy,Geprueft
_result,23,2025-02-06 20:56:00.508289+00:00,2025-02-09 20:56:00.508289+00:00,2025-02-09 20:13:54.297298+00:00,0.0167,duration,unit_test_energy,Geprueft
_result,23,2025-02-06 20:56:00.508289+00:00,2025-02-09 20:56:00.508289+00:00,2025-02-09 20:14:44.413389+00:00,0.016,duration,unit_test_energy,Geprueft
_result,23,2025-02-06 20:56:00.508289+00:00,2025-02-09 20:56:00.508289+00:00,2025-02-09 20:15:34.452103+00:00,0.0129,duration,unit_test_energy,Geprueft
_result,23,2025-02-06 20:56:00.508289+00:00,2025-02-09 20:56:00.508289+00:00,2025-02-09 20:16:24.422210+00:00,0.0173,duration,unit_test_energy,Geprueft
_result,23,2025-02-06 20:56:00.508289+00:00,2025-02-09 20:56:00.508289+00:00,2025-02-09 20:17:14.399344+00:00,0.0158,duration,unit_test_energy,Geprueft
_result,23,2025-02-06 20:56:00.508289+00:00,2025-02-09 20:56:00.508289+00:00,2025-02-09 20:18:04.390550+00:00,0.016,duration,unit_test_energy,Geprueft
_result,23,2025-02-06 20:56:00.508289+00:00,2025-02-09 20:56:00.508289+00:00,2025-02-09 20:18:54.292777+00:00,0.0137,duration,unit_test_energy,Geprueft
_result,23,2025-02-06 20:56:00.508289+00:00,2025-02-09 20:56:00.508289+00:00,2025-02-09 20:19:44.298032+00:00,0.0177,duration,unit_test_energy,Geprueft
_result,24,2025-02-06 20:56:00.508289+00:00,2025-02-09 20:56:00.508289+00:00,2025-02-09 19:47:05.568859+00:00,0.0,median_energy_dram,unit_test_energy,Geprueft
_result,24,2025-02-06 20:56:00.508289+00:00,2025-02-09 20:56:00.508289+00:00,2025-02-09 19:55:28.727602+00:00,0.0,median_energy_dram,unit_test_energy,Geprueft
_result,24,2025-02-06 20:56:00.508289+00:00,2025-02-09 20:56:00.508289+00:00,2025-02-09 19:56:18.772580+00:00,0.0,median_energy_dram,unit_test_energy,Geprueft
_result,24,2025-02-06 20:56:00.508289+00:00,2025-02-09 20:56:00.508289+00:00,2025-02-09 19:57:08.829781+00:00,0.0,median_energy_dram,unit_test_energy,Geprueft
_result,24,2025-02-06 20:56:00.508289+00:00,2025-02-09 20:56:00.508289+00:00,2025-02-09 19:57:58.794934+00:00,0.0,median_energy_dram,unit_test_energy,Geprueft
_result,24,2025-02-06 20:56:00.508289+00:00,2025-02-09 20:56:00.508289+00:00,2025-02-09 19:58:48.953587+00:00,0.0,median_energy_dram,unit_test_energy,Geprueft
_result,24,2025-02-06 20:56:00.508289+00:00,2025-02-09 20:56:00.508289+00:00,2025-02-09 19:59:39.067712+00:00,0.0,median_energy_dram,unit_test_energy,Geprueft
_result,24,2025-02-06 20:56:00.508289+00:00,2025-02-09 20:56:00.508289+00:00,2025-02-09 20:00:29.083446+00:00,0.0,median_energy_dram,unit_test_energy,Geprueft
_result,24,2025-02-06 20:56:00.508289+00:00,2025-02-09 20:56:00.508289+00:00,2025-02-09 20:01:19.098701+00:00,0.0,median_energy_dram,unit_test_energy,Geprueft
_result,24,2025-02-06 20:56:00.508289+00:00,2025-02-09 20:56:00.508289+00:00,2025-02-09 20:02:09.119609+00:00,0.0,median_energy_dram,unit_test_energy,Geprueft
_result,24,2025-02-06 20:56:00.508289+00:00,2025-02-09 20:56:00.508289+00:00,2025-02-09 20:02:59.113592+00:00,0.0,median_energy_dram,unit_test_energy,Geprueft
_result,24,2025-02-06 20:56:00.508289+00:00,2025-02-09 20:56:00.508289+00:00,2025-02-09 20:03:49.140574+00:00,0.0,median_energy_dram,unit_test_energy,Geprueft
_result,24,2025-02-06 20:56:00.508289+00:00,2025-02-09 20:56:00.508289+00:00,2025-02-09 20:04:39.218982+00:00,0.0,median_energy_dram,unit_test_energy,Geprueft
_result,24,2025-02-06 20:56:00.508289+00:00,2025-02-09 20:56:00.508289+00:00,2025-02-09 20:05:29.302469+00:00,0.0,median_energy_dram,unit_test_energy,Geprueft
_result,24,2025-02-06 20:56:00.508289+00:00,2025-02-09 20:56:00.508289+00:00,2025-02-09 20:06:19.371252+00:00,0.0,median_energy_dram,unit_test_energy,Geprueft
_result,24,2025-02-06 20:56:00.508289+00:00,2025-02-09 20:56:00.508289+00:00,2025-02-09 20:07:09.363895+00:00,0.0,median_energy_dram,unit_test_energy,Geprueft
_result,24,2025-02-06 20:56:00.508289+00:00,2025-02-09 20:56:00.508289+00:00,2025-02-09 20:08:04.116144+00:00,0.0,median_energy_dram,unit_test_energy,Geprueft
_result,24,2025-02-06 20:56:00.508289+00:00,2025-02-09 20:56:00.508289+00:00,2025-02-09 20:08:54.201997+00:00,0.0,median_energy_dram,unit_test_energy,Geprueft
_result,24,2025-02-06 20:56:00.508289+00:00,2025-02-09 20:56:00.508289+00:00,2025-02-09 20:09:44.250618+00:00,0.0,median_energy_dram,unit_test_energy,Geprueft
_result,24,2025-02-06 20:56:00.508289+00:00,2025-02-09 20:56:00.508289+00:00,2025-02-09 20:10:34.275027+00:00,0.0,median_energy_dram,unit_test_energy,Geprueft
_result,24,2025-02-06 20:56:00.508289+00:00,2025-02-09 20:56:00.508289+00:00,2025-02-09 20:11:24.232257+00:00,0.0,median_energy_dram,unit_test_energy,Geprueft
_result,24,2025-02-06 20:56:00.508289+00:00,2025-02-09 20:56:00.508289+00:00,2025-02-09 20:12:14.249799+00:00,0.0,median_energy_dram,unit_test_energy,Geprueft
_result,24,2025-02-06 20:56:00.508289+00:00,2025-02-09 20:56:00.508289+00:00,2025-02-09 20:13:04.259577+00:00,0.0,median_energy_dram,unit_test_energy,Geprueft
_result,24,2025-02-06 20:56:00.508289+00:00,2025-02-09 20:56:00.508289+00:00,2025-02-09 20:13:54.297298+00:00,0.0,median_energy_dram,unit_test_energy,Geprueft
_result,24,2025-02-06 20:56:00.508289+00:00,2025-02-09 20:56:00.508289+00:00,2025-02-09 20:14:44.413389+00:00,0.0,median_energy_dram,unit_test_energy,Geprueft
_result,24,2025-02-06 20:56:00.508289+00:00,2025-02-09 20:56:00.508289+00:00,2025-02-09 20:15:34.452103+00:00,0.0,median_energy_dram,unit_test_energy,Geprueft
_result,24,2025-02-06 20:56:00.508289+00:00,2025-02-09 20:56:00.508289+00:00,2025-02-09 20:16:24.422210+00:00,0.0,median_energy_dram,unit_test_energy,Geprueft
_result,24,2025-02-06 20:56:00.508289+00:00,2025-02-09 20:56:00.508289+00:00,2025-02-09 20:17:14.399344+00:00,0.0,median_energy_dram,unit_test_energy,Geprueft
_result,24,2025-02-06 20:56:00.508289+00:00,2025-02-09 20:56:00.508289+00:00,2025-02-09 20:18:04.390550+00:00,0.0,median_energy_dram,unit_test_energy,Geprueft
_result,24,2025-02-06 20:56:00.508289+00:00,2025-02-09 20:56:00.508289+00:00,2025-02-09 20:18:54.292777+00:00,0.0,median_energy_dram,unit_test_energy,Geprueft
_result,24,2025-02-06 20:56:00.508289+00:00,2025-02-09 20:56:00.508289+00:00,2025-02-09 20:19:44.298032+00:00,0.0,median_energy_dram,unit_test_energy,Geprueft
_result,25,2025-02-06 20:56:00.508289+00:00,2025-02-09 20:56:00.508289+00:00,2025-02-09 19:47:05.568859+00:00,0.0,median_energy_pkg,unit_test_energy,Geprueft
_result,25,2025-02-06 20:56:00.508289+00:00,2025-02-09 20:56:00.508289+00:00,2025-02-09 19:55:28.727602+00:00,0.0,median_energy_pkg,unit_test_energy,Geprueft
_result,25,2025-02-06 20:56:00.508289+00:00,2025-02-09 20:56:00.508289+00:00,2025-02-09 19:56:18.772580+00:00,0.0,median_energy_pkg,unit_test_energy,Geprueft
_result,25,2025-02-06 20:56:00.508289+00:00,2025-02-09 20:56:00.508289+00:00,2025-02-09 19:57:08.829781+00:00,0.0,median_energy_pkg,unit_test_energy,Geprueft
_result,25,2025-02-06 20:56:00.508289+00:00,2025-02-09 20:56:00.508289+00:00,2025-02-09 19:57:58.794934+00:00,0.0,median_energy_pkg,unit_test_energy,Geprueft
_result,25,2025-02-06 20:56:00.508289+00:00,2025-02-09 20:56:00.508289+00:00,2025-02-09 19:58:48.953587+00:00,0.0,median_energy_pkg,unit_test_energy,Geprueft
_result,25,2025-02-06 20:56:00.508289+00:00,2025-02-09 20:56:00.508289+00:00,2025-02-09 19:59:39.067712+00:00,0.0,median_energy_pkg,unit_test_energy,Geprueft
_result,25,2025-02-06 20:56:00.508289+00:00,2025-02-09 20:56:00.508289+00:00,2025-02-09 20:00:29.083446+00:00,0.0,median_energy_pkg,unit_test_energy,Geprueft
_result,25,2025-02-06 20:56:00.508289+00:00,2025-02-09 20:56:00.508289+00:00,2025-02-09 20:01:19.098701+00:00,0.0,median_energy_pkg,unit_test_energy,Geprueft
_result,25,2025-02-06 20:56:00.508289+00:00,2025-02-09 20:56:00.508289+00:00,2025-02-09 20:02:09.119609+00:00,0.0,median_energy_pkg,unit_test_energy,Geprueft
_result,25,2025-02-06 20:56:00.508289+00:00,2025-02-09 20:56:00.508289+00:00,2025-02-09 20:02:59.113592+00:00,0.0,median_energy_pkg,unit_test_energy,Geprueft
_result,25,2025-02-06 20:56:00.508289+00:00,2025-02-09 20:56:00.508289+00:00,2025-02-09 20:03:49.140574+00:00,0.0,median_energy_pkg,unit_test_energy,Geprueft
_result,25,2025-02-06 20:56:00.508289+00:00,2025-02-09 20:56:00.508289+00:00,2025-02-09 20:04:39.218982+00:00,0.0,median_energy_pkg,unit_test_energy,Geprueft
_result,25,2025-02-06 20:56:00.508289+00:00,2025-02-09 20:56:00.508289+00:00,2025-02-09 20:05:29.302469+00:00,0.0,median_energy_pkg,unit_test_energy,Geprueft
_result,25,2025-02-06 20:56:00.508289+00:00,2025-02-09 20:56:00.508289+00:00,2025-02-09 20:06:19.371252+00:00,0.0,median_energy_pkg,unit_test_energy,Geprueft
_result,25,2025-02-06 20:56:00.508289+00:00,2025-02-09 20:56:00.508289+00:00,2025-02-09 20:07:09.363895+00:00,0.0,median_energy_pkg,unit_test_energy,Geprueft
_result,25,2025-02-06 20:56:00.508289+00:00,2025-02-09 20:56:00.508289+00:00,2025-02-09 20:08:04.116144+00:00,0.0,median_energy_pkg,unit_test_energy,Geprueft
_result,25,2025-02-06 20:56:00.508289+00:00,2025-02-09 20:56:00.508289+00:00,2025-02-09 20:08:54.201997+00:00,0.0,median_energy_pkg,unit_test_energy,Geprueft
_result,25,2025-02-06 20:56:00.508289+00:00,2025-02-09 20:56:00.508289+00:00,2025-02-09 20:09:44.250618+00:00,0.0,median_energy_pkg,unit_test_energy,Geprueft
_result,25,2025-02-06 20:56:00.508289+00:00,2025-02-09 20:56:00.508289+00:00,2025-02-09 20:10:34.275027+00:00,0.0,median_energy_pkg,unit_test_energy,Geprueft
_result,25,2025-02-06 20:56:00.508289+00:00,2025-02-09 20:56:00.508289+00:00,2025-02-09 20:11:24.232257+00:00,0.0,median_energy_pkg,unit_test_energy,Geprueft
_result,25,2025-02-06 20:56:00.508289+00:00,2025-02-09 20:56:00.508289+00:00,2025-02-09 20:12:14.249799+00:00,0.0,median_energy_pkg,unit_test_energy,Geprueft
_result,25,2025-02-06 20:56:00.508289+00:00,2025-02-09 20:56:00.508289+00:00,2025-02-09 20:13:04.259577+00:00,0.0,median_energy_pkg,unit_test_energy,Geprueft
_result,25,2025-02-06 20:56:00.508289+00:00,2025-02-09 20:56:00.508289+00:00,2025-02-09 20:13:54.297298+00:00,0.0,median_energy_pkg,unit_test_energy,Geprueft
_result,25,2025-02-06 20:56:00.508289+00:00,2025-02-09 20:56:00.508289+00:00,2025-02-09 20:14:44.413389+00:00,0.0,median_energy_pkg,unit_test_energy,Geprueft
_result,25,2025-02-06 20:56:00.508289+00:00,2025-02-09 20:56:00.508289+00:00,2025-02-09 20:15:34.452103+00:00,0.0,median_energy_pkg,unit_test_energy,Geprueft
_result,25,2025-02-06 20:56:00.508289+00:00,2025-02-09 20:56:00.508289+00:00,2025-02-09 20:16:24.422210+00:00,0.0,median_energy_pkg,unit_test_energy,Geprueft
_result,25,2025-02-06 20:56:00.508289+00:00,2025-02-09 20:56:00.508289+00:00,2025-02-09 20:17:14.399344+00:00,0.0,median_energy_pkg,unit_test_energy,Geprueft
_result,25,2025-02-06 20:56:00.508289+00:00,2025-02-09 20:56:00.508289+00:00,2025-02-09 20:18:04.390550+00:00,0.0,median_energy_pkg,unit_test_energy,Geprueft
_result,25,2025-02-06 20:56:00.508289+00:00,2025-02-09 20:56:00.508289+00:00,2025-02-09 20:18:54.292777+00:00,0.0,median_energy_pkg,unit_test_energy,Geprueft
_result,25,2025-02-06 20:56:00.508289+00:00,2025-02-09 20:56:00.508289+00:00,2025-02-09 20:19:44.298032+00:00,0.0,median_energy_pkg,unit_test_energy,Geprueft
_result,26,2025-02-06 20:56:00.508289+00:00,2025-02-09 20:56:00.508289+00:00,2025-02-09 19:47:05.568859+00:00,0.0052,total_energy_dram,unit_test_energy,Geprueft
_result,26,2025-02-06 20:56:00.508289+00:00,2025-02-09 20:56:00.508289+00:00,2025-02-09 19:55:28.727602+00:00,0.0052,total_energy_dram,unit_test_energy,Geprueft
_result,26,2025-02-06 20:56:00.508289+00:00,2025-02-09 20:56:00.508289+00:00,2025-02-09 19:56:18.772580+00:00,0.0056,total_energy_dram,unit_test_energy,Geprueft
_result,26,2025-02-06 20:56:00.508289+00:00,2025-02-09 20:56:00.508289+00:00,2025-02-09 19:57:08.829781+00:00,0.0054,total_energy_dram,unit_test_energy,Geprueft
_result,26,2025-02-06 20:56:00.508289+00:00,2025-02-09 20:56:00.508289+00:00,2025-02-09 19:57:58.794934+00:00,0.0061,total_energy_dram,unit_test_energy,Geprueft
_result,26,2025-02-06 20:56:00.508289+00:00,2025-02-09 20:56:00.508289+00:00,2025-02-09 19:58:48.953587+00:00,0.0056,total_energy_dram,unit_test_energy,Geprueft
_result,26,2025-02-06 20:56:00.508289+00:00,2025-02-09 20:56:00.508289+00:00,2025-02-09 19:59:39.067712+00:00,0.0048,total_energy_dram,unit_test_energy,Geprueft
_result,26,2025-02-06 20:56:00.508289+00:00,2025-02-09 20:56:00.508289+00:00,2025-02-09 20:00:29.083446+00:00,0.0051,total_energy_dram,unit_test_energy,Geprueft
_result,26,2025-02-06 20:56:00.508289+00:00,2025-02-09 20:56:00.508289+00:00,2025-02-09 20:01:19.098701+00:00,0.0079,total_energy_dram,unit_test_energy,Geprueft
_result,26,2025-02-06 20:56:00.508289+00:00,2025-02-09 20:56:00.508289+00:00,2025-02-09 20:02:09.119609+00:00,0.0049,total_energy_dram,unit_test_energy,Geprueft
_result,26,2025-02-06 20:56:00.508289+00:00,2025-02-09 20:56:00.508289+00:00,2025-02-09 20:02:59.113592+00:00,0.0056,total_energy_dram,unit_test_energy,Geprueft
_result,26,2025-02-06 20:56:00.508289+00:00,2025-02-09 20:56:00.508289+00:00,2025-02-09 20:03:49.140574+00:00,0.005,total_energy_dram,unit_test_energy,Geprueft
_result,26,2025-02-06 20:56:00.508289+00:00,2025-02-09 20:56:00.508289+00:00,2025-02-09 20:04:39.218982+00:00,0.0047,total_energy_dram,unit_test_energy,Geprueft
_result,26,2025-02-06 20:56:00.508289+00:00,2025-02-09 20:56:00.508289+00:00,2025-02-09 20:05:29.302469+00:00,0.0054,total_energy_dram,unit_test_energy,Geprueft
_result,26,2025-02-06 20:56:00.508289+00:00,2025-02-09 20:56:00.508289+00:00,2025-02-09 20:06:19.371252+00:00,0.0056,total_energy_dram,unit_test_energy,Geprueft
_result,26,2025-02-06 20:56:00.508289+00:00,2025-02-09 20:56:00.508289+00:00,2025-02-09 20:07:09.363895+00:00,0.0054,total_energy_dram,unit_test_energy,Geprueft
_result,26,2025-02-06 20:56:00.508289+00:00,2025-02-09 20:56:00.508289+00:00,2025-02-09 20:08:04.116144+00:00,0.0052,total_energy_dram,unit_test_energy,Geprueft
_result,26,2025-02-06 20:56:00.508289+00:00,2025-02-09 20:56:00.508289+00:00,2025-02-09 20:08:54.201997+00:00,0.0048,total_energy_dram,unit_test_energy,Geprueft
_result,26,2025-02-06 20:56:00.508289+00:00,2025-02-09 20:56:00.508289+00:00,2025-02-09 20:09:44.250618+00:00,0.0051,total_energy_dram,unit_test_energy,Geprueft
_result,26,2025-02-06 20:56:00.508289+00:00,2025-02-09 20:56:00.508289+00:00,2025-02-09 20:10:34.275027+00:00,0.0059,total_energy_dram,unit_test_energy,Geprueft
_result,26,2025-02-06 20:56:00.508289+00:00,2025-02-09 20:56:00.508289+00:00,2025-02-09 20:11:24.232257+00:00,0.0049,total_energy_dram,unit_test_energy,Geprueft
_result,26,2025-02-06 20:56:00.508289+00:00,2025-02-09 20:56:00.508289+00:00,2025-02-09 20:12:14.249799+00:00,0.0049,total_energy_dram,unit_test_energy,Geprueft
_result,26,2025-02-06 20:56:00.508289+00:00,2025-02-09 20:56:00.508289+00:00,2025-02-09 20:13:04.259577+00:00,0.0062,total_energy_dram,unit_test_energy,Geprueft
_result,26,2025-02-06 20:56:00.508289+00:00,2025-02-09 20:56:00.508289+00:00,2025-02-09 20:13:54.297298+00:00,0.0054,total_energy_dram,unit_test_energy,Geprueft
_result,26,2025-02-06 20:56:00.508289+00:00,2025-02-09 20:56:00.508289+00:00,2025-02-09 20:14:44.413389+00:00,0.0057,total_energy_dram,unit_test_energy,Geprueft
_result,26,2025-02-06 20:56:00.508289+00:00,2025-02-09 20:56:00.508289+00:00,2025-02-09 20:15:34.452103+00:00,0.005,total_energy_dram,unit_test_energy,Geprueft
_result,26,2025-02-06 20:56:00.508289+00:00,2025-02-09 20:56:00.508289+00:00,2025-02-09 20:16:24.422210+00:00,0.0057,total_energy_dram,unit_test_energy,Geprueft
_result,26,2025-02-06 20:56:00.508289+00:00,2025-02-09 20:56:00.508289+00:00,2025-02-09 20:17:14.399344+00:00,0.0057,total_energy_dram,unit_test_energy,Geprueft
_result,26,2025-02-06 20:56:00.508289+00:00,2025-02-09 20:56:00.508289+00:00,2025-02-09 20:18:04.390550+00:00,0.0059,total_energy_dram,unit_test_energy,Geprueft
_result,26,2025-02-06 20:56:00.508289+00:00,2025-02-09 20:56:00.508289+00:00,2025-02-09 20:18:54.292777+00:00,0.0052,total_energy_dram,unit_test_energy,Geprueft
_result,26,2025-02-06 20:56:00.508289+00:00,2025-02-09 20:56:00.508289+00:00,2025-02-09 20:19:44.298032+00:00,0.0057,total_energy_dram,unit_test_energy,Geprueft
_result,27,2025-02-06 20:56:00.508289+00:00,2025-02-09 20:56:00.508289+00:00,2025-02-09 19:47:05.568859+00:00,0.0447,total_energy_pkg,unit_test_energy,Geprueft
_result,27,2025-02-06 20:56:00.508289+00:00,2025-02-09 20:56:00.508289+00:00,2025-02-09 19:55:28.727602+00:00,0.0414,total_energy_pkg,unit_test_energy,Geprueft
_result,27,2025-02-06 20:56:00.508289+00:00,2025-02-09 20:56:00.508289+00:00,2025-02-09 19:56:18.772580+00:00,0.0236,total_energy_pkg,unit_test_energy,Geprueft
_result,27,2025-02-06 20:56:00.508289+00:00,2025-02-09 20:56:00.508289+00:00,2025-02-09 19:57:08.829781+00:00,0.0472,total_energy_pkg,unit_test_energy,Geprueft
_result,27,2025-02-06 20:56:00.508289+00:00,2025-02-09 20:56:00.508289+00:00,2025-02-09 19:57:58.794934+00:00,0.0544,total_energy_pkg,unit_test_energy,Geprueft
_result,27,2025-02-06 20:56:00.508289+00:00,2025-02-09 20:56:00.508289+00:00,2025-02-09 19:58:48.953587+00:00,0.0892,total_energy_pkg,unit_test_energy,Geprueft
_result,27,2025-02-06 20:56:00.508289+00:00,2025-02-09 20:56:00.508289+00:00,2025-02-09 19:59:39.067712+00:00,0.0353,total_energy_pkg,unit_test_energy,Geprueft
_result,27,2025-02-06 20:56:00.508289+00:00,2025-02-09 20:56:00.508289+00:00,2025-02-09 20:00:29.083446+00:00,0.0579,total_energy_pkg,unit_test_energy,Geprueft
_result,27,2025-02-06 20:56:00.508289+00:00,2025-02-09 20:56:00.508289+00:00,2025-02-09 20:01:19.098701+00:00,0.0693,total_energy_pkg,unit_test_energy,Geprueft
_result,27,2025-02-06 20:56:00.508289+00:00,2025-02-09 20:56:00.508289+00:00,2025-02-09 20:02:09.119609+00:00,0.0887,total_energy_pkg,unit_test_energy,Geprueft
_result,27,2025-02-06 20:56:00.508289+00:00,2025-02-09 20:56:00.508289+00:00,2025-02-09 20:02:59.113592+00:00,0.0807,total_energy_pkg,unit_test_energy,Geprueft
_result,27,2025-02-06 20:56:00.508289+00:00,2025-02-09 20:56:00.508289+00:00,2025-02-09 20:03:49.140574+00:00,0.0715,total_energy_pkg,unit_test_energy,Geprueft
_result,27,2025-02-06 20:56:00.508289+00:00,2025-02-09 20:56:00.508289+00:00,2025-02-09 20:04:39.218982+00:00,0.0408,total_energy_pkg,unit_test_energy,Geprueft
_result,27,2025-02-06 20:56:00.508289+00:00,2025-02-09 20:56:00.508289+00:00,2025-02-09 20:05:29.302469+00:00,0.0845,total_energy_pkg,unit_test_energy,Geprueft
_result,27,2025-02-06 20:56:00.508289+00:00,2025-02-09 20:56:00.508289+00:00,2025-02-09 20:06:19.371252+00:00,0.0518,total_energy_pkg,unit_test_energy,Geprueft
_result,27,2025-02-06 20:56:00.508289+00:00,2025-02-09 20:56:00.508289+00:00,2025-02-09 20:07:09.363895+00:00,0.061,total_energy_pkg,unit_test_energy,Geprueft
_result,27,2025-02-06 20:56:00.508289+00:00,2025-02-09 20:56:00.508289+00:00,2025-02-09 20:08:04.116144+00:00,0.0651,total_energy_pkg,unit_test_energy,Geprueft
_result,27,2025-02-06 20:56:00.508289+00:00,2025-02-09 20:56:00.508289+00:00,2025-02-09 20:08:54.201997+00:00,0.0479,total_energy_pkg,unit_test_energy,Geprueft
_result,27,2025-02-06 20:56:00.508289+00:00,2025-02-09 20:56:00.508289+00:00,2025-02-09 20:09:44.250618+00:00,0.0248,total_energy_pkg,unit_test_energy,Geprueft
_result,27,2025-02-06 20:56:00.508289+00:00,2025-02-09 20:56:00.508289+00:00,2025-02-09 20:10:34.275027+00:00,0.0756,total_energy_pkg,unit_test_energy,Geprueft
_result,27,2025-02-06 20:56:00.508289+00:00,2025-02-09 20:56:00.508289+00:00,2025-02-09 20:11:24.232257+00:00,0.026,total_energy_pkg,unit_test_energy,Geprueft
_result,27,2025-02-06 20:56:00.508289+00:00,2025-02-09 20:56:00.508289+00:00,2025-02-09 20:12:14.249799+00:00,0.0446,total_energy_pkg,unit_test_energy,Geprueft
_result,27,2025-02-06 20:56:00.508289+00:00,2025-02-09 20:56:00.508289+00:00,2025-02-09 20:13:04.259577+00:00,0.102,total_energy_pkg,unit_test_energy,Geprueft
_result,27,2025-02-06 20:56:00.508289+00:00,2025-02-09 20:56:00.508289+00:00,2025-02-09 20:13:54.297298+00:00,0.0743,total_energy_pkg,unit_test_energy,Geprueft
_result,27,2025-02-06 20:56:00.508289+00:00,2025-02-09 20:56:00.508289+00:00,2025-02-09 20:14:44.413389+00:00,0.0786,total_energy_pkg,unit_test_energy,Geprueft
_result,27,2025-02-06 20:56:00.508289+00:00,2025-02-09 20:56:00.508289+00:00,2025-02-09 20:15:34.452103+00:00,0.0341,total_energy_pkg,unit_test_energy,Geprueft
_result,27,2025-02-06 20:56:00.508289+00:00,2025-02-09 20:56:00.508289+00:00,2025-02-09 20:16:24.422210+00:00,0.0363,total_energy_pkg,unit_test_energy,Geprueft
_result,27,2025-02-06 20:56:00.508289+00:00,2025-02-09 20:56:00.508289+00:00,2025-02-09 20:17:14.399344+00:00,0.0399,total_energy_pkg,unit_test_energy,Geprueft
_result,27,2025-02-06 20:56:00.508289+00:00,2025-02-09 20:56:00.508289+00:00,2025-02-09 20:18:04.390550+00:00,0.0417,total_energy_pkg,unit_test_energy,Geprueft
_result,27,2025-02-06 20:56:00.508289+00:00,2025-02-09 20:56:00.508289+00:00,2025-02-09 20:18:54.292777+00:00,0.0327,total_energy_pkg,unit_test_energy,Geprueft
_result,27,2025-02-06 20:56:00.508289+00:00,2025-02-09 20:56:00.508289+00:00,2025-02-09 20:19:44.298032+00:00,0.0742,total_energy_pkg,unit_test_energy,Geprueft
_result,28,2025-02-06 20:56:00.508289+00:00,2025-02-09 20:56:00.508289+00:00,2025-02-09 19:47:30.775903+00:00,0.4159,avg_energy_dram,unit_test_energy,KlaerungDurchAnlagenbetreiber
_result,28,2025-02-06 20:56:00.508289+00:00,2025-02-09 20:56:00.508289+00:00,2025-02-09 19:55:53.886249+00:00,0.4435,avg_energy_dram,unit_test_energy,KlaerungDurchAnlagenbetreiber
_result,28,2025-02-06 20:56:00.508289+00:00,2025-02-09 20:56:00.508289+00:00,2025-02-09 19:56:43.920015+00:00,0.3873,avg_energy_dram,unit_test_energy,KlaerungDurchAnlagenbetreiber
_result,28,2025-02-06 20:56:00.508289+00:00,2025-02-09 20:56:00.508289+00:00,2025-02-09 19:57:33.972748+00:00,0.5269,avg_energy_dram,unit_test_energy,KlaerungDurchAnlagenbetreiber
_result,28,2025-02-06 20:56:00.508289+00:00,2025-02-09 20:56:00.508289+00:00,2025-02-09 19:58:23.944765+00:00,0.4248,avg_energy_dram,unit_test_energy,KlaerungDurchAnlagenbetreiber
_result,28,2025-02-06 20:56:00.508289+00:00,2025-02-09 20:56:00.508289+00:00,2025-02-09 19:59:14.105088+00:00,0.4494,avg_energy_dram,unit_test_energy,KlaerungDurchAnlagenbetreiber
_result,28,2025-02-06 20:56:00.508289+00:00,2025-02-09 20:56:00.508289+00:00,2025-02-09 20:00:04.225924+00:00,0.4382,avg_energy_dram,unit_test_energy,KlaerungDurchAnlagenbetreiber
_result,28,2025-02-06 20:56:00.508289+00:00,2025-02-09 20:56:00.508289+00:00,2025-02-09 20:00:54.225427+00:00,0.4749,avg_energy_dram,unit_test_energy,KlaerungDurchAnlagenbetreiber
_result,28,2025-02-06 20:56:00.508289+00:00,2025-02-09 20:56:00.508289+00:00,2025-02-09 20:01:44.240525+00:00,0.4299,avg_energy_dram,unit_test_energy,KlaerungDurchAnlagenbetreiber
_result,28,2025-02-06 20:56:00.508289+00:00,2025-02-09 20:56:00.508289+00:00,2025-02-09 20:02:34.265343+00:00,0.5593,avg_energy_dram,unit_test_energy,KlaerungDurchAnlagenbetreiber
_result,28,2025-02-06 20:56:00.508289+00:00,2025-02-09 20:56:00.508289+00:00,2025-02-09 20:03:24.261646+00:00,0.4263,avg_energy_dram,unit_test_energy,KlaerungDurchAnlagenbetreiber
_result,28,2025-02-06 20:56:00.508289+00:00,2025-02-09 20:56:00.508289+00:00,2025-02-09 20:04:14.286916+00:00,0.4359,avg_energy_dram,unit_test_energy,KlaerungDurchAnlagenbetreiber
_result,28,2025-02-06 20:56:00.508289+00:00,2025-02-09 20:56:00.508289+00:00,2025-02-09 20:05:04.365269+00:00,0.4448,avg_energy_dram,unit_test_energy,KlaerungDurchAnlagenbetreiber
_result,28,2025-02-06 20:56:00.508289+00:00,2025-02-09 20:56:00.508289+00:00,2025-02-09 20:05:54.462806+00:00,0.4768,avg_energy_dram,unit_test_energy,KlaerungDurchAnlagenbetreiber
_result,28,2025-02-06 20:56:00.508289+00:00,2025-02-09 20:56:00.508289+00:00,2025-02-09 20:06:44.518655+00:00,0.4433,avg_energy_dram,unit_test_energy,KlaerungDurchAnlagenbetreiber
_result,28,2025-02-06 20:56:00.508289+00:00,2025-02-09 20:56:00.508289+00:00,2025-02-09 20:07:34.503145+00:00,0.396,avg_energy_dram,unit_test_energy,KlaerungDurchAnlagenbetreiber
_result,28,2025-02-06 20:56:00.508289+00:00,2025-02-09 20:56:00.508289+00:00,2025-02-09 20:08:29.259118+00:00,0.532,avg_energy_dram,unit_test_energy,KlaerungDurchAnlagenbetreiber
_result,28,2025-02-06 20:56:00.508289+00:00,2025-02-09 20:56:00.508289+00:00,2025-02-09 20:09:19.344887+00:00,0.5849,avg_energy_dram,unit_test_energy,KlaerungDurchAnlagenbetreiber
_result,28,2025-02-06 20:56:00.508289+00:00,2025-02-09 20:56:00.508289+00:00,2025-02-09 20:10:09.401637+00:00,0.3784,avg_energy_dram,unit_test_energy,KlaerungDurchAnlagenbetreiber
_result,28,2025-02-06 20:56:00.508289+00:00,2025-02-09 20:56:00.508289+00:00,2025-02-09 20:10:59.412756+00:00,0.4661,avg_energy_dram,unit_test_energy,KlaerungDurchAnlagenbetreiber
_result,28,2025-02-06 20:56:00.508289+00:00,2025-02-09 20:56:00.508289+00:00,2025-02-09 20:11:49.374646+00:00,0.4866,avg_energy_dram,unit_test_energy,KlaerungDurchAnlagenbetreiber
_result,28,2025-02-06 20:56:00.508289+00:00,2025-02-09 20:56:00.508289+00:00,2025-02-09 20:12:39.392007+00:00,0.4536,avg_energy_dram,unit_test_energy,KlaerungDurchAnlagenbetreiber
_result,28,2025-02-06 20:56:00.508289+00:00,2025-02-09 20:56:00.508289+00:00,2025-02-09 20:13:29.402679+00:00,0.4683,avg_energy_dram,unit_test_energy,KlaerungDurchAnlagenbetreiber
_result,28,2025-02-06 20:56:00.508289+00:00,2025-02-09 20:56:00.508289+00:00,2025-02-09 20:14:19.458300+00:00,0.419,avg_energy_dram,unit_test_energy,KlaerungDurchAnlagenbetreiber
_result,28,2025-02-06 20:56:00.508289+00:00,2025-02-09 20:56:00.508289+00:00,2025-02-09 20:15:09.581033+00:00,0.4404,avg_energy_dram,unit_test_energy,KlaerungDurchAnlagenbetreiber
_result,28,2025-02-06 20:56:00.508289+00:00,2025-02-09 20:56:00.508289+00:00,2025-02-09 20:15:59.605879+00:00,0.4967,avg_energy_dram,unit_test_energy,KlaerungDurchAnlagenbetreiber
_result,28,2025-02-06 20:56:00.508289+00:00,2025-02-09 20:56:00.508289+00:00,2025-02-09 20:16:49.579781+00:00,0.4465,avg_energy_dram,unit_test_energy,KlaerungDurchAnlagenbetreiber
_result,28,2025-02-06 20:56:00.508289+00:00,2025-02-09 20:56:00.508289+00:00,2025-02-09 20:17:39.529508+00:00,0.3877,avg_energy_dram,unit_test_energy,KlaerungDurchAnlagenbetreiber
_result,28,2025-02-06 20:56:00.508289+00:00,2025-02-09 20:56:00.508289+00:00,2025-02-09 20:18:29.518776+00:00,0.4383,avg_energy_dram,unit_test_energy,KlaerungDurchAnlagenbetreiber
_result,28,2025-02-06 20:56:00.508289+00:00,2025-02-09 20:56:00.508289+00:00,2025-02-09 20:19:19.416130+00:00,0.4477,avg_energy_dram,unit_test_energy,KlaerungDurchAnlagenbetreiber
_result,28,2025-02-06 20:56:00.508289+00:00,2025-02-09 20:56:00.508289+00:00,2025-02-09 20:20:09.441257+00:00,0.3836,avg_energy_dram,unit_test_energy,KlaerungDurchAnlagenbetreiber
_result,29,2025-02-06 20:56:00.508289+00:00,2025-02-09 20:56:00.508289+00:00,2025-02-09 19:47:30.775903+00:00,1.5803,avg_energy_pkg,unit_test_energy,KlaerungDurchAnlagenbetreiber
_result,29,2025-02-06 20:56:00.508289+00:00,2025-02-09 20:56:00.508289+00:00,2025-02-09 19:55:53.886249+00:00,1.7253,avg_energy_pkg,unit_test_energy,KlaerungDurchAnlagenbetreiber
_result,29,2025-02-06 20:56:00.508289+00:00,2025-02-09 20:56:00.508289+00:00,2025-02-09 19:56:43.920015+00:00,4.8078,avg_energy_pkg,unit_test_energy,KlaerungDurchAnlagenbetreiber
_result,29,2025-02-06 20:56:00.508289+00:00,2025-02-09 20:56:00.508289+00:00,2025-02-09 19:57:33.972748+00:00,4.2045,avg_energy_pkg,unit_test_energy,KlaerungDurchAnlagenbetreiber
_result,29,2025-02-06 20:56:00.508289+00:00,2025-02-09 20:56:00.508289+00:00,2025-02-09 19:58:23.944765+00:00,1.5592,avg_energy_pkg,unit_test_energy,KlaerungDurchAnlagenbetreiber
_result,29,2025-02-06 20:56:00.508289+00:00,2025-02-09 20:56:00.508289+00:00,2025-02-09 19:59:14.105088+00:00,3.2647,avg_energy_pkg,unit_test_energy,KlaerungDurchAnlagenbetreiber
_result,29,2025-02-06 20:56:00.508289+00:00,2025-02-09 20:56:00.508289+00:00,2025-02-09 20:00:04.225924+00:00,1.1468,avg_energy_pkg,unit_test_energy,KlaerungDurchAnlagenbetreiber
_result,29,2025-02-06 20:56:00.508289+00:00,2025-02-09 20:56:00.508289+00:00,2025-02-09 20:00:54.225427+00:00,0.8911,avg_energy_pkg,unit_test_energy,KlaerungDurchAnlagenbetreiber
_result,29,2025-02-06 20:56:00.508289+00:00,2025-02-09 20:56:00.508289+00:00,2025-02-09 20:01:44.240525+00:00,3.5931,avg_energy_pkg,unit_test_energy,KlaerungDurchAnlagenbetreiber
_result,29,2025-02-06 20:56:00.508289+00:00,2025-02-09 20:56:00.508289+00:00,2025-02-09 20:02:34.265343+00:00,2.1931,avg_energy_pkg,unit_test_energy,KlaerungDurchAnlagenbetreiber
_result,29,2025-02-06 20:56:00.508289+00:00,2025-02-09 20:56:00.508289+00:00,2025-02-09 20:03:24.261646+00:00,2.4207,avg_energy_pkg,unit_test_energy,KlaerungDurchAnlagenbetreiber
_result,29,2025-02-06 20:56:00.508289+00:00,2025-02-09 20:56:00.508289+00:00,2025-02-09 20:04:14.286916+00:00,1.9101,avg_energy_pkg,unit_test_energy,KlaerungDurchAnlagenbetreiber
_result,29,2025-02-06 20:56:00.508289+00:00,2025-02-09 20:56:00.508289+00:00,2025-02-09 20:05:04.365269+00:00,5.5281,avg_energy_pkg,unit_test_energy,KlaerungDurchAnlagenbetreiber
_result,29,2025-02-06 20:56:00.508289+00:00,2025-02-09 20:56:00.508289+00:00,2025-02-09 20:05:54.462806+00:00,0.4971,avg_energy_pkg,unit_test_energy,KlaerungDurchAnlagenbetreiber
_result,29,2025-02-06 20:56:00.508289+00:00,2025-02-09 20:56:00.508289+00:00,2025-02-09 20:06:44.518655+00:00,2.3786,avg_energy_pkg,unit_test_energy,KlaerungDurchAnlagenbetreiber
_result,29,2025-02-06 20:56:00.508289+00:00,2025-02-09 20:56:00.508289+00:00,2025-02-09 20:07:34.503145+00:00,0.5584,avg_energy_pkg,unit_test_energy,KlaerungDurchAnlagenbetreiber
_result,29,2025-02-06 20:56:00.508289+00:00,2025-02-09 20:56:00.508289+00:00,2025-02-09 20:08:29.259118+00:00,0.7093,avg_energy_pkg,unit_test_energy,KlaerungDurchAnlagenbetreiber
_result,29,2025-02-06 20:56:00.508289+00:00,2025-02-09 20:56:00.508289+00:00,2025-02-09 20:09:19.344887+00:00,3.0709,avg_energy_pkg,unit_test_energy,KlaerungDurchAnlagenbetreiber
_result,29,2025-02-06 20:56:00.508289+00:00,2025-02-09 20:56:00.508289+00:00,2025-02-09 20:10:09.401637+00:00,4.0256,avg_energy_pkg,unit_test_energy,KlaerungDurchAnlagenbetreiber
_result,29,2025-02-06 20:56:00.508289+00:00,2025-02-09 20:56:00.508289+00:00,2025-02-09 20:10:59.412756+00:00,0.5001,avg_energy_pkg,unit_test_energy,KlaerungDurchAnlagenbetreiber
_result,29,2025-02-06 20:56:00.508289+00:00,2025-02-09 20:56:00.508289+00:00,2025-02-09 20:11:49.374646+00:00,0.7325,avg_energy_pkg,unit_test_energy,KlaerungDurchAnlagenbetreiber
_result,29,2025-02-06 20:56:00.508289+00:00,2025-02-09 20:56:00.508289+00:00,2025-02-09 20:12:39.392007+00:00,3.4757,avg_energy_pkg,unit_test_energy,KlaerungDurchAnlagenbetreiber
_result,29,2025-02-06 20:56:00.508289+00:00,2025-02-09 20:56:00.508289+00:00,2025-02-09 20:13:29.402679+00:00,2.3364,avg_energy_pkg,unit_test_energy,KlaerungDurchAnlagenbetreiber
_result,29,2025-02-06 20:56:00.508289+00:00,2025-02-09 20:56:00.508289+00:00,2025-02-09 20:14:19.458300+00:00,2.0607,avg_energy_pkg,unit_test_energy,KlaerungDurchAnlagenbetreiber
_result,29,2025-02-06 20:56:00.508289+00:00,2025-02-09 20:56:00.508289+00:00,2025-02-09 20:15:09.581033+00:00,1.9917,avg_energy_pkg,unit_test_energy,KlaerungDurchAnlagenbetreiber
_result,29,2025-02-06 20:56:00.508289+00:00,2025-02-09 20:56:00.508289+00:00,2025-02-09 20:15:59.605879+00:00,5.2213,avg_energy_pkg,unit_test_energy,KlaerungDurchAnlagenbetreiber
_result,29,2025-02-06 20:56:00.508289+00:00,2025-02-09 20:56:00.508289+00:00,2025-02-09 20:16:49.579781+00:00,2.5156,avg_energy_pkg,unit_test_energy,KlaerungDurchAnlagenbetreiber
_result,29,2025-02-06 20:56:00.508289+00:00,2025-02-09 20:56:00.508289+00:00,2025-02-09 20:17:39.529508+00:00,1.1335,avg_energy_pkg,unit_test_energy,KlaerungDurchAnlagenbetreiber
_result,29,2025-02-06 20:56:00.508289+00:00,2025-02-09 20:56:00.508289+00:00,2025-02-09 20:18:29.518776+00:00,1.5315,avg_energy_pkg,unit_test_energy,KlaerungDurchAnlagenbetreiber
_result,29,2025-02-06 20:56:00.508289+00:00,2025-02-09 20:56:00.508289+00:00,2025-02-09 20:19:19.416130+00:00,2.671,avg_energy_pkg,unit_test_energy,KlaerungDurchAnlagenbetreiber
_result,29,2025-02-06 20:56:00.508289+00:00,2025-02-09 20:56:00.508289+00:00,2025-02-09 20:20:09.441257+00:00,4.2936,avg_energy_pkg,unit_test_energy,KlaerungDurchAnlagenbetreiber
_result,30,2025-02-06 20:56:00.508289+00:00,2025-02-09 20:56:00.508289+00:00,2025-02-09 19:47:30.775903+00:00,0.0125,duration,unit_test_energy,KlaerungDurchAnlagenbetreiber
_result,30,2025-02-06 20:56:00.508289+00:00,2025-02-09 20:56:00.508289+00:00,2025-02-09 19:55:53.886249+00:00,0.0113,duration,unit_test_energy,KlaerungDurchAnlagenbetreiber
_result,30,2025-02-06 20:56:00.508289+00:00,2025-02-09 20:56:00.508289+00:00,2025-02-09 19:56:43.920015+00:00,0.0164,duration,unit_test_energy,KlaerungDurchAnlagenbetreiber
_result,30,2025-02-06 20:56:00.508289+00:00,2025-02-09 20:56:00.508289+00:00,2025-02-09 19:57:33.972748+00:00,0.0112,duration,unit_test_energy,KlaerungDurchAnlagenbetreiber
_result,30,2025-02-06 20:56:00.508289+00:00,2025-02-09 20:56:00.508289+00:00,2025-02-09 19:58:23.944765+00:00,0.0122,duration,unit_test_energy,KlaerungDurchAnlagenbetreiber
_result,30,2025-02-06 20:56:00.508289+00:00,2025-02-09 20:56:00.508289+00:00,2025-02-09 19:59:14.105088+00:00,0.0113,duration,unit_test_energy,KlaerungDurchAnlagenbetreiber
_result,30,2025-02-06 20:56:00.508289+00:00,2025-02-09 20:56:00.508289+00:00,2025-02-09 20:00:04.225924+00:00,0.0113,duration,unit_test_energy,KlaerungDurchAnlagenbetreiber
_result,30,2025-02-06 20:56:00.508289+00:00,2025-02-09 20:56:00.508289+00:00,2025-02-09 20:00:54.225427+00:00,0.0125,duration,unit_test_energy,KlaerungDurchAnlagenbetreiber
_result,30,2025-02-06 20:56:00.508289+00:00,2025-02-09 20:56:00.508289+00:00,2025-02-09 20:01:44.240525+00:00,0.0115,duration,unit_test_energy,KlaerungDurchAnlagenbetreiber
_result,30,2025-02-06 20:56:00.508289+00:00,2025-02-09 20:56:00.508289+00:00,2025-02-09 20:02:34.265343+00:00,0.0097,duration,unit_test_energy,KlaerungDurchAnlagenbetreiber
_result,30,2025-02-06 20:56:00.508289+00:00,2025-02-09 20:56:00.508289+00:00,2025-02-09 20:03:24.261646+00:00,0.0125,duration,unit_test_energy,KlaerungDurchAnlagenbetreiber
_result,30,2025-02-06 20:56:00.508289+00:00,2025-02-09 20:56:00.508289+00:00,2025-02-09 20:04:14.286916+00:00,0.0125,duration,unit_test_energy,KlaerungDurchAnlagenbetreiber
_result,30,2025-02-06 20:56:00.508289+00:00,2025-02-09 20:56:00.508289+00:00,2025-02-09 20:05:04.365269+00:00,0.0113,duration,unit_test_energy,KlaerungDurchAnlagenbetreiber
_result,30,2025-02-06 20:56:00.508289+00:00,2025-02-09 20:56:00.508289+00:00,2025-02-09 20:05:54.462806+00:00,0.012,duration,unit_test_energy,KlaerungDurchAnlagenbetreiber
_result,30,2025-02-06 20:56:00.508289+00:00,2025-02-09 20:56:00.508289+00:00,2025-02-09 20:06:44.518655+00:00,0.0113,duration,unit_test_energy,KlaerungDurchAnlagenbetreiber
_result,30,2025-02-06 20:56:00.508289+00:00,2025-02-09 20:56:00.508289+00:00,2025-02-09 20:07:34.503145+00:00,0.012,duration,unit_test_energy,KlaerungDurchAnlagenbetreiber
_result,30,2025-02-06 20:56:00.508289+00:00,2025-02-09 20:56:00.508289+00:00,2025-02-09 20:08:29.259118+00:00,0.0124,duration,unit_test_energy,KlaerungDurchAnlagenbetreiber
_result,30,2025-02-06 20:56:00.508289+00:00,2025-02-09 20:56:00.508289+00:00,2025-02-09 20:09:19.344887+00:00,0.0117,duration,unit_test_energy,KlaerungDurchAnlagenbetreiber
_result,30,2025-02-06 20:56:00.508289+00:00,2025-02-09 20:56:00.508289+00:00,2025-02-09 20:10:09.401637+00:00,0.0165,duration,unit_test_energy,KlaerungDurchAnlagenbetreiber
_result,30,2025-02-06 20:56:00.508289+00:00,2025-02-09 20:56:00.508289+00:00,2025-02-09 20:10:59.412756+00:00,0.0126,duration,unit_test_energy,KlaerungDurchAnlagenbetreiber
_result,30,2025-02-06 20:56:00.508289+00:00,2025-02-09 20:56:00.508289+00:00,2025-02-09 20:11:49.374646+00:00,0.0114,duration,unit_test_energy,KlaerungDurchAnlagenbetreiber
_result,30,2025-02-06 20:56:00.508289+00:00,2025-02-09 20:56:00.508289+00:00,2025-02-09 20:12:39.392007+00:00,0.0112,duration,unit_test_energy,KlaerungDurchAnlagenbetreiber
_result,30,2025-02-06 20:56:00.508289+00:00,2025-02-09 20:56:00.508289+00:00,2025-02-09 20:13:29.402679+00:00,0.0119,duration,unit_test_energy,KlaerungDurchAnlagenbetreiber
_result,30,2025-02-06 20:56:00.508289+00:00,2025-02-09 20:56:00.508289+00:00,2025-02-09 20:14:19.458300+00:00,0.0125,duration,unit_test_energy,KlaerungDurchAnlagenbetreiber
_result,30,2025-02-06 20:56:00.508289+00:00,2025-02-09 20:56:00.508289+00:00,2025-02-09 20:15:09.581033+00:00,0.0122,duration,unit_test_energy,KlaerungDurchAnlagenbetreiber
_result,30,2025-02-06 20:56:00.508289+00:00,2025-02-09 20:56:00.508289+00:00,2025-02-09 20:15:59.605879+00:00,0.0111,duration,unit_test_energy,KlaerungDurchAnlagenbetreiber
_result,30,2025-02-06 20:56:00.508289+00:00,2025-02-09 20:56:00.508289+00:00,2025-02-09 20:16:49.579781+00:00,0.0123,duration,unit_test_energy,KlaerungDurchAnlagenbetreiber
_result,30,2025-02-06 20:56:00.508289+00:00,2025-02-09 20:56:00.508289+00:00,2025-02-09 20:17:39.529508+00:00,0.0165,duration,unit_test_energy,KlaerungDurchAnlagenbetreiber
_result,30,2025-02-06 20:56:00.508289+00:00,2025-02-09 20:56:00.508289+00:00,2025-02-09 20:18:29.518776+00:00,0.0113,duration,unit_test_energy,KlaerungDurchAnlagenbetreiber
_result,30,2025-02-06 20:56:00.508289+00:00,2025-02-09 20:56:00.508289+00:00,2025-02-09 20:19:19.416130+00:00,0.012,duration,unit_test_energy,KlaerungDurchAnlagenbetreiber
_result,30,2025-02-06 20:56:00.508289+00:00,2025-02-09 20:56:00.508289+00:00,2025-02-09 20:20:09.441257+00:00,0.0156,duration,unit_test_energy,KlaerungDurchAnlagenbetreiber
_result,31,2025-02-06 20:56:00.508289+00:00,2025-02-09 20:56:00.508289+00:00,2025-02-09 19:47:30.775903+00:00,0.0,median_energy_dram,unit_test_energy,KlaerungDurchAnlagenbetreiber
_result,31,2025-02-06 20:56:00.508289+00:00,2025-02-09 20:56:00.508289+00:00,2025-02-09 19:55:53.886249+00:00,0.0,median_energy_dram,unit_test_energy,KlaerungDurchAnlagenbetreiber
_result,31,2025-02-06 20:56:00.508289+00:00,2025-02-09 20:56:00.508289+00:00,2025-02-09 19:56:43.920015+00:00,0.0,median_energy_dram,unit_test_energy,KlaerungDurchAnlagenbetreiber
_result,31,2025-02-06 20:56:00.508289+00:00,2025-02-09 20:56:00.508289+00:00,2025-02-09 19:57:33.972748+00:00,0.0,median_energy_dram,unit_test_energy,KlaerungDurchAnlagenbetreiber
_result,31,2025-02-06 20:56:00.508289+00:00,2025-02-09 20:56:00.508289+00:00,2025-02-09 19:58:23.944765+00:00,0.0,median_energy_dram,unit_test_energy,KlaerungDurchAnlagenbetreiber
_result,31,2025-02-06 20:56:00.508289+00:00,2025-02-09 20:56:00.508289+00:00,2025-02-09 19:59:14.105088+00:00,0.0,median_energy_dram,unit_test_energy,KlaerungDurchAnlagenbetreiber
_result,31,2025-02-06 20:56:00.508289+00:00,2025-02-09 20:56:00.508289+00:00,2025-02-09 20:00:04.225924+00:00,0.0,median_energy_dram,unit_test_energy,KlaerungDurchAnlagenbetreiber
_result,31,2025-02-06 20:56:00.508289+00:00,2025-02-09 20:56:00.508289+00:00,2025-02-09 20:00:54.225427+00:00,0.0,median_energy_dram,unit_test_energy,KlaerungDurchAnlagenbetreiber
_result,31,2025-02-06 20:56:00.508289+00:00,2025-02-09 20:56:00.508289+00:00,2025-02-09 20:01:44.240525+00:00,0.0,median_energy_dram,unit_test_energy,KlaerungDurchAnlagenbetreiber
_result,31,2025-02-06 20:56:00.508289+00:00,2025-02-09 20:56:00.508289+00:00,2025-02-09 20:02:34.265343+00:00,0.0,median_energy_dram,unit_test_energy,KlaerungDurchAnlagenbetreiber
_result,31,2025-02-06 20:56:00.508289+00:00,2025-02-09 20:56:00.508289+00:00,2025-02-09 20:03:24.261646+00:00,0.0,median_energy_dram,unit_test_energy,KlaerungDurchAnlagenbetreiber
_result,31,2025-02-06 20:56:00.508289+00:00,2025-02-09 20:56:00.508289+00:00,2025-02-09 20:04:14.286916+00:00,0.0,median_energy_dram,unit_test_energy,KlaerungDurchAnlagenbetreiber
_result,31,2025-02-06 20:56:00.508289+00:00,2025-02-09 20:56:00.508289+00:00,2025-02-09 20:05:04.365269+00:00,0.0,median_energy_dram,unit_test_energy,KlaerungDurchAnlagenbetreiber
_result,31,2025-02-06 20:56:00.508289+00:00,2025-02-09 20:56:00.508289+00:00,2025-02-09 20:05:54.462806+00:00,0.0,median_energy_dram,unit_test_energy,KlaerungDurchAnlagenbetreiber
_result,31,2025-02-06 20:56:00.508289+00:00,2025-02-09 20:56:00.508289+00:00,2025-02-09 20:06:44.518655+00:00,0.0,median_energy_dram,unit_test_energy,KlaerungDurchAnlagenbetreiber
_result,31,2025-02-06 20:56:00.508289+00:00,2025-02-09 20:56:00.508289+00:00,2025-02-09 20:07:34.503145+00:00,0.0,median_energy_dram,unit_test_energy,KlaerungDurchAnlagenbetreiber
_result,31,2025-02-06 20:56:00.508289+00:00,2025-02-09 20:56:00.508289+00:00,2025-02-09 20:08:29.259118+00:00,0.0,median_energy_dram,unit_test_energy,KlaerungDurchAnlagenbetreiber
_result,31,2025-02-06 20:56:00.508289+00:00,2025-02-09 20:56:00.508289+00:00,2025-02-09 20:09:19.344887+00:00,0.0,median_energy_dram,unit_test_energy,KlaerungDurchAnlagenbetreiber
_result,31,2025-02-06 20:56:00.508289+00:00,2025-02-09 20:56:00.508289+00:00,2025-02-09 20:10:09.401637+00:00,0.0,median_energy_dram,unit_test_energy,KlaerungDurchAnlagenbetreiber
_result,31,2025-02-06 20:56:00.508289+00:00,2025-02-09 20:56:00.508289+00:00,2025-02-09 20:10:59.412756+00:00,0.0,median_energy_dram,unit_test_energy,KlaerungDurchAnlagenbetreiber
_result,31,2025-02-06 20:56:00.508289+00:00,2025-02-09 20:56:00.508289+00:00,2025-02-09 20:11:49.374646+00:00,0.0,median_energy_dram,unit_test_energy,KlaerungDurchAnlagenbetreiber
_result,31,2025-02-06 20:56:00.508289+00:00,2025-02-09 20:56:00.508289+00:00,2025-02-09 20:12:39.392007+00:00,0.0,median_energy_dram,unit_test_energy,KlaerungDurchAnlagenbetreiber
_result,31,2025-02-06 20:56:00.508289+00:00,2025-02-09 20:56:00.508289+00:00,2025-02-09 20:13:29.402679+00:00,0.0,median_energy_dram,unit_test_energy,KlaerungDurchAnlagenbetreiber
_result,31,2025-02-06 20:56:00.508289+00:00,2025-02-09 20:56:00.508289+00:00,2025-02-09 20:14:19.458300+00:00,0.0,median_energy_dram,unit_test_energy,KlaerungDurchAnlagenbetreiber
_result,31,2025-02-06 20:56:00.508289+00:00,2025-02-09 20:56:00.508289+00:00,2025-02-09 20:15:09.581033+00:00,0.0,median_energy_dram,unit_test_energy,KlaerungDurchAnlagenbetreiber
_result,31,2025-02-06 20:56:00.508289+00:00,2025-02-09 20:56:00.508289+00:00,2025-02-09 20:15:59.605879+00:00,0.0,median_energy_dram,unit_test_energy,KlaerungDurchAnlagenbetreiber
_result,31,2025-02-06 20:56:00.508289+00:00,2025-02-09 20:56:00.508289+00:00,2025-02-09 20:16:49.579781+00:00,0.0,median_energy_dram,unit_test_energy,KlaerungDurchAnlagenbetreiber
_result,31,2025-02-06 20:56:00.508289+00:00,2025-02-09 20:56:00.508289+00:00,2025-02-09 20:17:39.529508+00:00,0.0,median_energy_dram,unit_test_energy,KlaerungDurchAnlagenbetreiber
_result,31,2025-02-06 20:56:00.508289+00:00,2025-02-09 20:56:00.508289+00:00,2025-02-09 20:18:29.518776+00:00,0.0,median_energy_dram,unit_test_energy,KlaerungDurchAnlagenbetreiber
_result,31,2025-02-06 20:56:00.508289+00:00,2025-02-09 20:56:00.508289+00:00,2025-02-09 20:19:19.416130+00:00,0.0,median_energy_dram,unit_test_energy,KlaerungDurchAnlagenbetreiber
_result,31,2025-02-06 20:56:00.508289+00:00,2025-02-09 20:56:00.508289+00:00,2025-02-09 20:20:09.441257+00:00,0.0,median_energy_dram,unit_test_energy,KlaerungDurchAnlagenbetreiber
_result,32,2025-02-06 20:56:00.508289+00:00,2025-02-09 20:56:00.508289+00:00,2025-02-09 19:47:30.775903+00:00,0.0,median_energy_pkg,unit_test_energy,KlaerungDurchAnlagenbetreiber
_result,32,2025-02-06 20:56:00.508289+00:00,2025-02-09 20:56:00.508289+00:00,2025-02-09 19:55:53.886249+00:00,0.0,median_energy_pkg,unit_test_energy,KlaerungDurchAnlagenbetreiber
_result,32,2025-02-06 20:56:00.508289+00:00,2025-02-09 20:56:00.508289+00:00,2025-02-09 19:56:43.920015+00:00,0.0,median_energy_pkg,unit_test_energy,KlaerungDurchAnlagenbetreiber
_result,32,2025-02-06 20:56:00.508289+00:00,2025-02-09 20:56:00.508289+00:00,2025-02-09 19:57:33.972748+00:00,0.0,median_energy_pkg,unit_test_energy,KlaerungDurchAnlagenbetreiber
_result,32,2025-02-06 20:56:00.508289+00:00,2025-02-09 20:56:00.508289+00:00,2025-02-09 19:58:23.944765+00:00,0.0,median_energy_pkg,unit_test_energy,KlaerungDurchAnlagenbetreiber
_result,32,2025-02-06 20:56:00.508289+00:00,2025-02-09 20:56:00.508289+00:00,2025-02-09 19:59:14.105088+00:00,0.0,median_energy_pkg,unit_test_energy,KlaerungDurchAnlagenbetreiber
_result,32,2025-02-06 20:56:00.508289+00:00,2025-02-09 20:56:00.508289+00:00,2025-02-09 20:00:04.225924+00:00,0.0,median_energy_pkg,unit_test_energy,KlaerungDurchAnlagenbetreiber
_result,32,2025-02-06 20:56:00.508289+00:00,2025-02-09 20:56:00.508289+00:00,2025-02-09 20:00:54.225427+00:00,0.0,median_energy_pkg,unit_test_energy,KlaerungDurchAnlagenbetreiber
_result,32,2025-02-06 20:56:00.508289+00:00,2025-02-09 20:56:00.508289+00:00,2025-02-09 20:01:44.240525+00:00,0.0,median_energy_pkg,unit_test_energy,KlaerungDurchAnlagenbetreiber
_result,32,2025-02-06 20:56:00.508289+00:00,2025-02-09 20:56:00.508289+00:00,2025-02-09 20:02:34.265343+00:00,0.0,median_energy_pkg,unit_test_energy,KlaerungDurchAnlagenbetreiber
_result,32,2025-02-06 20:56:00.508289+00:00,2025-02-09 20:56:00.508289+00:00,2025-02-09 20:03:24.261646+00:00,0.0,median_energy_pkg,unit_test_energy,KlaerungDurchAnlagenbetreiber
_result,32,2025-02-06 20:56:00.508289+00:00,2025-02-09 20:56:00.508289+00:00,2025-02-09 20:04:14.286916+00:00,0.0,median_energy_pkg,unit_test_energy,KlaerungDurchAnlagenbetreiber
_result,32,2025-02-06 20:56:00.508289+00:00,2025-02-09 20:56:00.508289+00:00,2025-02-09 20:05:04.365269+00:00,0.0,median_energy_pkg,unit_test_energy,KlaerungDurchAnlagenbetreiber
_result,32,2025-02-06 20:56:00.508289+00:00,2025-02-09 20:56:00.508289+00:00,2025-02-09 20:05:54.462806+00:00,0.0,median_energy_pkg,unit_test_energy,KlaerungDurchAnlagenbetreiber
_result,32,2025-02-06 20:56:00.508289+00:00,2025-02-09 20:56:00.508289+00:00,2025-02-09 20:06:44.518655+00:00,0.0,median_energy_pkg,unit_test_energy,KlaerungDurchAnlagenbetreiber
_result,32,2025-02-06 20:56:00.508289+00:00,2025-02-09 20:56:00.508289+00:00,2025-02-09 20:07:34.503145+00:00,0.0,median_energy_pkg,unit_test_energy,KlaerungDurchAnlagenbetreiber
_result,32,2025-02-06 20:56:00.508289+00:00,2025-02-09 20:56:00.508289+00:00,2025-02-09 20:08:29.259118+00:00,0.0,median_energy_pkg,unit_test_energy,KlaerungDurchAnlagenbetreiber
_result,32,2025-02-06 20:56:00.508289+00:00,2025-02-09 20:56:00.508289+00:00,2025-02-09 20:09:19.344887+00:00,0.0,median_energy_pkg,unit_test_energy,KlaerungDurchAnlagenbetreiber
_result,32,2025-02-06 20:56:00.508289+00:00,2025-02-09 20:56:00.508289+00:00,2025-02-09 20:10:09.401637+00:00,0.0,median_energy_pkg,unit_test_energy,KlaerungDurchAnlagenbetreiber
_result,32,2025-02-06 20:56:00.508289+00:00,2025-02-09 20:56:00.508289+00:00,2025-02-09 20:10:59.412756+00:00,0.0,median_energy_pkg,unit_test_energy,KlaerungDurchAnlagenbetreiber
_result,32,2025-02-06 20:56:00.508289+00:00,2025-02-09 20:56:00.508289+00:00,2025-02-09 20:11:49.374646+00:00,0.0,median_energy_pkg,unit_test_energy,KlaerungDurchAnlagenbetreiber
_result,32,2025-02-06 20:56:00.508289+00:00,2025-02-09 20:56:00.508289+00:00,2025-02-09 20:12:39.392007+00:00,0.0,median_energy_pkg,unit_test_energy,KlaerungDurchAnlagenbetreiber
_result,32,2025-02-06 20:56:00.508289+00:00,2025-02-09 20:56:00.508289+00:00,2025-02-09 20:13:29.402679+00:00,0.0,median_energy_pkg,unit_test_energy,KlaerungDurchAnlagenbetreiber
_result,32,2025-02-06 20:56:00.508289+00:00,2025-02-09 20:56:00.508289+00:00,2025-02-09 20:14:19.458300+00:00,0.0,median_energy_pkg,unit_test_energy,KlaerungDurchAnlagenbetreiber
_result,32,2025-02-06 20:56:00.508289+00:00,2025-02-09 20:56:00.508289+00:00,2025-02-09 20:15:09.581033+00:00,0.0,median_energy_pkg,unit_test_energy,KlaerungDurchAnlagenbetreiber
_result,32,2025-02-06 20:56:00.508289+00:00,2025-02-09 20:56:00.508289+00:00,2025-02-09 20:15:59.605879+00:00,0.0,median_energy_pkg,unit_test_energy,KlaerungDurchAnlagenbetreiber
_result,32,2025-02-06 20:56:00.508289+00:00,2025-02-09 20:56:00.508289+00:00,2025-02-09 20:16:49.579781+00:00,0.0,median_energy_pkg,unit_test_energy,KlaerungDurchAnlagenbetreiber
_result,32,2025-02-06 20:56:00.508289+00:00,2025-02-09 20:56:00.508289+00:00,2025-02-09 20:17:39.529508+00:00,0.0,median_energy_pkg,unit_test_energy,KlaerungDurchAnlagenbetreiber
_result,32,2025-02-06 20:56:00.508289+00:00,2025-02-09 20:56:00.508289+00:00,2025-02-09 20:18:29.518776+00:00,0.0,median_energy_pkg,unit_test_energy,KlaerungDurchAnlagenbetreiber
_result,32,2025-02-06 20:56:00.508289+00:00,2025-02-09 20:56:00.508289+00:00,2025-02-09 20:19:19.416130+00:00,0.0,median_energy_pkg,unit_test_energy,KlaerungDurchAnlagenbetreiber
_result,32,2025-02-06 20:56:00.508289+00:00,2025-02-09 20:56:00.508289+00:00,2025-02-09 20:20:09.441257+00:00,0.0,median_energy_pkg,unit_test_energy,KlaerungDurchAnlagenbetreiber
_result,33,2025-02-06 20:56:00.508289+00:00,2025-02-09 20:56:00.508289+00:00,2025-02-09 19:47:30.775903+00:00,0.0052,total_energy_dram,unit_test_energy,KlaerungDurchAnlagenbetreiber
_result,33,2025-02-06 20:56:00.508289+00:00,2025-02-09 20:56:00.508289+00:00,2025-02-09 19:55:53.886249+00:00,0.005,total_energy_dram,unit_test_energy,KlaerungDurchAnlagenbetreiber
_result,33,2025-02-06 20:56:00.508289+00:00,2025-02-09 20:56:00.508289+00:00,2025-02-09 19:56:43.920015+00:00,0.0063,total_energy_dram,unit_test_energy,KlaerungDurchAnlagenbetreiber
_result,33,2025-02-06 20:56:00.508289+00:00,2025-02-09 20:56:00.508289+00:00,2025-02-09 19:57:33.972748+00:00,0.0059,total_energy_dram,unit_test_energy,KlaerungDurchAnlagenbetreiber
_result,33,2025-02-06 20:56:00.508289+00:00,2025-02-09 20:56:00.508289+00:00,2025-02-09 19:58:23.944765+00:00,0.0052,total_energy_dram,unit_test_energy,KlaerungDurchAnlagenbetreiber
_result,33,2025-02-06 20:56:00.508289+00:00,2025-02-09 20:56:00.508289+00:00,2025-02-09 19:59:14.105088+00:00,0.0051,total_energy_dram,unit_test_energy,KlaerungDurchAnlagenbetreiber
_result,33,2025-02-06 20:56:00.508289+00:00,2025-02-09 20:56:00.508289+00:00,2025-02-09 20:00:04.225924+00:00,0.0049,total_energy_dram,unit_test_energy,KlaerungDurchAnlagenbetreiber
_result,33,2025-02-06 20:56:00.508289+00:00,2025-02-09 20:56:00.508289+00:00,2025-02-09 20:00:54.225427+00:00,0.0059,total_energy_dram,unit_test_energy,KlaerungDurchAnlagenbetreiber
_result,33,2025-02-06 20:56:00.508289+00:00,2025-02-09 20:56:00.508289+00:00,2025-02-09 20:01:44.240525+00:00,0.0049,total_energy_dram,unit_test_energy,KlaerungDurchAnlagenbetreiber
_result,33,2025-02-06 20:56:00.508289+00:00,2025-02-09 20:56:00.508289+00:00,2025-02-09 20:02:34.265343+00:00,0.0054,total_energy_dram,unit_test_energy,KlaerungDurchAnlagenbetreiber
_result,33,2025-02-06 20:56:00.508289+00:00,2025-02-09 20:56:00.508289+00:00,2025-02-09 20:03:24.261646+00:00,0.0053,total_energy_dram,unit_test_energy,KlaerungDurchAnlagenbetreiber
_result,33,2025-02-06 20:56:00.508289+00:00,2025-02-09 20:56:00.508289+00:00,2025-02-09 20:04:14.286916+00:00,0.0054,total_energy_dram,unit_test_energy,KlaerungDurchAnlagenbetreiber
_result,33,2025-02-06 20:56:00.508289+00:00,2025-02-09 20:56:00.508289+00:00,2025-02-09 20:05:04.365269+00:00,0.005,total_energy_dram,unit_test_energy,KlaerungDurchAnlagenbetreiber
_result,33,2025-02-06 20:56:00.508289+00:00,2025-02-09 20:56:00.508289+00:00,2025-02-09 20:05:54.462806+00:00,0.0057,total_energy_dram,unit_test_energy,KlaerungDurchAnlagenbetreiber
_result,33,2025-02-06 20:56:00.508289+00:00,2025-02-09 20:56:00.508289+00:00,2025-02-09 20:06:44.518655+00:00,0.005,total_energy_dram,unit_test_energy,KlaerungDurchAnlagenbetreiber
_result,33,2025-02-06 20:56:00.508289+00:00,2025-02-09 20:56:00.508289+00:00,2025-02-09 20:07:34.503145+00:00,0.0048,total_energy_dram,unit_test_energy,KlaerungDurchAnlagenbetreiber
_result,33,2025-02-06 20:56:00.508289+00:00,2025-02-09 20:56:00.508289+00:00,2025-02-09 20:08:29.259118+00:00,0.0066,total_energy_dram,unit_test_energy,KlaerungDurchAnlagenbetreiber
_result,33,2025-02-06 20:56:00.508289+00:00,2025-02-09 20:56:00.508289+00:00,2025-02-09 20:09:19.344887+00:00,0.0068,total_energy_dram,unit_test_energy,KlaerungDurchAnlagenbetreiber
_result,33,2025-02-06 20:56:00.508289+00:00,2025-02-09 20:56:00.508289+00:00,2025-02-09 20:10:09.401637+00:00,0.0062,total_energy_dram,unit_test_energy,KlaerungDurchAnlagenbetreiber
_result,33,2025-02-06 20:56:00.508289+00:00,2025-02-09 20:56:00.508289+00:00,2025-02-09 20:10:59.412756+00:00,0.0059,total_energy_dram,unit_test_energy,KlaerungDurchAnlagenbetreiber
_result,33,2025-02-06 20:56:00.508289+00:00,2025-02-09 20:56:00.508289+00:00,2025-02-09 20:11:49.374646+00:00,0.0056,total_energy_dram,unit_test_energy,KlaerungDurchAnlagenbetreiber
_result,33,2025-02-06 20:56:00.508289+00:00,2025-02-09 20:56:00.508289+00:00,2025-02-09 20:12:39.392007+00:00,0.0051,total_energy_dram,unit_test_energy,KlaerungDurchAnlagenbetreiber
_result,33,2025-02-06 20:56:00.508289+00:00,2025-02-09 20:56:00.508289+00:00,2025-02-09 20:13:29.402679+00:00,0.0056,total_energy_dram,unit_test_energy,KlaerungDurchAnlagenbetreiber
_result,33,2025-02-06 20:56:00.508289+00:00,2025-02-09 20:56:00.508289+00:00,2025-02-09 20:14:19.458300+00:00,0.0052,total_energy_dram,unit_test_energy,KlaerungDurchAnlagenbetreiber
_result,33,2025-02-06 20:56:00.508289+00:00,2025-02-09 20:56:00.508289+00:00,2025-02-09 20:15:09.581033+00:00,0.0054,total_energy_dram,unit_test_energy,KlaerungDurchAnlagenbetreiber
_result,33,2025-02-06 20:56:00.508289+00:00,2025-02-09 20:56:00.508289+00:00,2025-02-09 20:15:59.605879+00:00,0.0055,total_energy_dram,unit_test_energy,KlaerungDurchAnlagenbetreiber
_result,33,2025-02-06 20:56:00.508289+00:00,2025-02-09 20:56:00.508289+00:00,2025-02-09 20:16:49.579781+00:00,0.0055,total_energy_dram,unit_test_energy,KlaerungDurchAnlagenbetreiber
_result,33,2025-02-06 20:56:00.508289+00:00,2025-02-09 20:56:00.508289+00:00,2025-02-09 20:17:39.529508+00:00,0.0064,total_energy_dram,unit_test_energy,KlaerungDurchAnlagenbetreiber
_result,33,2025-02-06 20:56:00.508289+00:00,2025-02-09 20:56:00.508289+00:00,2025-02-09 20:18:29.518776+00:00,0.0049,total_energy_dram,unit_test_energy,KlaerungDurchAnlagenbetreiber
_result,33,2025-02-06 20:56:00.508289+00:00,2025-02-09 20:56:00.508289+00:00,2025-02-09 20:19:19.416130+00:00,0.0054,total_energy_dram,unit_test_energy,KlaerungDurchAnlagenbetreiber
_result,33,2025-02-06 20:56:00.508289+00:00,2025-02-09 20:56:00.508289+00:00,2025-02-09 20:20:09.441257+00:00,0.006,total_energy_dram,unit_test_energy,KlaerungDurchAnlagenbetreiber
_result,34,2025-02-06 20:56:00.508289+00:00,2025-02-09 20:56:00.508289+00:00,2025-02-09 19:47:30.775903+00:00,0.0197,total_energy_pkg,unit_test_energy,KlaerungDurchAnlagenbetreiber
_result,34,2025-02-06 20:56:00.508289+00:00,2025-02-09 20:56:00.508289+00:00,2025-02-09 19:55:53.886249+00:00,0.0195,total_energy_pkg,unit_test_energy,KlaerungDurchAnlagenbetreiber
_result,34,2025-02-06 20:56:00.508289+00:00,2025-02-09 20:56:00.508289+00:00,2025-02-09 19:56:43.920015+00:00,0.0788,total_energy_pkg,unit_test_energy,KlaerungDurchAnlagenbetreiber
_result,34,2025-02-06 20:56:00.508289+00:00,2025-02-09 20:56:00.508289+00:00,2025-02-09 19:57:33.972748+00:00,0.0472,total_energy_pkg,unit_test_energy,KlaerungDurchAnlagenbetreiber
_result,34,2025-02-06 20:56:00.508289+00:00,2025-02-09 20:56:00.508289+00:00,2025-02-09 19:58:23.944765+00:00,0.019,total_energy_pkg,unit_test_energy,KlaerungDurchAnlagenbetreiber
_result,34,2025-02-06 20:56:00.508289+00:00,2025-02-09 20:56:00.508289+00:00,2025-02-09 19:59:14.105088+00:00,0.0368,total_energy_pkg,unit_test_energy,KlaerungDurchAnlagenbetreiber
_result,34,2025-02-06 20:56:00.508289+00:00,2025-02-09 20:56:00.508289+00:00,2025-02-09 20:00:04.225924+00:00,0.0129,total_energy_pkg,unit_test_energy,KlaerungDurchAnlagenbetreiber
_result,34,2025-02-06 20:56:00.508289+00:00,2025-02-09 20:56:00.508289+00:00,2025-02-09 20:00:54.225427+00:00,0.0111,total_energy_pkg,unit_test_energy,KlaerungDurchAnlagenbetreiber
_result,34,2025-02-06 20:56:00.508289+00:00,2025-02-09 20:56:00.508289+00:00,2025-02-09 20:01:44.240525+00:00,0.0413,total_energy_pkg,unit_test_energy,KlaerungDurchAnlagenbetreiber
_result,34,2025-02-06 20:56:00.508289+00:00,2025-02-09 20:56:00.508289+00:00,2025-02-09 20:02:34.265343+00:00,0.0213,total_energy_pkg,unit_test_energy,KlaerungDurchAnlagenbetreiber
_result,34,2025-02-06 20:56:00.508289+00:00,2025-02-09 20:56:00.508289+00:00,2025-02-09 20:03:24.261646+00:00,0.0302,total_energy_pkg,unit_test_energy,KlaerungDurchAnlagenbetreiber
_result,34,2025-02-06 20:56:00.508289+00:00,2025-02-09 20:56:00.508289+00:00,2025-02-09 20:04:14.286916+00:00,0.0238,total_energy_pkg,unit_test_energy,KlaerungDurchAnlagenbetreiber
_result,34,2025-02-06 20:56:00.508289+00:00,2025-02-09 20:56:00.508289+00:00,2025-02-09 20:05:04.365269+00:00,0.0622,total_energy_pkg,unit_test_energy,KlaerungDurchAnlagenbetreiber
_result,34,2025-02-06 20:56:00.508289+00:00,2025-02-09 20:56:00.508289+00:00,2025-02-09 20:05:54.462806+00:00,0.006,total_energy_pkg,unit_test_energy,KlaerungDurchAnlagenbetreiber
_result,34,2025-02-06 20:56:00.508289+00:00,2025-02-09 20:56:00.508289+00:00,2025-02-09 20:06:44.518655+00:00,0.0269,total_energy_pkg,unit_test_energy,KlaerungDurchAnlagenbetreiber
_result,34,2025-02-06 20:56:00.508289+00:00,2025-02-09 20:56:00.508289+00:00,2025-02-09 20:07:34.503145+00:00,0.0067,total_energy_pkg,unit_test_energy,KlaerungDurchAnlagenbetreiber
_result,34,2025-02-06 20:56:00.508289+00:00,2025-02-09 20:56:00.508289+00:00,2025-02-09 20:08:29.259118+00:00,0.0088,total_energy_pkg,unit_test_energy,KlaerungDurchAnlagenbetreiber
_result,34,2025-02-06 20:56:00.508289+00:00,2025-02-09 20:56:00.508289+00:00,2025-02-09 20:09:19.344887+00:00,0.0359,total_energy_pkg,unit_test_energy,KlaerungDurchAnlagenbetreiber
_result,34,2025-02-06 20:56:00.508289+00:00,2025-02-09 20:56:00.508289+00:00,2025-02-09 20:10:09.401637+00:00,0.0662,total_energy_pkg,unit_test_energy,KlaerungDurchAnlagenbetreiber
_result,34,2025-02-06 20:56:00.508289+00:00,2025-02-09 20:56:00.508289+00:00,2025-02-09 20:10:59.412756+00:00,0.0063,total_energy_pkg,unit_test_energy,KlaerungDurchAnlagenbetreiber
_result,34,2025-02-06 20:56:00.508289+00:00,2025-02-09 20:56:00.508289+00:00,2025-02-09 20:11:49.374646+00:00,0.0084,total_energy_pkg,unit_test_energy,KlaerungDurchAnlagenbetreiber
_result,34,2025-02-06 20:56:00.508289+00:00,2025-02-09 20:56:00.508289+00:00,2025-02-09 20:12:39.392007+00:00,0.0388,total_energy_pkg,unit_test_energy,KlaerungDurchAnlagenbetreiber
_result,34,2025-02-06 20:56:00.508289+00:00,2025-02-09 20:56:00.508289+00:00,2025-02-09 20:13:29.402679+00:00,0.0277,total_energy_pkg,unit_test_energy,KlaerungDurchAnlagenbetreiber
_result,34,2025-02-06 20:56:00.508289+00:00,2025-02-09 20:56:00.508289+00:00,2025-02-09 20:14:19.458300+00:00,0.0258,total_energy_pkg,unit_test_energy,KlaerungDurchAnlagenbetreiber
_result,34,2025-02-06 20:56:00.508289+00:00,2025-02-09 20:56:00.508289+00:00,2025-02-09 20:15:09.581033+00:00,0.0243,total_energy_pkg,unit_test_energy,KlaerungDurchAnlagenbetreiber
_result,34,2025-02-06 20:56:00.508289+00:00,2025-02-09 20:56:00.508289+00:00,2025-02-09 20:15:59.605879+00:00,0.0577,total_energy_pkg,unit_test_energy,KlaerungDurchAnlagenbetreiber
_result,34,2025-02-06 20:56:00.508289+00:00,2025-02-09 20:56:00.508289+00:00,2025-02-09 20:16:49.579781+00:00,0.0309,total_energy_pkg,unit_test_energy,KlaerungDurchAnlagenbetreiber
_result,34,2025-02-06 20:56:00.508289+00:00,2025-02-09 20:56:00.508289+00:00,2025-02-09 20:17:39.529508+00:00,0.0187,total_energy_pkg,unit_test_energy,KlaerungDurchAnlagenbetreiber
_result,34,2025-02-06 20:56:00.508289+00:00,2025-02-09 20:56:00.508289+00:00,2025-02-09 20:18:29.518776+00:00,0.0173,total_energy_pkg,unit_test_energy,KlaerungDurchAnlagenbetreiber
_result,34,2025-02-06 20:56:00.508289+00:00,2025-02-09 20:56:00.508289+00:00,2025-02-09 20:19:19.416130+00:00,0.032,total_energy_pkg,unit_test_energy,KlaerungDurchAnlagenbetreiber
_result,34,2025-02-06 20:56:00.508289+00:00,2025-02-09 20:56:00.508289+00:00,2025-02-09 20:20:09.441257+00:00,0.067,total_energy_pkg,unit_test_energy,KlaerungDurchAnlagenbetreiber
_result,35,2025-02-06 20:56:00.508289+00:00,2025-02-09 20:56:00.508289+00:00,2025-02-09 19:47:10.603241+00:00,0.3414,avg_energy_dram,unit_test_energy,KlaerungDurchNetzbetreiber
_result,35,2025-02-06 20:56:00.508289+00:00,2025-02-09 20:56:00.508289+00:00,2025-02-09 19:55:33.774333+00:00,0.3028,avg_energy_dram,unit_test_energy,KlaerungDurchNetzbetreiber
_result,35,2025-02-06 20:56:00.508289+00:00,2025-02-09 20:56:00.508289+00:00,2025-02-09 19:56:23.804691+00:00,0.3345,avg_energy_dram,unit_test_energy,KlaerungDurchNetzbetreiber
_result,35,2025-02-06 20:56:00.508289+00:00,2025-02-09 20:56:00.508289+00:00,2025-02-09 19:57:13.861637+00:00,0.3974,avg_energy_dram,unit_test_energy,KlaerungDurchNetzbetreiber
_result,35,2025-02-06 20:56:00.508289+00:00,2025-02-09 20:56:00.508289+00:00,2025-02-09 19:58:03.828772+00:00,0.3232,avg_energy_dram,unit_test_energy,KlaerungDurchNetzbetreiber
_result,35,2025-02-06 20:56:00.508289+00:00,2025-02-09 20:56:00.508289+00:00,2025-02-09 19:58:53.988705+00:00,0.3914,avg_energy_dram,unit_test_energy,KlaerungDurchNetzbetreiber
_result,35,2025-02-06 20:56:00.508289+00:00,2025-02-09 20:56:00.508289+00:00,2025-02-09 19:59:44.099651+00:00,0.3543,avg_energy_dram,unit_test_energy,KlaerungDurchNetzbetreiber
_result,35,2025-02-06 20:56:00.508289+00:00,2025-02-09 20:56:00.508289+00:00,2025-02-09 20:00:34.111618+00:00,0.6397,avg_energy_dram,unit_test_energy,KlaerungDurchNetzbetreiber
_result,35,2025-02-06 20:56:00.508289+00:00,2025-02-09 20:56:00.508289+00:00,2025-02-09 20:01:24.131414+00:00,0.3664,avg_energy_dram,unit_test_energy,KlaerungDurchNetzbetreiber
_result,35,2025-02-06 20:56:00.508289+00:00,2025-02-09 20:56:00.508289+00:00,2025-02-09 20:02:14.153263+00:00,0.3411,avg_energy_dram,unit_test_energy,KlaerungDurchNetzbetreiber
_result,35,2025-02-06 20:56:00.508289+00:00,2025-02-09 20:56:00.508289+00:00,2025-02-09 20:03:04.146682+00:00,0.3629,avg_energy_dram,unit_test_energy,KlaerungDurchNetzbetreiber
_result,35,2025-02-06 20:56:00.508289+00:00,2025-02-09 20:56:00.508289+00:00,2025-02-09 20:03:54.173806+00:00,0.3711,avg_energy_dram,unit_test_energy,KlaerungDurchNetzbetreiber
_result,35,2025-02-06 20:56:00.508289+00:00,2025-02-09 20:56:00.508289+00:00,2025-02-09 20:04:44.253793+00:00,0.3736,avg_energy_dram,unit_test_energy,KlaerungDurchNetzbetreiber
_result,35,2025-02-06 20:56:00.508289+00:00,2025-02-09 20:56:00.508289+00:00,2025-02-09 20:05:34.336273+00:00,0.37,avg_energy_dram,unit_test_energy,KlaerungDurchNetzbetreiber
_result,35,2025-02-06 20:56:00.508289+00:00,2025-02-09 20:56:00.508289+00:00,2025-02-09 20:06:24.402581+00:00,0.397,avg_energy_dram,unit_test_energy,KlaerungDurchNetzbetreiber
_result,35,2025-02-06 20:56:00.508289+00:00,2025-02-09 20:56:00.508289+00:00,2025-02-09 20:07:14.395688+00:00,0.3897,avg_energy_dram,unit_test_energy,KlaerungDurchNetzbetreiber
_result,35,2025-02-06 20:56:00.508289+00:00,2025-02-09 20:56:00.508289+00:00,2025-02-09 20:08:09.147289+00:00,0.392,avg_energy_dram,unit_test_energy,KlaerungDurchNetzbetreiber
_result,35,2025-02-06 20:56:00.508289+00:00,2025-02-09 20:56:00.508289+00:00,2025-02-09 20:08:59.234082+00:00,0.4562,avg_energy_dram,unit_test_energy,KlaerungDurchNetzbetreiber
_result,35,2025-02-06 20:56:00.508289+00:00,2025-02-09 20:56:00.508289+00:00,2025-02-09 20:09:49.284002+00:00,0.3472,avg_energy_dram,unit_test_energy,KlaerungDurchNetzbetreiber
_result,35,2025-02-06 20:56:00.508289+00:00,2025-02-09 20:56:00.508289+00:00,2025-02-09 20:10:39.307100+00:00,0.392,avg_energy_dram,unit_test_energy,KlaerungDurchNetzbetreiber
_result,35,2025-02-06 20:56:00.508289+00:00,2025-02-09 20:56:00.508289+00:00,2025-02-09 20:11:29.263373+00:00,0.3653,avg_energy_dram,unit_test_energy,KlaerungDurchNetzbetreiber
_result,35,2025-02-06 20:56:00.508289+00:00,2025-02-09 20:56:00.508289+00:00,2025-02-09 20:12:19.281169+00:00,0.3864,avg_energy_dram,unit_test_energy,KlaerungDurchNetzbetreiber
_result,35,2025-02-06 20:56:00.508289+00:00,2025-02-09 20:56:00.508289+00:00,2025-02-09 20:13:09.291622+00:00,0.346,avg_energy_dram,unit_test_energy,KlaerungDurchNetzbetreiber
_result,35,2025-02-06 20:56:00.508289+00:00,2025-02-09 20:56:00.508289+00:00,2025-02-09 20:13:59.342971+00:00,0.3048,avg_energy_dram,unit_test_energy,KlaerungDurchNetzbetreiber
_result,35,2025-02-06 20:56:00.508289+00:00,2025-02-09 20:56:00.508289+00:00,2025-02-09 20:14:49.458921+00:00,0.3047,avg_energy_dram,unit_test_energy,KlaerungDurchNetzbetreiber
_result,35,2025-02-06 20:56:00.508289+00:00,2025-02-09 20:56:00.508289+00:00,2025-02-09 20:15:39.481466+00:00,0.4031,avg_energy_dram,unit_test_energy,KlaerungDurchNetzbetreiber
_result,35,2025-02-06 20:56:00.508289+00:00,2025-02-09 20:56:00.508289+00:00,2025-02-09 20:16:29.456184+00:00,0.3637,avg_energy_dram,unit_test_energy,KlaerungDurchNetzbetreiber
_result,35,2025-02-06 20:56:00.508289+00:00,2025-02-09 20:56:00.508289+00:00,2025-02-09 20:17:19.427381+00:00,0.3726,avg_energy_dram,unit_test_energy,KlaerungDurchNetzbetreiber
_result,35,2025-02-06 20:56:00.508289+00:00,2025-02-09 20:56:00.508289+00:00,2025-02-09 20:18:09.419959+00:00,0.3412,avg_energy_dram,unit_test_energy,KlaerungDurchNetzbetreiber
_result,35,2025-02-06 20:56:00.508289+00:00,2025-02-09 20:56:00.508289+00:00,2025-02-09 20:18:59.316426+00:00,0.3425,avg_energy_dram,unit_test_energy,KlaerungDurchNetzbetreiber
_result,35,2025-02-06 20:56:00.508289+00:00,2025-02-09 20:56:00.508289+00:00,2025-02-09 20:19:49.338259+00:00,0.3285,avg_energy_dram,unit_test_energy,KlaerungDurchNetzbetreiber
_result,36,2025-02-06 20:56:00.508289+00:00,2025-02-09 20:56:00.508289+00:00,2025-02-09 19:47:10.603241+00:00,3.5432,avg_energy_pkg,unit_test_energy,KlaerungDurchNetzbetreiber
_result,36,2025-02-06 20:56:00.508289+00:00,2025-02-09 20:56:00.508289+00:00,2025-02-09 19:55:33.774333+00:00,2.2208,avg_energy_pkg,unit_test_energy,KlaerungDurchNetzbetreiber
_result,36,2025-02-06 20:56:00.508289+00:00,2025-02-09 20:56:00.508289+00:00,2025-02-09 19:56:23.804691+00:00,5.1394,avg_energy_pkg,unit_test_energy,KlaerungDurchNetzbetreiber
_result,36,2025-02-06 20:56:00.508289+00:00,2025-02-09 20:56:00.508289+00:00,2025-02-09 19:57:13.861637+00:00,3.2352,avg_energy_pkg,unit_test_energy,KlaerungDurchNetzbetreiber
_result,36,2025-02-06 20:56:00.508289+00:00,2025-02-09 20:56:00.508289+00:00,2025-02-09 19:58:03.828772+00:00,3.1337,avg_energy_pkg,unit_test_energy,KlaerungDurchNetzbetreiber
_result,36,2025-02-06 20:56:00.508289+00:00,2025-02-09 20:56:00.508289+00:00,2025-02-09 19:58:53.988705+00:00,2.3298,avg_energy_pkg,unit_test_energy,KlaerungDurchNetzbetreiber
_result,36,2025-02-06 20:56:00.508289+00:00,2025-02-09 20:56:00.508289+00:00,2025-02-09 19:59:44.099651+00:00,2.579,avg_energy_pkg,unit_test_energy,KlaerungDurchNetzbetreiber
_result,36,2025-02-06 20:56:00.508289+00:00,2025-02-09 20:56:00.508289+00:00,2025-02-09 20:00:34.111618+00:00,10.9923,avg_energy_pkg,unit_test_energy,KlaerungDurchNetzbetreiber
_result,36,2025-02-06 20:56:00.508289+00:00,2025-02-09 20:56:00.508289+00:00,2025-02-09 20:01:24.131414+00:00,2.652,avg_energy_pkg,unit_test_energy,KlaerungDurchNetzbetreiber
_result,36,2025-02-06 20:56:00.508289+00:00,2025-02-09 20:56:00.508289+00:00,2025-02-09 20:02:14.153263+00:00,2.0368,avg_energy_pkg,unit_test_energy,KlaerungDurchNetzbetreiber
_result,36,2025-02-06 20:56:00.508289+00:00,2025-02-09 20:56:00.508289+00:00,2025-02-09 20:03:04.146682+00:00,3.5583,avg_energy_pkg,unit_test_energy,KlaerungDurchNetzbetreiber
_result,36,2025-02-06 20:56:00.508289+00:00,2025-02-09 20:56:00.508289+00:00,2025-02-09 20:03:54.173806+00:00,3.9984,avg_energy_pkg,unit_test_energy,KlaerungDurchNetzbetreiber
_result,36,2025-02-06 20:56:00.508289+00:00,2025-02-09 20:56:00.508289+00:00,2025-02-09 20:04:44.253793+00:00,2.1407,avg_energy_pkg,unit_test_energy,KlaerungDurchNetzbetreiber
_result,36,2025-02-06 20:56:00.508289+00:00,2025-02-09 20:56:00.508289+00:00,2025-02-09 20:05:34.336273+00:00,3.7318,avg_energy_pkg,unit_test_energy,KlaerungDurchNetzbetreiber
_result,36,2025-02-06 20:56:00.508289+00:00,2025-02-09 20:56:00.508289+00:00,2025-02-09 20:06:24.402581+00:00,4.9252,avg_energy_pkg,unit_test_energy,KlaerungDurchNetzbetreiber
_result,36,2025-02-06 20:56:00.508289+00:00,2025-02-09 20:56:00.508289+00:00,2025-02-09 20:07:14.395688+00:00,4.2025,avg_energy_pkg,unit_test_energy,KlaerungDurchNetzbetreiber
_result,36,2025-02-06 20:56:00.508289+00:00,2025-02-09 20:56:00.508289+00:00,2025-02-09 20:08:09.147289+00:00,1.5367,avg_energy_pkg,unit_test_energy,KlaerungDurchNetzbetreiber
_result,36,2025-02-06 20:56:00.508289+00:00,2025-02-09 20:56:00.508289+00:00,2025-02-09 20:08:59.234082+00:00,1.88,avg_energy_pkg,unit_test_energy,KlaerungDurchNetzbetreiber
_result,36,2025-02-06 20:56:00.508289+00:00,2025-02-09 20:56:00.508289+00:00,2025-02-09 20:09:49.284002+00:00,1.2246,avg_energy_pkg,unit_test_energy,KlaerungDurchNetzbetreiber
_result,36,2025-02-06 20:56:00.508289+00:00,2025-02-09 20:56:00.508289+00:00,2025-02-09 20:10:39.307100+00:00,2.4363,avg_energy_pkg,unit_test_energy,KlaerungDurchNetzbetreiber
_result,36,2025-02-06 20:56:00.508289+00:00,2025-02-09 20:56:00.508289+00:00,2025-02-09 20:11:29.263373+00:00,1.9836,avg_energy_pkg,unit_test_energy,KlaerungDurchNetzbetreiber
_result,36,2025-02-06 20:56:00.508289+00:00,2025-02-09 20:56:00.508289+00:00,2025-02-09 20:12:19.281169+00:00,4.6127,avg_energy_pkg,unit_test_energy,KlaerungDurchNetzbetreiber
_result,36,2025-02-06 20:56:00.508289+00:00,2025-02-09 20:56:00.508289+00:00,2025-02-09 20:13:09.291622+00:00,4.5255,avg_energy_pkg,unit_test_energy,KlaerungDurchNetzbetreiber
_result,36,2025-02-06 20:56:00.508289+00:00,2025-02-09 20:56:00.508289+00:00,2025-02-09 20:13:59.342971+00:00,1.6698,avg_energy_pkg,unit_test_energy,KlaerungDurchNetzbetreiber
_result,36,2025-02-06 20:56:00.508289+00:00,2025-02-09 20:56:00.508289+00:00,2025-02-09 20:14:49.458921+00:00,2.2185,avg_energy_pkg,unit_test_energy,KlaerungDurchNetzbetreiber
_result,36,2025-02-06 20:56:00.508289+00:00,2025-02-09 20:56:00.508289+00:00,2025-02-09 20:15:39.481466+00:00,3.0194,avg_energy_pkg,unit_test_energy,KlaerungDurchNetzbetreiber
_result,36,2025-02-06 20:56:00.508289+00:00,2025-02-09 20:56:00.508289+00:00,2025-02-09 20:16:29.456184+00:00,2.2351,avg_energy_pkg,unit_test_energy,KlaerungDurchNetzbetreiber
_result,36,2025-02-06 20:56:00.508289+00:00,2025-02-09 20:56:00.508289+00:00,2025-02-09 20:17:19.427381+00:00,1.4103,avg_energy_pkg,unit_test_energy,KlaerungDurchNetzbetreiber
_result,36,2025-02-06 20:56:00.508289+00:00,2025-02-09 20:56:00.508289+00:00,2025-02-09 20:18:09.419959+00:00,2.72,avg_energy_pkg,unit_test_energy,KlaerungDurchNetzbetreiber
_result,36,2025-02-06 20:56:00.508289+00:00,2025-02-09 20:56:00.508289+00:00,2025-02-09 20:18:59.316426+00:00,2.733,avg_energy_pkg,unit_test_energy,KlaerungDurchNetzbetreiber
_result,36,2025-02-06 20:56:00.508289+00:00,2025-02-09 20:56:00.508289+00:00,2025-02-09 20:19:49.338259+00:00,2.2842,avg_energy_pkg,unit_test_energy,KlaerungDurchNetzbetreiber
_result,37,2025-02-06 20:56:00.508289+00:00,2025-02-09 20:56:00.508289+00:00,2025-02-09 19:47:10.603241+00:00,0.0175,duration,unit_test_energy,KlaerungDurchNetzbetreiber
_result,37,2025-02-06 20:56:00.508289+00:00,2025-02-09 20:56:00.508289+00:00,2025-02-09 19:55:33.774333+00:00,0.032,duration,unit_test_energy,KlaerungDurchNetzbetreiber
_result,37,2025-02-06 20:56:00.508289+00:00,2025-02-09 20:56:00.508289+00:00,2025-02-09 19:56:23.804691+00:00,0.0186,duration,unit_test_energy,KlaerungDurchNetzbetreiber
_result,37,2025-02-06 20:56:00.508289+00:00,2025-02-09 20:56:00.508289+00:00,2025-02-09 19:57:13.861637+00:00,0.0174,duration,unit_test_energy,KlaerungDurchNetzbetreiber
_result,37,2025-02-06 20:56:00.508289+00:00,2025-02-09 20:56:00.508289+00:00,2025-02-09 19:58:03.828772+00:00,0.0193,duration,unit_test_energy,KlaerungDurchNetzbetreiber
_result,37,2025-02-06 20:56:00.508289+00:00,2025-02-09 20:56:00.508289+00:00,2025-02-09 19:58:53.988705+00:00,0.0196,duration,unit_test_energy,KlaerungDurchNetzbetreiber
_result,37,2025-02-06 20:56:00.508289+00:00,2025-02-09 20:56:00.508289+00:00,2025-02-09 19:59:44.099651+00:00,0.0179,duration,unit_test_energy,KlaerungDurchNetzbetreiber
_result,37,2025-02-06 20:56:00.508289+00:00,2025-02-09 20:56:00.508289+00:00,2025-02-09 20:00:34.111618+00:00,0.0146,duration,unit_test_energy,KlaerungDurchNetzbetreiber
_result,37,2025-02-06 20:56:00.508289+00:00,2025-02-09 20:56:00.508289+00:00,2025-02-09 20:01:24.131414+00:00,0.0182,duration,unit_test_energy,KlaerungDurchNetzbetreiber
_result,37,2025-02-06 20:56:00.508289+00:00,2025-02-09 20:56:00.508289+00:00,2025-02-09 20:02:14.153263+00:00,0.0193,duration,unit_test_energy,KlaerungDurchNetzbetreiber
_result,37,2025-02-06 20:56:00.508289+00:00,2025-02-09 20:56:00.508289+00:00,2025-02-09 20:03:04.146682+00:00,0.019,duration,unit_test_energy,KlaerungDurchNetzbetreiber
_result,37,2025-02-06 20:56:00.508289+00:00,2025-02-09 20:56:00.508289+00:00,2025-02-09 20:03:54.173806+00:00,0.0183,duration,unit_test_energy,KlaerungDurchNetzbetreiber
_result,37,2025-02-06 20:56:00.508289+00:00,2025-02-09 20:56:00.508289+00:00,2025-02-09 20:04:44.253793+00:00,0.0206,duration,unit_test_energy,KlaerungDurchNetzbetreiber
_result,37,2025-02-06 20:56:00.508289+00:00,2025-02-09 20:56:00.508289+00:00,2025-02-09 20:05:34.336273+00:00,0.0193,duration,unit_test_energy,KlaerungDurchNetzbetreiber
_result,37,2025-02-06 20:56:00.508289+00:00,2025-02-09 20:56:00.508289+00:00,2025-02-09 20:06:24.402581+00:00,0.0174,duration,unit_test_energy,KlaerungDurchNetzbetreiber
_result,37,2025-02-06 20:56:00.508289+00:00,2025-02-09 20:56:00.508289+00:00,2025-02-09 20:07:14.395688+00:00,0.0174,duration,unit_test_energy,KlaerungDurchNetzbetreiber
_result,37,2025-02-06 20:56:00.508289+00:00,2025-02-09 20:56:00.508289+00:00,2025-02-09 20:08:09.147289+00:00,0.0176,duration,unit_test_energy,KlaerungDurchNetzbetreiber
_result,37,2025-02-06 20:56:00.508289+00:00,2025-02-09 20:56:00.508289+00:00,2025-02-09 20:08:59.234082+00:00,0.0177,duration,unit_test_energy,KlaerungDurchNetzbetreiber
_result,37,2025-02-06 20:56:00.508289+00:00,2025-02-09 20:56:00.508289+00:00,2025-02-09 20:09:49.284002+00:00,0.0193,duration,unit_test_energy,KlaerungDurchNetzbetreiber
_result,37,2025-02-06 20:56:00.508289+00:00,2025-02-09 20:56:00.508289+00:00,2025-02-09 20:10:39.307100+00:00,0.0181,duration,unit_test_energy,KlaerungDurchNetzbetreiber
_result,37,2025-02-06 20:56:00.508289+00:00,2025-02-09 20:56:00.508289+00:00,2025-02-09 20:11:29.263373+00:00,0.0179,duration,unit_test_energy,KlaerungDurchNetzbetreiber
_result,37,2025-02-06 20:56:00.508289+00:00,2025-02-09 20:56:00.508289+00:00,2025-02-09 20:12:19.281169+00:00,0.0177,duration,unit_test_energy,KlaerungDurchNetzbetreiber
_result,37,2025-02-06 20:56:00.508289+00:00,2025-02-09 20:56:00.508289+00:00,2025-02-09 20:13:09.291622+00:00,0.0175,duration,unit_test_energy,KlaerungDurchNetzbetreiber
_result,37,2025-02-06 20:56:00.508289+00:00,2025-02-09 20:56:00.508289+00:00,2025-02-09 20:13:59.342971+00:00,0.031,duration,unit_test_energy,KlaerungDurchNetzbetreiber
_result,37,2025-02-06 20:56:00.508289+00:00,2025-02-09 20:56:00.508289+00:00,2025-02-09 20:14:49.458921+00:00,0.0306,duration,unit_test_energy,KlaerungDurchNetzbetreiber
_result,37,2025-02-06 20:56:00.508289+00:00,2025-02-09 20:56:00.508289+00:00,2025-02-09 20:15:39.481466+00:00,0.0157,duration,unit_test_energy,KlaerungDurchNetzbetreiber
_result,37,2025-02-06 20:56:00.508289+00:00,2025-02-09 20:56:00.508289+00:00,2025-02-09 20:16:29.456184+00:00,0.0196,duration,unit_test_energy,KlaerungDurchNetzbetreiber
_result,37,2025-02-06 20:56:00.508289+00:00,2025-02-09 20:56:00.508289+00:00,2025-02-09 20:17:19.427381+00:00,0.0175,duration,unit_test_energy,KlaerungDurchNetzbetreiber
_result,37,2025-02-06 20:56:00.508289+00:00,2025-02-09 20:56:00.508289+00:00,2025-02-09 20:18:09.419959+00:00,0.0186,duration,unit_test_energy,KlaerungDurchNetzbetreiber
_result,37,2025-02-06 20:56:00.508289+00:00,2025-02-09 20:56:00.508289+00:00,2025-02-09 20:18:59.316426+00:00,0.0185,duration,unit_test_energy,KlaerungDurchNetzbetreiber
_result,37,2025-02-06 20:56:00.508289+00:00,2025-02-09 20:56:00.508289+00:00,2025-02-09 20:19:49.338259+00:00,0.0279,duration,unit_test_energy,KlaerungDurchNetzbetreiber
_result,38,2025-02-06 20:56:00.508289+00:00,2025-02-09 20:56:00.508289+00:00,2025-02-09 19:47:10.603241+00:00,0.0,median_energy_dram,unit_test_energy,KlaerungDurchNetzbetreiber
_result,38,2025-02-06 20:56:00.508289+00:00,2025-02-09 20:56:00.508289+00:00,2025-02-09 19:55:33.774333+00:00,0.0,median_energy_dram,unit_test_energy,KlaerungDurchNetzbetreiber
_result,38,2025-02-06 20:56:00.508289+00:00,2025-02-09 20:56:00.508289+00:00,2025-02-09 19:56:23.804691+00:00,0.0,median_energy_dram,unit_test_energy,KlaerungDurchNetzbetreiber
_result,38,2025-02-06 20:56:00.508289+00:00,2025-02-09 20:56:00.508289+00:00,2025-02-09 19:57:13.861637+00:00,0.0,median_energy_dram,unit_test_energy,KlaerungDurchNetzbetreiber
_result,38,2025-02-06 20:56:00.508289+00:00,2025-02-09 20:56:00.508289+00:00,2025-02-09 19:58:03.828772+00:00,0.0,median_energy_dram,unit_test_energy,KlaerungDurchNetzbetreiber
_result,38,2025-02-06 20:56:00.508289+00:00,2025-02-09 20:56:00.508289+00:00,2025-02-09 19:58:53.988705+00:00,0.0,median_energy_dram,unit_test_energy,KlaerungDurchNetzbetreiber
_result,38,2025-02-06 20:56:00.508289+00:00,2025-02-09 20:56:00.508289+00:00,2025-02-09 19:59:44.099651+00:00,0.0,median_energy_dram,unit_test_energy,KlaerungDurchNetzbetreiber
_result,38,2025-02-06 20:56:00.508289+00:00,2025-02-09 20:56:00.508289+00:00,2025-02-09 20:00:34.111618+00:00,0.0,median_energy_dram,unit_test_energy,KlaerungDurchNetzbetreiber
_result,38,2025-02-06 20:56:00.508289+00:00,2025-02-09 20:56:00.508289+00:00,2025-02-09 20:01:24.131414+00:00,0.0,median_energy_dram,unit_test_energy,KlaerungDurchNetzbetreiber
_result,38,2025-02-06 20:56:00.508289+00:00,2025-02-09 20:56:00.508289+00:00,2025-02-09 20:02:14.153263+00:00,0.0,median_energy_dram,unit_test_energy,KlaerungDurchNetzbetreiber
_result,38,2025-02-06 20:56:00.508289+00:00,2025-02-09 20:56:00.508289+00:00,2025-02-09 20:03:04.146682+00:00,0.0,median_energy_dram,unit_test_energy,KlaerungDurchNetzbetreiber
_result,38,2025-02-06 20:56:00.508289+00:00,2025-02-09 20:56:00.508289+00:00,2025-02-09 20:03:54.173806+00:00,0.0,median_energy_dram,unit_test_energy,KlaerungDurchNetzbetreiber
_result,38,2025-02-06 20:56:00.508289+00:00,2025-02-09 20:56:00.508289+00:00,2025-02-09 20:04:44.253793+00:00,0.0,median_energy_dram,unit_test_energy,KlaerungDurchNetzbetreiber
_result,38,2025-02-06 20:56:00.508289+00:00,2025-02-09 20:56:00.508289+00:00,2025-02-09 20:05:34.336273+00:00,0.0,median_energy_dram,unit_test_energy,KlaerungDurchNetzbetreiber
_result,38,2025-02-06 20:56:00.508289+00:00,2025-02-09 20:56:00.508289+00:00,2025-02-09 20:06:24.402581+00:00,0.0,median_energy_dram,unit_test_energy,KlaerungDurchNetzbetreiber
_result,38,2025-02-06 20:56:00.508289+00:00,2025-02-09 20:56:00.508289+00:00,2025-02-09 20:07:14.395688+00:00,0.0,median_energy_dram,unit_test_energy,KlaerungDurchNetzbetreiber
_result,38,2025-02-06 20:56:00.508289+00:00,2025-02-09 20:56:00.508289+00:00,2025-02-09 20:08:09.147289+00:00,0.0,median_energy_dram,unit_test_energy,KlaerungDurchNetzbetreiber
_result,38,2025-02-06 20:56:00.508289+00:00,2025-02-09 20:56:00.508289+00:00,2025-02-09 20:08:59.234082+00:00,0.0,median_energy_dram,unit_test_energy,KlaerungDurchNetzbetreiber
_result,38,2025-02-06 20:56:00.508289+00:00,2025-02-09 20:56:00.508289+00:00,2025-02-09 20:09:49.284002+00:00,0.0,median_energy_dram,unit_test_energy,KlaerungDurchNetzbetreiber
_result,38,2025-02-06 20:56:00.508289+00:00,2025-02-09 20:56:00.508289+00:00,2025-02-09 20:10:39.307100+00:00,0.0,median_energy_dram,unit_test_energy,KlaerungDurchNetzbetreiber
_result,38,2025-02-06 20:56:00.508289+00:00,2025-02-09 20:56:00.508289+00:00,2025-02-09 20:11:29.263373+00:00,0.0,median_energy_dram,unit_test_energy,KlaerungDurchNetzbetreiber
_result,38,2025-02-06 20:56:00.508289+00:00,2025-02-09 20:56:00.508289+00:00,2025-02-09 20:12:19.281169+00:00,0.0,median_energy_dram,unit_test_energy,KlaerungDurchNetzbetreiber
_result,38,2025-02-06 20:56:00.508289+00:00,2025-02-09 20:56:00.508289+00:00,2025-02-09 20:13:09.291622+00:00,0.0,median_energy_dram,unit_test_energy,KlaerungDurchNetzbetreiber
_result,38,2025-02-06 20:56:00.508289+00:00,2025-02-09 20:56:00.508289+00:00,2025-02-09 20:13:59.342971+00:00,0.0,median_energy_dram,unit_test_energy,KlaerungDurchNetzbetreiber
_result,38,2025-02-06 20:56:00.508289+00:00,2025-02-09 20:56:00.508289+00:00,2025-02-09 20:14:49.458921+00:00,0.0,median_energy_dram,unit_test_energy,KlaerungDurchNetzbetreiber
_result,38,2025-02-06 20:56:00.508289+00:00,2025-02-09 20:56:00.508289+00:00,2025-02-09 20:15:39.481466+00:00,0.0,median_energy_dram,unit_test_energy,KlaerungDurchNetzbetreiber
_result,38,2025-02-06 20:56:00.508289+00:00,2025-02-09 20:56:00.508289+00:00,2025-02-09 20:16:29.456184+00:00,0.0,median_energy_dram,unit_test_energy,KlaerungDurchNetzbetreiber
_result,38,2025-02-06 20:56:00.508289+00:00,2025-02-09 20:56:00.508289+00:00,2025-02-09 20:17:19.427381+00:00,0.0,median_energy_dram,unit_test_energy,KlaerungDurchNetzbetreiber
_result,38,2025-02-06 20:56:00.508289+00:00,2025-02-09 20:56:00.508289+00:00,2025-02-09 20:18:09.419959+00:00,0.0,median_energy_dram,unit_test_energy,KlaerungDurchNetzbetreiber
_result,38,2025-02-06 20:56:00.508289+00:00,2025-02-09 20:56:00.508289+00:00,2025-02-09 20:18:59.316426+00:00,0.0,median_energy_dram,unit_test_energy,KlaerungDurchNetzbetreiber
_result,38,2025-02-06 20:56:00.508289+00:00,2025-02-09 20:56:00.508289+00:00,2025-02-09 20:19:49.338259+00:00,0.0,median_energy_dram,unit_test_energy,KlaerungDurchNetzbetreiber
_result,39,2025-02-06 20:56:00.508289+00:00,2025-02-09 20:56:00.508289+00:00,2025-02-09 19:47:10.603241+00:00,0.0,median_energy_pkg,unit_test_energy,KlaerungDurchNetzbetreiber
_result,39,2025-02-06 20:56:00.508289+00:00,2025-02-09 20:56:00.508289+00:00,2025-02-09 19:55:33.774333+00:00,0.0,median_energy_pkg,unit_test_energy,KlaerungDurchNetzbetreiber
_result,39,2025-02-06 20:56:00.508289+00:00,2025-02-09 20:56:00.508289+00:00,2025-02-09 19:56:23.804691+00:00,0.0,median_energy_pkg,unit_test_energy,KlaerungDurchNetzbetreiber
_result,39,2025-02-06 20:56:00.508289+00:00,2025-02-09 20:56:00.508289+00:00,2025-02-09 19:57:13.861637+00:00,0.0,median_energy_pkg,unit_test_energy,KlaerungDurchNetzbetreiber
_result,39,2025-02-06 20:56:00.508289+00:00,2025-02-09 20:56:00.508289+00:00,2025-02-09 19:58:03.828772+00:00,0.0,median_energy_pkg,unit_test_energy,KlaerungDurchNetzbetreiber
_result,39,2025-02-06 20:56:00.508289+00:00,2025-02-09 20:56:00.508289+00:00,2025-02-09 19:58:53.988705+00:00,0.0,median_energy_pkg,unit_test_energy,KlaerungDurchNetzbetreiber
_result,39,2025-02-06 20:56:00.508289+00:00,2025-02-09 20:56:00.508289+00:00,2025-02-09 19:59:44.099651+00:00,0.0,median_energy_pkg,unit_test_energy,KlaerungDurchNetzbetreiber
_result,39,2025-02-06 20:56:00.508289+00:00,2025-02-09 20:56:00.508289+00:00,2025-02-09 20:00:34.111618+00:00,0.0,median_energy_pkg,unit_test_energy,KlaerungDurchNetzbetreiber
_result,39,2025-02-06 20:56:00.508289+00:00,2025-02-09 20:56:00.508289+00:00,2025-02-09 20:01:24.131414+00:00,0.0,median_energy_pkg,unit_test_energy,KlaerungDurchNetzbetreiber
_result,39,2025-02-06 20:56:00.508289+00:00,2025-02-09 20:56:00.508289+00:00,2025-02-09 20:02:14.153263+00:00,0.0,median_energy_pkg,unit_test_energy,KlaerungDurchNetzbetreiber
_result,39,2025-02-06 20:56:00.508289+00:00,2025-02-09 20:56:00.508289+00:00,2025-02-09 20:03:04.146682+00:00,0.0,median_energy_pkg,unit_test_energy,KlaerungDurchNetzbetreiber
_result,39,2025-02-06 20:56:00.508289+00:00,2025-02-09 20:56:00.508289+00:00,2025-02-09 20:03:54.173806+00:00,0.0,median_energy_pkg,unit_test_energy,KlaerungDurchNetzbetreiber
_result,39,2025-02-06 20:56:00.508289+00:00,2025-02-09 20:56:00.508289+00:00,2025-02-09 20:04:44.253793+00:00,0.0,median_energy_pkg,unit_test_energy,KlaerungDurchNetzbetreiber
_result,39,2025-02-06 20:56:00.508289+00:00,2025-02-09 20:56:00.508289+00:00,2025-02-09 20:05:34.336273+00:00,0.0,median_energy_pkg,unit_test_energy,KlaerungDurchNetzbetreiber
_result,39,2025-02-06 20:56:00.508289+00:00,2025-02-09 20:56:00.508289+00:00,2025-02-09 20:06:24.402581+00:00,0.0,median_energy_pkg,unit_test_energy,KlaerungDurchNetzbetreiber
_result,39,2025-02-06 20:56:00.508289+00:00,2025-02-09 20:56:00.508289+00:00,2025-02-09 20:07:14.395688+00:00,0.0,median_energy_pkg,unit_test_energy,KlaerungDurchNetzbetreiber
_result,39,2025-02-06 20:56:00.508289+00:00,2025-02-09 20:56:00.508289+00:00,2025-02-09 20:08:09.147289+00:00,0.0,median_energy_pkg,unit_test_energy,KlaerungDurchNetzbetreiber
_result,39,2025-02-06 20:56:00.508289+00:00,2025-02-09 20:56:00.508289+00:00,2025-02-09 20:08:59.234082+00:00,0.0,median_energy_pkg,unit_test_energy,KlaerungDurchNetzbetreiber
_result,39,2025-02-06 20:56:00.508289+00:00,2025-02-09 20:56:00.508289+00:00,2025-02-09 20:09:49.284002+00:00,0.0,median_energy_pkg,unit_test_energy,KlaerungDurchNetzbetreiber
_result,39,2025-02-06 20:56:00.508289+00:00,2025-02-09 20:56:00.508289+00:00,2025-02-09 20:10:39.307100+00:00,0.0,median_energy_pkg,unit_test_energy,KlaerungDurchNetzbetreiber
_result,39,2025-02-06 20:56:00.508289+00:00,2025-02-09 20:56:00.508289+00:00,2025-02-09 20:11:29.263373+00:00,0.0,median_energy_pkg,unit_test_energy,KlaerungDurchNetzbetreiber
_result,39,2025-02-06 20:56:00.508289+00:00,2025-02-09 20:56:00.508289+00:00,2025-02-09 20:12:19.281169+00:00,0.0,median_energy_pkg,unit_test_energy,KlaerungDurchNetzbetreiber
_result,39,2025-02-06 20:56:00.508289+00:00,2025-02-09 20:56:00.508289+00:00,2025-02-09 20:13:09.291622+00:00,0.0,median_energy_pkg,unit_test_energy,KlaerungDurchNetzbetreiber
_result,39,2025-02-06 20:56:00.508289+00:00,2025-02-09 20:56:00.508289+00:00,2025-02-09 20:13:59.342971+00:00,0.0,median_energy_pkg,unit_test_energy,KlaerungDurchNetzbetreiber
_result,39,2025-02-06 20:56:00.508289+00:00,2025-02-09 20:56:00.508289+00:00,2025-02-09 20:14:49.458921+00:00,0.0,median_energy_pkg,unit_test_energy,KlaerungDurchNetzbetreiber
_result,39,2025-02-06 20:56:00.508289+00:00,2025-02-09 20:56:00.508289+00:00,2025-02-09 20:15:39.481466+00:00,0.0,median_energy_pkg,unit_test_energy,KlaerungDurchNetzbetreiber
_result,39,2025-02-06 20:56:00.508289+00:00,2025-02-09 20:56:00.508289+00:00,2025-02-09 20:16:29.456184+00:00,0.0,median_energy_pkg,unit_test_energy,KlaerungDurchNetzbetreiber
_result,39,2025-02-06 20:56:00.508289+00:00,2025-02-09 20:56:00.508289+00:00,2025-02-09 20:17:19.427381+00:00,0.0,median_energy_pkg,unit_test_energy,KlaerungDurchNetzbetreiber
_result,39,2025-02-06 20:56:00.508289+00:00,2025-02-09 20:56:00.508289+00:00,2025-02-09 20:18:09.419959+00:00,0.0,median_energy_pkg,unit_test_energy,KlaerungDurchNetzbetreiber
_result,39,2025-02-06 20:56:00.508289+00:00,2025-02-09 20:56:00.508289+00:00,2025-02-09 20:18:59.316426+00:00,0.0,median_energy_pkg,unit_test_energy,KlaerungDurchNetzbetreiber
_result,39,2025-02-06 20:56:00.508289+00:00,2025-02-09 20:56:00.508289+00:00,2025-02-09 20:19:49.338259+00:00,0.0,median_energy_pkg,unit_test_energy,KlaerungDurchNetzbetreiber
_result,40,2025-02-06 20:56:00.508289+00:00,2025-02-09 20:56:00.508289+00:00,2025-02-09 19:47:10.603241+00:00,0.006,total_energy_dram,unit_test_energy,KlaerungDurchNetzbetreiber
_result,40,2025-02-06 20:56:00.508289+00:00,2025-02-09 20:56:00.508289+00:00,2025-02-09 19:55:33.774333+00:00,0.0097,total_energy_dram,unit_test_energy,KlaerungDurchNetzbetreiber
_result,40,2025-02-06 20:56:00.508289+00:00,2025-02-09 20:56:00.508289+00:00,2025-02-09 19:56:23.804691+00:00,0.0062,total_energy_dram,unit_test_energy,KlaerungDurchNetzbetreiber
_result,40,2025-02-06 20:56:00.508289+00:00,2025-02-09 20:56:00.508289+00:00,2025-02-09 19:57:13.861637+00:00,0.0069,total_energy_dram,unit_test_energy,KlaerungDurchNetzbetreiber
_result,40,2025-02-06 20:56:00.508289+00:00,2025-02-09 20:56:00.508289+00:00,2025-02-09 19:58:03.828772+00:00,0.0062,total_energy_dram,unit_test_energy,KlaerungDurchNetzbetreiber
_result,40,2025-02-06 20:56:00.508289+00:00,2025-02-09 20:56:00.508289+00:00,2025-02-09 19:58:53.988705+00:00,0.0077,total_energy_dram,unit_test_energy,KlaerungDurchNetzbetreiber
_result,40,2025-02-06 20:56:00.508289+00:00,2025-02-09 20:56:00.508289+00:00,2025-02-09 19:59:44.099651+00:00,0.0063,total_energy_dram,unit_test_energy,KlaerungDurchNetzbetreiber
_result,40,2025-02-06 20:56:00.508289+00:00,2025-02-09 20:56:00.508289+00:00,2025-02-09 20:00:34.111618+00:00,0.0093,total_energy_dram,unit_test_energy,KlaerungDurchNetzbetreiber
_result,40,2025-02-06 20:56:00.508289+00:00,2025-02-09 20:56:00.508289+00:00,2025-02-09 20:01:24.131414+00:00,0.0067,total_energy_dram,unit_test_energy,KlaerungDurchNetzbetreiber
_result,40,2025-02-06 20:56:00.508289+00:00,2025-02-09 20:56:00.508289+00:00,2025-02-09 20:02:14.153263+00:00,0.0066,total_energy_dram,unit_test_energy,KlaerungDurchNetzbetreiber
_result,40,2025-02-06 20:56:00.508289+00:00,2025-02-09 20:56:00.508289+00:00,2025-02-09 20:03:04.146682+00:00,0.0069,total_energy_dram,unit_test_energy,KlaerungDurchNetzbetreiber
_result,40,2025-02-06 20:56:00.508289+00:00,2025-02-09 20:56:00.508289+00:00,2025-02-09 20:03:54.173806+00:00,0.0068,total_energy_dram,unit_test_energy,KlaerungDurchNetzbetreiber
_result,40,2025-02-06 20:56:00.508289+00:00,2025-02-09 20:56:00.508289+00:00,2025-02-09 20:04:44.253793+00:00,0.0077,total_energy_dram,unit_test_energy,KlaerungDurchNetzbetreiber
_result,40,2025-02-06 20:56:00.508289+00:00,2025-02-09 20:56:00.508289+00:00,2025-02-09 20:05:34.336273+00:00,0.0071,total_energy_dram,unit_test_energy,KlaerungDurchNetzbetreiber
_result,40,2025-02-06 20:56:00.508289+00:00,2025-02-09 20:56:00.508289+00:00,2025-02-09 20:06:24.402581+00:00,0.0069,total_energy_dram,unit_test_energy,KlaerungDurchNetzbetreiber
_result,40,2025-02-06 20:56:00.508289+00:00,2025-02-09 20:56:00.508289+00:00,2025-02-09 20:07:14.395688+00:00,0.0068,total_energy_dram,unit_test_energy,KlaerungDurchNetzbetreiber
_result,40,2025-02-06 20:56:00.508289+00:00,2025-02-09 20:56:00.508289+00:00,2025-02-09 20:08:09.147289+00:00,0.0069,total_energy_dram,unit_test_energy,KlaerungDurchNetzbetreiber
_result,40,2025-02-06 20:56:00.508289+00:00,2025-02-09 20:56:00.508289+00:00,2025-02-09 20:08:59.234082+00:00,0.0081,total_energy_dram,unit_test_energy,KlaerungDurchNetzbetreiber
_result,40,2025-02-06 20:56:00.508289+00:00,2025-02-09 20:56:00.508289+00:00,2025-02-09 20:09:49.284002+00:00,0.0067,total_energy_dram,unit_test_energy,KlaerungDurchNetzbetreiber
_result,40,2025-02-06 20:56:00.508289+00:00,2025-02-09 20:56:00.508289+00:00,2025-02-09 20:10:39.307100+00:00,0.0071,total_energy_dram,unit_test_energy,KlaerungDurchNetzbetreiber
_result,40,2025-02-06 20:56:00.508289+00:00,2025-02-09 20:56:00.508289+00:00,2025-02-09 20:11:29.263373+00:00,0.0065,total_energy_dram,unit_test_energy,KlaerungDurchNetzbetreiber
_result,40,2025-02-06 20:56:00.508289+00:00,2025-02-09 20:56:00.508289+00:00,2025-02-09 20:12:19.281169+00:00,0.0068,total_energy_dram,unit_test_energy,KlaerungDurchNetzbetreiber
_result,40,2025-02-06 20:56:00.508289+00:00,2025-02-09 20:56:00.508289+00:00,2025-02-09 20:13:09.291622+00:00,0.006,total_energy_dram,unit_test_energy,KlaerungDurchNetzbetreiber
_result,40,2025-02-06 20:56:00.508289+00:00,2025-02-09 20:56:00.508289+00:00,2025-02-09 20:13:59.342971+00:00,0.0095,total_energy_dram,unit_test_energy,KlaerungDurchNetzbetreiber
_result,40,2025-02-06 20:56:00.508289+00:00,2025-02-09 20:56:00.508289+00:00,2025-02-09 20:14:49.458921+00:00,0.0093,total_energy_dram,unit_test_energy,KlaerungDurchNetzbetreiber
_result,40,2025-02-06 20:56:00.508289+00:00,2025-02-09 20:56:00.508289+00:00,2025-02-09 20:15:39.481466+00:00,0.0063,total_energy_dram,unit_test_energy,KlaerungDurchNetzbetreiber
_result,40,2025-02-06 20:56:00.508289+00:00,2025-02-09 20:56:00.508289+00:00,2025-02-09 20:16:29.456184+00:00,0.0071,total_energy_dram,unit_test_energy,KlaerungDurchNetzbetreiber
_result,40,2025-02-06 20:56:00.508289+00:00,2025-02-09 20:56:00.508289+00:00,2025-02-09 20:17:19.427381+00:00,0.0065,total_energy_dram,unit_test_energy,KlaerungDurchNetzbetreiber
_result,40,2025-02-06 20:56:00.508289+00:00,2025-02-09 20:56:00.508289+00:00,2025-02-09 20:18:09.419959+00:00,0.0063,total_energy_dram,unit_test_energy,KlaerungDurchNetzbetreiber
_result,40,2025-02-06 20:56:00.508289+00:00,2025-02-09 20:56:00.508289+00:00,2025-02-09 20:18:59.316426+00:00,0.0063,total_energy_dram,unit_test_energy,KlaerungDurchNetzbetreiber
_result,40,2025-02-06 20:56:00.508289+00:00,2025-02-09 20:56:00.508289+00:00,2025-02-09 20:19:49.338259+00:00,0.0092,total_energy_dram,unit_test_energy,KlaerungDurchNetzbetreiber
_result,41,2025-02-06 20:56:00.508289+00:00,2025-02-09 20:56:00.508289+00:00,2025-02-09 19:47:10.603241+00:00,0.0621,total_energy_pkg,unit_test_energy,KlaerungDurchNetzbetreiber
_result,41,2025-02-06 20:56:00.508289+00:00,2025-02-09 20:56:00.508289+00:00,2025-02-09 19:55:33.774333+00:00,0.0712,total_energy_pkg,unit_test_energy,KlaerungDurchNetzbetreiber
_result,41,2025-02-06 20:56:00.508289+00:00,2025-02-09 20:56:00.508289+00:00,2025-02-09 19:56:23.804691+00:00,0.0956,total_energy_pkg,unit_test_energy,KlaerungDurchNetzbetreiber
_result,41,2025-02-06 20:56:00.508289+00:00,2025-02-09 20:56:00.508289+00:00,2025-02-09 19:57:13.861637+00:00,0.0562,total_energy_pkg,unit_test_energy,KlaerungDurchNetzbetreiber
_result,41,2025-02-06 20:56:00.508289+00:00,2025-02-09 20:56:00.508289+00:00,2025-02-09 19:58:03.828772+00:00,0.0604,total_energy_pkg,unit_test_energy,KlaerungDurchNetzbetreiber
_result,41,2025-02-06 20:56:00.508289+00:00,2025-02-09 20:56:00.508289+00:00,2025-02-09 19:58:53.988705+00:00,0.0458,total_energy_pkg,unit_test_energy,KlaerungDurchNetzbetreiber
_result,41,2025-02-06 20:56:00.508289+00:00,2025-02-09 20:56:00.508289+00:00,2025-02-09 19:59:44.099651+00:00,0.0462,total_energy_pkg,unit_test_energy,KlaerungDurchNetzbetreiber
_result,41,2025-02-06 20:56:00.508289+00:00,2025-02-09 20:56:00.508289+00:00,2025-02-09 20:00:34.111618+00:00,0.1605,total_energy_pkg,unit_test_energy,KlaerungDurchNetzbetreiber
_result,41,2025-02-06 20:56:00.508289+00:00,2025-02-09 20:56:00.508289+00:00,2025-02-09 20:01:24.131414+00:00,0.0482,total_energy_pkg,unit_test_energy,KlaerungDurchNetzbetreiber
_result,41,2025-02-06 20:56:00.508289+00:00,2025-02-09 20:56:00.508289+00:00,2025-02-09 20:02:14.153263+00:00,0.0394,total_energy_pkg,unit_test_energy,KlaerungDurchNetzbetreiber
_result,41,2025-02-06 20:56:00.508289+00:00,2025-02-09 20:56:00.508289+00:00,2025-02-09 20:03:04.146682+00:00,0.0676,total_energy_pkg,unit_test_energy,KlaerungDurchNetzbetreiber
_result,41,2025-02-06 20:56:00.508289+00:00,2025-02-09 20:56:00.508289+00:00,2025-02-09 20:03:54.173806+00:00,0.073,total_energy_pkg,unit_test_energy,KlaerungDurchNetzbetreiber
_result,41,2025-02-06 20:56:00.508289+00:00,2025-02-09 20:56:00.508289+00:00,2025-02-09 20:04:44.253793+00:00,0.0441,total_energy_pkg,unit_test_energy,KlaerungDurchNetzbetreiber
_result,41,2025-02-06 20:56:00.508289+00:00,2025-02-09 20:56:00.508289+00:00,2025-02-09 20:05:34.336273+00:00,0.072,total_energy_pkg,unit_test_energy,KlaerungDurchNetzbetreiber
_result,41,2025-02-06 20:56:00.508289+00:00,2025-02-09 20:56:00.508289+00:00,2025-02-09 20:06:24.402581+00:00,0.0856,total_energy_pkg,unit_test_energy,KlaerungDurchNetzbetreiber
_result,41,2025-02-06 20:56:00.508289+00:00,2025-02-09 20:56:00.508289+00:00,2025-02-09 20:07:14.395688+00:00,0.0731,total_energy_pkg,unit_test_energy,KlaerungDurchNetzbetreiber
_result,41,2025-02-06 20:56:00.508289+00:00,2025-02-09 20:56:00.508289+00:00,2025-02-09 20:08:09.147289+00:00,0.027,total_energy_pkg,unit_test_energy,KlaerungDurchNetzbetreiber
_result,41,2025-02-06 20:56:00.508289+00:00,2025-02-09 20:56:00.508289+00:00,2025-02-09 20:08:59.234082+00:00,0.0332,total_energy_pkg,unit_test_energy,KlaerungDurchNetzbetreiber
_result,41,2025-02-06 20:56:00.508289+00:00,2025-02-09 20:56:00.508289+00:00,2025-02-09 20:09:49.284002+00:00,0.0237,total_energy_pkg,unit_test_energy,KlaerungDurchNetzbetreiber
_result,41,2025-02-06 20:56:00.508289+00:00,2025-02-09 20:56:00.508289+00:00,2025-02-09 20:10:39.307100+00:00,0.044,total_energy_pkg,unit_test_energy,KlaerungDurchNetzbetreiber
_result,41,2025-02-06 20:56:00.508289+00:00,2025-02-09 20:56:00.508289+00:00,2025-02-09 20:11:29.263373+00:00,0.0355,total_energy_pkg,unit_test_energy,KlaerungDurchNetzbetreiber
_result,41,2025-02-06 20:56:00.508289+00:00,2025-02-09 20:56:00.508289+00:00,2025-02-09 20:12:19.281169+00:00,0.0816,total_energy_pkg,unit_test_energy,KlaerungDurchNetzbetreiber
_result,41,2025-02-06 20:56:00.508289+00:00,2025-02-09 20:56:00.508289+00:00,2025-02-09 20:13:09.291622+00:00,0.079,total_energy_pkg,unit_test_energy,KlaerungDurchNetzbetreiber
_result,41,2025-02-06 20:56:00.508289+00:00,2025-02-09 20:56:00.508289+00:00,2025-02-09 20:13:59.342971+00:00,0.0518,total_energy_pkg,unit_test_energy,KlaerungDurchNetzbetreiber
_result,41,2025-02-06 20:56:00.508289+00:00,2025-02-09 20:56:00.508289+00:00,2025-02-09 20:14:49.458921+00:00,0.068,total_energy_pkg,unit_test_energy,KlaerungDurchNetzbetreiber
_result,41,2025-02-06 20:56:00.508289+00:00,2025-02-09 20:56:00.508289+00:00,2025-02-09 20:15:39.481466+00:00,0.0475,total_energy_pkg,unit_test_energy,KlaerungDurchNetzbetreiber
_result,41,2025-02-06 20:56:00.508289+00:00,2025-02-09 20:56:00.508289+00:00,2025-02-09 20:16:29.456184+00:00,0.0439,total_energy_pkg,unit_test_energy,KlaerungDurchNetzbetreiber
_result,41,2025-02-06 20:56:00.508289+00:00,2025-02-09 20:56:00.508289+00:00,2025-02-09 20:17:19.427381+00:00,0.0247,total_energy_pkg,unit_test_energy,KlaerungDurchNetzbetreiber
_result,41,2025-02-06 20:56:00.508289+00:00,2025-02-09 20:56:00.508289+00:00,2025-02-09 20:18:09.419959+00:00,0.0506,total_energy_pkg,unit_test_energy,KlaerungDurchNetzbetreiber
_result,41,2025-02-06 20:56:00.508289+00:00,2025-02-09 20:56:00.508289+00:00,2025-02-09 20:18:59.316426+00:00,0.0507,total_energy_pkg,unit_test_energy,KlaerungDurchNetzbetreiber
_result,41,2025-02-06 20:56:00.508289+00:00,2025-02-09 20:56:00.508289+00:00,2025-02-09 20:19:49.338259+00:00,0.0637,total_energy_pkg,unit_test_energy,KlaerungDurchNetzbetreiber
_result,42,2025-02-06 20:56:00.508289+00:00,2025-02-09 20:56:00.508289+00:00,2025-02-09 19:11:53.291697+00:00,0.6118,avg_energy_dram,unit_test_energy,ShouldSetCorrectEditableValue
_result,42,2025-02-06 20:56:00.508289+00:00,2025-02-09 20:56:00.508289+00:00,2025-02-09 19:11:58.333611+00:00,0.3694,avg_energy_dram,unit_test_energy,ShouldSetCorrectEditableValue
_result,42,2025-02-06 20:56:00.508289+00:00,2025-02-09 20:56:00.508289+00:00,2025-02-09 19:12:03.361952+00:00,0.4007,avg_energy_dram,unit_test_energy,ShouldSetCorrectEditableValue
_result,42,2025-02-06 20:56:00.508289+00:00,2025-02-09 20:56:00.508289+00:00,2025-02-09 19:12:08.379777+00:00,0.3571,avg_energy_dram,unit_test_energy,ShouldSetCorrectEditableValue
_result,42,2025-02-06 20:56:00.508289+00:00,2025-02-09 20:56:00.508289+00:00,2025-02-09 19:12:13.404995+00:00,0.4346,avg_energy_dram,unit_test_energy,ShouldSetCorrectEditableValue
_result,42,2025-02-06 20:56:00.508289+00:00,2025-02-09 20:56:00.508289+00:00,2025-02-09 19:12:18.426702+00:00,0.5226,avg_energy_dram,unit_test_energy,ShouldSetCorrectEditableValue
_result,42,2025-02-06 20:56:00.508289+00:00,2025-02-09 20:56:00.508289+00:00,2025-02-09 19:12:23.442349+00:00,0.3947,avg_energy_dram,unit_test_energy,ShouldSetCorrectEditableValue
_result,42,2025-02-06 20:56:00.508289+00:00,2025-02-09 20:56:00.508289+00:00,2025-02-09 19:12:28.472176+00:00,0.331,avg_energy_dram,unit_test_energy,ShouldSetCorrectEditableValue
_result,43,2025-02-06 20:56:00.508289+00:00,2025-02-09 20:56:00.508289+00:00,2025-02-09 19:11:53.291697+00:00,7.7682,avg_energy_pkg,unit_test_energy,ShouldSetCorrectEditableValue
_result,43,2025-02-06 20:56:00.508289+00:00,2025-02-09 20:56:00.508289+00:00,2025-02-09 19:11:58.333611+00:00,4.3354,avg_energy_pkg,unit_test_energy,ShouldSetCorrectEditableValue
_result,43,2025-02-06 20:56:00.508289+00:00,2025-02-09 20:56:00.508289+00:00,2025-02-09 19:12:03.361952+00:00,3.1094,avg_energy_pkg,unit_test_energy,ShouldSetCorrectEditableValue
_result,43,2025-02-06 20:56:00.508289+00:00,2025-02-09 20:56:00.508289+00:00,2025-02-09 19:12:08.379777+00:00,3.0541,avg_energy_pkg,unit_test_energy,ShouldSetCorrectEditableValue
_result,43,2025-02-06 20:56:00.508289+00:00,2025-02-09 20:56:00.508289+00:00,2025-02-09 19:12:13.404995+00:00,0.9252,avg_energy_pkg,unit_test_energy,ShouldSetCorrectEditableValue
_result,43,2025-02-06 20:56:00.508289+00:00,2025-02-09 20:56:00.508289+00:00,2025-02-09 19:12:18.426702+00:00,3.7556,avg_energy_pkg,unit_test_energy,ShouldSetCorrectEditableValue
_result,43,2025-02-06 20:56:00.508289+00:00,2025-02-09 20:56:00.508289+00:00,2025-02-09 19:12:23.442349+00:00,2.2792,avg_energy_pkg,unit_test_energy,ShouldSetCorrectEditableValue
_result,43,2025-02-06 20:56:00.508289+00:00,2025-02-09 20:56:00.508289+00:00,2025-02-09 19:12:28.472176+00:00,2.2488,avg_energy_pkg,unit_test_energy,ShouldSetCorrectEditableValue
_result,44,2025-02-06 20:56:00.508289+00:00,2025-02-09 20:56:00.508289+00:00,2025-02-09 19:11:53.291697+00:00,0.0565,duration,unit_test_energy,ShouldSetCorrectEditableValue
_result,44,2025-02-06 20:56:00.508289+00:00,2025-02-09 20:56:00.508289+00:00,2025-02-09 19:11:58.333611+00:00,0.0137,duration,unit_test_energy,ShouldSetCorrectEditableValue
_result,44,2025-02-06 20:56:00.508289+00:00,2025-02-09 20:56:00.508289+00:00,2025-02-09 19:12:03.361952+00:00,0.0171,duration,unit_test_energy,ShouldSetCorrectEditableValue
_result,44,2025-02-06 20:56:00.508289+00:00,2025-02-09 20:56:00.508289+00:00,2025-02-09 19:12:08.379777+00:00,0.013,duration,unit_test_energy,ShouldSetCorrectEditableValue
_result,44,2025-02-06 20:56:00.508289+00:00,2025-02-09 20:56:00.508289+00:00,2025-02-09 19:12:13.404995+00:00,0.0142,duration,unit_test_energy,ShouldSetCorrectEditableValue
_result,44,2025-02-06 20:56:00.508289+00:00,2025-02-09 20:56:00.508289+00:00,2025-02-09 19:12:18.426702+00:00,0.0157,duration,unit_test_energy,ShouldSetCorrectEditableValue
_result,44,2025-02-06 20:56:00.508289+00:00,2025-02-09 20:56:00.508289+00:00,2025-02-09 19:12:23.442349+00:00,0.011,duration,unit_test_energy,ShouldSetCorrectEditableValue
_result,44,2025-02-06 20:56:00.508289+00:00,2025-02-09 20:56:00.508289+00:00,2025-02-09 19:12:28.472176+00:00,0.0179,duration,unit_test_energy,ShouldSetCorrectEditableValue
_result,45,2025-02-06 20:56:00.508289+00:00,2025-02-09 20:56:00.508289+00:00,2025-02-09 19:11:53.291697+00:00,0.6396,median_energy_dram,unit_test_energy,ShouldSetCorrectEditableValue
_result,45,2025-02-06 20:56:00.508289+00:00,2025-02-09 20:56:00.508289+00:00,2025-02-09 19:11:58.333611+00:00,0.0,median_energy_dram,unit_test_energy,ShouldSetCorrectEditableValue
_result,45,2025-02-06 20:56:00.508289+00:00,2025-02-09 20:56:00.508289+00:00,2025-02-09 19:12:03.361952+00:00,0.0,median_energy_dram,unit_test_energy,ShouldSetCorrectEditableValue
_result,45,2025-02-06 20:56:00.508289+00:00,2025-02-09 20:56:00.508289+00:00,2025-02-09 19:12:08.379777+00:00,0.0,median_energy_dram,unit_test_energy,ShouldSetCorrectEditableValue
_result,45,2025-02-06 20:56:00.508289+00:00,2025-02-09 20:56:00.508289+00:00,2025-02-09 19:12:13.404995+00:00,0.0,median_energy_dram,unit_test_energy,ShouldSetCorrectEditableValue
_result,45,2025-02-06 20:56:00.508289+00:00,2025-02-09 20:56:00.508289+00:00,2025-02-09 19:12:18.426702+00:00,0.0,median_energy_dram,unit_test_energy,ShouldSetCorrectEditableValue
_result,45,2025-02-06 20:56:00.508289+00:00,2025-02-09 20:56:00.508289+00:00,2025-02-09 19:12:23.442349+00:00,0.0,median_energy_dram,unit_test_energy,ShouldSetCorrectEditableValue
_result,45,2025-02-06 20:56:00.508289+00:00,2025-02-09 20:56:00.508289+00:00,2025-02-09 19:12:28.472176+00:00,0.0,median_energy_dram,unit_test_energy,ShouldSetCorrectEditableValue
_result,46,2025-02-06 20:56:00.508289+00:00,2025-02-09 20:56:00.508289+00:00,2025-02-09 19:11:53.291697+00:00,7.9395,median_energy_pkg,unit_test_energy,ShouldSetCorrectEditableValue
_result,46,2025-02-06 20:56:00.508289+00:00,2025-02-09 20:56:00.508289+00:00,2025-02-09 19:11:58.333611+00:00,0.0,median_energy_pkg,unit_test_energy,ShouldSetCorrectEditableValue
_result,46,2025-02-06 20:56:00.508289+00:00,2025-02-09 20:56:00.508289+00:00,2025-02-09 19:12:03.361952+00:00,0.0,median_energy_pkg,unit_test_energy,ShouldSetCorrectEditableValue
_result,46,2025-02-06 20:56:00.508289+00:00,2025-02-09 20:56:00.508289+00:00,2025-02-09 19:12:08.379777+00:00,0.0,median_energy_pkg,unit_test_energy,ShouldSetCorrectEditableValue
_result,46,2025-02-06 20:56:00.508289+00:00,2025-02-09 20:56:00.508289+00:00,2025-02-09 19:12:13.404995+00:00,0.0,median_energy_pkg,unit_test_energy,ShouldSetCorrectEditableValue
_result,46,2025-02-06 20:56:00.508289+00:00,2025-02-09 20:56:00.508289+00:00,2025-02-09 19:12:18.426702+00:00,0.0,median_energy_pkg,unit_test_energy,ShouldSetCorrectEditableValue
_result,46,2025-02-06 20:56:00.508289+00:00,2025-02-09 20:56:00.508289+00:00,2025-02-09 19:12:23.442349+00:00,0.0,median_energy_pkg,unit_test_energy,ShouldSetCorrectEditableValue
_result,46,2025-02-06 20:56:00.508289+00:00,2025-02-09 20:56:00.508289+00:00,2025-02-09 19:12:28.472176+00:00,0.0,median_energy_pkg,unit_test_energy,ShouldSetCorrectEditableValue
_result,47,2025-02-06 20:56:00.508289+00:00,2025-02-09 20:56:00.508289+00:00,2025-02-09 19:11:53.291697+00:00,0.0345,total_energy_dram,unit_test_energy,ShouldSetCorrectEditableValue
_result,47,2025-02-06 20:56:00.508289+00:00,2025-02-09 20:56:00.508289+00:00,2025-02-09 19:11:58.333611+00:00,0.0051,total_energy_dram,unit_test_energy,ShouldSetCorrectEditableValue
_result,47,2025-02-06 20:56:00.508289+00:00,2025-02-09 20:56:00.508289+00:00,2025-02-09 19:12:03.361952+00:00,0.0068,total_energy_dram,unit_test_energy,ShouldSetCorrectEditableValue
_result,47,2025-02-06 20:56:00.508289+00:00,2025-02-09 20:56:00.508289+00:00,2025-02-09 19:12:08.379777+00:00,0.0046,total_energy_dram,unit_test_energy,ShouldSetCorrectEditableValue
_result,47,2025-02-06 20:56:00.508289+00:00,2025-02-09 20:56:00.508289+00:00,2025-02-09 19:12:13.404995+00:00,0.0062,total_energy_dram,unit_test_energy,ShouldSetCorrectEditableValue
_result,47,2025-02-06 20:56:00.508289+00:00,2025-02-09 20:56:00.508289+00:00,2025-02-09 19:12:18.426702+00:00,0.0082,total_energy_dram,unit_test_energy,ShouldSetCorrectEditableValue
_result,47,2025-02-06 20:56:00.508289+00:00,2025-02-09 20:56:00.508289+00:00,2025-02-09 19:12:23.442349+00:00,0.0043,total_energy_dram,unit_test_energy,ShouldSetCorrectEditableValue
_result,47,2025-02-06 20:56:00.508289+00:00,2025-02-09 20:56:00.508289+00:00,2025-02-09 19:12:28.472176+00:00,0.0059,total_energy_dram,unit_test_energy,ShouldSetCorrectEditableValue
_result,48,2025-02-06 20:56:00.508289+00:00,2025-02-09 20:56:00.508289+00:00,2025-02-09 19:11:53.291697+00:00,0.4387,total_energy_pkg,unit_test_energy,ShouldSetCorrectEditableValue
_result,48,2025-02-06 20:56:00.508289+00:00,2025-02-09 20:56:00.508289+00:00,2025-02-09 19:11:58.333611+00:00,0.0594,total_energy_pkg,unit_test_energy,ShouldSetCorrectEditableValue
_result,48,2025-02-06 20:56:00.508289+00:00,2025-02-09 20:56:00.508289+00:00,2025-02-09 19:12:03.361952+00:00,0.053,total_energy_pkg,unit_test_energy,ShouldSetCorrectEditableValue
_result,48,2025-02-06 20:56:00.508289+00:00,2025-02-09 20:56:00.508289+00:00,2025-02-09 19:12:08.379777+00:00,0.0397,total_energy_pkg,unit_test_energy,ShouldSetCorrectEditableValue
_result,48,2025-02-06 20:56:00.508289+00:00,2025-02-09 20:56:00.508289+00:00,2025-02-09 19:12:13.404995+00:00,0.0131,total_energy_pkg,unit_test_energy,ShouldSetCorrectEditableValue
_result,48,2025-02-06 20:56:00.508289+00:00,2025-02-09 20:56:00.508289+00:00,2025-02-09 19:12:18.426702+00:00,0.0588,total_energy_pkg,unit_test_energy,ShouldSetCorrectEditableValue
_result,48,2025-02-06 20:56:00.508289+00:00,2025-02-09 20:56:00.508289+00:00,2025-02-09 19:12:23.442349+00:00,0.025,total_energy_pkg,unit_test_energy,ShouldSetCorrectEditableValue
_result,48,2025-02-06 20:56:00.508289+00:00,2025-02-09 20:56:00.508289+00:00,2025-02-09 19:12:28.472176+00:00,0.0402,total_energy_pkg,unit_test_energy,ShouldSetCorrectEditableValue
_result,49,2025-02-06 20:56:00.508289+00:00,2025-02-09 20:56:00.508289+00:00,2025-02-09 19:47:20.684291+00:00,0.3267,avg_energy_dram,unit_test_energy,Ungeprüft
_result,49,2025-02-06 20:56:00.508289+00:00,2025-02-09 20:56:00.508289+00:00,2025-02-09 19:55:43.830745+00:00,0.3189,avg_energy_dram,unit_test_energy,Ungeprüft
_result,49,2025-02-06 20:56:00.508289+00:00,2025-02-09 20:56:00.508289+00:00,2025-02-09 19:56:33.858003+00:00,0.3683,avg_energy_dram,unit_test_energy,Ungeprüft
_result,49,2025-02-06 20:56:00.508289+00:00,2025-02-09 20:56:00.508289+00:00,2025-02-09 19:57:23.916890+00:00,0.2948,avg_energy_dram,unit_test_energy,Ungeprüft
_result,49,2025-02-06 20:56:00.508289+00:00,2025-02-09 20:56:00.508289+00:00,2025-02-09 19:58:13.883472+00:00,0.2867,avg_energy_dram,unit_test_energy,Ungeprüft
_result,49,2025-02-06 20:56:00.508289+00:00,2025-02-09 20:56:00.508289+00:00,2025-02-09 19:59:04.047047+00:00,0.3477,avg_energy_dram,unit_test_energy,Ungeprüft
_result,49,2025-02-06 20:56:00.508289+00:00,2025-02-09 20:56:00.508289+00:00,2025-02-09 19:59:54.155851+00:00,0.3522,avg_energy_dram,unit_test_energy,Ungeprüft
_result,49,2025-02-06 20:56:00.508289+00:00,2025-02-09 20:56:00.508289+00:00,2025-02-09 20:00:44.166454+00:00,0.3064,avg_energy_dram,unit_test_energy,Ungeprüft
_result,49,2025-02-06 20:56:00.508289+00:00,2025-02-09 20:56:00.508289+00:00,2025-02-09 20:01:34.183366+00:00,0.4655,avg_energy_dram,unit_test_energy,Ungeprüft
_result,49,2025-02-06 20:56:00.508289+00:00,2025-02-09 20:56:00.508289+00:00,2025-02-09 20:02:24.208570+00:00,0.3553,avg_energy_dram,unit_test_energy,Ungeprüft
_result,49,2025-02-06 20:56:00.508289+00:00,2025-02-09 20:56:00.508289+00:00,2025-02-09 20:03:14.203146+00:00,0.3675,avg_energy_dram,unit_test_energy,Ungeprüft
_result,49,2025-02-06 20:56:00.508289+00:00,2025-02-09 20:56:00.508289+00:00,2025-02-09 20:04:04.228575+00:00,0.3356,avg_energy_dram,unit_test_energy,Ungeprüft
_result,49,2025-02-06 20:56:00.508289+00:00,2025-02-09 20:56:00.508289+00:00,2025-02-09 20:04:54.308768+00:00,0.3438,avg_energy_dram,unit_test_energy,Ungeprüft
_result,49,2025-02-06 20:56:00.508289+00:00,2025-02-09 20:56:00.508289+00:00,2025-02-09 20:05:44.402646+00:00,0.3397,avg_energy_dram,unit_test_energy,Ungeprüft
_result,49,2025-02-06 20:56:00.508289+00:00,2025-02-09 20:56:00.508289+00:00,2025-02-09 20:06:34.463558+00:00,0.2886,avg_energy_dram,unit_test_energy,Ungeprüft
_result,49,2025-02-06 20:56:00.508289+00:00,2025-02-09 20:56:00.508289+00:00,2025-02-09 20:07:24.444179+00:00,0.2964,avg_energy_dram,unit_test_energy,Ungeprüft
_result,49,2025-02-06 20:56:00.508289+00:00,2025-02-09 20:56:00.508289+00:00,2025-02-09 20:08:19.201549+00:00,0.3127,avg_energy_dram,unit_test_energy,Ungeprüft
_result,49,2025-02-06 20:56:00.508289+00:00,2025-02-09 20:56:00.508289+00:00,2025-02-09 20:09:09.289744+00:00,0.3489,avg_energy_dram,unit_test_energy,Ungeprüft
_result,49,2025-02-06 20:56:00.508289+00:00,2025-02-09 20:56:00.508289+00:00,2025-02-09 20:09:59.338055+00:00,0.3004,avg_energy_dram,unit_test_energy,Ungeprüft
_result,49,2025-02-06 20:56:00.508289+00:00,2025-02-09 20:56:00.508289+00:00,2025-02-09 20:10:49.354849+00:00,0.3671,avg_energy_dram,unit_test_energy,Ungeprüft
_result,49,2025-02-06 20:56:00.508289+00:00,2025-02-09 20:56:00.508289+00:00,2025-02-09 20:11:39.319541+00:00,0.4173,avg_energy_dram,unit_test_energy,Ungeprüft
_result,49,2025-02-06 20:56:00.508289+00:00,2025-02-09 20:56:00.508289+00:00,2025-02-09 20:12:29.335109+00:00,0.3207,avg_energy_dram,unit_test_energy,Ungeprüft
_result,49,2025-02-06 20:56:00.508289+00:00,2025-02-09 20:56:00.508289+00:00,2025-02-09 20:13:19.345745+00:00,0.3215,avg_energy_dram,unit_test_energy,Ungeprüft
_result,49,2025-02-06 20:56:00.508289+00:00,2025-02-09 20:56:00.508289+00:00,2025-02-09 20:14:09.399540+00:00,0.3033,avg_energy_dram,unit_test_energy,Ungeprüft
_result,49,2025-02-06 20:56:00.508289+00:00,2025-02-09 20:56:00.508289+00:00,2025-02-09 20:14:59.523468+00:00,0.2691,avg_energy_dram,unit_test_energy,Ungeprüft
_result,49,2025-02-06 20:56:00.508289+00:00,2025-02-09 20:56:00.508289+00:00,2025-02-09 20:15:49.545361+00:00,0.3679,avg_energy_dram,unit_test_energy,Ungeprüft
_result,49,2025-02-06 20:56:00.508289+00:00,2025-02-09 20:56:00.508289+00:00,2025-02-09 20:16:39.523427+00:00,0.3562,avg_energy_dram,unit_test_energy,Ungeprüft
_result,49,2025-02-06 20:56:00.508289+00:00,2025-02-09 20:56:00.508289+00:00,2025-02-09 20:17:29.474125+00:00,0.3469,avg_energy_dram,unit_test_energy,Ungeprüft
_result,49,2025-02-06 20:56:00.508289+00:00,2025-02-09 20:56:00.508289+00:00,2025-02-09 20:18:19.467628+00:00,0.3543,avg_energy_dram,unit_test_energy,Ungeprüft
_result,49,2025-02-06 20:56:00.508289+00:00,2025-02-09 20:56:00.508289+00:00,2025-02-09 20:19:09.365339+00:00,0.3489,avg_energy_dram,unit_test_energy,Ungeprüft
_result,49,2025-02-06 20:56:00.508289+00:00,2025-02-09 20:56:00.508289+00:00,2025-02-09 20:19:59.387136+00:00,0.2955,avg_energy_dram,unit_test_energy,Ungeprüft
_result,50,2025-02-06 20:56:00.508289+00:00,2025-02-09 20:56:00.508289+00:00,2025-02-09 19:47:20.684291+00:00,2.7633,avg_energy_pkg,unit_test_energy,Ungeprüft
_result,50,2025-02-06 20:56:00.508289+00:00,2025-02-09 20:56:00.508289+00:00,2025-02-09 19:55:43.830745+00:00,2.7454,avg_energy_pkg,unit_test_energy,Ungeprüft
_result,50,2025-02-06 20:56:00.508289+00:00,2025-02-09 20:56:00.508289+00:00,2025-02-09 19:56:33.858003+00:00,0.9916,avg_energy_pkg,unit_test_energy,Ungeprüft
_result,50,2025-02-06 20:56:00.508289+00:00,2025-02-09 20:56:00.508289+00:00,2025-02-09 19:57:23.916890+00:00,2.0759,avg_energy_pkg,unit_test_energy,Ungeprüft
_result,50,2025-02-06 20:56:00.508289+00:00,2025-02-09 20:56:00.508289+00:00,2025-02-09 19:58:13.883472+00:00,0.9991,avg_energy_pkg,unit_test_energy,Ungeprüft
_result,50,2025-02-06 20:56:00.508289+00:00,2025-02-09 20:56:00.508289+00:00,2025-02-09 19:59:04.047047+00:00,1.5054,avg_energy_pkg,unit_test_energy,Ungeprüft
_result,50,2025-02-06 20:56:00.508289+00:00,2025-02-09 20:56:00.508289+00:00,2025-02-09 19:59:54.155851+00:00,1.0063,avg_energy_pkg,unit_test_energy,Ungeprüft
_result,50,2025-02-06 20:56:00.508289+00:00,2025-02-09 20:56:00.508289+00:00,2025-02-09 20:00:44.166454+00:00,0.937,avg_energy_pkg,unit_test_energy,Ungeprüft
_result,50,2025-02-06 20:56:00.508289+00:00,2025-02-09 20:56:00.508289+00:00,2025-02-09 20:01:34.183366+00:00,5.1722,avg_energy_pkg,unit_test_energy,Ungeprüft
_result,50,2025-02-06 20:56:00.508289+00:00,2025-02-09 20:56:00.508289+00:00,2025-02-09 20:02:24.208570+00:00,0.5029,avg_energy_pkg,unit_test_energy,Ungeprüft
_result,50,2025-02-06 20:56:00.508289+00:00,2025-02-09 20:56:00.508289+00:00,2025-02-09 20:03:14.203146+00:00,1.3086,avg_energy_pkg,unit_test_energy,Ungeprüft
_result,50,2025-02-06 20:56:00.508289+00:00,2025-02-09 20:56:00.508289+00:00,2025-02-09 20:04:04.228575+00:00,2.471,avg_energy_pkg,unit_test_energy,Ungeprüft
_result,50,2025-02-06 20:56:00.508289+00:00,2025-02-09 20:56:00.508289+00:00,2025-02-09 20:04:54.308768+00:00,1.3102,avg_energy_pkg,unit_test_energy,Ungeprüft
_result,50,2025-02-06 20:56:00.508289+00:00,2025-02-09 20:56:00.508289+00:00,2025-02-09 20:05:44.402646+00:00,2.3423,avg_energy_pkg,unit_test_energy,Ungeprüft
_result,50,2025-02-06 20:56:00.508289+00:00,2025-02-09 20:56:00.508289+00:00,2025-02-09 20:06:34.463558+00:00,1.5275,avg_energy_pkg,unit_test_energy,Ungeprüft
_result,50,2025-02-06 20:56:00.508289+00:00,2025-02-09 20:56:00.508289+00:00,2025-02-09 20:07:24.444179+00:00,0.7097,avg_energy_pkg,unit_test_energy,Ungeprüft
_result,50,2025-02-06 20:56:00.508289+00:00,2025-02-09 20:56:00.508289+00:00,2025-02-09 20:08:19.201549+00:00,0.7141,avg_energy_pkg,unit_test_energy,Ungeprüft
_result,50,2025-02-06 20:56:00.508289+00:00,2025-02-09 20:56:00.508289+00:00,2025-02-09 20:09:09.289744+00:00,1.5974,avg_energy_pkg,unit_test_energy,Ungeprüft
_result,50,2025-02-06 20:56:00.508289+00:00,2025-02-09 20:56:00.508289+00:00,2025-02-09 20:09:59.338055+00:00,2.3553,avg_energy_pkg,unit_test_energy,Ungeprüft
_result,50,2025-02-06 20:56:00.508289+00:00,2025-02-09 20:56:00.508289+00:00,2025-02-09 20:10:49.354849+00:00,2.5698,avg_energy_pkg,unit_test_energy,Ungeprüft
_result,50,2025-02-06 20:56:00.508289+00:00,2025-02-09 20:56:00.508289+00:00,2025-02-09 20:11:39.319541+00:00,1.0015,avg_energy_pkg,unit_test_energy,Ungeprüft
_result,50,2025-02-06 20:56:00.508289+00:00,2025-02-09 20:56:00.508289+00:00,2025-02-09 20:12:29.335109+00:00,1.0569,avg_energy_pkg,unit_test_energy,Ungeprüft
_result,50,2025-02-06 20:56:00.508289+00:00,2025-02-09 20:56:00.508289+00:00,2025-02-09 20:13:19.345745+00:00,1.0584,avg_energy_pkg,unit_test_energy,Ungeprüft
_result,50,2025-02-06 20:56:00.508289+00:00,2025-02-09 20:56:00.508289+00:00,2025-02-09 20:14:09.399540+00:00,0.5856,avg_energy_pkg,unit_test_energy,Ungeprüft
_result,50,2025-02-06 20:56:00.508289+00:00,2025-02-09 20:56:00.508289+00:00,2025-02-09 20:14:59.523468+00:00,1.8304,avg_energy_pkg,unit_test_energy,Ungeprüft
_result,50,2025-02-06 20:56:00.508289+00:00,2025-02-09 20:56:00.508289+00:00,2025-02-09 20:15:49.545361+00:00,1.4549,avg_energy_pkg,unit_test_energy,Ungeprüft
_result,50,2025-02-06 20:56:00.508289+00:00,2025-02-09 20:56:00.508289+00:00,2025-02-09 20:16:39.523427+00:00,0.5922,avg_energy_pkg,unit_test_energy,Ungeprüft
_result,50,2025-02-06 20:56:00.508289+00:00,2025-02-09 20:56:00.508289+00:00,2025-02-09 20:17:29.474125+00:00,0.4347,avg_energy_pkg,unit_test_energy,Ungeprüft
_result,50,2025-02-06 20:56:00.508289+00:00,2025-02-09 20:56:00.508289+00:00,2025-02-09 20:18:19.467628+00:00,1.7496,avg_energy_pkg,unit_test_energy,Ungeprüft
_result,50,2025-02-06 20:56:00.508289+00:00,2025-02-09 20:56:00.508289+00:00,2025-02-09 20:19:09.365339+00:00,0.9982,avg_energy_pkg,unit_test_energy,Ungeprüft
_result,50,2025-02-06 20:56:00.508289+00:00,2025-02-09 20:56:00.508289+00:00,2025-02-09 20:19:59.387136+00:00,1.869,avg_energy_pkg,unit_test_energy,Ungeprüft
_result,51,2025-02-06 20:56:00.508289+00:00,2025-02-09 20:56:00.508289+00:00,2025-02-09 19:47:20.684291+00:00,0.0176,duration,unit_test_energy,Ungeprüft
_result,51,2025-02-06 20:56:00.508289+00:00,2025-02-09 20:56:00.508289+00:00,2025-02-09 19:55:43.830745+00:00,0.0142,duration,unit_test_energy,Ungeprüft
_result,51,2025-02-06 20:56:00.508289+00:00,2025-02-09 20:56:00.508289+00:00,2025-02-09 19:56:33.858003+00:00,0.0129,duration,unit_test_energy,Ungeprüft
_result,51,2025-02-06 20:56:00.508289+00:00,2025-02-09 20:56:00.508289+00:00,2025-02-09 19:57:23.916890+00:00,0.0151,duration,unit_test_energy,Ungeprüft
_result,51,2025-02-06 20:56:00.508289+00:00,2025-02-09 20:56:00.508289+00:00,2025-02-09 19:58:13.883472+00:00,0.0141,duration,unit_test_energy,Ungeprüft
_result,51,2025-02-06 20:56:00.508289+00:00,2025-02-09 20:56:00.508289+00:00,2025-02-09 19:59:04.047047+00:00,0.0144,duration,unit_test_energy,Ungeprüft
_result,51,2025-02-06 20:56:00.508289+00:00,2025-02-09 20:56:00.508289+00:00,2025-02-09 19:59:54.155851+00:00,0.0146,duration,unit_test_energy,Ungeprüft
_result,51,2025-02-06 20:56:00.508289+00:00,2025-02-09 20:56:00.508289+00:00,2025-02-09 20:00:44.166454+00:00,0.0137,duration,unit_test_energy,Ungeprüft
_result,51,2025-02-06 20:56:00.508289+00:00,2025-02-09 20:56:00.508289+00:00,2025-02-09 20:01:34.183366+00:00,0.0106,duration,unit_test_energy,Ungeprüft
_result,51,2025-02-06 20:56:00.508289+00:00,2025-02-09 20:56:00.508289+00:00,2025-02-09 20:02:24.208570+00:00,0.0132,duration,unit_test_energy,Ungeprüft
_result,51,2025-02-06 20:56:00.508289+00:00,2025-02-09 20:56:00.508289+00:00,2025-02-09 20:03:14.203146+00:00,0.0136,duration,unit_test_energy,Ungeprüft
_result,51,2025-02-06 20:56:00.508289+00:00,2025-02-09 20:56:00.508289+00:00,2025-02-09 20:04:04.228575+00:00,0.014,duration,unit_test_energy,Ungeprüft
_result,51,2025-02-06 20:56:00.508289+00:00,2025-02-09 20:56:00.508289+00:00,2025-02-09 20:04:54.308768+00:00,0.0131,duration,unit_test_energy,Ungeprüft
_result,51,2025-02-06 20:56:00.508289+00:00,2025-02-09 20:56:00.508289+00:00,2025-02-09 20:05:44.402646+00:00,0.019,duration,unit_test_energy,Ungeprüft
_result,51,2025-02-06 20:56:00.508289+00:00,2025-02-09 20:56:00.508289+00:00,2025-02-09 20:06:34.463558+00:00,0.0195,duration,unit_test_energy,Ungeprüft
_result,51,2025-02-06 20:56:00.508289+00:00,2025-02-09 20:56:00.508289+00:00,2025-02-09 20:07:24.444179+00:00,0.0146,duration,unit_test_energy,Ungeprüft
_result,51,2025-02-06 20:56:00.508289+00:00,2025-02-09 20:56:00.508289+00:00,2025-02-09 20:08:19.201549+00:00,0.0144,duration,unit_test_energy,Ungeprüft
_result,51,2025-02-06 20:56:00.508289+00:00,2025-02-09 20:56:00.508289+00:00,2025-02-09 20:09:09.289744+00:00,0.0145,duration,unit_test_energy,Ungeprüft
_result,51,2025-02-06 20:56:00.508289+00:00,2025-02-09 20:56:00.508289+00:00,2025-02-09 20:09:59.338055+00:00,0.014,duration,unit_test_energy,Ungeprüft
_result,51,2025-02-06 20:56:00.508289+00:00,2025-02-09 20:56:00.508289+00:00,2025-02-09 20:10:49.354849+00:00,0.0133,duration,unit_test_energy,Ungeprüft
_result,51,2025-02-06 20:56:00.508289+00:00,2025-02-09 20:56:00.508289+00:00,2025-02-09 20:11:39.319541+00:00,0.0146,duration,unit_test_energy,Ungeprüft
_result,51,2025-02-06 20:56:00.508289+00:00,2025-02-09 20:56:00.508289+00:00,2025-02-09 20:12:29.335109+00:00,0.0135,duration,unit_test_energy,Ungeprüft
_result,51,2025-02-06 20:56:00.508289+00:00,2025-02-09 20:56:00.508289+00:00,2025-02-09 20:13:19.345745+00:00,0.0137,duration,unit_test_energy,Ungeprüft
_result,51,2025-02-06 20:56:00.508289+00:00,2025-02-09 20:56:00.508289+00:00,2025-02-09 20:14:09.399540+00:00,0.0145,duration,unit_test_energy,Ungeprüft
_result,51,2025-02-06 20:56:00.508289+00:00,2025-02-09 20:56:00.508289+00:00,2025-02-09 20:14:59.523468+00:00,0.0218,duration,unit_test_energy,Ungeprüft
_result,51,2025-02-06 20:56:00.508289+00:00,2025-02-09 20:56:00.508289+00:00,2025-02-09 20:15:49.545361+00:00,0.0181,duration,unit_test_energy,Ungeprüft
_result,51,2025-02-06 20:56:00.508289+00:00,2025-02-09 20:56:00.508289+00:00,2025-02-09 20:16:39.523427+00:00,0.0132,duration,unit_test_energy,Ungeprüft
_result,51,2025-02-06 20:56:00.508289+00:00,2025-02-09 20:56:00.508289+00:00,2025-02-09 20:17:29.474125+00:00,0.0132,duration,unit_test_energy,Ungeprüft
_result,51,2025-02-06 20:56:00.508289+00:00,2025-02-09 20:56:00.508289+00:00,2025-02-09 20:18:19.467628+00:00,0.0138,duration,unit_test_energy,Ungeprüft
_result,51,2025-02-06 20:56:00.508289+00:00,2025-02-09 20:56:00.508289+00:00,2025-02-09 20:19:09.365339+00:00,0.0138,duration,unit_test_energy,Ungeprüft
_result,51,2025-02-06 20:56:00.508289+00:00,2025-02-09 20:56:00.508289+00:00,2025-02-09 20:19:59.387136+00:00,0.0147,duration,unit_test_energy,Ungeprüft
_result,52,2025-02-06 20:56:00.508289+00:00,2025-02-09 20:56:00.508289+00:00,2025-02-09 19:47:20.684291+00:00,0.0,median_energy_dram,unit_test_energy,Ungeprüft
_result,52,2025-02-06 20:56:00.508289+00:00,2025-02-09 20:56:00.508289+00:00,2025-02-09 19:55:43.830745+00:00,0.0,median_energy_dram,unit_test_energy,Ungeprüft
_result,52,2025-02-06 20:56:00.508289+00:00,2025-02-09 20:56:00.508289+00:00,2025-02-09 19:56:33.858003+00:00,0.0,median_energy_dram,unit_test_energy,Ungeprüft
_result,52,2025-02-06 20:56:00.508289+00:00,2025-02-09 20:56:00.508289+00:00,2025-02-09 19:57:23.916890+00:00,0.0,median_energy_dram,unit_test_energy,Ungeprüft
_result,52,2025-02-06 20:56:00.508289+00:00,2025-02-09 20:56:00.508289+00:00,2025-02-09 19:58:13.883472+00:00,0.0,median_energy_dram,unit_test_energy,Ungeprüft
_result,52,2025-02-06 20:56:00.508289+00:00,2025-02-09 20:56:00.508289+00:00,2025-02-09 19:59:04.047047+00:00,0.0,median_energy_dram,unit_test_energy,Ungeprüft
_result,52,2025-02-06 20:56:00.508289+00:00,2025-02-09 20:56:00.508289+00:00,2025-02-09 19:59:54.155851+00:00,0.0,median_energy_dram,unit_test_energy,Ungeprüft
_result,52,2025-02-06 20:56:00.508289+00:00,2025-02-09 20:56:00.508289+00:00,2025-02-09 20:00:44.166454+00:00,0.0,median_energy_dram,unit_test_energy,Ungeprüft
_result,52,2025-02-06 20:56:00.508289+00:00,2025-02-09 20:56:00.508289+00:00,2025-02-09 20:01:34.183366+00:00,0.0,median_energy_dram,unit_test_energy,Ungeprüft
_result,52,2025-02-06 20:56:00.508289+00:00,2025-02-09 20:56:00.508289+00:00,2025-02-09 20:02:24.208570+00:00,0.0,median_energy_dram,unit_test_energy,Ungeprüft
_result,52,2025-02-06 20:56:00.508289+00:00,2025-02-09 20:56:00.508289+00:00,2025-02-09 20:03:14.203146+00:00,0.0,median_energy_dram,unit_test_energy,Ungeprüft
_result,52,2025-02-06 20:56:00.508289+00:00,2025-02-09 20:56:00.508289+00:00,2025-02-09 20:04:04.228575+00:00,0.0,median_energy_dram,unit_test_energy,Ungeprüft
_result,52,2025-02-06 20:56:00.508289+00:00,2025-02-09 20:56:00.508289+00:00,2025-02-09 20:04:54.308768+00:00,0.0,median_energy_dram,unit_test_energy,Ungeprüft
_result,52,2025-02-06 20:56:00.508289+00:00,2025-02-09 20:56:00.508289+00:00,2025-02-09 20:05:44.402646+00:00,0.0,median_energy_dram,unit_test_energy,Ungeprüft
_result,52,2025-02-06 20:56:00.508289+00:00,2025-02-09 20:56:00.508289+00:00,2025-02-09 20:06:34.463558+00:00,0.0,median_energy_dram,unit_test_energy,Ungeprüft
_result,52,2025-02-06 20:56:00.508289+00:00,2025-02-09 20:56:00.508289+00:00,2025-02-09 20:07:24.444179+00:00,0.0,median_energy_dram,unit_test_energy,Ungeprüft
_result,52,2025-02-06 20:56:00.508289+00:00,2025-02-09 20:56:00.508289+00:00,2025-02-09 20:08:19.201549+00:00,0.0,median_energy_dram,unit_test_energy,Ungeprüft
_result,52,2025-02-06 20:56:00.508289+00:00,2025-02-09 20:56:00.508289+00:00,2025-02-09 20:09:09.289744+00:00,0.0,median_energy_dram,unit_test_energy,Ungeprüft
_result,52,2025-02-06 20:56:00.508289+00:00,2025-02-09 20:56:00.508289+00:00,2025-02-09 20:09:59.338055+00:00,0.0,median_energy_dram,unit_test_energy,Ungeprüft
_result,52,2025-02-06 20:56:00.508289+00:00,2025-02-09 20:56:00.508289+00:00,2025-02-09 20:10:49.354849+00:00,0.0,median_energy_dram,unit_test_energy,Ungeprüft
_result,52,2025-02-06 20:56:00.508289+00:00,2025-02-09 20:56:00.508289+00:00,2025-02-09 20:11:39.319541+00:00,0.0,median_energy_dram,unit_test_energy,Ungeprüft
_result,52,2025-02-06 20:56:00.508289+00:00,2025-02-09 20:56:00.508289+00:00,2025-02-09 20:12:29.335109+00:00,0.0,median_energy_dram,unit_test_energy,Ungeprüft
_result,52,2025-02-06 20:56:00.508289+00:00,2025-02-09 20:56:00.508289+00:00,2025-02-09 20:13:19.345745+00:00,0.0,median_energy_dram,unit_test_energy,Ungeprüft
_result,52,2025-02-06 20:56:00.508289+00:00,2025-02-09 20:56:00.508289+00:00,2025-02-09 20:14:09.399540+00:00,0.0,median_energy_dram,unit_test_energy,Ungeprüft
_result,52,2025-02-06 20:56:00.508289+00:00,2025-02-09 20:56:00.508289+00:00,2025-02-09 20:14:59.523468+00:00,0.0,median_energy_dram,unit_test_energy,Ungeprüft
_result,52,2025-02-06 20:56:00.508289+00:00,2025-02-09 20:56:00.508289+00:00,2025-02-09 20:15:49.545361+00:00,0.0,median_energy_dram,unit_test_energy,Ungeprüft
_result,52,2025-02-06 20:56:00.508289+00:00,2025-02-09 20:56:00.508289+00:00,2025-02-09 20:16:39.523427+00:00,0.0,median_energy_dram,unit_test_energy,Ungeprüft
_result,52,2025-02-06 20:56:00.508289+00:00,2025-02-09 20:56:00.508289+00:00,2025-02-09 20:17:29.474125+00:00,0.0,median_energy_dram,unit_test_energy,Ungeprüft
_result,52,2025-02-06 20:56:00.508289+00:00,2025-02-09 20:56:00.508289+00:00,2025-02-09 20:18:19.467628+00:00,0.0,median_energy_dram,unit_test_energy,Ungeprüft
_result,52,2025-02-06 20:56:00.508289+00:00,2025-02-09 20:56:00.508289+00:00,2025-02-09 20:19:09.365339+00:00,0.0,median_energy_dram,unit_test_energy,Ungeprüft
_result,52,2025-02-06 20:56:00.508289+00:00,2025-02-09 20:56:00.508289+00:00,2025-02-09 20:19:59.387136+00:00,0.0,median_energy_dram,unit_test_energy,Ungeprüft
_result,53,2025-02-06 20:56:00.508289+00:00,2025-02-09 20:56:00.508289+00:00,2025-02-09 19:47:20.684291+00:00,0.0,median_energy_pkg,unit_test_energy,Ungeprüft
_result,53,2025-02-06 20:56:00.508289+00:00,2025-02-09 20:56:00.508289+00:00,2025-02-09 19:55:43.830745+00:00,0.0,median_energy_pkg,unit_test_energy,Ungeprüft
_result,53,2025-02-06 20:56:00.508289+00:00,2025-02-09 20:56:00.508289+00:00,2025-02-09 19:56:33.858003+00:00,0.0,median_energy_pkg,unit_test_energy,Ungeprüft
_result,53,2025-02-06 20:56:00.508289+00:00,2025-02-09 20:56:00.508289+00:00,2025-02-09 19:57:23.916890+00:00,0.0,median_energy_pkg,unit_test_energy,Ungeprüft
_result,53,2025-02-06 20:56:00.508289+00:00,2025-02-09 20:56:00.508289+00:00,2025-02-09 19:58:13.883472+00:00,0.0,median_energy_pkg,unit_test_energy,Ungeprüft
_result,53,2025-02-06 20:56:00.508289+00:00,2025-02-09 20:56:00.508289+00:00,2025-02-09 19:59:04.047047+00:00,0.0,median_energy_pkg,unit_test_energy,Ungeprüft
_result,53,2025-02-06 20:56:00.508289+00:00,2025-02-09 20:56:00.508289+00:00,2025-02-09 19:59:54.155851+00:00,0.0,median_energy_pkg,unit_test_energy,Ungeprüft
_result,53,2025-02-06 20:56:00.508289+00:00,2025-02-09 20:56:00.508289+00:00,2025-02-09 20:00:44.166454+00:00,0.0,median_energy_pkg,unit_test_energy,Ungeprüft
_result,53,2025-02-06 20:56:00.508289+00:00,2025-02-09 20:56:00.508289+00:00,2025-02-09 20:01:34.183366+00:00,0.0,median_energy_pkg,unit_test_energy,Ungeprüft
_result,53,2025-02-06 20:56:00.508289+00:00,2025-02-09 20:56:00.508289+00:00,2025-02-09 20:02:24.208570+00:00,0.0,median_energy_pkg,unit_test_energy,Ungeprüft
_result,53,2025-02-06 20:56:00.508289+00:00,2025-02-09 20:56:00.508289+00:00,2025-02-09 20:03:14.203146+00:00,0.0,median_energy_pkg,unit_test_energy,Ungeprüft
_result,53,2025-02-06 20:56:00.508289+00:00,2025-02-09 20:56:00.508289+00:00,2025-02-09 20:04:04.228575+00:00,0.0,median_energy_pkg,unit_test_energy,Ungeprüft
_result,53,2025-02-06 20:56:00.508289+00:00,2025-02-09 20:56:00.508289+00:00,2025-02-09 20:04:54.308768+00:00,0.0,median_energy_pkg,unit_test_energy,Ungeprüft
_result,53,2025-02-06 20:56:00.508289+00:00,2025-02-09 20:56:00.508289+00:00,2025-02-09 20:05:44.402646+00:00,0.0,median_energy_pkg,unit_test_energy,Ungeprüft
_result,53,2025-02-06 20:56:00.508289+00:00,2025-02-09 20:56:00.508289+00:00,2025-02-09 20:06:34.463558+00:00,0.0,median_energy_pkg,unit_test_energy,Ungeprüft
_result,53,2025-02-06 20:56:00.508289+00:00,2025-02-09 20:56:00.508289+00:00,2025-02-09 20:07:24.444179+00:00,0.0,median_energy_pkg,unit_test_energy,Ungeprüft
_result,53,2025-02-06 20:56:00.508289+00:00,2025-02-09 20:56:00.508289+00:00,2025-02-09 20:08:19.201549+00:00,0.0,median_energy_pkg,unit_test_energy,Ungeprüft
_result,53,2025-02-06 20:56:00.508289+00:00,2025-02-09 20:56:00.508289+00:00,2025-02-09 20:09:09.289744+00:00,0.0,median_energy_pkg,unit_test_energy,Ungeprüft
_result,53,2025-02-06 20:56:00.508289+00:00,2025-02-09 20:56:00.508289+00:00,2025-02-09 20:09:59.338055+00:00,0.0,median_energy_pkg,unit_test_energy,Ungeprüft
_result,53,2025-02-06 20:56:00.508289+00:00,2025-02-09 20:56:00.508289+00:00,2025-02-09 20:10:49.354849+00:00,0.0,median_energy_pkg,unit_test_energy,Ungeprüft
_result,53,2025-02-06 20:56:00.508289+00:00,2025-02-09 20:56:00.508289+00:00,2025-02-09 20:11:39.319541+00:00,0.0,median_energy_pkg,unit_test_energy,Ungeprüft
_result,53,2025-02-06 20:56:00.508289+00:00,2025-02-09 20:56:00.508289+00:00,2025-02-09 20:12:29.335109+00:00,0.0,median_energy_pkg,unit_test_energy,Ungeprüft
_result,53,2025-02-06 20:56:00.508289+00:00,2025-02-09 20:56:00.508289+00:00,2025-02-09 20:13:19.345745+00:00,0.0,median_energy_pkg,unit_test_energy,Ungeprüft
_result,53,2025-02-06 20:56:00.508289+00:00,2025-02-09 20:56:00.508289+00:00,2025-02-09 20:14:09.399540+00:00,0.0,median_energy_pkg,unit_test_energy,Ungeprüft
_result,53,2025-02-06 20:56:00.508289+00:00,2025-02-09 20:56:00.508289+00:00,2025-02-09 20:14:59.523468+00:00,0.0,median_energy_pkg,unit_test_energy,Ungeprüft
_result,53,2025-02-06 20:56:00.508289+00:00,2025-02-09 20:56:00.508289+00:00,2025-02-09 20:15:49.545361+00:00,0.0,median_energy_pkg,unit_test_energy,Ungeprüft
_result,53,2025-02-06 20:56:00.508289+00:00,2025-02-09 20:56:00.508289+00:00,2025-02-09 20:16:39.523427+00:00,0.0,median_energy_pkg,unit_test_energy,Ungeprüft
_result,53,2025-02-06 20:56:00.508289+00:00,2025-02-09 20:56:00.508289+00:00,2025-02-09 20:17:29.474125+00:00,0.0,median_energy_pkg,unit_test_energy,Ungeprüft
_result,53,2025-02-06 20:56:00.508289+00:00,2025-02-09 20:56:00.508289+00:00,2025-02-09 20:18:19.467628+00:00,0.0,median_energy_pkg,unit_test_energy,Ungeprüft
_result,53,2025-02-06 20:56:00.508289+00:00,2025-02-09 20:56:00.508289+00:00,2025-02-09 20:19:09.365339+00:00,0.0,median_energy_pkg,unit_test_energy,Ungeprüft
_result,53,2025-02-06 20:56:00.508289+00:00,2025-02-09 20:56:00.508289+00:00,2025-02-09 20:19:59.387136+00:00,0.0,median_energy_pkg,unit_test_energy,Ungeprüft
_result,54,2025-02-06 20:56:00.508289+00:00,2025-02-09 20:56:00.508289+00:00,2025-02-09 19:47:20.684291+00:00,0.0057,total_energy_dram,unit_test_energy,Ungeprüft
_result,54,2025-02-06 20:56:00.508289+00:00,2025-02-09 20:56:00.508289+00:00,2025-02-09 19:55:43.830745+00:00,0.0045,total_energy_dram,unit_test_energy,Ungeprüft
_result,54,2025-02-06 20:56:00.508289+00:00,2025-02-09 20:56:00.508289+00:00,2025-02-09 19:56:33.858003+00:00,0.0048,total_energy_dram,unit_test_energy,Ungeprüft
_result,54,2025-02-06 20:56:00.508289+00:00,2025-02-09 20:56:00.508289+00:00,2025-02-09 19:57:23.916890+00:00,0.0045,total_energy_dram,unit_test_energy,Ungeprüft
_result,54,2025-02-06 20:56:00.508289+00:00,2025-02-09 20:56:00.508289+00:00,2025-02-09 19:58:13.883472+00:00,0.004,total_energy_dram,unit_test_energy,Ungeprüft
_result,54,2025-02-06 20:56:00.508289+00:00,2025-02-09 20:56:00.508289+00:00,2025-02-09 19:59:04.047047+00:00,0.005,total_energy_dram,unit_test_energy,Ungeprüft
_result,54,2025-02-06 20:56:00.508289+00:00,2025-02-09 20:56:00.508289+00:00,2025-02-09 19:59:54.155851+00:00,0.0051,total_energy_dram,unit_test_energy,Ungeprüft
_result,54,2025-02-06 20:56:00.508289+00:00,2025-02-09 20:56:00.508289+00:00,2025-02-09 20:00:44.166454+00:00,0.0042,total_energy_dram,unit_test_energy,Ungeprüft
_result,54,2025-02-06 20:56:00.508289+00:00,2025-02-09 20:56:00.508289+00:00,2025-02-09 20:01:34.183366+00:00,0.0049,total_energy_dram,unit_test_energy,Ungeprüft
_result,54,2025-02-06 20:56:00.508289+00:00,2025-02-09 20:56:00.508289+00:00,2025-02-09 20:02:24.208570+00:00,0.0047,total_energy_dram,unit_test_energy,Ungeprüft
_result,54,2025-02-06 20:56:00.508289+00:00,2025-02-09 20:56:00.508289+00:00,2025-02-09 20:03:14.203146+00:00,0.005,total_energy_dram,unit_test_energy,Ungeprüft
_result,54,2025-02-06 20:56:00.508289+00:00,2025-02-09 20:56:00.508289+00:00,2025-02-09 20:04:04.228575+00:00,0.0047,total_energy_dram,unit_test_energy,Ungeprüft
_result,54,2025-02-06 20:56:00.508289+00:00,2025-02-09 20:56:00.508289+00:00,2025-02-09 20:04:54.308768+00:00,0.0045,total_energy_dram,unit_test_energy,Ungeprüft
_result,54,2025-02-06 20:56:00.508289+00:00,2025-02-09 20:56:00.508289+00:00,2025-02-09 20:05:44.402646+00:00,0.0065,total_energy_dram,unit_test_energy,Ungeprüft
_result,54,2025-02-06 20:56:00.508289+00:00,2025-02-09 20:56:00.508289+00:00,2025-02-09 20:06:34.463558+00:00,0.0056,total_energy_dram,unit_test_energy,Ungeprüft
_result,54,2025-02-06 20:56:00.508289+00:00,2025-02-09 20:56:00.508289+00:00,2025-02-09 20:07:24.444179+00:00,0.0043,total_energy_dram,unit_test_energy,Ungeprüft
_result,54,2025-02-06 20:56:00.508289+00:00,2025-02-09 20:56:00.508289+00:00,2025-02-09 20:08:19.201549+00:00,0.0045,total_energy_dram,unit_test_energy,Ungeprüft
_result,54,2025-02-06 20:56:00.508289+00:00,2025-02-09 20:56:00.508289+00:00,2025-02-09 20:09:09.289744+00:00,0.0051,total_energy_dram,unit_test_energy,Ungeprüft
_result,54,2025-02-06 20:56:00.508289+00:00,2025-02-09 20:56:00.508289+00:00,2025-02-09 20:09:59.338055+00:00,0.0042,total_energy_dram,unit_test_energy,Ungeprüft
_result,54,2025-02-06 20:56:00.508289+00:00,2025-02-09 20:56:00.508289+00:00,2025-02-09 20:10:49.354849+00:00,0.0049,total_energy_dram,unit_test_energy,Ungeprüft
_result,54,2025-02-06 20:56:00.508289+00:00,2025-02-09 20:56:00.508289+00:00,2025-02-09 20:11:39.319541+00:00,0.0061,total_energy_dram,unit_test_energy,Ungeprüft
_result,54,2025-02-06 20:56:00.508289+00:00,2025-02-09 20:56:00.508289+00:00,2025-02-09 20:12:29.335109+00:00,0.0043,total_energy_dram,unit_test_energy,Ungeprüft
_result,54,2025-02-06 20:56:00.508289+00:00,2025-02-09 20:56:00.508289+00:00,2025-02-09 20:13:19.345745+00:00,0.0044,total_energy_dram,unit_test_energy,Ungeprüft
_result,54,2025-02-06 20:56:00.508289+00:00,2025-02-09 20:56:00.508289+00:00,2025-02-09 20:14:09.399540+00:00,0.0044,total_energy_dram,unit_test_energy,Ungeprüft
_result,54,2025-02-06 20:56:00.508289+00:00,2025-02-09 20:56:00.508289+00:00,2025-02-09 20:14:59.523468+00:00,0.0059,total_energy_dram,unit_test_energy,Ungeprüft
_result,54,2025-02-06 20:56:00.508289+00:00,2025-02-09 20:56:00.508289+00:00,2025-02-09 20:15:49.545361+00:00,0.0067,total_energy_dram,unit_test_energy,Ungeprüft
_result,54,2025-02-06 20:56:00.508289+00:00,2025-02-09 20:56:00.508289+00:00,2025-02-09 20:16:39.523427+00:00,0.0047,total_energy_dram,unit_test_energy,Ungeprüft
_result,54,2025-02-06 20:56:00.508289+00:00,2025-02-09 20:56:00.508289+00:00,2025-02-09 20:17:29.474125+00:00,0.0046,total_energy_dram,unit_test_energy,Ungeprüft
_result,54,2025-02-06 20:56:00.508289+00:00,2025-02-09 20:56:00.508289+00:00,2025-02-09 20:18:19.467628+00:00,0.0049,total_energy_dram,unit_test_energy,Ungeprüft
_result,54,2025-02-06 20:56:00.508289+00:00,2025-02-09 20:56:00.508289+00:00,2025-02-09 20:19:09.365339+00:00,0.0048,total_energy_dram,unit_test_energy,Ungeprüft
_result,54,2025-02-06 20:56:00.508289+00:00,2025-02-09 20:56:00.508289+00:00,2025-02-09 20:19:59.387136+00:00,0.0043,total_energy_dram,unit_test_energy,Ungeprüft
_result,55,2025-02-06 20:56:00.508289+00:00,2025-02-09 20:56:00.508289+00:00,2025-02-09 19:47:20.684291+00:00,0.0485,total_energy_pkg,unit_test_energy,Ungeprüft
_result,55,2025-02-06 20:56:00.508289+00:00,2025-02-09 20:56:00.508289+00:00,2025-02-09 19:55:43.830745+00:00,0.0389,total_energy_pkg,unit_test_energy,Ungeprüft
_result,55,2025-02-06 20:56:00.508289+00:00,2025-02-09 20:56:00.508289+00:00,2025-02-09 19:56:33.858003+00:00,0.0128,total_energy_pkg,unit_test_energy,Ungeprüft
_result,55,2025-02-06 20:56:00.508289+00:00,2025-02-09 20:56:00.508289+00:00,2025-02-09 19:57:23.916890+00:00,0.0314,total_energy_pkg,unit_test_energy,Ungeprüft
_result,55,2025-02-06 20:56:00.508289+00:00,2025-02-09 20:56:00.508289+00:00,2025-02-09 19:58:13.883472+00:00,0.014,total_energy_pkg,unit_test_energy,Ungeprüft
_result,55,2025-02-06 20:56:00.508289+00:00,2025-02-09 20:56:00.508289+00:00,2025-02-09 19:59:04.047047+00:00,0.0217,total_energy_pkg,unit_test_energy,Ungeprüft
_result,55,2025-02-06 20:56:00.508289+00:00,2025-02-09 20:56:00.508289+00:00,2025-02-09 19:59:54.155851+00:00,0.0146,total_energy_pkg,unit_test_energy,Ungeprüft
_result,55,2025-02-06 20:56:00.508289+00:00,2025-02-09 20:56:00.508289+00:00,2025-02-09 20:00:44.166454+00:00,0.0129,total_energy_pkg,unit_test_energy,Ungeprüft
_result,55,2025-02-06 20:56:00.508289+00:00,2025-02-09 20:56:00.508289+00:00,2025-02-09 20:01:34.183366+00:00,0.0549,total_energy_pkg,unit_test_energy,Ungeprüft
_result,55,2025-02-06 20:56:00.508289+00:00,2025-02-09 20:56:00.508289+00:00,2025-02-09 20:02:24.208570+00:00,0.0067,total_energy_pkg,unit_test_energy,Ungeprüft
_result,55,2025-02-06 20:56:00.508289+00:00,2025-02-09 20:56:00.508289+00:00,2025-02-09 20:03:14.203146+00:00,0.0178,total_energy_pkg,unit_test_energy,Ungeprüft
_result,55,2025-02-06 20:56:00.508289+00:00,2025-02-09 20:56:00.508289+00:00,2025-02-09 20:04:04.228575+00:00,0.0346,total_energy_pkg,unit_test_energy,Ungeprüft
_result,55,2025-02-06 20:56:00.508289+00:00,2025-02-09 20:56:00.508289+00:00,2025-02-09 20:04:54.308768+00:00,0.0172,total_energy_pkg,unit_test_energy,Ungeprüft
_result,55,2025-02-06 20:56:00.508289+00:00,2025-02-09 20:56:00.508289+00:00,2025-02-09 20:05:44.402646+00:00,0.0446,total_energy_pkg,unit_test_energy,Ungeprüft
_result,55,2025-02-06 20:56:00.508289+00:00,2025-02-09 20:56:00.508289+00:00,2025-02-09 20:06:34.463558+00:00,0.0297,total_energy_pkg,unit_test_energy,Ungeprüft
_result,55,2025-02-06 20:56:00.508289+00:00,2025-02-09 20:56:00.508289+00:00,2025-02-09 20:07:24.444179+00:00,0.0104,total_energy_pkg,unit_test_energy,Ungeprüft
_result,55,2025-02-06 20:56:00.508289+00:00,2025-02-09 20:56:00.508289+00:00,2025-02-09 20:08:19.201549+00:00,0.0103,total_energy_pkg,unit_test_energy,Ungeprüft
_result,55,2025-02-06 20:56:00.508289+00:00,2025-02-09 20:56:00.508289+00:00,2025-02-09 20:09:09.289744+00:00,0.0232,total_energy_pkg,unit_test_energy,Ungeprüft
_result,55,2025-02-06 20:56:00.508289+00:00,2025-02-09 20:56:00.508289+00:00,2025-02-09 20:09:59.338055+00:00,0.033,total_energy_pkg,unit_test_energy,Ungeprüft
_result,55,2025-02-06 20:56:00.508289+00:00,2025-02-09 20:56:00.508289+00:00,2025-02-09 20:10:49.354849+00:00,0.0342,total_energy_pkg,unit_test_energy,Ungeprüft
_result,55,2025-02-06 20:56:00.508289+00:00,2025-02-09 20:56:00.508289+00:00,2025-02-09 20:11:39.319541+00:00,0.0146,total_energy_pkg,unit_test_energy,Ungeprüft
_result,55,2025-02-06 20:56:00.508289+00:00,2025-02-09 20:56:00.508289+00:00,2025-02-09 20:12:29.335109+00:00,0.0143,total_energy_pkg,unit_test_energy,Ungeprüft
_result,55,2025-02-06 20:56:00.508289+00:00,2025-02-09 20:56:00.508289+00:00,2025-02-09 20:13:19.345745+00:00,0.0145,total_energy_pkg,unit_test_energy,Ungeprüft
_result,55,2025-02-06 20:56:00.508289+00:00,2025-02-09 20:56:00.508289+00:00,2025-02-09 20:14:09.399540+00:00,0.0085,total_energy_pkg,unit_test_energy,Ungeprüft
_result,55,2025-02-06 20:56:00.508289+00:00,2025-02-09 20:56:00.508289+00:00,2025-02-09 20:14:59.523468+00:00,0.0399,total_energy_pkg,unit_test_energy,Ungeprüft
_result,55,2025-02-06 20:56:00.508289+00:00,2025-02-09 20:56:00.508289+00:00,2025-02-09 20:15:49.545361+00:00,0.0263,total_energy_pkg,unit_test_energy,Ungeprüft
_result,55,2025-02-06 20:56:00.508289+00:00,2025-02-09 20:56:00.508289+00:00,2025-02-09 20:16:39.523427+00:00,0.0078,total_energy_pkg,unit_test_energy,Ungeprüft
_result,55,2025-02-06 20:56:00.508289+00:00,2025-02-09 20:56:00.508289+00:00,2025-02-09 20:17:29.474125+00:00,0.0057,total_energy_pkg,unit_test_energy,Ungeprüft
_result,55,2025-02-06 20:56:00.508289+00:00,2025-02-09 20:56:00.508289+00:00,2025-02-09 20:18:19.467628+00:00,0.0241,total_energy_pkg,unit_test_energy,Ungeprüft
_result,55,2025-02-06 20:56:00.508289+00:00,2025-02-09 20:56:00.508289+00:00,2025-02-09 20:19:09.365339+00:00,0.0138,total_energy_pkg,unit_test_energy,Ungeprüft
_result,55,2025-02-06 20:56:00.508289+00:00,2025-02-09 20:56:00.508289+00:00,2025-02-09 20:19:59.387136+00:00,0.0274,total_energy_pkg,unit_test_energy,Ungeprüft
