result,table,_start,_stop,_time,_value,_field,_measurement,test_name
_result,0,2024-12-10 12:26:22.502131+00:00,2024-12-13 12:26:22.502131+00:00,2024-12-13 11:41:54.873906+00:00,51.012,avg_energy_dram,unit_test_energy,BubbleSort_SortsListCorrectly
_result,0,2024-12-10 12:26:22.502131+00:00,2024-12-13 12:26:22.502131+00:00,2024-12-13 11:43:16.040469+00:00,43.4621,avg_energy_dram,unit_test_energy,BubbleSort_SortsListCorrectly
_result,0,2024-12-10 12:26:22.502131+00:00,2024-12-13 12:26:22.502131+00:00,2024-12-13 11:44:38.036772+00:00,43.4148,avg_energy_dram,unit_test_energy,BubbleSort_SortsListCorrectly
_result,0,2024-12-10 12:26:22.502131+00:00,2024-12-13 12:26:22.502131+00:00,2024-12-13 11:46:00.364183+00:00,43.2109,avg_energy_dram,unit_test_energy,BubbleSort_SortsListCorrectly
_result,0,2024-12-10 12:26:22.502131+00:00,2024-12-13 12:26:22.502131+00:00,2024-12-13 11:47:22.561761+00:00,43.0848,avg_energy_dram,unit_test_energy,BubbleSort_SortsListCorrectly
_result,0,2024-12-10 12:26:22.502131+00:00,2024-12-13 12:26:22.502131+00:00,2024-12-13 11:48:44.729978+00:00,43.4446,avg_energy_dram,unit_test_energy,BubbleSort_SortsListCorrectly
_result,0,2024-12-10 12:26:22.502131+00:00,2024-12-13 12:26:22.502131+00:00,2024-12-13 11:50:07.100981+00:00,43.0306,avg_energy_dram,unit_test_energy,BubbleSort_SortsListCorrectly
_result,0,2024-12-10 12:26:22.502131+00:00,2024-12-13 12:26:22.502131+00:00,2024-12-13 11:51:28.662544+00:00,43.6034,avg_energy_dram,unit_test_energy,BubbleSort_SortsListCorrectly
_result,0,2024-12-10 12:26:22.502131+00:00,2024-12-13 12:26:22.502131+00:00,2024-12-13 11:52:50.435034+00:00,43.175,avg_energy_dram,unit_test_energy,BubbleSort_SortsListCorrectly
_result,0,2024-12-10 12:26:22.502131+00:00,2024-12-13 12:26:22.502131+00:00,2024-12-13 11:54:12.505159+00:00,43.5325,avg_energy_dram,unit_test_energy,BubbleSort_SortsListCorrectly
_result,0,2024-12-10 12:26:22.502131+00:00,2024-12-13 12:26:22.502131+00:00,2024-12-13 11:55:35.800490+00:00,44.5226,avg_energy_dram,unit_test_energy,BubbleSort_SortsListCorrectly
_result,0,2024-12-10 12:26:22.502131+00:00,2024-12-13 12:26:22.502131+00:00,2024-12-13 11:56:57.771390+00:00,48.0715,avg_energy_dram,unit_test_energy,BubbleSort_SortsListCorrectly
_result,0,2024-12-10 12:26:22.502131+00:00,2024-12-13 12:26:22.502131+00:00,2024-12-13 11:58:20.461379+00:00,49.9848,avg_energy_dram,unit_test_energy,BubbleSort_SortsListCorrectly
_result,0,2024-12-10 12:26:22.502131+00:00,2024-12-13 12:26:22.502131+00:00,2024-12-13 11:59:42.706915+00:00,50.6904,avg_energy_dram,unit_test_energy,BubbleSort_SortsListCorrectly
_result,0,2024-12-10 12:26:22.502131+00:00,2024-12-13 12:26:22.502131+00:00,2024-12-13 12:01:04.432925+00:00,50.6758,avg_energy_dram,unit_test_energy,BubbleSort_SortsListCorrectly
_result,0,2024-12-10 12:26:22.502131+00:00,2024-12-13 12:26:22.502131+00:00,2024-12-13 12:03:01.378269+00:00,50.1502,avg_energy_dram,unit_test_energy,BubbleSort_SortsListCorrectly
_result,0,2024-12-10 12:26:22.502131+00:00,2024-12-13 12:26:22.502131+00:00,2024-12-13 12:04:24.103919+00:00,49.8264,avg_energy_dram,unit_test_energy,BubbleSort_SortsListCorrectly
_result,0,2024-12-10 12:26:22.502131+00:00,2024-12-13 12:26:22.502131+00:00,2024-12-13 12:05:46.101569+00:00,50.3423,avg_energy_dram,unit_test_energy,BubbleSort_SortsListCorrectly
_result,0,2024-12-10 12:26:22.502131+00:00,2024-12-13 12:26:22.502131+00:00,2024-12-13 12:07:07.867929+00:00,49.9392,avg_energy_dram,unit_test_energy,BubbleSort_SortsListCorrectly
_result,0,2024-12-10 12:26:22.502131+00:00,2024-12-13 12:26:22.502131+00:00,2024-12-13 12:08:30.890664+00:00,46.0318,avg_energy_dram,unit_test_energy,BubbleSort_SortsListCorrectly
_result,0,2024-12-10 12:26:22.502131+00:00,2024-12-13 12:26:22.502131+00:00,2024-12-13 12:09:52.923123+00:00,48.0894,avg_energy_dram,unit_test_energy,BubbleSort_SortsListCorrectly
_result,0,2024-12-10 12:26:22.502131+00:00,2024-12-13 12:26:22.502131+00:00,2024-12-13 12:11:14.566681+00:00,51.0222,avg_energy_dram,unit_test_energy,BubbleSort_SortsListCorrectly
_result,0,2024-12-10 12:26:22.502131+00:00,2024-12-13 12:26:22.502131+00:00,2024-12-13 12:12:37.230488+00:00,50.2735,avg_energy_dram,unit_test_energy,BubbleSort_SortsListCorrectly
_result,0,2024-12-10 12:26:22.502131+00:00,2024-12-13 12:26:22.502131+00:00,2024-12-13 12:14:00.043328+00:00,48.3575,avg_energy_dram,unit_test_energy,BubbleSort_SortsListCorrectly
_result,0,2024-12-10 12:26:22.502131+00:00,2024-12-13 12:26:22.502131+00:00,2024-12-13 12:15:22.926297+00:00,49.0267,avg_energy_dram,unit_test_energy,BubbleSort_SortsListCorrectly
_result,0,2024-12-10 12:26:22.502131+00:00,2024-12-13 12:26:22.502131+00:00,2024-12-13 12:16:44.918777+00:00,48.1978,avg_energy_dram,unit_test_energy,BubbleSort_SortsListCorrectly
_result,0,2024-12-10 12:26:22.502131+00:00,2024-12-13 12:26:22.502131+00:00,2024-12-13 12:18:06.909692+00:00,50.2849,avg_energy_dram,unit_test_energy,BubbleSort_SortsListCorrectly
_result,0,2024-12-10 12:26:22.502131+00:00,2024-12-13 12:26:22.502131+00:00,2024-12-13 12:19:28.651260+00:00,50.088,avg_energy_dram,unit_test_energy,BubbleSort_SortsListCorrectly
_result,0,2024-12-10 12:26:22.502131+00:00,2024-12-13 12:26:22.502131+00:00,2024-12-13 12:20:50.649228+00:00,51.2703,avg_energy_dram,unit_test_energy,BubbleSort_SortsListCorrectly
_result,0,2024-12-10 12:26:22.502131+00:00,2024-12-13 12:26:22.502131+00:00,2024-12-13 12:22:13.075305+00:00,50.4315,avg_energy_dram,unit_test_energy,BubbleSort_SortsListCorrectly
_result,1,2024-12-10 12:26:22.502131+00:00,2024-12-13 12:26:22.502131+00:00,2024-12-13 11:41:54.873906+00:00,127.813,avg_energy_pkg,unit_test_energy,BubbleSort_SortsListCorrectly
_result,1,2024-12-10 12:26:22.502131+00:00,2024-12-13 12:26:22.502131+00:00,2024-12-13 11:43:16.040469+00:00,111.852,avg_energy_pkg,unit_test_energy,BubbleSort_SortsListCorrectly
_result,1,2024-12-10 12:26:22.502131+00:00,2024-12-13 12:26:22.502131+00:00,2024-12-13 11:44:38.036772+00:00,112.3726,avg_energy_pkg,unit_test_energy,BubbleSort_SortsListCorrectly
_result,1,2024-12-10 12:26:22.502131+00:00,2024-12-13 12:26:22.502131+00:00,2024-12-13 11:46:00.364183+00:00,111.9881,avg_energy_pkg,unit_test_energy,BubbleSort_SortsListCorrectly
_result,1,2024-12-10 12:26:22.502131+00:00,2024-12-13 12:26:22.502131+00:00,2024-12-13 11:47:22.561761+00:00,111.8312,avg_energy_pkg,unit_test_energy,BubbleSort_SortsListCorrectly
_result,1,2024-12-10 12:26:22.502131+00:00,2024-12-13 12:26:22.502131+00:00,2024-12-13 11:48:44.729978+00:00,111.7965,avg_energy_pkg,unit_test_energy,BubbleSort_SortsListCorrectly
_result,1,2024-12-10 12:26:22.502131+00:00,2024-12-13 12:26:22.502131+00:00,2024-12-13 11:50:07.100981+00:00,111.6094,avg_energy_pkg,unit_test_energy,BubbleSort_SortsListCorrectly
_result,1,2024-12-10 12:26:22.502131+00:00,2024-12-13 12:26:22.502131+00:00,2024-12-13 11:51:28.662544+00:00,112.4313,avg_energy_pkg,unit_test_energy,BubbleSort_SortsListCorrectly
_result,1,2024-12-10 12:26:22.502131+00:00,2024-12-13 12:26:22.502131+00:00,2024-12-13 11:52:50.435034+00:00,111.916,avg_energy_pkg,unit_test_energy,BubbleSort_SortsListCorrectly
_result,1,2024-12-10 12:26:22.502131+00:00,2024-12-13 12:26:22.502131+00:00,2024-12-13 11:54:12.505159+00:00,112.4394,avg_energy_pkg,unit_test_energy,BubbleSort_SortsListCorrectly
_result,1,2024-12-10 12:26:22.502131+00:00,2024-12-13 12:26:22.502131+00:00,2024-12-13 11:55:35.800490+00:00,121.1314,avg_energy_pkg,unit_test_energy,BubbleSort_SortsListCorrectly
_result,1,2024-12-10 12:26:22.502131+00:00,2024-12-13 12:26:22.502131+00:00,2024-12-13 11:56:57.771390+00:00,123.9881,avg_energy_pkg,unit_test_energy,BubbleSort_SortsListCorrectly
_result,1,2024-12-10 12:26:22.502131+00:00,2024-12-13 12:26:22.502131+00:00,2024-12-13 11:58:20.461379+00:00,126.6077,avg_energy_pkg,unit_test_energy,BubbleSort_SortsListCorrectly
_result,1,2024-12-10 12:26:22.502131+00:00,2024-12-13 12:26:22.502131+00:00,2024-12-13 11:59:42.706915+00:00,126.979,avg_energy_pkg,unit_test_energy,BubbleSort_SortsListCorrectly
_result,1,2024-12-10 12:26:22.502131+00:00,2024-12-13 12:26:22.502131+00:00,2024-12-13 12:01:04.432925+00:00,127.3299,avg_energy_pkg,unit_test_energy,BubbleSort_SortsListCorrectly
_result,1,2024-12-10 12:26:22.502131+00:00,2024-12-13 12:26:22.502131+00:00,2024-12-13 12:03:01.378269+00:00,127.0425,avg_energy_pkg,unit_test_energy,BubbleSort_SortsListCorrectly
_result,1,2024-12-10 12:26:22.502131+00:00,2024-12-13 12:26:22.502131+00:00,2024-12-13 12:04:24.103919+00:00,126.0197,avg_energy_pkg,unit_test_energy,BubbleSort_SortsListCorrectly
_result,1,2024-12-10 12:26:22.502131+00:00,2024-12-13 12:26:22.502131+00:00,2024-12-13 12:05:46.101569+00:00,126.7766,avg_energy_pkg,unit_test_energy,BubbleSort_SortsListCorrectly
_result,1,2024-12-10 12:26:22.502131+00:00,2024-12-13 12:26:22.502131+00:00,2024-12-13 12:07:07.867929+00:00,126.2323,avg_energy_pkg,unit_test_energy,BubbleSort_SortsListCorrectly
_result,1,2024-12-10 12:26:22.502131+00:00,2024-12-13 12:26:22.502131+00:00,2024-12-13 12:08:30.890664+00:00,121.3942,avg_energy_pkg,unit_test_energy,BubbleSort_SortsListCorrectly
_result,1,2024-12-10 12:26:22.502131+00:00,2024-12-13 12:26:22.502131+00:00,2024-12-13 12:09:52.923123+00:00,123.5554,avg_energy_pkg,unit_test_energy,BubbleSort_SortsListCorrectly
_result,1,2024-12-10 12:26:22.502131+00:00,2024-12-13 12:26:22.502131+00:00,2024-12-13 12:11:14.566681+00:00,127.7212,avg_energy_pkg,unit_test_energy,BubbleSort_SortsListCorrectly
_result,1,2024-12-10 12:26:22.502131+00:00,2024-12-13 12:26:22.502131+00:00,2024-12-13 12:12:37.230488+00:00,126.9574,avg_energy_pkg,unit_test_energy,BubbleSort_SortsListCorrectly
_result,1,2024-12-10 12:26:22.502131+00:00,2024-12-13 12:26:22.502131+00:00,2024-12-13 12:14:00.043328+00:00,124.5758,avg_energy_pkg,unit_test_energy,BubbleSort_SortsListCorrectly
_result,1,2024-12-10 12:26:22.502131+00:00,2024-12-13 12:26:22.502131+00:00,2024-12-13 12:15:22.926297+00:00,125.0029,avg_energy_pkg,unit_test_energy,BubbleSort_SortsListCorrectly
_result,1,2024-12-10 12:26:22.502131+00:00,2024-12-13 12:26:22.502131+00:00,2024-12-13 12:16:44.918777+00:00,124.404,avg_energy_pkg,unit_test_energy,BubbleSort_SortsListCorrectly
_result,1,2024-12-10 12:26:22.502131+00:00,2024-12-13 12:26:22.502131+00:00,2024-12-13 12:18:06.909692+00:00,126.7939,avg_energy_pkg,unit_test_energy,BubbleSort_SortsListCorrectly
_result,1,2024-12-10 12:26:22.502131+00:00,2024-12-13 12:26:22.502131+00:00,2024-12-13 12:19:28.651260+00:00,126.8089,avg_energy_pkg,unit_test_energy,BubbleSort_SortsListCorrectly
_result,1,2024-12-10 12:26:22.502131+00:00,2024-12-13 12:26:22.502131+00:00,2024-12-13 12:20:50.649228+00:00,127.6417,avg_energy_pkg,unit_test_energy,BubbleSort_SortsListCorrectly
_result,1,2024-12-10 12:26:22.502131+00:00,2024-12-13 12:26:22.502131+00:00,2024-12-13 12:22:13.075305+00:00,126.5336,avg_energy_pkg,unit_test_energy,BubbleSort_SortsListCorrectly
_result,2,2024-12-10 12:26:22.502131+00:00,2024-12-13 12:26:22.502131+00:00,2024-12-13 11:41:54.873906+00:00,18.352,duration,unit_test_energy,BubbleSort_SortsListCorrectly
_result,2,2024-12-10 12:26:22.502131+00:00,2024-12-13 12:26:22.502131+00:00,2024-12-13 11:43:16.040469+00:00,18.3621,duration,unit_test_energy,BubbleSort_SortsListCorrectly
_result,2,2024-12-10 12:26:22.502131+00:00,2024-12-13 12:26:22.502131+00:00,2024-12-13 11:44:38.036772+00:00,18.8021,duration,unit_test_energy,BubbleSort_SortsListCorrectly
_result,2,2024-12-10 12:26:22.502131+00:00,2024-12-13 12:26:22.502131+00:00,2024-12-13 11:46:00.364183+00:00,18.7868,duration,unit_test_energy,BubbleSort_SortsListCorrectly
_result,2,2024-12-10 12:26:22.502131+00:00,2024-12-13 12:26:22.502131+00:00,2024-12-13 11:47:22.561761+00:00,18.9301,duration,unit_test_energy,BubbleSort_SortsListCorrectly
_result,2,2024-12-10 12:26:22.502131+00:00,2024-12-13 12:26:22.502131+00:00,2024-12-13 11:48:44.729978+00:00,18.3876,duration,unit_test_energy,BubbleSort_SortsListCorrectly
_result,2,2024-12-10 12:26:22.502131+00:00,2024-12-13 12:26:22.502131+00:00,2024-12-13 11:50:07.100981+00:00,18.975,duration,unit_test_energy,BubbleSort_SortsListCorrectly
_result,2,2024-12-10 12:26:22.502131+00:00,2024-12-13 12:26:22.502131+00:00,2024-12-13 11:51:28.662544+00:00,18.2963,duration,unit_test_energy,BubbleSort_SortsListCorrectly
_result,2,2024-12-10 12:26:22.502131+00:00,2024-12-13 12:26:22.502131+00:00,2024-12-13 11:52:50.435034+00:00,18.4456,duration,unit_test_energy,BubbleSort_SortsListCorrectly
_result,2,2024-12-10 12:26:22.502131+00:00,2024-12-13 12:26:22.502131+00:00,2024-12-13 11:54:12.505159+00:00,18.6836,duration,unit_test_energy,BubbleSort_SortsListCorrectly
_result,2,2024-12-10 12:26:22.502131+00:00,2024-12-13 12:26:22.502131+00:00,2024-12-13 11:55:35.800490+00:00,19.7216,duration,unit_test_energy,BubbleSort_SortsListCorrectly
_result,2,2024-12-10 12:26:22.502131+00:00,2024-12-13 12:26:22.502131+00:00,2024-12-13 11:56:57.771390+00:00,18.8818,duration,unit_test_energy,BubbleSort_SortsListCorrectly
_result,2,2024-12-10 12:26:22.502131+00:00,2024-12-13 12:26:22.502131+00:00,2024-12-13 11:58:20.461379+00:00,19.1394,duration,unit_test_energy,BubbleSort_SortsListCorrectly
_result,2,2024-12-10 12:26:22.502131+00:00,2024-12-13 12:26:22.502131+00:00,2024-12-13 11:59:42.706915+00:00,19.0141,duration,unit_test_energy,BubbleSort_SortsListCorrectly
_result,2,2024-12-10 12:26:22.502131+00:00,2024-12-13 12:26:22.502131+00:00,2024-12-13 12:01:04.432925+00:00,18.9158,duration,unit_test_energy,BubbleSort_SortsListCorrectly
_result,2,2024-12-10 12:26:22.502131+00:00,2024-12-13 12:26:22.502131+00:00,2024-12-13 12:03:01.378269+00:00,18.6477,duration,unit_test_energy,BubbleSort_SortsListCorrectly
_result,2,2024-12-10 12:26:22.502131+00:00,2024-12-13 12:26:22.502131+00:00,2024-12-13 12:04:24.103919+00:00,19.321,duration,unit_test_energy,BubbleSort_SortsListCorrectly
_result,2,2024-12-10 12:26:22.502131+00:00,2024-12-13 12:26:22.502131+00:00,2024-12-13 12:05:46.101569+00:00,18.8801,duration,unit_test_energy,BubbleSort_SortsListCorrectly
_result,2,2024-12-10 12:26:22.502131+00:00,2024-12-13 12:26:22.502131+00:00,2024-12-13 12:07:07.867929+00:00,18.6584,duration,unit_test_energy,BubbleSort_SortsListCorrectly
_result,2,2024-12-10 12:26:22.502131+00:00,2024-12-13 12:26:22.502131+00:00,2024-12-13 12:08:30.890664+00:00,19.6999,duration,unit_test_energy,BubbleSort_SortsListCorrectly
_result,2,2024-12-10 12:26:22.502131+00:00,2024-12-13 12:26:22.502131+00:00,2024-12-13 12:09:52.923123+00:00,19.1242,duration,unit_test_energy,BubbleSort_SortsListCorrectly
_result,2,2024-12-10 12:26:22.502131+00:00,2024-12-13 12:26:22.502131+00:00,2024-12-13 12:11:14.566681+00:00,18.4883,duration,unit_test_energy,BubbleSort_SortsListCorrectly
_result,2,2024-12-10 12:26:22.502131+00:00,2024-12-13 12:26:22.502131+00:00,2024-12-13 12:12:37.230488+00:00,19.0817,duration,unit_test_energy,BubbleSort_SortsListCorrectly
_result,2,2024-12-10 12:26:22.502131+00:00,2024-12-13 12:26:22.502131+00:00,2024-12-13 12:14:00.043328+00:00,19.3464,duration,unit_test_energy,BubbleSort_SortsListCorrectly
_result,2,2024-12-10 12:26:22.502131+00:00,2024-12-13 12:26:22.502131+00:00,2024-12-13 12:15:22.926297+00:00,19.4322,duration,unit_test_energy,BubbleSort_SortsListCorrectly
_result,2,2024-12-10 12:26:22.502131+00:00,2024-12-13 12:26:22.502131+00:00,2024-12-13 12:16:44.918777+00:00,19.0321,duration,unit_test_energy,BubbleSort_SortsListCorrectly
_result,2,2024-12-10 12:26:22.502131+00:00,2024-12-13 12:26:22.502131+00:00,2024-12-13 12:18:06.909692+00:00,18.7203,duration,unit_test_energy,BubbleSort_SortsListCorrectly
_result,2,2024-12-10 12:26:22.502131+00:00,2024-12-13 12:26:22.502131+00:00,2024-12-13 12:19:28.651260+00:00,18.7015,duration,unit_test_energy,BubbleSort_SortsListCorrectly
_result,2,2024-12-10 12:26:22.502131+00:00,2024-12-13 12:26:22.502131+00:00,2024-12-13 12:20:50.649228+00:00,18.5233,duration,unit_test_energy,BubbleSort_SortsListCorrectly
_result,2,2024-12-10 12:26:22.502131+00:00,2024-12-13 12:26:22.502131+00:00,2024-12-13 12:22:13.075305+00:00,19.0341,duration,unit_test_energy,BubbleSort_SortsListCorrectly
_result,3,2024-12-10 12:26:22.502131+00:00,2024-12-13 12:26:22.502131+00:00,2024-12-13 11:41:54.873906+00:00,50.273,median_energy_dram,unit_test_energy,BubbleSort_SortsListCorrectly
_result,3,2024-12-10 12:26:22.502131+00:00,2024-12-13 12:26:22.502131+00:00,2024-12-13 11:43:16.040469+00:00,43.1096,median_energy_dram,unit_test_energy,BubbleSort_SortsListCorrectly
_result,3,2024-12-10 12:26:22.502131+00:00,2024-12-13 12:26:22.502131+00:00,2024-12-13 11:44:38.036772+00:00,42.7414,median_energy_dram,unit_test_energy,BubbleSort_SortsListCorrectly
_result,3,2024-12-10 12:26:22.502131+00:00,2024-12-13 12:26:22.502131+00:00,2024-12-13 11:46:00.364183+00:00,42.6883,median_energy_dram,unit_test_energy,BubbleSort_SortsListCorrectly
_result,3,2024-12-10 12:26:22.502131+00:00,2024-12-13 12:26:22.502131+00:00,2024-12-13 11:47:22.561761+00:00,42.6413,median_energy_dram,unit_test_energy,BubbleSort_SortsListCorrectly
_result,3,2024-12-10 12:26:22.502131+00:00,2024-12-13 12:26:22.502131+00:00,2024-12-13 11:48:44.729978+00:00,43.0577,median_energy_dram,unit_test_energy,BubbleSort_SortsListCorrectly
_result,3,2024-12-10 12:26:22.502131+00:00,2024-12-13 12:26:22.502131+00:00,2024-12-13 11:50:07.100981+00:00,42.6605,median_energy_dram,unit_test_energy,BubbleSort_SortsListCorrectly
_result,3,2024-12-10 12:26:22.502131+00:00,2024-12-13 12:26:22.502131+00:00,2024-12-13 11:51:28.662544+00:00,42.988,median_energy_dram,unit_test_energy,BubbleSort_SortsListCorrectly
_result,3,2024-12-10 12:26:22.502131+00:00,2024-12-13 12:26:22.502131+00:00,2024-12-13 11:52:50.435034+00:00,42.4948,median_energy_dram,unit_test_energy,BubbleSort_SortsListCorrectly
_result,3,2024-12-10 12:26:22.502131+00:00,2024-12-13 12:26:22.502131+00:00,2024-12-13 11:54:12.505159+00:00,43.2108,median_energy_dram,unit_test_energy,BubbleSort_SortsListCorrectly
_result,3,2024-12-10 12:26:22.502131+00:00,2024-12-13 12:26:22.502131+00:00,2024-12-13 11:55:35.800490+00:00,43.8248,median_energy_dram,unit_test_energy,BubbleSort_SortsListCorrectly
_result,3,2024-12-10 12:26:22.502131+00:00,2024-12-13 12:26:22.502131+00:00,2024-12-13 11:56:57.771390+00:00,49.2122,median_energy_dram,unit_test_energy,BubbleSort_SortsListCorrectly
_result,3,2024-12-10 12:26:22.502131+00:00,2024-12-13 12:26:22.502131+00:00,2024-12-13 11:58:20.461379+00:00,51.0434,median_energy_dram,unit_test_energy,BubbleSort_SortsListCorrectly
_result,3,2024-12-10 12:26:22.502131+00:00,2024-12-13 12:26:22.502131+00:00,2024-12-13 11:59:42.706915+00:00,51.0706,median_energy_dram,unit_test_energy,BubbleSort_SortsListCorrectly
_result,3,2024-12-10 12:26:22.502131+00:00,2024-12-13 12:26:22.502131+00:00,2024-12-13 12:01:04.432925+00:00,50.9351,median_energy_dram,unit_test_energy,BubbleSort_SortsListCorrectly
_result,3,2024-12-10 12:26:22.502131+00:00,2024-12-13 12:26:22.502131+00:00,2024-12-13 12:03:01.378269+00:00,49.6103,median_energy_dram,unit_test_energy,BubbleSort_SortsListCorrectly
_result,3,2024-12-10 12:26:22.502131+00:00,2024-12-13 12:26:22.502131+00:00,2024-12-13 12:04:24.103919+00:00,49.6091,median_energy_dram,unit_test_energy,BubbleSort_SortsListCorrectly
_result,3,2024-12-10 12:26:22.502131+00:00,2024-12-13 12:26:22.502131+00:00,2024-12-13 12:05:46.101569+00:00,50.0314,median_energy_dram,unit_test_energy,BubbleSort_SortsListCorrectly
_result,3,2024-12-10 12:26:22.502131+00:00,2024-12-13 12:26:22.502131+00:00,2024-12-13 12:07:07.867929+00:00,49.9231,median_energy_dram,unit_test_energy,BubbleSort_SortsListCorrectly
_result,3,2024-12-10 12:26:22.502131+00:00,2024-12-13 12:26:22.502131+00:00,2024-12-13 12:08:30.890664+00:00,45.0266,median_energy_dram,unit_test_energy,BubbleSort_SortsListCorrectly
_result,3,2024-12-10 12:26:22.502131+00:00,2024-12-13 12:26:22.502131+00:00,2024-12-13 12:09:52.923123+00:00,49.0381,median_energy_dram,unit_test_energy,BubbleSort_SortsListCorrectly
_result,3,2024-12-10 12:26:22.502131+00:00,2024-12-13 12:26:22.502131+00:00,2024-12-13 12:11:14.566681+00:00,51.1179,median_energy_dram,unit_test_energy,BubbleSort_SortsListCorrectly
_result,3,2024-12-10 12:26:22.502131+00:00,2024-12-13 12:26:22.502131+00:00,2024-12-13 12:12:37.230488+00:00,50.7599,median_energy_dram,unit_test_energy,BubbleSort_SortsListCorrectly
_result,3,2024-12-10 12:26:22.502131+00:00,2024-12-13 12:26:22.502131+00:00,2024-12-13 12:14:00.043328+00:00,49.0927,median_energy_dram,unit_test_energy,BubbleSort_SortsListCorrectly
_result,3,2024-12-10 12:26:22.502131+00:00,2024-12-13 12:26:22.502131+00:00,2024-12-13 12:15:22.926297+00:00,49.9933,median_energy_dram,unit_test_energy,BubbleSort_SortsListCorrectly
_result,3,2024-12-10 12:26:22.502131+00:00,2024-12-13 12:26:22.502131+00:00,2024-12-13 12:16:44.918777+00:00,49.4943,median_energy_dram,unit_test_energy,BubbleSort_SortsListCorrectly
_result,3,2024-12-10 12:26:22.502131+00:00,2024-12-13 12:26:22.502131+00:00,2024-12-13 12:18:06.909692+00:00,50.0677,median_energy_dram,unit_test_energy,BubbleSort_SortsListCorrectly
_result,3,2024-12-10 12:26:22.502131+00:00,2024-12-13 12:26:22.502131+00:00,2024-12-13 12:19:28.651260+00:00,49.6512,median_energy_dram,unit_test_energy,BubbleSort_SortsListCorrectly
_result,3,2024-12-10 12:26:22.502131+00:00,2024-12-13 12:26:22.502131+00:00,2024-12-13 12:20:50.649228+00:00,50.9363,median_energy_dram,unit_test_energy,BubbleSort_SortsListCorrectly
_result,3,2024-12-10 12:26:22.502131+00:00,2024-12-13 12:26:22.502131+00:00,2024-12-13 12:22:13.075305+00:00,50.0269,median_energy_dram,unit_test_energy,BubbleSort_SortsListCorrectly
_result,4,2024-12-10 12:26:22.502131+00:00,2024-12-13 12:26:22.502131+00:00,2024-12-13 11:41:54.873906+00:00,127.0026,median_energy_pkg,unit_test_energy,BubbleSort_SortsListCorrectly
_result,4,2024-12-10 12:26:22.502131+00:00,2024-12-13 12:26:22.502131+00:00,2024-12-13 11:43:16.040469+00:00,111.1212,median_energy_pkg,unit_test_energy,BubbleSort_SortsListCorrectly
_result,4,2024-12-10 12:26:22.502131+00:00,2024-12-13 12:26:22.502131+00:00,2024-12-13 11:44:38.036772+00:00,111.1023,median_energy_pkg,unit_test_energy,BubbleSort_SortsListCorrectly
_result,4,2024-12-10 12:26:22.502131+00:00,2024-12-13 12:26:22.502131+00:00,2024-12-13 11:46:00.364183+00:00,110.6525,median_energy_pkg,unit_test_energy,BubbleSort_SortsListCorrectly
_result,4,2024-12-10 12:26:22.502131+00:00,2024-12-13 12:26:22.502131+00:00,2024-12-13 11:47:22.561761+00:00,110.4407,median_energy_pkg,unit_test_energy,BubbleSort_SortsListCorrectly
_result,4,2024-12-10 12:26:22.502131+00:00,2024-12-13 12:26:22.502131+00:00,2024-12-13 11:48:44.729978+00:00,110.9802,median_energy_pkg,unit_test_energy,BubbleSort_SortsListCorrectly
_result,4,2024-12-10 12:26:22.502131+00:00,2024-12-13 12:26:22.502131+00:00,2024-12-13 11:50:07.100981+00:00,110.0177,median_energy_pkg,unit_test_energy,BubbleSort_SortsListCorrectly
_result,4,2024-12-10 12:26:22.502131+00:00,2024-12-13 12:26:22.502131+00:00,2024-12-13 11:51:28.662544+00:00,111.0333,median_energy_pkg,unit_test_energy,BubbleSort_SortsListCorrectly
_result,4,2024-12-10 12:26:22.502131+00:00,2024-12-13 12:26:22.502131+00:00,2024-12-13 11:52:50.435034+00:00,110.592,median_energy_pkg,unit_test_energy,BubbleSort_SortsListCorrectly
_result,4,2024-12-10 12:26:22.502131+00:00,2024-12-13 12:26:22.502131+00:00,2024-12-13 11:54:12.505159+00:00,111.1713,median_energy_pkg,unit_test_energy,BubbleSort_SortsListCorrectly
_result,4,2024-12-10 12:26:22.502131+00:00,2024-12-13 12:26:22.502131+00:00,2024-12-13 11:55:35.800490+00:00,120.1025,median_energy_pkg,unit_test_energy,BubbleSort_SortsListCorrectly
_result,4,2024-12-10 12:26:22.502131+00:00,2024-12-13 12:26:22.502131+00:00,2024-12-13 11:56:57.771390+00:00,124.4904,median_energy_pkg,unit_test_energy,BubbleSort_SortsListCorrectly
_result,4,2024-12-10 12:26:22.502131+00:00,2024-12-13 12:26:22.502131+00:00,2024-12-13 11:58:20.461379+00:00,127.6233,median_energy_pkg,unit_test_energy,BubbleSort_SortsListCorrectly
_result,4,2024-12-10 12:26:22.502131+00:00,2024-12-13 12:26:22.502131+00:00,2024-12-13 11:59:42.706915+00:00,127.6599,median_energy_pkg,unit_test_energy,BubbleSort_SortsListCorrectly
_result,4,2024-12-10 12:26:22.502131+00:00,2024-12-13 12:26:22.502131+00:00,2024-12-13 12:01:04.432925+00:00,126.6333,median_energy_pkg,unit_test_energy,BubbleSort_SortsListCorrectly
_result,4,2024-12-10 12:26:22.502131+00:00,2024-12-13 12:26:22.502131+00:00,2024-12-13 12:03:01.378269+00:00,125.0208,median_energy_pkg,unit_test_energy,BubbleSort_SortsListCorrectly
_result,4,2024-12-10 12:26:22.502131+00:00,2024-12-13 12:26:22.502131+00:00,2024-12-13 12:04:24.103919+00:00,125.0903,median_energy_pkg,unit_test_energy,BubbleSort_SortsListCorrectly
_result,4,2024-12-10 12:26:22.502131+00:00,2024-12-13 12:26:22.502131+00:00,2024-12-13 12:05:46.101569+00:00,125.882,median_energy_pkg,unit_test_energy,BubbleSort_SortsListCorrectly
_result,4,2024-12-10 12:26:22.502131+00:00,2024-12-13 12:26:22.502131+00:00,2024-12-13 12:07:07.867929+00:00,125.2844,median_energy_pkg,unit_test_energy,BubbleSort_SortsListCorrectly
_result,4,2024-12-10 12:26:22.502131+00:00,2024-12-13 12:26:22.502131+00:00,2024-12-13 12:08:30.890664+00:00,120.7043,median_energy_pkg,unit_test_energy,BubbleSort_SortsListCorrectly
_result,4,2024-12-10 12:26:22.502131+00:00,2024-12-13 12:26:22.502131+00:00,2024-12-13 12:09:52.923123+00:00,123.3911,median_energy_pkg,unit_test_energy,BubbleSort_SortsListCorrectly
_result,4,2024-12-10 12:26:22.502131+00:00,2024-12-13 12:26:22.502131+00:00,2024-12-13 12:11:14.566681+00:00,128.1,median_energy_pkg,unit_test_energy,BubbleSort_SortsListCorrectly
_result,4,2024-12-10 12:26:22.502131+00:00,2024-12-13 12:26:22.502131+00:00,2024-12-13 12:12:37.230488+00:00,127.2321,median_energy_pkg,unit_test_energy,BubbleSort_SortsListCorrectly
_result,4,2024-12-10 12:26:22.502131+00:00,2024-12-13 12:26:22.502131+00:00,2024-12-13 12:14:00.043328+00:00,124.5386,median_energy_pkg,unit_test_energy,BubbleSort_SortsListCorrectly
_result,4,2024-12-10 12:26:22.502131+00:00,2024-12-13 12:26:22.502131+00:00,2024-12-13 12:15:22.926297+00:00,125.1611,median_energy_pkg,unit_test_energy,BubbleSort_SortsListCorrectly
_result,4,2024-12-10 12:26:22.502131+00:00,2024-12-13 12:26:22.502131+00:00,2024-12-13 12:16:44.918777+00:00,124.5923,median_energy_pkg,unit_test_energy,BubbleSort_SortsListCorrectly
_result,4,2024-12-10 12:26:22.502131+00:00,2024-12-13 12:26:22.502131+00:00,2024-12-13 12:18:06.909692+00:00,125.8862,median_energy_pkg,unit_test_energy,BubbleSort_SortsListCorrectly
_result,4,2024-12-10 12:26:22.502131+00:00,2024-12-13 12:26:22.502131+00:00,2024-12-13 12:19:28.651260+00:00,125.4712,median_energy_pkg,unit_test_energy,BubbleSort_SortsListCorrectly
_result,4,2024-12-10 12:26:22.502131+00:00,2024-12-13 12:26:22.502131+00:00,2024-12-13 12:20:50.649228+00:00,125.9631,median_energy_pkg,unit_test_energy,BubbleSort_SortsListCorrectly
_result,4,2024-12-10 12:26:22.502131+00:00,2024-12-13 12:26:22.502131+00:00,2024-12-13 12:22:13.075305+00:00,124.8682,median_energy_pkg,unit_test_energy,BubbleSort_SortsListCorrectly
_result,5,2024-12-10 12:26:22.502131+00:00,2024-12-13 12:26:22.502131+00:00,2024-12-13 11:41:54.873906+00:00,936.1722,total_energy_dram,unit_test_energy,BubbleSort_SortsListCorrectly
_result,5,2024-12-10 12:26:22.502131+00:00,2024-12-13 12:26:22.502131+00:00,2024-12-13 11:43:16.040469+00:00,798.0558,total_energy_dram,unit_test_energy,BubbleSort_SortsListCorrectly
_result,5,2024-12-10 12:26:22.502131+00:00,2024-12-13 12:26:22.502131+00:00,2024-12-13 11:44:38.036772+00:00,816.2884,total_energy_dram,unit_test_energy,BubbleSort_SortsListCorrectly
_result,5,2024-12-10 12:26:22.502131+00:00,2024-12-13 12:26:22.502131+00:00,2024-12-13 11:46:00.364183+00:00,811.7959,total_energy_dram,unit_test_energy,BubbleSort_SortsListCorrectly
_result,5,2024-12-10 12:26:22.502131+00:00,2024-12-13 12:26:22.502131+00:00,2024-12-13 11:47:22.561761+00:00,815.5975,total_energy_dram,unit_test_energy,BubbleSort_SortsListCorrectly
_result,5,2024-12-10 12:26:22.502131+00:00,2024-12-13 12:26:22.502131+00:00,2024-12-13 11:48:44.729978+00:00,798.8436,total_energy_dram,unit_test_energy,BubbleSort_SortsListCorrectly
_result,5,2024-12-10 12:26:22.502131+00:00,2024-12-13 12:26:22.502131+00:00,2024-12-13 11:50:07.100981+00:00,816.505,total_energy_dram,unit_test_energy,BubbleSort_SortsListCorrectly
_result,5,2024-12-10 12:26:22.502131+00:00,2024-12-13 12:26:22.502131+00:00,2024-12-13 11:51:28.662544+00:00,797.7822,total_energy_dram,unit_test_energy,BubbleSort_SortsListCorrectly
_result,5,2024-12-10 12:26:22.502131+00:00,2024-12-13 12:26:22.502131+00:00,2024-12-13 11:52:50.435034+00:00,796.389,total_energy_dram,unit_test_energy,BubbleSort_SortsListCorrectly
_result,5,2024-12-10 12:26:22.502131+00:00,2024-12-13 12:26:22.502131+00:00,2024-12-13 11:54:12.505159+00:00,813.3431,total_energy_dram,unit_test_energy,BubbleSort_SortsListCorrectly
_result,5,2024-12-10 12:26:22.502131+00:00,2024-12-13 12:26:22.502131+00:00,2024-12-13 11:55:35.800490+00:00,878.0574,total_energy_dram,unit_test_energy,BubbleSort_SortsListCorrectly
_result,5,2024-12-10 12:26:22.502131+00:00,2024-12-13 12:26:22.502131+00:00,2024-12-13 11:56:57.771390+00:00,907.6758,total_energy_dram,unit_test_energy,BubbleSort_SortsListCorrectly
_result,5,2024-12-10 12:26:22.502131+00:00,2024-12-13 12:26:22.502131+00:00,2024-12-13 11:58:20.461379+00:00,956.6806,total_energy_dram,unit_test_energy,BubbleSort_SortsListCorrectly
_result,5,2024-12-10 12:26:22.502131+00:00,2024-12-13 12:26:22.502131+00:00,2024-12-13 11:59:42.706915+00:00,963.8312,total_energy_dram,unit_test_energy,BubbleSort_SortsListCorrectly
_result,5,2024-12-10 12:26:22.502131+00:00,2024-12-13 12:26:22.502131+00:00,2024-12-13 12:01:04.432925+00:00,958.5753,total_energy_dram,unit_test_energy,BubbleSort_SortsListCorrectly
_result,5,2024-12-10 12:26:22.502131+00:00,2024-12-13 12:26:22.502131+00:00,2024-12-13 12:03:01.378269+00:00,935.1868,total_energy_dram,unit_test_energy,BubbleSort_SortsListCorrectly
_result,5,2024-12-10 12:26:22.502131+00:00,2024-12-13 12:26:22.502131+00:00,2024-12-13 12:04:24.103919+00:00,962.6946,total_energy_dram,unit_test_energy,BubbleSort_SortsListCorrectly
_result,5,2024-12-10 12:26:22.502131+00:00,2024-12-13 12:26:22.502131+00:00,2024-12-13 12:05:46.101569+00:00,950.4686,total_energy_dram,unit_test_energy,BubbleSort_SortsListCorrectly
_result,5,2024-12-10 12:26:22.502131+00:00,2024-12-13 12:26:22.502131+00:00,2024-12-13 12:07:07.867929+00:00,931.787,total_energy_dram,unit_test_energy,BubbleSort_SortsListCorrectly
_result,5,2024-12-10 12:26:22.502131+00:00,2024-12-13 12:26:22.502131+00:00,2024-12-13 12:08:30.890664+00:00,906.8201,total_energy_dram,unit_test_energy,BubbleSort_SortsListCorrectly
_result,5,2024-12-10 12:26:22.502131+00:00,2024-12-13 12:26:22.502131+00:00,2024-12-13 12:09:52.923123+00:00,919.6727,total_energy_dram,unit_test_energy,BubbleSort_SortsListCorrectly
_result,5,2024-12-10 12:26:22.502131+00:00,2024-12-13 12:26:22.502131+00:00,2024-12-13 12:11:14.566681+00:00,943.3129,total_energy_dram,unit_test_energy,BubbleSort_SortsListCorrectly
_result,5,2024-12-10 12:26:22.502131+00:00,2024-12-13 12:26:22.502131+00:00,2024-12-13 12:12:37.230488+00:00,959.3038,total_energy_dram,unit_test_energy,BubbleSort_SortsListCorrectly
_result,5,2024-12-10 12:26:22.502131+00:00,2024-12-13 12:26:22.502131+00:00,2024-12-13 12:14:00.043328+00:00,935.5432,total_energy_dram,unit_test_energy,BubbleSort_SortsListCorrectly
_result,5,2024-12-10 12:26:22.502131+00:00,2024-12-13 12:26:22.502131+00:00,2024-12-13 12:15:22.926297+00:00,952.6937,total_energy_dram,unit_test_energy,BubbleSort_SortsListCorrectly
_result,5,2024-12-10 12:26:22.502131+00:00,2024-12-13 12:26:22.502131+00:00,2024-12-13 12:16:44.918777+00:00,917.3026,total_energy_dram,unit_test_energy,BubbleSort_SortsListCorrectly
_result,5,2024-12-10 12:26:22.502131+00:00,2024-12-13 12:26:22.502131+00:00,2024-12-13 12:18:06.909692+00:00,941.3477,total_energy_dram,unit_test_energy,BubbleSort_SortsListCorrectly
_result,5,2024-12-10 12:26:22.502131+00:00,2024-12-13 12:26:22.502131+00:00,2024-12-13 12:19:28.651260+00:00,936.7184,total_energy_dram,unit_test_energy,BubbleSort_SortsListCorrectly
_result,5,2024-12-10 12:26:22.502131+00:00,2024-12-13 12:26:22.502131+00:00,2024-12-13 12:20:50.649228+00:00,949.6947,total_energy_dram,unit_test_energy,BubbleSort_SortsListCorrectly
_result,5,2024-12-10 12:26:22.502131+00:00,2024-12-13 12:26:22.502131+00:00,2024-12-13 12:22:13.075305+00:00,959.9165,total_energy_dram,unit_test_energy,BubbleSort_SortsListCorrectly
_result,6,2024-12-10 12:26:22.502131+00:00,2024-12-13 12:26:22.502131+00:00,2024-12-13 11:41:54.873906+00:00,2345.6248,total_energy_pkg,unit_test_energy,BubbleSort_SortsListCorrectly
_result,6,2024-12-10 12:26:22.502131+00:00,2024-12-13 12:26:22.502131+00:00,2024-12-13 11:43:16.040469+00:00,2053.8397,total_energy_pkg,unit_test_energy,BubbleSort_SortsListCorrectly
_result,6,2024-12-10 12:26:22.502131+00:00,2024-12-13 12:26:22.502131+00:00,2024-12-13 11:44:38.036772+00:00,2112.8384,total_energy_pkg,unit_test_energy,BubbleSort_SortsListCorrectly
_result,6,2024-12-10 12:26:22.502131+00:00,2024-12-13 12:26:22.502131+00:00,2024-12-13 11:46:00.364183+00:00,2103.9015,total_energy_pkg,unit_test_energy,BubbleSort_SortsListCorrectly
_result,6,2024-12-10 12:26:22.502131+00:00,2024-12-13 12:26:22.502131+00:00,2024-12-13 11:47:22.561761+00:00,2116.9709,total_energy_pkg,unit_test_energy,BubbleSort_SortsListCorrectly
_result,6,2024-12-10 12:26:22.502131+00:00,2024-12-13 12:26:22.502131+00:00,2024-12-13 11:48:44.729978+00:00,2055.6737,total_energy_pkg,unit_test_energy,BubbleSort_SortsListCorrectly
_result,6,2024-12-10 12:26:22.502131+00:00,2024-12-13 12:26:22.502131+00:00,2024-12-13 11:50:07.100981+00:00,2117.7889,total_energy_pkg,unit_test_energy,BubbleSort_SortsListCorrectly
_result,6,2024-12-10 12:26:22.502131+00:00,2024-12-13 12:26:22.502131+00:00,2024-12-13 11:51:28.662544+00:00,2057.0786,total_energy_pkg,unit_test_energy,BubbleSort_SortsListCorrectly
_result,6,2024-12-10 12:26:22.502131+00:00,2024-12-13 12:26:22.502131+00:00,2024-12-13 11:52:50.435034+00:00,2064.3599,total_energy_pkg,unit_test_energy,BubbleSort_SortsListCorrectly
_result,6,2024-12-10 12:26:22.502131+00:00,2024-12-13 12:26:22.502131+00:00,2024-12-13 11:54:12.505159+00:00,2100.7725,total_energy_pkg,unit_test_energy,BubbleSort_SortsListCorrectly
_result,6,2024-12-10 12:26:22.502131+00:00,2024-12-13 12:26:22.502131+00:00,2024-12-13 11:55:35.800490+00:00,2388.9064,total_energy_pkg,unit_test_energy,BubbleSort_SortsListCorrectly
_result,6,2024-12-10 12:26:22.502131+00:00,2024-12-13 12:26:22.502131+00:00,2024-12-13 11:56:57.771390+00:00,2341.1179,total_energy_pkg,unit_test_energy,BubbleSort_SortsListCorrectly
_result,6,2024-12-10 12:26:22.502131+00:00,2024-12-13 12:26:22.502131+00:00,2024-12-13 11:58:20.461379+00:00,2423.1985,total_energy_pkg,unit_test_energy,BubbleSort_SortsListCorrectly
_result,6,2024-12-10 12:26:22.502131+00:00,2024-12-13 12:26:22.502131+00:00,2024-12-13 11:59:42.706915+00:00,2414.3891,total_energy_pkg,unit_test_energy,BubbleSort_SortsListCorrectly
_result,6,2024-12-10 12:26:22.502131+00:00,2024-12-13 12:26:22.502131+00:00,2024-12-13 12:01:04.432925+00:00,2408.5506,total_energy_pkg,unit_test_energy,BubbleSort_SortsListCorrectly
_result,6,2024-12-10 12:26:22.502131+00:00,2024-12-13 12:26:22.502131+00:00,2024-12-13 12:03:01.378269+00:00,2369.0526,total_energy_pkg,unit_test_energy,BubbleSort_SortsListCorrectly
_result,6,2024-12-10 12:26:22.502131+00:00,2024-12-13 12:26:22.502131+00:00,2024-12-13 12:04:24.103919+00:00,2434.8214,total_energy_pkg,unit_test_energy,BubbleSort_SortsListCorrectly
_result,6,2024-12-10 12:26:22.502131+00:00,2024-12-13 12:26:22.502131+00:00,2024-12-13 12:05:46.101569+00:00,2393.5596,total_energy_pkg,unit_test_energy,BubbleSort_SortsListCorrectly
_result,6,2024-12-10 12:26:22.502131+00:00,2024-12-13 12:26:22.502131+00:00,2024-12-13 12:07:07.867929+00:00,2355.2983,total_energy_pkg,unit_test_energy,BubbleSort_SortsListCorrectly
_result,6,2024-12-10 12:26:22.502131+00:00,2024-12-13 12:26:22.502131+00:00,2024-12-13 12:08:30.890664+00:00,2391.45,total_energy_pkg,unit_test_energy,BubbleSort_SortsListCorrectly
_result,6,2024-12-10 12:26:22.502131+00:00,2024-12-13 12:26:22.502131+00:00,2024-12-13 12:09:52.923123+00:00,2362.904,total_energy_pkg,unit_test_energy,BubbleSort_SortsListCorrectly
_result,6,2024-12-10 12:26:22.502131+00:00,2024-12-13 12:26:22.502131+00:00,2024-12-13 12:11:14.566681+00:00,2361.3467,total_energy_pkg,unit_test_energy,BubbleSort_SortsListCorrectly
_result,6,2024-12-10 12:26:22.502131+00:00,2024-12-13 12:26:22.502131+00:00,2024-12-13 12:12:37.230488+00:00,2422.563,total_energy_pkg,unit_test_energy,BubbleSort_SortsListCorrectly
_result,6,2024-12-10 12:26:22.502131+00:00,2024-12-13 12:26:22.502131+00:00,2024-12-13 12:14:00.043328+00:00,2410.094,total_energy_pkg,unit_test_energy,BubbleSort_SortsListCorrectly
_result,6,2024-12-10 12:26:22.502131+00:00,2024-12-13 12:26:22.502131+00:00,2024-12-13 12:15:22.926297+00:00,2429.0757,total_energy_pkg,unit_test_energy,BubbleSort_SortsListCorrectly
_result,6,2024-12-10 12:26:22.502131+00:00,2024-12-13 12:26:22.502131+00:00,2024-12-13 12:16:44.918777+00:00,2367.6636,total_energy_pkg,unit_test_energy,BubbleSort_SortsListCorrectly
_result,6,2024-12-10 12:26:22.502131+00:00,2024-12-13 12:26:22.502131+00:00,2024-12-13 12:18:06.909692+00:00,2373.6186,total_energy_pkg,unit_test_energy,BubbleSort_SortsListCorrectly
_result,6,2024-12-10 12:26:22.502131+00:00,2024-12-13 12:26:22.502131+00:00,2024-12-13 12:19:28.651260+00:00,2371.5131,total_energy_pkg,unit_test_energy,BubbleSort_SortsListCorrectly
_result,6,2024-12-10 12:26:22.502131+00:00,2024-12-13 12:26:22.502131+00:00,2024-12-13 12:20:50.649228+00:00,2364.3444,total_energy_pkg,unit_test_energy,BubbleSort_SortsListCorrectly
_result,6,2024-12-10 12:26:22.502131+00:00,2024-12-13 12:26:22.502131+00:00,2024-12-13 12:22:13.075305+00:00,2408.45,total_energy_pkg,unit_test_energy,BubbleSort_SortsListCorrectly
_result,7,2024-12-10 12:26:22.502131+00:00,2024-12-13 12:26:22.502131+00:00,2024-12-13 11:41:31.494927+00:00,43.7015,avg_energy_dram,unit_test_energy,BuiltInSort_SortsListCorrectly
_result,7,2024-12-10 12:26:22.502131+00:00,2024-12-13 12:26:22.502131+00:00,2024-12-13 11:42:52.652613+00:00,36.2505,avg_energy_dram,unit_test_energy,BuiltInSort_SortsListCorrectly
_result,7,2024-12-10 12:26:22.502131+00:00,2024-12-13 12:26:22.502131+00:00,2024-12-13 11:44:14.209644+00:00,35.9294,avg_energy_dram,unit_test_energy,BuiltInSort_SortsListCorrectly
_result,7,2024-12-10 12:26:22.502131+00:00,2024-12-13 12:26:22.502131+00:00,2024-12-13 11:45:36.550923+00:00,35.9081,avg_energy_dram,unit_test_energy,BuiltInSort_SortsListCorrectly
_result,7,2024-12-10 12:26:22.502131+00:00,2024-12-13 12:26:22.502131+00:00,2024-12-13 11:46:58.601868+00:00,36.0236,avg_energy_dram,unit_test_energy,BuiltInSort_SortsListCorrectly
_result,7,2024-12-10 12:26:22.502131+00:00,2024-12-13 12:26:22.502131+00:00,2024-12-13 11:48:21.316488+00:00,36.067,avg_energy_dram,unit_test_energy,BuiltInSort_SortsListCorrectly
_result,7,2024-12-10 12:26:22.502131+00:00,2024-12-13 12:26:22.502131+00:00,2024-12-13 11:49:43.100501+00:00,35.6685,avg_energy_dram,unit_test_energy,BuiltInSort_SortsListCorrectly
_result,7,2024-12-10 12:26:22.502131+00:00,2024-12-13 12:26:22.502131+00:00,2024-12-13 11:51:05.340460+00:00,36.252,avg_energy_dram,unit_test_energy,BuiltInSort_SortsListCorrectly
_result,7,2024-12-10 12:26:22.502131+00:00,2024-12-13 12:26:22.502131+00:00,2024-12-13 11:52:26.962786+00:00,35.9089,avg_energy_dram,unit_test_energy,BuiltInSort_SortsListCorrectly
_result,7,2024-12-10 12:26:22.502131+00:00,2024-12-13 12:26:22.502131+00:00,2024-12-13 11:53:48.794903+00:00,35.9313,avg_energy_dram,unit_test_energy,BuiltInSort_SortsListCorrectly
_result,7,2024-12-10 12:26:22.502131+00:00,2024-12-13 12:26:22.502131+00:00,2024-12-13 11:55:11.053840+00:00,51.7635,avg_energy_dram,unit_test_energy,BuiltInSort_SortsListCorrectly
_result,7,2024-12-10 12:26:22.502131+00:00,2024-12-13 12:26:22.502131+00:00,2024-12-13 11:56:33.864689+00:00,44.0801,avg_energy_dram,unit_test_energy,BuiltInSort_SortsListCorrectly
_result,7,2024-12-10 12:26:22.502131+00:00,2024-12-13 12:26:22.502131+00:00,2024-12-13 11:57:56.296261+00:00,44.0249,avg_energy_dram,unit_test_energy,BuiltInSort_SortsListCorrectly
_result,7,2024-12-10 12:26:22.502131+00:00,2024-12-13 12:26:22.502131+00:00,2024-12-13 11:59:18.666246+00:00,44.0548,avg_energy_dram,unit_test_energy,BuiltInSort_SortsListCorrectly
_result,7,2024-12-10 12:26:22.502131+00:00,2024-12-13 12:26:22.502131+00:00,2024-12-13 12:00:40.490654+00:00,43.6753,avg_energy_dram,unit_test_energy,BuiltInSort_SortsListCorrectly
_result,7,2024-12-10 12:26:22.502131+00:00,2024-12-13 12:26:22.502131+00:00,2024-12-13 12:02:37.704619+00:00,44.07,avg_energy_dram,unit_test_energy,BuiltInSort_SortsListCorrectly
_result,7,2024-12-10 12:26:22.502131+00:00,2024-12-13 12:26:22.502131+00:00,2024-12-13 12:03:59.735081+00:00,52.3841,avg_energy_dram,unit_test_energy,BuiltInSort_SortsListCorrectly
_result,7,2024-12-10 12:26:22.502131+00:00,2024-12-13 12:26:22.502131+00:00,2024-12-13 12:05:22.194454+00:00,44.168,avg_energy_dram,unit_test_energy,BuiltInSort_SortsListCorrectly
_result,7,2024-12-10 12:26:22.502131+00:00,2024-12-13 12:26:22.502131+00:00,2024-12-13 12:06:44.183369+00:00,44.115,avg_energy_dram,unit_test_energy,BuiltInSort_SortsListCorrectly
_result,7,2024-12-10 12:26:22.502131+00:00,2024-12-13 12:26:22.502131+00:00,2024-12-13 12:08:06.165637+00:00,44.2673,avg_energy_dram,unit_test_energy,BuiltInSort_SortsListCorrectly
_result,7,2024-12-10 12:26:22.502131+00:00,2024-12-13 12:26:22.502131+00:00,2024-12-13 12:09:28.773499+00:00,43.6538,avg_energy_dram,unit_test_energy,BuiltInSort_SortsListCorrectly
_result,7,2024-12-10 12:26:22.502131+00:00,2024-12-13 12:26:22.502131+00:00,2024-12-13 12:10:51.052046+00:00,44.5023,avg_energy_dram,unit_test_energy,BuiltInSort_SortsListCorrectly
_result,7,2024-12-10 12:26:22.502131+00:00,2024-12-13 12:26:22.502131+00:00,2024-12-13 12:12:13.051958+00:00,45.2309,avg_energy_dram,unit_test_energy,BuiltInSort_SortsListCorrectly
_result,7,2024-12-10 12:26:22.502131+00:00,2024-12-13 12:26:22.502131+00:00,2024-12-13 12:13:35.668784+00:00,44.2678,avg_energy_dram,unit_test_energy,BuiltInSort_SortsListCorrectly
_result,7,2024-12-10 12:26:22.502131+00:00,2024-12-13 12:26:22.502131+00:00,2024-12-13 12:14:58.467680+00:00,44.0042,avg_energy_dram,unit_test_energy,BuiltInSort_SortsListCorrectly
_result,7,2024-12-10 12:26:22.502131+00:00,2024-12-13 12:26:22.502131+00:00,2024-12-13 12:16:20.861471+00:00,44.0484,avg_energy_dram,unit_test_energy,BuiltInSort_SortsListCorrectly
_result,7,2024-12-10 12:26:22.502131+00:00,2024-12-13 12:26:22.502131+00:00,2024-12-13 12:17:43.162996+00:00,44.0413,avg_energy_dram,unit_test_energy,BuiltInSort_SortsListCorrectly
_result,7,2024-12-10 12:26:22.502131+00:00,2024-12-13 12:26:22.502131+00:00,2024-12-13 12:19:04.923864+00:00,43.7371,avg_energy_dram,unit_test_energy,BuiltInSort_SortsListCorrectly
_result,7,2024-12-10 12:26:22.502131+00:00,2024-12-13 12:26:22.502131+00:00,2024-12-13 12:20:27.100666+00:00,44.2367,avg_energy_dram,unit_test_energy,BuiltInSort_SortsListCorrectly
_result,7,2024-12-10 12:26:22.502131+00:00,2024-12-13 12:26:22.502131+00:00,2024-12-13 12:21:49.014699+00:00,44.4715,avg_energy_dram,unit_test_energy,BuiltInSort_SortsListCorrectly
_result,8,2024-12-10 12:26:22.502131+00:00,2024-12-13 12:26:22.502131+00:00,2024-12-13 11:41:31.494927+00:00,115.5399,avg_energy_pkg,unit_test_energy,BuiltInSort_SortsListCorrectly
_result,8,2024-12-10 12:26:22.502131+00:00,2024-12-13 12:26:22.502131+00:00,2024-12-13 11:42:52.652613+00:00,67.7621,avg_energy_pkg,unit_test_energy,BuiltInSort_SortsListCorrectly
_result,8,2024-12-10 12:26:22.502131+00:00,2024-12-13 12:26:22.502131+00:00,2024-12-13 11:44:14.209644+00:00,67.6714,avg_energy_pkg,unit_test_energy,BuiltInSort_SortsListCorrectly
_result,8,2024-12-10 12:26:22.502131+00:00,2024-12-13 12:26:22.502131+00:00,2024-12-13 11:45:36.550923+00:00,67.5665,avg_energy_pkg,unit_test_energy,BuiltInSort_SortsListCorrectly
_result,8,2024-12-10 12:26:22.502131+00:00,2024-12-13 12:26:22.502131+00:00,2024-12-13 11:46:58.601868+00:00,68.0892,avg_energy_pkg,unit_test_energy,BuiltInSort_SortsListCorrectly
_result,8,2024-12-10 12:26:22.502131+00:00,2024-12-13 12:26:22.502131+00:00,2024-12-13 11:48:21.316488+00:00,67.82,avg_energy_pkg,unit_test_energy,BuiltInSort_SortsListCorrectly
_result,8,2024-12-10 12:26:22.502131+00:00,2024-12-13 12:26:22.502131+00:00,2024-12-13 11:49:43.100501+00:00,66.8048,avg_energy_pkg,unit_test_energy,BuiltInSort_SortsListCorrectly
_result,8,2024-12-10 12:26:22.502131+00:00,2024-12-13 12:26:22.502131+00:00,2024-12-13 11:51:05.340460+00:00,68.9414,avg_energy_pkg,unit_test_energy,BuiltInSort_SortsListCorrectly
_result,8,2024-12-10 12:26:22.502131+00:00,2024-12-13 12:26:22.502131+00:00,2024-12-13 11:52:26.962786+00:00,67.9873,avg_energy_pkg,unit_test_energy,BuiltInSort_SortsListCorrectly
_result,8,2024-12-10 12:26:22.502131+00:00,2024-12-13 12:26:22.502131+00:00,2024-12-13 11:53:48.794903+00:00,67.2854,avg_energy_pkg,unit_test_energy,BuiltInSort_SortsListCorrectly
_result,8,2024-12-10 12:26:22.502131+00:00,2024-12-13 12:26:22.502131+00:00,2024-12-13 11:55:11.053840+00:00,124.7399,avg_energy_pkg,unit_test_energy,BuiltInSort_SortsListCorrectly
_result,8,2024-12-10 12:26:22.502131+00:00,2024-12-13 12:26:22.502131+00:00,2024-12-13 11:56:33.864689+00:00,116.2998,avg_energy_pkg,unit_test_energy,BuiltInSort_SortsListCorrectly
_result,8,2024-12-10 12:26:22.502131+00:00,2024-12-13 12:26:22.502131+00:00,2024-12-13 11:57:56.296261+00:00,115.7015,avg_energy_pkg,unit_test_energy,BuiltInSort_SortsListCorrectly
_result,8,2024-12-10 12:26:22.502131+00:00,2024-12-13 12:26:22.502131+00:00,2024-12-13 11:59:18.666246+00:00,115.0485,avg_energy_pkg,unit_test_energy,BuiltInSort_SortsListCorrectly
_result,8,2024-12-10 12:26:22.502131+00:00,2024-12-13 12:26:22.502131+00:00,2024-12-13 12:00:40.490654+00:00,114.7152,avg_energy_pkg,unit_test_energy,BuiltInSort_SortsListCorrectly
_result,8,2024-12-10 12:26:22.502131+00:00,2024-12-13 12:26:22.502131+00:00,2024-12-13 12:02:37.704619+00:00,117.2909,avg_energy_pkg,unit_test_energy,BuiltInSort_SortsListCorrectly
_result,8,2024-12-10 12:26:22.502131+00:00,2024-12-13 12:26:22.502131+00:00,2024-12-13 12:03:59.735081+00:00,124.1793,avg_energy_pkg,unit_test_energy,BuiltInSort_SortsListCorrectly
_result,8,2024-12-10 12:26:22.502131+00:00,2024-12-13 12:26:22.502131+00:00,2024-12-13 12:05:22.194454+00:00,116.0636,avg_energy_pkg,unit_test_energy,BuiltInSort_SortsListCorrectly
_result,8,2024-12-10 12:26:22.502131+00:00,2024-12-13 12:26:22.502131+00:00,2024-12-13 12:06:44.183369+00:00,114.025,avg_energy_pkg,unit_test_energy,BuiltInSort_SortsListCorrectly
_result,8,2024-12-10 12:26:22.502131+00:00,2024-12-13 12:26:22.502131+00:00,2024-12-13 12:08:06.165637+00:00,115.1986,avg_energy_pkg,unit_test_energy,BuiltInSort_SortsListCorrectly
_result,8,2024-12-10 12:26:22.502131+00:00,2024-12-13 12:26:22.502131+00:00,2024-12-13 12:09:28.773499+00:00,115.0852,avg_energy_pkg,unit_test_energy,BuiltInSort_SortsListCorrectly
_result,8,2024-12-10 12:26:22.502131+00:00,2024-12-13 12:26:22.502131+00:00,2024-12-13 12:10:51.052046+00:00,114.438,avg_energy_pkg,unit_test_energy,BuiltInSort_SortsListCorrectly
_result,8,2024-12-10 12:26:22.502131+00:00,2024-12-13 12:26:22.502131+00:00,2024-12-13 12:12:13.051958+00:00,116.8255,avg_energy_pkg,unit_test_energy,BuiltInSort_SortsListCorrectly
_result,8,2024-12-10 12:26:22.502131+00:00,2024-12-13 12:26:22.502131+00:00,2024-12-13 12:13:35.668784+00:00,115.5829,avg_energy_pkg,unit_test_energy,BuiltInSort_SortsListCorrectly
_result,8,2024-12-10 12:26:22.502131+00:00,2024-12-13 12:26:22.502131+00:00,2024-12-13 12:14:58.467680+00:00,115.2311,avg_energy_pkg,unit_test_energy,BuiltInSort_SortsListCorrectly
_result,8,2024-12-10 12:26:22.502131+00:00,2024-12-13 12:26:22.502131+00:00,2024-12-13 12:16:20.861471+00:00,116.1812,avg_energy_pkg,unit_test_energy,BuiltInSort_SortsListCorrectly
_result,8,2024-12-10 12:26:22.502131+00:00,2024-12-13 12:26:22.502131+00:00,2024-12-13 12:17:43.162996+00:00,113.9661,avg_energy_pkg,unit_test_energy,BuiltInSort_SortsListCorrectly
_result,8,2024-12-10 12:26:22.502131+00:00,2024-12-13 12:26:22.502131+00:00,2024-12-13 12:19:04.923864+00:00,114.8865,avg_energy_pkg,unit_test_energy,BuiltInSort_SortsListCorrectly
_result,8,2024-12-10 12:26:22.502131+00:00,2024-12-13 12:26:22.502131+00:00,2024-12-13 12:20:27.100666+00:00,109.8691,avg_energy_pkg,unit_test_energy,BuiltInSort_SortsListCorrectly
_result,8,2024-12-10 12:26:22.502131+00:00,2024-12-13 12:26:22.502131+00:00,2024-12-13 12:21:49.014699+00:00,115.3622,avg_energy_pkg,unit_test_energy,BuiltInSort_SortsListCorrectly
_result,9,2024-12-10 12:26:22.502131+00:00,2024-12-13 12:26:22.502131+00:00,2024-12-13 11:41:31.494927+00:00,0.0618,duration,unit_test_energy,BuiltInSort_SortsListCorrectly
_result,9,2024-12-10 12:26:22.502131+00:00,2024-12-13 12:26:22.502131+00:00,2024-12-13 11:42:52.652613+00:00,0.0856,duration,unit_test_energy,BuiltInSort_SortsListCorrectly
_result,9,2024-12-10 12:26:22.502131+00:00,2024-12-13 12:26:22.502131+00:00,2024-12-13 11:44:14.209644+00:00,0.0751,duration,unit_test_energy,BuiltInSort_SortsListCorrectly
_result,9,2024-12-10 12:26:22.502131+00:00,2024-12-13 12:26:22.502131+00:00,2024-12-13 11:45:36.550923+00:00,0.0695,duration,unit_test_energy,BuiltInSort_SortsListCorrectly
_result,9,2024-12-10 12:26:22.502131+00:00,2024-12-13 12:26:22.502131+00:00,2024-12-13 11:46:58.601868+00:00,0.076,duration,unit_test_energy,BuiltInSort_SortsListCorrectly
_result,9,2024-12-10 12:26:22.502131+00:00,2024-12-13 12:26:22.502131+00:00,2024-12-13 11:48:21.316488+00:00,0.0663,duration,unit_test_energy,BuiltInSort_SortsListCorrectly
_result,9,2024-12-10 12:26:22.502131+00:00,2024-12-13 12:26:22.502131+00:00,2024-12-13 11:49:43.100501+00:00,0.0777,duration,unit_test_energy,BuiltInSort_SortsListCorrectly
_result,9,2024-12-10 12:26:22.502131+00:00,2024-12-13 12:26:22.502131+00:00,2024-12-13 11:51:05.340460+00:00,0.0672,duration,unit_test_energy,BuiltInSort_SortsListCorrectly
_result,9,2024-12-10 12:26:22.502131+00:00,2024-12-13 12:26:22.502131+00:00,2024-12-13 11:52:26.962786+00:00,0.0634,duration,unit_test_energy,BuiltInSort_SortsListCorrectly
_result,9,2024-12-10 12:26:22.502131+00:00,2024-12-13 12:26:22.502131+00:00,2024-12-13 11:53:48.794903+00:00,0.0829,duration,unit_test_energy,BuiltInSort_SortsListCorrectly
_result,9,2024-12-10 12:26:22.502131+00:00,2024-12-13 12:26:22.502131+00:00,2024-12-13 11:55:11.053840+00:00,0.0616,duration,unit_test_energy,BuiltInSort_SortsListCorrectly
_result,9,2024-12-10 12:26:22.502131+00:00,2024-12-13 12:26:22.502131+00:00,2024-12-13 11:56:33.864689+00:00,0.067,duration,unit_test_energy,BuiltInSort_SortsListCorrectly
_result,9,2024-12-10 12:26:22.502131+00:00,2024-12-13 12:26:22.502131+00:00,2024-12-13 11:57:56.296261+00:00,0.0631,duration,unit_test_energy,BuiltInSort_SortsListCorrectly
_result,9,2024-12-10 12:26:22.502131+00:00,2024-12-13 12:26:22.502131+00:00,2024-12-13 11:59:18.666246+00:00,0.0646,duration,unit_test_energy,BuiltInSort_SortsListCorrectly
_result,9,2024-12-10 12:26:22.502131+00:00,2024-12-13 12:26:22.502131+00:00,2024-12-13 12:00:40.490654+00:00,0.0642,duration,unit_test_energy,BuiltInSort_SortsListCorrectly
_result,9,2024-12-10 12:26:22.502131+00:00,2024-12-13 12:26:22.502131+00:00,2024-12-13 12:02:37.704619+00:00,0.0641,duration,unit_test_energy,BuiltInSort_SortsListCorrectly
_result,9,2024-12-10 12:26:22.502131+00:00,2024-12-13 12:26:22.502131+00:00,2024-12-13 12:03:59.735081+00:00,0.0952,duration,unit_test_energy,BuiltInSort_SortsListCorrectly
_result,9,2024-12-10 12:26:22.502131+00:00,2024-12-13 12:26:22.502131+00:00,2024-12-13 12:05:22.194454+00:00,0.0657,duration,unit_test_energy,BuiltInSort_SortsListCorrectly
_result,9,2024-12-10 12:26:22.502131+00:00,2024-12-13 12:26:22.502131+00:00,2024-12-13 12:06:44.183369+00:00,0.0617,duration,unit_test_energy,BuiltInSort_SortsListCorrectly
_result,9,2024-12-10 12:26:22.502131+00:00,2024-12-13 12:26:22.502131+00:00,2024-12-13 12:08:06.165637+00:00,0.0631,duration,unit_test_energy,BuiltInSort_SortsListCorrectly
_result,9,2024-12-10 12:26:22.502131+00:00,2024-12-13 12:26:22.502131+00:00,2024-12-13 12:09:28.773499+00:00,0.065,duration,unit_test_energy,BuiltInSort_SortsListCorrectly
_result,9,2024-12-10 12:26:22.502131+00:00,2024-12-13 12:26:22.502131+00:00,2024-12-13 12:10:51.052046+00:00,0.065,duration,unit_test_energy,BuiltInSort_SortsListCorrectly
_result,9,2024-12-10 12:26:22.502131+00:00,2024-12-13 12:26:22.502131+00:00,2024-12-13 12:12:13.051958+00:00,0.0471,duration,unit_test_energy,BuiltInSort_SortsListCorrectly
_result,9,2024-12-10 12:26:22.502131+00:00,2024-12-13 12:26:22.502131+00:00,2024-12-13 12:13:35.668784+00:00,0.0752,duration,unit_test_energy,BuiltInSort_SortsListCorrectly
_result,9,2024-12-10 12:26:22.502131+00:00,2024-12-13 12:26:22.502131+00:00,2024-12-13 12:14:58.467680+00:00,0.061,duration,unit_test_energy,BuiltInSort_SortsListCorrectly
_result,9,2024-12-10 12:26:22.502131+00:00,2024-12-13 12:26:22.502131+00:00,2024-12-13 12:16:20.861471+00:00,0.0638,duration,unit_test_energy,BuiltInSort_SortsListCorrectly
_result,9,2024-12-10 12:26:22.502131+00:00,2024-12-13 12:26:22.502131+00:00,2024-12-13 12:17:43.162996+00:00,0.0775,duration,unit_test_energy,BuiltInSort_SortsListCorrectly
_result,9,2024-12-10 12:26:22.502131+00:00,2024-12-13 12:26:22.502131+00:00,2024-12-13 12:19:04.923864+00:00,0.062,duration,unit_test_energy,BuiltInSort_SortsListCorrectly
_result,9,2024-12-10 12:26:22.502131+00:00,2024-12-13 12:26:22.502131+00:00,2024-12-13 12:20:27.100666+00:00,0.0675,duration,unit_test_energy,BuiltInSort_SortsListCorrectly
_result,9,2024-12-10 12:26:22.502131+00:00,2024-12-13 12:26:22.502131+00:00,2024-12-13 12:21:49.014699+00:00,0.0624,duration,unit_test_energy,BuiltInSort_SortsListCorrectly
_result,10,2024-12-10 12:26:22.502131+00:00,2024-12-13 12:26:22.502131+00:00,2024-12-13 11:41:31.494927+00:00,44.3765,median_energy_dram,unit_test_energy,BuiltInSort_SortsListCorrectly
_result,10,2024-12-10 12:26:22.502131+00:00,2024-12-13 12:26:22.502131+00:00,2024-12-13 11:42:52.652613+00:00,35.2197,median_energy_dram,unit_test_energy,BuiltInSort_SortsListCorrectly
_result,10,2024-12-10 12:26:22.502131+00:00,2024-12-13 12:26:22.502131+00:00,2024-12-13 11:44:14.209644+00:00,36.4725,median_energy_dram,unit_test_energy,BuiltInSort_SortsListCorrectly
_result,10,2024-12-10 12:26:22.502131+00:00,2024-12-13 12:26:22.502131+00:00,2024-12-13 11:45:36.550923+00:00,36.0446,median_energy_dram,unit_test_energy,BuiltInSort_SortsListCorrectly
_result,10,2024-12-10 12:26:22.502131+00:00,2024-12-13 12:26:22.502131+00:00,2024-12-13 11:46:58.601868+00:00,36.6962,median_energy_dram,unit_test_energy,BuiltInSort_SortsListCorrectly
_result,10,2024-12-10 12:26:22.502131+00:00,2024-12-13 12:26:22.502131+00:00,2024-12-13 11:48:21.316488+00:00,36.8622,median_energy_dram,unit_test_energy,BuiltInSort_SortsListCorrectly
_result,10,2024-12-10 12:26:22.502131+00:00,2024-12-13 12:26:22.502131+00:00,2024-12-13 11:49:43.100501+00:00,35.8545,median_energy_dram,unit_test_energy,BuiltInSort_SortsListCorrectly
_result,10,2024-12-10 12:26:22.502131+00:00,2024-12-13 12:26:22.502131+00:00,2024-12-13 11:51:05.340460+00:00,36.6983,median_energy_dram,unit_test_energy,BuiltInSort_SortsListCorrectly
_result,10,2024-12-10 12:26:22.502131+00:00,2024-12-13 12:26:22.502131+00:00,2024-12-13 11:52:26.962786+00:00,38.1799,median_energy_dram,unit_test_energy,BuiltInSort_SortsListCorrectly
_result,10,2024-12-10 12:26:22.502131+00:00,2024-12-13 12:26:22.502131+00:00,2024-12-13 11:53:48.794903+00:00,37.7496,median_energy_dram,unit_test_energy,BuiltInSort_SortsListCorrectly
_result,10,2024-12-10 12:26:22.502131+00:00,2024-12-13 12:26:22.502131+00:00,2024-12-13 11:55:11.053840+00:00,54.4785,median_energy_dram,unit_test_energy,BuiltInSort_SortsListCorrectly
_result,10,2024-12-10 12:26:22.502131+00:00,2024-12-13 12:26:22.502131+00:00,2024-12-13 11:56:33.864689+00:00,44.5053,median_energy_dram,unit_test_energy,BuiltInSort_SortsListCorrectly
_result,10,2024-12-10 12:26:22.502131+00:00,2024-12-13 12:26:22.502131+00:00,2024-12-13 11:57:56.296261+00:00,44.7745,median_energy_dram,unit_test_energy,BuiltInSort_SortsListCorrectly
_result,10,2024-12-10 12:26:22.502131+00:00,2024-12-13 12:26:22.502131+00:00,2024-12-13 11:59:18.666246+00:00,44.6588,median_energy_dram,unit_test_energy,BuiltInSort_SortsListCorrectly
_result,10,2024-12-10 12:26:22.502131+00:00,2024-12-13 12:26:22.502131+00:00,2024-12-13 12:00:40.490654+00:00,44.5224,median_energy_dram,unit_test_energy,BuiltInSort_SortsListCorrectly
_result,10,2024-12-10 12:26:22.502131+00:00,2024-12-13 12:26:22.502131+00:00,2024-12-13 12:02:37.704619+00:00,46.6742,median_energy_dram,unit_test_energy,BuiltInSort_SortsListCorrectly
_result,10,2024-12-10 12:26:22.502131+00:00,2024-12-13 12:26:22.502131+00:00,2024-12-13 12:03:59.735081+00:00,53.2831,median_energy_dram,unit_test_energy,BuiltInSort_SortsListCorrectly
_result,10,2024-12-10 12:26:22.502131+00:00,2024-12-13 12:26:22.502131+00:00,2024-12-13 12:05:22.194454+00:00,46.0608,median_energy_dram,unit_test_energy,BuiltInSort_SortsListCorrectly
_result,10,2024-12-10 12:26:22.502131+00:00,2024-12-13 12:26:22.502131+00:00,2024-12-13 12:06:44.183369+00:00,44.635,median_energy_dram,unit_test_energy,BuiltInSort_SortsListCorrectly
_result,10,2024-12-10 12:26:22.502131+00:00,2024-12-13 12:26:22.502131+00:00,2024-12-13 12:08:06.165637+00:00,44.9826,median_energy_dram,unit_test_energy,BuiltInSort_SortsListCorrectly
_result,10,2024-12-10 12:26:22.502131+00:00,2024-12-13 12:26:22.502131+00:00,2024-12-13 12:09:28.773499+00:00,46.6263,median_energy_dram,unit_test_energy,BuiltInSort_SortsListCorrectly
_result,10,2024-12-10 12:26:22.502131+00:00,2024-12-13 12:26:22.502131+00:00,2024-12-13 12:10:51.052046+00:00,44.8944,median_energy_dram,unit_test_energy,BuiltInSort_SortsListCorrectly
_result,10,2024-12-10 12:26:22.502131+00:00,2024-12-13 12:26:22.502131+00:00,2024-12-13 12:12:13.051958+00:00,0.0,median_energy_dram,unit_test_energy,BuiltInSort_SortsListCorrectly
_result,10,2024-12-10 12:26:22.502131+00:00,2024-12-13 12:26:22.502131+00:00,2024-12-13 12:13:35.668784+00:00,44.4296,median_energy_dram,unit_test_energy,BuiltInSort_SortsListCorrectly
_result,10,2024-12-10 12:26:22.502131+00:00,2024-12-13 12:26:22.502131+00:00,2024-12-13 12:14:58.467680+00:00,44.7607,median_energy_dram,unit_test_energy,BuiltInSort_SortsListCorrectly
_result,10,2024-12-10 12:26:22.502131+00:00,2024-12-13 12:26:22.502131+00:00,2024-12-13 12:16:20.861471+00:00,44.6472,median_energy_dram,unit_test_energy,BuiltInSort_SortsListCorrectly
_result,10,2024-12-10 12:26:22.502131+00:00,2024-12-13 12:26:22.502131+00:00,2024-12-13 12:17:43.162996+00:00,44.8495,median_energy_dram,unit_test_energy,BuiltInSort_SortsListCorrectly
_result,10,2024-12-10 12:26:22.502131+00:00,2024-12-13 12:26:22.502131+00:00,2024-12-13 12:19:04.923864+00:00,44.4376,median_energy_dram,unit_test_energy,BuiltInSort_SortsListCorrectly
_result,10,2024-12-10 12:26:22.502131+00:00,2024-12-13 12:26:22.502131+00:00,2024-12-13 12:20:27.100666+00:00,45.2026,median_energy_dram,unit_test_energy,BuiltInSort_SortsListCorrectly
_result,10,2024-12-10 12:26:22.502131+00:00,2024-12-13 12:26:22.502131+00:00,2024-12-13 12:21:49.014699+00:00,46.8436,median_energy_dram,unit_test_energy,BuiltInSort_SortsListCorrectly
_result,11,2024-12-10 12:26:22.502131+00:00,2024-12-13 12:26:22.502131+00:00,2024-12-13 11:41:31.494927+00:00,117.5476,median_energy_pkg,unit_test_energy,BuiltInSort_SortsListCorrectly
_result,11,2024-12-10 12:26:22.502131+00:00,2024-12-13 12:26:22.502131+00:00,2024-12-13 11:42:52.652613+00:00,65.6995,median_energy_pkg,unit_test_energy,BuiltInSort_SortsListCorrectly
_result,11,2024-12-10 12:26:22.502131+00:00,2024-12-13 12:26:22.502131+00:00,2024-12-13 11:44:14.209644+00:00,68.7476,median_energy_pkg,unit_test_energy,BuiltInSort_SortsListCorrectly
_result,11,2024-12-10 12:26:22.502131+00:00,2024-12-13 12:26:22.502131+00:00,2024-12-13 11:45:36.550923+00:00,68.1274,median_energy_pkg,unit_test_energy,BuiltInSort_SortsListCorrectly
_result,11,2024-12-10 12:26:22.502131+00:00,2024-12-13 12:26:22.502131+00:00,2024-12-13 11:46:58.601868+00:00,69.3054,median_energy_pkg,unit_test_energy,BuiltInSort_SortsListCorrectly
_result,11,2024-12-10 12:26:22.502131+00:00,2024-12-13 12:26:22.502131+00:00,2024-12-13 11:48:21.316488+00:00,69.7192,median_energy_pkg,unit_test_energy,BuiltInSort_SortsListCorrectly
_result,11,2024-12-10 12:26:22.502131+00:00,2024-12-13 12:26:22.502131+00:00,2024-12-13 11:49:43.100501+00:00,67.1313,median_energy_pkg,unit_test_energy,BuiltInSort_SortsListCorrectly
_result,11,2024-12-10 12:26:22.502131+00:00,2024-12-13 12:26:22.502131+00:00,2024-12-13 11:51:05.340460+00:00,70.0977,median_energy_pkg,unit_test_energy,BuiltInSort_SortsListCorrectly
_result,11,2024-12-10 12:26:22.502131+00:00,2024-12-13 12:26:22.502131+00:00,2024-12-13 11:52:26.962786+00:00,72.5085,median_energy_pkg,unit_test_energy,BuiltInSort_SortsListCorrectly
_result,11,2024-12-10 12:26:22.502131+00:00,2024-12-13 12:26:22.502131+00:00,2024-12-13 11:53:48.794903+00:00,70.5481,median_energy_pkg,unit_test_energy,BuiltInSort_SortsListCorrectly
_result,11,2024-12-10 12:26:22.502131+00:00,2024-12-13 12:26:22.502131+00:00,2024-12-13 11:55:11.053840+00:00,131.4685,median_energy_pkg,unit_test_energy,BuiltInSort_SortsListCorrectly
_result,11,2024-12-10 12:26:22.502131+00:00,2024-12-13 12:26:22.502131+00:00,2024-12-13 11:56:33.864689+00:00,117.5134,median_energy_pkg,unit_test_energy,BuiltInSort_SortsListCorrectly
_result,11,2024-12-10 12:26:22.502131+00:00,2024-12-13 12:26:22.502131+00:00,2024-12-13 11:57:56.296261+00:00,118.551,median_energy_pkg,unit_test_energy,BuiltInSort_SortsListCorrectly
_result,11,2024-12-10 12:26:22.502131+00:00,2024-12-13 12:26:22.502131+00:00,2024-12-13 11:59:18.666246+00:00,117.9749,median_energy_pkg,unit_test_energy,BuiltInSort_SortsListCorrectly
_result,11,2024-12-10 12:26:22.502131+00:00,2024-12-13 12:26:22.502131+00:00,2024-12-13 12:00:40.490654+00:00,117.2314,median_energy_pkg,unit_test_energy,BuiltInSort_SortsListCorrectly
_result,11,2024-12-10 12:26:22.502131+00:00,2024-12-13 12:26:22.502131+00:00,2024-12-13 12:02:37.704619+00:00,124.4324,median_energy_pkg,unit_test_energy,BuiltInSort_SortsListCorrectly
_result,11,2024-12-10 12:26:22.502131+00:00,2024-12-13 12:26:22.502131+00:00,2024-12-13 12:03:59.735081+00:00,124.5227,median_energy_pkg,unit_test_energy,BuiltInSort_SortsListCorrectly
_result,11,2024-12-10 12:26:22.502131+00:00,2024-12-13 12:26:22.502131+00:00,2024-12-13 12:05:22.194454+00:00,121.3,median_energy_pkg,unit_test_energy,BuiltInSort_SortsListCorrectly
_result,11,2024-12-10 12:26:22.502131+00:00,2024-12-13 12:26:22.502131+00:00,2024-12-13 12:06:44.183369+00:00,116.5222,median_energy_pkg,unit_test_energy,BuiltInSort_SortsListCorrectly
_result,11,2024-12-10 12:26:22.502131+00:00,2024-12-13 12:26:22.502131+00:00,2024-12-13 12:08:06.165637+00:00,116.9849,median_energy_pkg,unit_test_energy,BuiltInSort_SortsListCorrectly
_result,11,2024-12-10 12:26:22.502131+00:00,2024-12-13 12:26:22.502131+00:00,2024-12-13 12:09:28.773499+00:00,122.9626,median_energy_pkg,unit_test_energy,BuiltInSort_SortsListCorrectly
_result,11,2024-12-10 12:26:22.502131+00:00,2024-12-13 12:26:22.502131+00:00,2024-12-13 12:10:51.052046+00:00,115.1624,median_energy_pkg,unit_test_energy,BuiltInSort_SortsListCorrectly
_result,11,2024-12-10 12:26:22.502131+00:00,2024-12-13 12:26:22.502131+00:00,2024-12-13 12:12:13.051958+00:00,0.0,median_energy_pkg,unit_test_energy,BuiltInSort_SortsListCorrectly
_result,11,2024-12-10 12:26:22.502131+00:00,2024-12-13 12:26:22.502131+00:00,2024-12-13 12:13:35.668784+00:00,115.9143,median_energy_pkg,unit_test_energy,BuiltInSort_SortsListCorrectly
_result,11,2024-12-10 12:26:22.502131+00:00,2024-12-13 12:26:22.502131+00:00,2024-12-13 12:14:58.467680+00:00,117.1399,median_energy_pkg,unit_test_energy,BuiltInSort_SortsListCorrectly
_result,11,2024-12-10 12:26:22.502131+00:00,2024-12-13 12:26:22.502131+00:00,2024-12-13 12:16:20.861471+00:00,117.9224,median_energy_pkg,unit_test_energy,BuiltInSort_SortsListCorrectly
_result,11,2024-12-10 12:26:22.502131+00:00,2024-12-13 12:26:22.502131+00:00,2024-12-13 12:17:43.162996+00:00,113.9233,median_energy_pkg,unit_test_energy,BuiltInSort_SortsListCorrectly
_result,11,2024-12-10 12:26:22.502131+00:00,2024-12-13 12:26:22.502131+00:00,2024-12-13 12:19:04.923864+00:00,116.8689,median_energy_pkg,unit_test_energy,BuiltInSort_SortsListCorrectly
_result,11,2024-12-10 12:26:22.502131+00:00,2024-12-13 12:26:22.502131+00:00,2024-12-13 12:20:27.100666+00:00,111.7773,median_energy_pkg,unit_test_energy,BuiltInSort_SortsListCorrectly
_result,11,2024-12-10 12:26:22.502131+00:00,2024-12-13 12:26:22.502131+00:00,2024-12-13 12:21:49.014699+00:00,121.9897,median_energy_pkg,unit_test_energy,BuiltInSort_SortsListCorrectly
_result,12,2024-12-10 12:26:22.502131+00:00,2024-12-13 12:26:22.502131+00:00,2024-12-13 11:41:31.494927+00:00,2.7022,total_energy_dram,unit_test_energy,BuiltInSort_SortsListCorrectly
_result,12,2024-12-10 12:26:22.502131+00:00,2024-12-13 12:26:22.502131+00:00,2024-12-13 11:42:52.652613+00:00,3.103,total_energy_dram,unit_test_energy,BuiltInSort_SortsListCorrectly
_result,12,2024-12-10 12:26:22.502131+00:00,2024-12-13 12:26:22.502131+00:00,2024-12-13 11:44:14.209644+00:00,2.6984,total_energy_dram,unit_test_energy,BuiltInSort_SortsListCorrectly
_result,12,2024-12-10 12:26:22.502131+00:00,2024-12-13 12:26:22.502131+00:00,2024-12-13 11:45:36.550923+00:00,2.4942,total_energy_dram,unit_test_energy,BuiltInSort_SortsListCorrectly
_result,12,2024-12-10 12:26:22.502131+00:00,2024-12-13 12:26:22.502131+00:00,2024-12-13 11:46:58.601868+00:00,2.7374,total_energy_dram,unit_test_energy,BuiltInSort_SortsListCorrectly
_result,12,2024-12-10 12:26:22.502131+00:00,2024-12-13 12:26:22.502131+00:00,2024-12-13 11:48:21.316488+00:00,2.3927,total_energy_dram,unit_test_energy,BuiltInSort_SortsListCorrectly
_result,12,2024-12-10 12:26:22.502131+00:00,2024-12-13 12:26:22.502131+00:00,2024-12-13 11:49:43.100501+00:00,2.7728,total_energy_dram,unit_test_energy,BuiltInSort_SortsListCorrectly
_result,12,2024-12-10 12:26:22.502131+00:00,2024-12-13 12:26:22.502131+00:00,2024-12-13 11:51:05.340460+00:00,2.4345,total_energy_dram,unit_test_energy,BuiltInSort_SortsListCorrectly
_result,12,2024-12-10 12:26:22.502131+00:00,2024-12-13 12:26:22.502131+00:00,2024-12-13 11:52:26.962786+00:00,2.2753,total_energy_dram,unit_test_energy,BuiltInSort_SortsListCorrectly
_result,12,2024-12-10 12:26:22.502131+00:00,2024-12-13 12:26:22.502131+00:00,2024-12-13 11:53:48.794903+00:00,2.9771,total_energy_dram,unit_test_energy,BuiltInSort_SortsListCorrectly
_result,12,2024-12-10 12:26:22.502131+00:00,2024-12-13 12:26:22.502131+00:00,2024-12-13 11:55:11.053840+00:00,3.1887,total_energy_dram,unit_test_energy,BuiltInSort_SortsListCorrectly
_result,12,2024-12-10 12:26:22.502131+00:00,2024-12-13 12:26:22.502131+00:00,2024-12-13 11:56:33.864689+00:00,2.9525,total_energy_dram,unit_test_energy,BuiltInSort_SortsListCorrectly
_result,12,2024-12-10 12:26:22.502131+00:00,2024-12-13 12:26:22.502131+00:00,2024-12-13 11:57:56.296261+00:00,2.779,total_energy_dram,unit_test_energy,BuiltInSort_SortsListCorrectly
_result,12,2024-12-10 12:26:22.502131+00:00,2024-12-13 12:26:22.502131+00:00,2024-12-13 11:59:18.666246+00:00,2.8444,total_energy_dram,unit_test_energy,BuiltInSort_SortsListCorrectly
_result,12,2024-12-10 12:26:22.502131+00:00,2024-12-13 12:26:22.502131+00:00,2024-12-13 12:00:40.490654+00:00,2.8054,total_energy_dram,unit_test_energy,BuiltInSort_SortsListCorrectly
_result,12,2024-12-10 12:26:22.502131+00:00,2024-12-13 12:26:22.502131+00:00,2024-12-13 12:02:37.704619+00:00,2.8236,total_energy_dram,unit_test_energy,BuiltInSort_SortsListCorrectly
_result,12,2024-12-10 12:26:22.502131+00:00,2024-12-13 12:26:22.502131+00:00,2024-12-13 12:03:59.735081+00:00,4.9882,total_energy_dram,unit_test_energy,BuiltInSort_SortsListCorrectly
_result,12,2024-12-10 12:26:22.502131+00:00,2024-12-13 12:26:22.502131+00:00,2024-12-13 12:05:22.194454+00:00,2.9032,total_energy_dram,unit_test_energy,BuiltInSort_SortsListCorrectly
_result,12,2024-12-10 12:26:22.502131+00:00,2024-12-13 12:26:22.502131+00:00,2024-12-13 12:06:44.183369+00:00,2.72,total_energy_dram,unit_test_energy,BuiltInSort_SortsListCorrectly
_result,12,2024-12-10 12:26:22.502131+00:00,2024-12-13 12:26:22.502131+00:00,2024-12-13 12:08:06.165637+00:00,2.7947,total_energy_dram,unit_test_energy,BuiltInSort_SortsListCorrectly
_result,12,2024-12-10 12:26:22.502131+00:00,2024-12-13 12:26:22.502131+00:00,2024-12-13 12:09:28.773499+00:00,2.8371,total_energy_dram,unit_test_energy,BuiltInSort_SortsListCorrectly
_result,12,2024-12-10 12:26:22.502131+00:00,2024-12-13 12:26:22.502131+00:00,2024-12-13 12:10:51.052046+00:00,2.8947,total_energy_dram,unit_test_energy,BuiltInSort_SortsListCorrectly
_result,12,2024-12-10 12:26:22.502131+00:00,2024-12-13 12:26:22.502131+00:00,2024-12-13 12:12:13.051958+00:00,2.1287,total_energy_dram,unit_test_energy,BuiltInSort_SortsListCorrectly
_result,12,2024-12-10 12:26:22.502131+00:00,2024-12-13 12:26:22.502131+00:00,2024-12-13 12:13:35.668784+00:00,3.3272,total_energy_dram,unit_test_energy,BuiltInSort_SortsListCorrectly
_result,12,2024-12-10 12:26:22.502131+00:00,2024-12-13 12:26:22.502131+00:00,2024-12-13 12:14:58.467680+00:00,2.6841,total_energy_dram,unit_test_energy,BuiltInSort_SortsListCorrectly
_result,12,2024-12-10 12:26:22.502131+00:00,2024-12-13 12:26:22.502131+00:00,2024-12-13 12:16:20.861471+00:00,2.8095,total_energy_dram,unit_test_energy,BuiltInSort_SortsListCorrectly
_result,12,2024-12-10 12:26:22.502131+00:00,2024-12-13 12:26:22.502131+00:00,2024-12-13 12:17:43.162996+00:00,3.4147,total_energy_dram,unit_test_energy,BuiltInSort_SortsListCorrectly
_result,12,2024-12-10 12:26:22.502131+00:00,2024-12-13 12:26:22.502131+00:00,2024-12-13 12:19:04.923864+00:00,2.71,total_energy_dram,unit_test_energy,BuiltInSort_SortsListCorrectly
_result,12,2024-12-10 12:26:22.502131+00:00,2024-12-13 12:26:22.502131+00:00,2024-12-13 12:20:27.100666+00:00,2.9875,total_energy_dram,unit_test_energy,BuiltInSort_SortsListCorrectly
_result,12,2024-12-10 12:26:22.502131+00:00,2024-12-13 12:26:22.502131+00:00,2024-12-13 12:21:49.014699+00:00,2.7734,total_energy_dram,unit_test_energy,BuiltInSort_SortsListCorrectly
_result,13,2024-12-10 12:26:22.502131+00:00,2024-12-13 12:26:22.502131+00:00,2024-12-13 11:41:31.494927+00:00,7.1442,total_energy_pkg,unit_test_energy,BuiltInSort_SortsListCorrectly
_result,13,2024-12-10 12:26:22.502131+00:00,2024-12-13 12:26:22.502131+00:00,2024-12-13 11:42:52.652613+00:00,5.8004,total_energy_pkg,unit_test_energy,BuiltInSort_SortsListCorrectly
_result,13,2024-12-10 12:26:22.502131+00:00,2024-12-13 12:26:22.502131+00:00,2024-12-13 11:44:14.209644+00:00,5.0823,total_energy_pkg,unit_test_energy,BuiltInSort_SortsListCorrectly
_result,13,2024-12-10 12:26:22.502131+00:00,2024-12-13 12:26:22.502131+00:00,2024-12-13 11:45:36.550923+00:00,4.6933,total_energy_pkg,unit_test_energy,BuiltInSort_SortsListCorrectly
_result,13,2024-12-10 12:26:22.502131+00:00,2024-12-13 12:26:22.502131+00:00,2024-12-13 11:46:58.601868+00:00,5.174,total_energy_pkg,unit_test_energy,BuiltInSort_SortsListCorrectly
_result,13,2024-12-10 12:26:22.502131+00:00,2024-12-13 12:26:22.502131+00:00,2024-12-13 11:48:21.316488+00:00,4.4993,total_energy_pkg,unit_test_energy,BuiltInSort_SortsListCorrectly
_result,13,2024-12-10 12:26:22.502131+00:00,2024-12-13 12:26:22.502131+00:00,2024-12-13 11:49:43.100501+00:00,5.1933,total_energy_pkg,unit_test_energy,BuiltInSort_SortsListCorrectly
_result,13,2024-12-10 12:26:22.502131+00:00,2024-12-13 12:26:22.502131+00:00,2024-12-13 11:51:05.340460+00:00,4.6298,total_energy_pkg,unit_test_energy,BuiltInSort_SortsListCorrectly
_result,13,2024-12-10 12:26:22.502131+00:00,2024-12-13 12:26:22.502131+00:00,2024-12-13 11:52:26.962786+00:00,4.3078,total_energy_pkg,unit_test_energy,BuiltInSort_SortsListCorrectly
_result,13,2024-12-10 12:26:22.502131+00:00,2024-12-13 12:26:22.502131+00:00,2024-12-13 11:53:48.794903+00:00,5.575,total_energy_pkg,unit_test_energy,BuiltInSort_SortsListCorrectly
_result,13,2024-12-10 12:26:22.502131+00:00,2024-12-13 12:26:22.502131+00:00,2024-12-13 11:55:11.053840+00:00,7.6841,total_energy_pkg,unit_test_energy,BuiltInSort_SortsListCorrectly
_result,13,2024-12-10 12:26:22.502131+00:00,2024-12-13 12:26:22.502131+00:00,2024-12-13 11:56:33.864689+00:00,7.7897,total_energy_pkg,unit_test_energy,BuiltInSort_SortsListCorrectly
_result,13,2024-12-10 12:26:22.502131+00:00,2024-12-13 12:26:22.502131+00:00,2024-12-13 11:57:56.296261+00:00,7.3034,total_energy_pkg,unit_test_energy,BuiltInSort_SortsListCorrectly
_result,13,2024-12-10 12:26:22.502131+00:00,2024-12-13 12:26:22.502131+00:00,2024-12-13 11:59:18.666246+00:00,7.4282,total_energy_pkg,unit_test_energy,BuiltInSort_SortsListCorrectly
_result,13,2024-12-10 12:26:22.502131+00:00,2024-12-13 12:26:22.502131+00:00,2024-12-13 12:00:40.490654+00:00,7.3685,total_energy_pkg,unit_test_energy,BuiltInSort_SortsListCorrectly
_result,13,2024-12-10 12:26:22.502131+00:00,2024-12-13 12:26:22.502131+00:00,2024-12-13 12:02:37.704619+00:00,7.5148,total_energy_pkg,unit_test_energy,BuiltInSort_SortsListCorrectly
_result,13,2024-12-10 12:26:22.502131+00:00,2024-12-13 12:26:22.502131+00:00,2024-12-13 12:03:59.735081+00:00,11.8247,total_energy_pkg,unit_test_energy,BuiltInSort_SortsListCorrectly
_result,13,2024-12-10 12:26:22.502131+00:00,2024-12-13 12:26:22.502131+00:00,2024-12-13 12:05:22.194454+00:00,7.629,total_energy_pkg,unit_test_energy,BuiltInSort_SortsListCorrectly
_result,13,2024-12-10 12:26:22.502131+00:00,2024-12-13 12:26:22.502131+00:00,2024-12-13 12:06:44.183369+00:00,7.0303,total_energy_pkg,unit_test_energy,BuiltInSort_SortsListCorrectly
_result,13,2024-12-10 12:26:22.502131+00:00,2024-12-13 12:26:22.502131+00:00,2024-12-13 12:08:06.165637+00:00,7.2727,total_energy_pkg,unit_test_energy,BuiltInSort_SortsListCorrectly
_result,13,2024-12-10 12:26:22.502131+00:00,2024-12-13 12:26:22.502131+00:00,2024-12-13 12:09:28.773499+00:00,7.4794,total_energy_pkg,unit_test_energy,BuiltInSort_SortsListCorrectly
_result,13,2024-12-10 12:26:22.502131+00:00,2024-12-13 12:26:22.502131+00:00,2024-12-13 12:10:51.052046+00:00,7.4438,total_energy_pkg,unit_test_energy,BuiltInSort_SortsListCorrectly
_result,13,2024-12-10 12:26:22.502131+00:00,2024-12-13 12:26:22.502131+00:00,2024-12-13 12:12:13.051958+00:00,5.4982,total_energy_pkg,unit_test_energy,BuiltInSort_SortsListCorrectly
_result,13,2024-12-10 12:26:22.502131+00:00,2024-12-13 12:26:22.502131+00:00,2024-12-13 12:13:35.668784+00:00,8.6872,total_energy_pkg,unit_test_energy,BuiltInSort_SortsListCorrectly
_result,13,2024-12-10 12:26:22.502131+00:00,2024-12-13 12:26:22.502131+00:00,2024-12-13 12:14:58.467680+00:00,7.0288,total_energy_pkg,unit_test_energy,BuiltInSort_SortsListCorrectly
_result,13,2024-12-10 12:26:22.502131+00:00,2024-12-13 12:26:22.502131+00:00,2024-12-13 12:16:20.861471+00:00,7.4103,total_energy_pkg,unit_test_energy,BuiltInSort_SortsListCorrectly
_result,13,2024-12-10 12:26:22.502131+00:00,2024-12-13 12:26:22.502131+00:00,2024-12-13 12:17:43.162996+00:00,8.8362,total_energy_pkg,unit_test_energy,BuiltInSort_SortsListCorrectly
_result,13,2024-12-10 12:26:22.502131+00:00,2024-12-13 12:26:22.502131+00:00,2024-12-13 12:19:04.923864+00:00,7.1186,total_energy_pkg,unit_test_energy,BuiltInSort_SortsListCorrectly
_result,13,2024-12-10 12:26:22.502131+00:00,2024-12-13 12:26:22.502131+00:00,2024-12-13 12:20:27.100666+00:00,7.42,total_energy_pkg,unit_test_energy,BuiltInSort_SortsListCorrectly
_result,13,2024-12-10 12:26:22.502131+00:00,2024-12-13 12:26:22.502131+00:00,2024-12-13 12:21:49.014699+00:00,7.1945,total_energy_pkg,unit_test_energy,BuiltInSort_SortsListCorrectly
_result,14,2024-12-10 12:26:22.502131+00:00,2024-12-13 12:26:22.502131+00:00,2024-12-13 10:20:55.004912+00:00,47.1477,avg_energy_dram,unit_test_energy,InsertionSort_100000Entries
_result,14,2024-12-10 12:26:22.502131+00:00,2024-12-13 12:26:22.502131+00:00,2024-12-13 10:22:19.055640+00:00,50.2979,avg_energy_dram,unit_test_energy,InsertionSort_100000Entries
_result,14,2024-12-10 12:26:22.502131+00:00,2024-12-13 12:26:22.502131+00:00,2024-12-13 10:23:44.359694+00:00,45.0712,avg_energy_dram,unit_test_energy,InsertionSort_100000Entries
_result,14,2024-12-10 12:26:22.502131+00:00,2024-12-13 12:26:22.502131+00:00,2024-12-13 10:25:08.195767+00:00,50.7958,avg_energy_dram,unit_test_energy,InsertionSort_100000Entries
_result,14,2024-12-10 12:26:22.502131+00:00,2024-12-13 12:26:22.502131+00:00,2024-12-13 10:26:31.819383+00:00,50.7278,avg_energy_dram,unit_test_energy,InsertionSort_100000Entries
_result,14,2024-12-10 12:26:22.502131+00:00,2024-12-13 12:26:22.502131+00:00,2024-12-13 10:27:55.609125+00:00,50.5627,avg_energy_dram,unit_test_energy,InsertionSort_100000Entries
_result,14,2024-12-10 12:26:22.502131+00:00,2024-12-13 12:26:22.502131+00:00,2024-12-13 10:29:18.863752+00:00,50.6814,avg_energy_dram,unit_test_energy,InsertionSort_100000Entries
_result,14,2024-12-10 12:26:22.502131+00:00,2024-12-13 12:26:22.502131+00:00,2024-12-13 10:30:43.111376+00:00,50.5756,avg_energy_dram,unit_test_energy,InsertionSort_100000Entries
_result,14,2024-12-10 12:26:22.502131+00:00,2024-12-13 12:26:22.502131+00:00,2024-12-13 10:32:06.455265+00:00,50.7493,avg_energy_dram,unit_test_energy,InsertionSort_100000Entries
_result,14,2024-12-10 12:26:22.502131+00:00,2024-12-13 12:26:22.502131+00:00,2024-12-13 10:33:32.366125+00:00,46.4279,avg_energy_dram,unit_test_energy,InsertionSort_100000Entries
_result,14,2024-12-10 12:26:22.502131+00:00,2024-12-13 12:26:22.502131+00:00,2024-12-13 10:34:56.011773+00:00,50.5292,avg_energy_dram,unit_test_energy,InsertionSort_100000Entries
_result,14,2024-12-10 12:26:22.502131+00:00,2024-12-13 12:26:22.502131+00:00,2024-12-13 10:36:19.499632+00:00,50.8441,avg_energy_dram,unit_test_energy,InsertionSort_100000Entries
_result,14,2024-12-10 12:26:22.502131+00:00,2024-12-13 12:26:22.502131+00:00,2024-12-13 10:37:42.940125+00:00,43.0738,avg_energy_dram,unit_test_energy,InsertionSort_100000Entries
_result,14,2024-12-10 12:26:22.502131+00:00,2024-12-13 12:26:22.502131+00:00,2024-12-13 10:39:05.855886+00:00,43.1538,avg_energy_dram,unit_test_energy,InsertionSort_100000Entries
_result,14,2024-12-10 12:26:22.502131+00:00,2024-12-13 12:26:22.502131+00:00,2024-12-13 10:40:29.244565+00:00,43.0191,avg_energy_dram,unit_test_energy,InsertionSort_100000Entries
_result,14,2024-12-10 12:26:22.502131+00:00,2024-12-13 12:26:22.502131+00:00,2024-12-13 10:49:12.039721+00:00,42.9955,avg_energy_dram,unit_test_energy,InsertionSort_100000Entries
_result,14,2024-12-10 12:26:22.502131+00:00,2024-12-13 12:26:22.502131+00:00,2024-12-13 10:50:35.675360+00:00,43.0753,avg_energy_dram,unit_test_energy,InsertionSort_100000Entries
_result,14,2024-12-10 12:26:22.502131+00:00,2024-12-13 12:26:22.502131+00:00,2024-12-13 10:51:58.777395+00:00,43.2605,avg_energy_dram,unit_test_energy,InsertionSort_100000Entries
_result,14,2024-12-10 12:26:22.502131+00:00,2024-12-13 12:26:22.502131+00:00,2024-12-13 10:53:22.140129+00:00,43.0934,avg_energy_dram,unit_test_energy,InsertionSort_100000Entries
_result,14,2024-12-10 12:26:22.502131+00:00,2024-12-13 12:26:22.502131+00:00,2024-12-13 10:54:45.379422+00:00,43.5702,avg_energy_dram,unit_test_energy,InsertionSort_100000Entries
_result,14,2024-12-10 12:26:22.502131+00:00,2024-12-13 12:26:22.502131+00:00,2024-12-13 10:56:08.500363+00:00,42.9812,avg_energy_dram,unit_test_energy,InsertionSort_100000Entries
_result,14,2024-12-10 12:26:22.502131+00:00,2024-12-13 12:26:22.502131+00:00,2024-12-13 10:57:31.743112+00:00,42.9927,avg_energy_dram,unit_test_energy,InsertionSort_100000Entries
_result,14,2024-12-10 12:26:22.502131+00:00,2024-12-13 12:26:22.502131+00:00,2024-12-13 10:58:55.237608+00:00,42.9984,avg_energy_dram,unit_test_energy,InsertionSort_100000Entries
_result,14,2024-12-10 12:26:22.502131+00:00,2024-12-13 12:26:22.502131+00:00,2024-12-13 11:00:18.665741+00:00,42.9916,avg_energy_dram,unit_test_energy,InsertionSort_100000Entries
_result,14,2024-12-10 12:26:22.502131+00:00,2024-12-13 12:26:22.502131+00:00,2024-12-13 11:01:42.027049+00:00,43.0551,avg_energy_dram,unit_test_energy,InsertionSort_100000Entries
_result,14,2024-12-10 12:26:22.502131+00:00,2024-12-13 12:26:22.502131+00:00,2024-12-13 11:03:06.370054+00:00,43.2823,avg_energy_dram,unit_test_energy,InsertionSort_100000Entries
_result,14,2024-12-10 12:26:22.502131+00:00,2024-12-13 12:26:22.502131+00:00,2024-12-13 11:04:29.974707+00:00,42.9945,avg_energy_dram,unit_test_energy,InsertionSort_100000Entries
_result,14,2024-12-10 12:26:22.502131+00:00,2024-12-13 12:26:22.502131+00:00,2024-12-13 11:05:53.832356+00:00,47.6307,avg_energy_dram,unit_test_energy,InsertionSort_100000Entries
_result,14,2024-12-10 12:26:22.502131+00:00,2024-12-13 12:26:22.502131+00:00,2024-12-13 11:07:16.559469+00:00,43.5013,avg_energy_dram,unit_test_energy,InsertionSort_100000Entries
_result,14,2024-12-10 12:26:22.502131+00:00,2024-12-13 12:26:22.502131+00:00,2024-12-13 11:08:39.618127+00:00,50.9761,avg_energy_dram,unit_test_energy,InsertionSort_100000Entries
_result,15,2024-12-10 12:26:22.502131+00:00,2024-12-13 12:26:22.502131+00:00,2024-12-13 10:20:55.004912+00:00,133.4293,avg_energy_pkg,unit_test_energy,InsertionSort_100000Entries
_result,15,2024-12-10 12:26:22.502131+00:00,2024-12-13 12:26:22.502131+00:00,2024-12-13 10:22:19.055640+00:00,134.9882,avg_energy_pkg,unit_test_energy,InsertionSort_100000Entries
_result,15,2024-12-10 12:26:22.502131+00:00,2024-12-13 12:26:22.502131+00:00,2024-12-13 10:23:44.359694+00:00,129.9122,avg_energy_pkg,unit_test_energy,InsertionSort_100000Entries
_result,15,2024-12-10 12:26:22.502131+00:00,2024-12-13 12:26:22.502131+00:00,2024-12-13 10:25:08.195767+00:00,138.051,avg_energy_pkg,unit_test_energy,InsertionSort_100000Entries
_result,15,2024-12-10 12:26:22.502131+00:00,2024-12-13 12:26:22.502131+00:00,2024-12-13 10:26:31.819383+00:00,133.4457,avg_energy_pkg,unit_test_energy,InsertionSort_100000Entries
_result,15,2024-12-10 12:26:22.502131+00:00,2024-12-13 12:26:22.502131+00:00,2024-12-13 10:27:55.609125+00:00,134.025,avg_energy_pkg,unit_test_energy,InsertionSort_100000Entries
_result,15,2024-12-10 12:26:22.502131+00:00,2024-12-13 12:26:22.502131+00:00,2024-12-13 10:29:18.863752+00:00,134.2007,avg_energy_pkg,unit_test_energy,InsertionSort_100000Entries
_result,15,2024-12-10 12:26:22.502131+00:00,2024-12-13 12:26:22.502131+00:00,2024-12-13 10:30:43.111376+00:00,134.8839,avg_energy_pkg,unit_test_energy,InsertionSort_100000Entries
_result,15,2024-12-10 12:26:22.502131+00:00,2024-12-13 12:26:22.502131+00:00,2024-12-13 10:32:06.455265+00:00,133.5369,avg_energy_pkg,unit_test_energy,InsertionSort_100000Entries
_result,15,2024-12-10 12:26:22.502131+00:00,2024-12-13 12:26:22.502131+00:00,2024-12-13 10:33:32.366125+00:00,129.9879,avg_energy_pkg,unit_test_energy,InsertionSort_100000Entries
_result,15,2024-12-10 12:26:22.502131+00:00,2024-12-13 12:26:22.502131+00:00,2024-12-13 10:34:56.011773+00:00,134.9307,avg_energy_pkg,unit_test_energy,InsertionSort_100000Entries
_result,15,2024-12-10 12:26:22.502131+00:00,2024-12-13 12:26:22.502131+00:00,2024-12-13 10:36:19.499632+00:00,133.5621,avg_energy_pkg,unit_test_energy,InsertionSort_100000Entries
_result,15,2024-12-10 12:26:22.502131+00:00,2024-12-13 12:26:22.502131+00:00,2024-12-13 10:37:42.940125+00:00,111.7062,avg_energy_pkg,unit_test_energy,InsertionSort_100000Entries
_result,15,2024-12-10 12:26:22.502131+00:00,2024-12-13 12:26:22.502131+00:00,2024-12-13 10:39:05.855886+00:00,112.5888,avg_energy_pkg,unit_test_energy,InsertionSort_100000Entries
_result,15,2024-12-10 12:26:22.502131+00:00,2024-12-13 12:26:22.502131+00:00,2024-12-13 10:40:29.244565+00:00,111.7506,avg_energy_pkg,unit_test_energy,InsertionSort_100000Entries
_result,15,2024-12-10 12:26:22.502131+00:00,2024-12-13 12:26:22.502131+00:00,2024-12-13 10:49:12.039721+00:00,111.6149,avg_energy_pkg,unit_test_energy,InsertionSort_100000Entries
_result,15,2024-12-10 12:26:22.502131+00:00,2024-12-13 12:26:22.502131+00:00,2024-12-13 10:50:35.675360+00:00,111.6985,avg_energy_pkg,unit_test_energy,InsertionSort_100000Entries
_result,15,2024-12-10 12:26:22.502131+00:00,2024-12-13 12:26:22.502131+00:00,2024-12-13 10:51:58.777395+00:00,111.7913,avg_energy_pkg,unit_test_energy,InsertionSort_100000Entries
_result,15,2024-12-10 12:26:22.502131+00:00,2024-12-13 12:26:22.502131+00:00,2024-12-13 10:53:22.140129+00:00,112.0124,avg_energy_pkg,unit_test_energy,InsertionSort_100000Entries
_result,15,2024-12-10 12:26:22.502131+00:00,2024-12-13 12:26:22.502131+00:00,2024-12-13 10:54:45.379422+00:00,112.416,avg_energy_pkg,unit_test_energy,InsertionSort_100000Entries
_result,15,2024-12-10 12:26:22.502131+00:00,2024-12-13 12:26:22.502131+00:00,2024-12-13 10:56:08.500363+00:00,111.6615,avg_energy_pkg,unit_test_energy,InsertionSort_100000Entries
_result,15,2024-12-10 12:26:22.502131+00:00,2024-12-13 12:26:22.502131+00:00,2024-12-13 10:57:31.743112+00:00,111.7862,avg_energy_pkg,unit_test_energy,InsertionSort_100000Entries
_result,15,2024-12-10 12:26:22.502131+00:00,2024-12-13 12:26:22.502131+00:00,2024-12-13 10:58:55.237608+00:00,111.8775,avg_energy_pkg,unit_test_energy,InsertionSort_100000Entries
_result,15,2024-12-10 12:26:22.502131+00:00,2024-12-13 12:26:22.502131+00:00,2024-12-13 11:00:18.665741+00:00,111.558,avg_energy_pkg,unit_test_energy,InsertionSort_100000Entries
_result,15,2024-12-10 12:26:22.502131+00:00,2024-12-13 12:26:22.502131+00:00,2024-12-13 11:01:42.027049+00:00,111.396,avg_energy_pkg,unit_test_energy,InsertionSort_100000Entries
_result,15,2024-12-10 12:26:22.502131+00:00,2024-12-13 12:26:22.502131+00:00,2024-12-13 11:03:06.370054+00:00,112.605,avg_energy_pkg,unit_test_energy,InsertionSort_100000Entries
_result,15,2024-12-10 12:26:22.502131+00:00,2024-12-13 12:26:22.502131+00:00,2024-12-13 11:04:29.974707+00:00,111.456,avg_energy_pkg,unit_test_energy,InsertionSort_100000Entries
_result,15,2024-12-10 12:26:22.502131+00:00,2024-12-13 12:26:22.502131+00:00,2024-12-13 11:05:53.832356+00:00,119.0046,avg_energy_pkg,unit_test_energy,InsertionSort_100000Entries
_result,15,2024-12-10 12:26:22.502131+00:00,2024-12-13 12:26:22.502131+00:00,2024-12-13 11:07:16.559469+00:00,112.4866,avg_energy_pkg,unit_test_energy,InsertionSort_100000Entries
_result,15,2024-12-10 12:26:22.502131+00:00,2024-12-13 12:26:22.502131+00:00,2024-12-13 11:08:39.618127+00:00,128.7231,avg_energy_pkg,unit_test_energy,InsertionSort_100000Entries
_result,16,2024-12-10 12:26:22.502131+00:00,2024-12-13 12:26:22.502131+00:00,2024-12-13 10:20:55.004912+00:00,21.7261,duration,unit_test_energy,InsertionSort_100000Entries
_result,16,2024-12-10 12:26:22.502131+00:00,2024-12-13 12:26:22.502131+00:00,2024-12-13 10:22:19.055640+00:00,21.0077,duration,unit_test_energy,InsertionSort_100000Entries
_result,16,2024-12-10 12:26:22.502131+00:00,2024-12-13 12:26:22.502131+00:00,2024-12-13 10:23:44.359694+00:00,21.8393,duration,unit_test_energy,InsertionSort_100000Entries
_result,16,2024-12-10 12:26:22.502131+00:00,2024-12-13 12:26:22.502131+00:00,2024-12-13 10:25:08.195767+00:00,20.6444,duration,unit_test_energy,InsertionSort_100000Entries
_result,16,2024-12-10 12:26:22.502131+00:00,2024-12-13 12:26:22.502131+00:00,2024-12-13 10:26:31.819383+00:00,20.6041,duration,unit_test_energy,InsertionSort_100000Entries
_result,16,2024-12-10 12:26:22.502131+00:00,2024-12-13 12:26:22.502131+00:00,2024-12-13 10:27:55.609125+00:00,20.8397,duration,unit_test_energy,InsertionSort_100000Entries
_result,16,2024-12-10 12:26:22.502131+00:00,2024-12-13 12:26:22.502131+00:00,2024-12-13 10:29:18.863752+00:00,20.4321,duration,unit_test_energy,InsertionSort_100000Entries
_result,16,2024-12-10 12:26:22.502131+00:00,2024-12-13 12:26:22.502131+00:00,2024-12-13 10:30:43.111376+00:00,21.1053,duration,unit_test_energy,InsertionSort_100000Entries
_result,16,2024-12-10 12:26:22.502131+00:00,2024-12-13 12:26:22.502131+00:00,2024-12-13 10:32:06.455265+00:00,20.5679,duration,unit_test_energy,InsertionSort_100000Entries
_result,16,2024-12-10 12:26:22.502131+00:00,2024-12-13 12:26:22.502131+00:00,2024-12-13 10:33:32.366125+00:00,22.271,duration,unit_test_energy,InsertionSort_100000Entries
_result,16,2024-12-10 12:26:22.502131+00:00,2024-12-13 12:26:22.502131+00:00,2024-12-13 10:34:56.011773+00:00,20.9026,duration,unit_test_energy,InsertionSort_100000Entries
_result,16,2024-12-10 12:26:22.502131+00:00,2024-12-13 12:26:22.502131+00:00,2024-12-13 10:36:19.499632+00:00,20.688,duration,unit_test_energy,InsertionSort_100000Entries
_result,16,2024-12-10 12:26:22.502131+00:00,2024-12-13 12:26:22.502131+00:00,2024-12-13 10:37:42.940125+00:00,20.2416,duration,unit_test_energy,InsertionSort_100000Entries
_result,16,2024-12-10 12:26:22.502131+00:00,2024-12-13 12:26:22.502131+00:00,2024-12-13 10:39:05.855886+00:00,20.1491,duration,unit_test_energy,InsertionSort_100000Entries
_result,16,2024-12-10 12:26:22.502131+00:00,2024-12-13 12:26:22.502131+00:00,2024-12-13 10:40:29.244565+00:00,20.2137,duration,unit_test_energy,InsertionSort_100000Entries
_result,16,2024-12-10 12:26:22.502131+00:00,2024-12-13 12:26:22.502131+00:00,2024-12-13 10:49:12.039721+00:00,20.4932,duration,unit_test_energy,InsertionSort_100000Entries
_result,16,2024-12-10 12:26:22.502131+00:00,2024-12-13 12:26:22.502131+00:00,2024-12-13 10:50:35.675360+00:00,20.4127,duration,unit_test_energy,InsertionSort_100000Entries
_result,16,2024-12-10 12:26:22.502131+00:00,2024-12-13 12:26:22.502131+00:00,2024-12-13 10:51:58.777395+00:00,20.4017,duration,unit_test_energy,InsertionSort_100000Entries
_result,16,2024-12-10 12:26:22.502131+00:00,2024-12-13 12:26:22.502131+00:00,2024-12-13 10:53:22.140129+00:00,20.3296,duration,unit_test_energy,InsertionSort_100000Entries
_result,16,2024-12-10 12:26:22.502131+00:00,2024-12-13 12:26:22.502131+00:00,2024-12-13 10:54:45.379422+00:00,20.1762,duration,unit_test_energy,InsertionSort_100000Entries
_result,16,2024-12-10 12:26:22.502131+00:00,2024-12-13 12:26:22.502131+00:00,2024-12-13 10:56:08.500363+00:00,20.2495,duration,unit_test_energy,InsertionSort_100000Entries
_result,16,2024-12-10 12:26:22.502131+00:00,2024-12-13 12:26:22.502131+00:00,2024-12-13 10:57:31.743112+00:00,20.1203,duration,unit_test_energy,InsertionSort_100000Entries
_result,16,2024-12-10 12:26:22.502131+00:00,2024-12-13 12:26:22.502131+00:00,2024-12-13 10:58:55.237608+00:00,20.3338,duration,unit_test_energy,InsertionSort_100000Entries
_result,16,2024-12-10 12:26:22.502131+00:00,2024-12-13 12:26:22.502131+00:00,2024-12-13 11:00:18.665741+00:00,20.3742,duration,unit_test_energy,InsertionSort_100000Entries
_result,16,2024-12-10 12:26:22.502131+00:00,2024-12-13 12:26:22.502131+00:00,2024-12-13 11:01:42.027049+00:00,20.3966,duration,unit_test_energy,InsertionSort_100000Entries
_result,16,2024-12-10 12:26:22.502131+00:00,2024-12-13 12:26:22.502131+00:00,2024-12-13 11:03:06.370054+00:00,20.121,duration,unit_test_energy,InsertionSort_100000Entries
_result,16,2024-12-10 12:26:22.502131+00:00,2024-12-13 12:26:22.502131+00:00,2024-12-13 11:04:29.974707+00:00,20.4484,duration,unit_test_energy,InsertionSort_100000Entries
_result,16,2024-12-10 12:26:22.502131+00:00,2024-12-13 12:26:22.502131+00:00,2024-12-13 11:05:53.832356+00:00,20.5082,duration,unit_test_energy,InsertionSort_100000Entries
_result,16,2024-12-10 12:26:22.502131+00:00,2024-12-13 12:26:22.502131+00:00,2024-12-13 11:07:16.559469+00:00,20.121,duration,unit_test_energy,InsertionSort_100000Entries
_result,16,2024-12-10 12:26:22.502131+00:00,2024-12-13 12:26:22.502131+00:00,2024-12-13 11:08:39.618127+00:00,20.2142,duration,unit_test_energy,InsertionSort_100000Entries
_result,17,2024-12-10 12:26:22.502131+00:00,2024-12-13 12:26:22.502131+00:00,2024-12-13 10:20:55.004912+00:00,46.72,median_energy_dram,unit_test_energy,InsertionSort_100000Entries
_result,17,2024-12-10 12:26:22.502131+00:00,2024-12-13 12:26:22.502131+00:00,2024-12-13 10:22:19.055640+00:00,50.0171,median_energy_dram,unit_test_energy,InsertionSort_100000Entries
_result,17,2024-12-10 12:26:22.502131+00:00,2024-12-13 12:26:22.502131+00:00,2024-12-13 10:23:44.359694+00:00,44.2569,median_energy_dram,unit_test_energy,InsertionSort_100000Entries
_result,17,2024-12-10 12:26:22.502131+00:00,2024-12-13 12:26:22.502131+00:00,2024-12-13 10:25:08.195767+00:00,50.0168,median_energy_dram,unit_test_energy,InsertionSort_100000Entries
_result,17,2024-12-10 12:26:22.502131+00:00,2024-12-13 12:26:22.502131+00:00,2024-12-13 10:26:31.819383+00:00,49.9219,median_energy_dram,unit_test_energy,InsertionSort_100000Entries
_result,17,2024-12-10 12:26:22.502131+00:00,2024-12-13 12:26:22.502131+00:00,2024-12-13 10:27:55.609125+00:00,50.0528,median_energy_dram,unit_test_energy,InsertionSort_100000Entries
_result,17,2024-12-10 12:26:22.502131+00:00,2024-12-13 12:26:22.502131+00:00,2024-12-13 10:29:18.863752+00:00,49.8685,median_energy_dram,unit_test_energy,InsertionSort_100000Entries
_result,17,2024-12-10 12:26:22.502131+00:00,2024-12-13 12:26:22.502131+00:00,2024-12-13 10:30:43.111376+00:00,50.0711,median_energy_dram,unit_test_energy,InsertionSort_100000Entries
_result,17,2024-12-10 12:26:22.502131+00:00,2024-12-13 12:26:22.502131+00:00,2024-12-13 10:32:06.455265+00:00,50.0948,median_energy_dram,unit_test_energy,InsertionSort_100000Entries
_result,17,2024-12-10 12:26:22.502131+00:00,2024-12-13 12:26:22.502131+00:00,2024-12-13 10:33:32.366125+00:00,45.4901,median_energy_dram,unit_test_energy,InsertionSort_100000Entries
_result,17,2024-12-10 12:26:22.502131+00:00,2024-12-13 12:26:22.502131+00:00,2024-12-13 10:34:56.011773+00:00,49.8358,median_energy_dram,unit_test_energy,InsertionSort_100000Entries
_result,17,2024-12-10 12:26:22.502131+00:00,2024-12-13 12:26:22.502131+00:00,2024-12-13 10:36:19.499632+00:00,50.3212,median_energy_dram,unit_test_energy,InsertionSort_100000Entries
_result,17,2024-12-10 12:26:22.502131+00:00,2024-12-13 12:26:22.502131+00:00,2024-12-13 10:37:42.940125+00:00,42.3291,median_energy_dram,unit_test_energy,InsertionSort_100000Entries
_result,17,2024-12-10 12:26:22.502131+00:00,2024-12-13 12:26:22.502131+00:00,2024-12-13 10:39:05.855886+00:00,42.6855,median_energy_dram,unit_test_energy,InsertionSort_100000Entries
_result,17,2024-12-10 12:26:22.502131+00:00,2024-12-13 12:26:22.502131+00:00,2024-12-13 10:40:29.244565+00:00,42.3621,median_energy_dram,unit_test_energy,InsertionSort_100000Entries
_result,17,2024-12-10 12:26:22.502131+00:00,2024-12-13 12:26:22.502131+00:00,2024-12-13 10:49:12.039721+00:00,42.3074,median_energy_dram,unit_test_energy,InsertionSort_100000Entries
_result,17,2024-12-10 12:26:22.502131+00:00,2024-12-13 12:26:22.502131+00:00,2024-12-13 10:50:35.675360+00:00,42.4185,median_energy_dram,unit_test_energy,InsertionSort_100000Entries
_result,17,2024-12-10 12:26:22.502131+00:00,2024-12-13 12:26:22.502131+00:00,2024-12-13 10:51:58.777395+00:00,43.0542,median_energy_dram,unit_test_energy,InsertionSort_100000Entries
_result,17,2024-12-10 12:26:22.502131+00:00,2024-12-13 12:26:22.502131+00:00,2024-12-13 10:53:22.140129+00:00,42.3566,median_energy_dram,unit_test_energy,InsertionSort_100000Entries
_result,17,2024-12-10 12:26:22.502131+00:00,2024-12-13 12:26:22.502131+00:00,2024-12-13 10:54:45.379422+00:00,43.3125,median_energy_dram,unit_test_energy,InsertionSort_100000Entries
_result,17,2024-12-10 12:26:22.502131+00:00,2024-12-13 12:26:22.502131+00:00,2024-12-13 10:56:08.500363+00:00,42.6355,median_energy_dram,unit_test_energy,InsertionSort_100000Entries
_result,17,2024-12-10 12:26:22.502131+00:00,2024-12-13 12:26:22.502131+00:00,2024-12-13 10:57:31.743112+00:00,42.2589,median_energy_dram,unit_test_energy,InsertionSort_100000Entries
_result,17,2024-12-10 12:26:22.502131+00:00,2024-12-13 12:26:22.502131+00:00,2024-12-13 10:58:55.237608+00:00,42.2665,median_energy_dram,unit_test_energy,InsertionSort_100000Entries
_result,17,2024-12-10 12:26:22.502131+00:00,2024-12-13 12:26:22.502131+00:00,2024-12-13 11:00:18.665741+00:00,42.3061,median_energy_dram,unit_test_energy,InsertionSort_100000Entries
_result,17,2024-12-10 12:26:22.502131+00:00,2024-12-13 12:26:22.502131+00:00,2024-12-13 11:01:42.027049+00:00,42.8026,median_energy_dram,unit_test_energy,InsertionSort_100000Entries
_result,17,2024-12-10 12:26:22.502131+00:00,2024-12-13 12:26:22.502131+00:00,2024-12-13 11:03:06.370054+00:00,42.7713,median_energy_dram,unit_test_energy,InsertionSort_100000Entries
_result,17,2024-12-10 12:26:22.502131+00:00,2024-12-13 12:26:22.502131+00:00,2024-12-13 11:04:29.974707+00:00,42.2998,median_energy_dram,unit_test_energy,InsertionSort_100000Entries
_result,17,2024-12-10 12:26:22.502131+00:00,2024-12-13 12:26:22.502131+00:00,2024-12-13 11:05:53.832356+00:00,49.1678,median_energy_dram,unit_test_energy,InsertionSort_100000Entries
_result,17,2024-12-10 12:26:22.502131+00:00,2024-12-13 12:26:22.502131+00:00,2024-12-13 11:07:16.559469+00:00,42.9172,median_energy_dram,unit_test_energy,InsertionSort_100000Entries
_result,17,2024-12-10 12:26:22.502131+00:00,2024-12-13 12:26:22.502131+00:00,2024-12-13 11:08:39.618127+00:00,50.834,median_energy_dram,unit_test_energy,InsertionSort_100000Entries
_result,18,2024-12-10 12:26:22.502131+00:00,2024-12-13 12:26:22.502131+00:00,2024-12-13 10:20:55.004912+00:00,132.5256,median_energy_pkg,unit_test_energy,InsertionSort_100000Entries
_result,18,2024-12-10 12:26:22.502131+00:00,2024-12-13 12:26:22.502131+00:00,2024-12-13 10:22:19.055640+00:00,135.5151,median_energy_pkg,unit_test_energy,InsertionSort_100000Entries
_result,18,2024-12-10 12:26:22.502131+00:00,2024-12-13 12:26:22.502131+00:00,2024-12-13 10:23:44.359694+00:00,129.6619,median_energy_pkg,unit_test_energy,InsertionSort_100000Entries
_result,18,2024-12-10 12:26:22.502131+00:00,2024-12-13 12:26:22.502131+00:00,2024-12-13 10:25:08.195767+00:00,137.1216,median_energy_pkg,unit_test_energy,InsertionSort_100000Entries
_result,18,2024-12-10 12:26:22.502131+00:00,2024-12-13 12:26:22.502131+00:00,2024-12-13 10:26:31.819383+00:00,132.7075,median_energy_pkg,unit_test_energy,InsertionSort_100000Entries
_result,18,2024-12-10 12:26:22.502131+00:00,2024-12-13 12:26:22.502131+00:00,2024-12-13 10:27:55.609125+00:00,132.8809,median_energy_pkg,unit_test_energy,InsertionSort_100000Entries
_result,18,2024-12-10 12:26:22.502131+00:00,2024-12-13 12:26:22.502131+00:00,2024-12-13 10:29:18.863752+00:00,133.7256,median_energy_pkg,unit_test_energy,InsertionSort_100000Entries
_result,18,2024-12-10 12:26:22.502131+00:00,2024-12-13 12:26:22.502131+00:00,2024-12-13 10:30:43.111376+00:00,134.9585,median_energy_pkg,unit_test_energy,InsertionSort_100000Entries
_result,18,2024-12-10 12:26:22.502131+00:00,2024-12-13 12:26:22.502131+00:00,2024-12-13 10:32:06.455265+00:00,132.9218,median_energy_pkg,unit_test_energy,InsertionSort_100000Entries
_result,18,2024-12-10 12:26:22.502131+00:00,2024-12-13 12:26:22.502131+00:00,2024-12-13 10:33:32.366125+00:00,129.5068,median_energy_pkg,unit_test_energy,InsertionSort_100000Entries
_result,18,2024-12-10 12:26:22.502131+00:00,2024-12-13 12:26:22.502131+00:00,2024-12-13 10:34:56.011773+00:00,134.4458,median_energy_pkg,unit_test_energy,InsertionSort_100000Entries
_result,18,2024-12-10 12:26:22.502131+00:00,2024-12-13 12:26:22.502131+00:00,2024-12-13 10:36:19.499632+00:00,133.3643,median_energy_pkg,unit_test_energy,InsertionSort_100000Entries
_result,18,2024-12-10 12:26:22.502131+00:00,2024-12-13 12:26:22.502131+00:00,2024-12-13 10:37:42.940125+00:00,110.0269,median_energy_pkg,unit_test_energy,InsertionSort_100000Entries
_result,18,2024-12-10 12:26:22.502131+00:00,2024-12-13 12:26:22.502131+00:00,2024-12-13 10:39:05.855886+00:00,111.1279,median_energy_pkg,unit_test_energy,InsertionSort_100000Entries
_result,18,2024-12-10 12:26:22.502131+00:00,2024-12-13 12:26:22.502131+00:00,2024-12-13 10:40:29.244565+00:00,110.8606,median_energy_pkg,unit_test_energy,InsertionSort_100000Entries
_result,18,2024-12-10 12:26:22.502131+00:00,2024-12-13 12:26:22.502131+00:00,2024-12-13 10:49:12.039721+00:00,110.1923,median_energy_pkg,unit_test_energy,InsertionSort_100000Entries
_result,18,2024-12-10 12:26:22.502131+00:00,2024-12-13 12:26:22.502131+00:00,2024-12-13 10:50:35.675360+00:00,110.2234,median_energy_pkg,unit_test_energy,InsertionSort_100000Entries
_result,18,2024-12-10 12:26:22.502131+00:00,2024-12-13 12:26:22.502131+00:00,2024-12-13 10:51:58.777395+00:00,111.1072,median_energy_pkg,unit_test_energy,InsertionSort_100000Entries
_result,18,2024-12-10 12:26:22.502131+00:00,2024-12-13 12:26:22.502131+00:00,2024-12-13 10:53:22.140129+00:00,110.2661,median_energy_pkg,unit_test_energy,InsertionSort_100000Entries
_result,18,2024-12-10 12:26:22.502131+00:00,2024-12-13 12:26:22.502131+00:00,2024-12-13 10:54:45.379422+00:00,110.8075,median_energy_pkg,unit_test_energy,InsertionSort_100000Entries
_result,18,2024-12-10 12:26:22.502131+00:00,2024-12-13 12:26:22.502131+00:00,2024-12-13 10:56:08.500363+00:00,110.1434,median_energy_pkg,unit_test_energy,InsertionSort_100000Entries
_result,18,2024-12-10 12:26:22.502131+00:00,2024-12-13 12:26:22.502131+00:00,2024-12-13 10:57:31.743112+00:00,110.199,median_energy_pkg,unit_test_energy,InsertionSort_100000Entries
_result,18,2024-12-10 12:26:22.502131+00:00,2024-12-13 12:26:22.502131+00:00,2024-12-13 10:58:55.237608+00:00,110.2612,median_energy_pkg,unit_test_energy,InsertionSort_100000Entries
_result,18,2024-12-10 12:26:22.502131+00:00,2024-12-13 12:26:22.502131+00:00,2024-12-13 11:00:18.665741+00:00,110.1501,median_energy_pkg,unit_test_energy,InsertionSort_100000Entries
_result,18,2024-12-10 12:26:22.502131+00:00,2024-12-13 12:26:22.502131+00:00,2024-12-13 11:01:42.027049+00:00,110.7251,median_energy_pkg,unit_test_energy,InsertionSort_100000Entries
_result,18,2024-12-10 12:26:22.502131+00:00,2024-12-13 12:26:22.502131+00:00,2024-12-13 11:03:06.370054+00:00,111.3989,median_energy_pkg,unit_test_energy,InsertionSort_100000Entries
_result,18,2024-12-10 12:26:22.502131+00:00,2024-12-13 12:26:22.502131+00:00,2024-12-13 11:04:29.974707+00:00,109.9927,median_energy_pkg,unit_test_energy,InsertionSort_100000Entries
_result,18,2024-12-10 12:26:22.502131+00:00,2024-12-13 12:26:22.502131+00:00,2024-12-13 11:05:53.832356+00:00,118.0542,median_energy_pkg,unit_test_energy,InsertionSort_100000Entries
_result,18,2024-12-10 12:26:22.502131+00:00,2024-12-13 12:26:22.502131+00:00,2024-12-13 11:07:16.559469+00:00,110.9265,median_energy_pkg,unit_test_energy,InsertionSort_100000Entries
_result,18,2024-12-10 12:26:22.502131+00:00,2024-12-13 12:26:22.502131+00:00,2024-12-13 11:08:39.618127+00:00,127.998,median_energy_pkg,unit_test_energy,InsertionSort_100000Entries
_result,19,2024-12-10 12:26:22.502131+00:00,2024-12-13 12:26:22.502131+00:00,2024-12-13 10:20:55.004912+00:00,1024.3384,total_energy_dram,unit_test_energy,InsertionSort_100000Entries
_result,19,2024-12-10 12:26:22.502131+00:00,2024-12-13 12:26:22.502131+00:00,2024-12-13 10:22:19.055640+00:00,1056.6411,total_energy_dram,unit_test_energy,InsertionSort_100000Entries
_result,19,2024-12-10 12:26:22.502131+00:00,2024-12-13 12:26:22.502131+00:00,2024-12-13 10:23:44.359694+00:00,984.3216,total_energy_dram,unit_test_energy,InsertionSort_100000Entries
_result,19,2024-12-10 12:26:22.502131+00:00,2024-12-13 12:26:22.502131+00:00,2024-12-13 10:25:08.195767+00:00,1048.6476,total_energy_dram,unit_test_energy,InsertionSort_100000Entries
_result,19,2024-12-10 12:26:22.502131+00:00,2024-12-13 12:26:22.502131+00:00,2024-12-13 10:26:31.819383+00:00,1045.203,total_energy_dram,unit_test_energy,InsertionSort_100000Entries
_result,19,2024-12-10 12:26:22.502131+00:00,2024-12-13 12:26:22.502131+00:00,2024-12-13 10:27:55.609125+00:00,1053.7094,total_energy_dram,unit_test_energy,InsertionSort_100000Entries
_result,19,2024-12-10 12:26:22.502131+00:00,2024-12-13 12:26:22.502131+00:00,2024-12-13 10:29:18.863752+00:00,1035.5279,total_energy_dram,unit_test_energy,InsertionSort_100000Entries
_result,19,2024-12-10 12:26:22.502131+00:00,2024-12-13 12:26:22.502131+00:00,2024-12-13 10:30:43.111376+00:00,1067.4164,total_energy_dram,unit_test_energy,InsertionSort_100000Entries
_result,19,2024-12-10 12:26:22.502131+00:00,2024-12-13 12:26:22.502131+00:00,2024-12-13 10:32:06.455265+00:00,1043.8072,total_energy_dram,unit_test_energy,InsertionSort_100000Entries
_result,19,2024-12-10 12:26:22.502131+00:00,2024-12-13 12:26:22.502131+00:00,2024-12-13 10:33:32.366125+00:00,1033.9962,total_energy_dram,unit_test_energy,InsertionSort_100000Entries
_result,19,2024-12-10 12:26:22.502131+00:00,2024-12-13 12:26:22.502131+00:00,2024-12-13 10:34:56.011773+00:00,1056.191,total_energy_dram,unit_test_energy,InsertionSort_100000Entries
_result,19,2024-12-10 12:26:22.502131+00:00,2024-12-13 12:26:22.502131+00:00,2024-12-13 10:36:19.499632+00:00,1051.8614,total_energy_dram,unit_test_energy,InsertionSort_100000Entries
_result,19,2024-12-10 12:26:22.502131+00:00,2024-12-13 12:26:22.502131+00:00,2024-12-13 10:37:42.940125+00:00,871.8817,total_energy_dram,unit_test_energy,InsertionSort_100000Entries
_result,19,2024-12-10 12:26:22.502131+00:00,2024-12-13 12:26:22.502131+00:00,2024-12-13 10:39:05.855886+00:00,869.5081,total_energy_dram,unit_test_energy,InsertionSort_100000Entries
_result,19,2024-12-10 12:26:22.502131+00:00,2024-12-13 12:26:22.502131+00:00,2024-12-13 10:40:29.244565+00:00,869.5759,total_energy_dram,unit_test_energy,InsertionSort_100000Entries
_result,19,2024-12-10 12:26:22.502131+00:00,2024-12-13 12:26:22.502131+00:00,2024-12-13 10:49:12.039721+00:00,881.1137,total_energy_dram,unit_test_energy,InsertionSort_100000Entries
_result,19,2024-12-10 12:26:22.502131+00:00,2024-12-13 12:26:22.502131+00:00,2024-12-13 10:50:35.675360+00:00,879.2836,total_energy_dram,unit_test_energy,InsertionSort_100000Entries
_result,19,2024-12-10 12:26:22.502131+00:00,2024-12-13 12:26:22.502131+00:00,2024-12-13 10:51:58.777395+00:00,882.5879,total_energy_dram,unit_test_energy,InsertionSort_100000Entries
_result,19,2024-12-10 12:26:22.502131+00:00,2024-12-13 12:26:22.502131+00:00,2024-12-13 10:53:22.140129+00:00,876.0693,total_energy_dram,unit_test_energy,InsertionSort_100000Entries
_result,19,2024-12-10 12:26:22.502131+00:00,2024-12-13 12:26:22.502131+00:00,2024-12-13 10:54:45.379422+00:00,879.0822,total_energy_dram,unit_test_energy,InsertionSort_100000Entries
_result,19,2024-12-10 12:26:22.502131+00:00,2024-12-13 12:26:22.502131+00:00,2024-12-13 10:56:08.500363+00:00,870.3486,total_energy_dram,unit_test_energy,InsertionSort_100000Entries
_result,19,2024-12-10 12:26:22.502131+00:00,2024-12-13 12:26:22.502131+00:00,2024-12-13 10:57:31.743112+00:00,865.0244,total_energy_dram,unit_test_energy,InsertionSort_100000Entries
_result,19,2024-12-10 12:26:22.502131+00:00,2024-12-13 12:26:22.502131+00:00,2024-12-13 10:58:55.237608+00:00,874.3227,total_energy_dram,unit_test_energy,InsertionSort_100000Entries
_result,19,2024-12-10 12:26:22.502131+00:00,2024-12-13 12:26:22.502131+00:00,2024-12-13 11:00:18.665741+00:00,875.9202,total_energy_dram,unit_test_energy,InsertionSort_100000Entries
_result,19,2024-12-10 12:26:22.502131+00:00,2024-12-13 12:26:22.502131+00:00,2024-12-13 11:01:42.027049+00:00,878.1794,total_energy_dram,unit_test_energy,InsertionSort_100000Entries
_result,19,2024-12-10 12:26:22.502131+00:00,2024-12-13 12:26:22.502131+00:00,2024-12-13 11:03:06.370054+00:00,870.8807,total_energy_dram,unit_test_energy,InsertionSort_100000Entries
_result,19,2024-12-10 12:26:22.502131+00:00,2024-12-13 12:26:22.502131+00:00,2024-12-13 11:04:29.974707+00:00,879.168,total_energy_dram,unit_test_energy,InsertionSort_100000Entries
_result,19,2024-12-10 12:26:22.502131+00:00,2024-12-13 12:26:22.502131+00:00,2024-12-13 11:05:53.832356+00:00,976.8196,total_energy_dram,unit_test_energy,InsertionSort_100000Entries
_result,19,2024-12-10 12:26:22.502131+00:00,2024-12-13 12:26:22.502131+00:00,2024-12-13 11:07:16.559469+00:00,875.2897,total_energy_dram,unit_test_energy,InsertionSort_100000Entries
_result,19,2024-12-10 12:26:22.502131+00:00,2024-12-13 12:26:22.502131+00:00,2024-12-13 11:08:39.618127+00:00,1030.4417,total_energy_dram,unit_test_energy,InsertionSort_100000Entries
_result,20,2024-12-10 12:26:22.502131+00:00,2024-12-13 12:26:22.502131+00:00,2024-12-13 10:20:55.004912+00:00,2898.9036,total_energy_pkg,unit_test_energy,InsertionSort_100000Entries
_result,20,2024-12-10 12:26:22.502131+00:00,2024-12-13 12:26:22.502131+00:00,2024-12-13 10:22:19.055640+00:00,2835.7875,total_energy_pkg,unit_test_energy,InsertionSort_100000Entries
_result,20,2024-12-10 12:26:22.502131+00:00,2024-12-13 12:26:22.502131+00:00,2024-12-13 10:23:44.359694+00:00,2837.1869,total_energy_pkg,unit_test_energy,InsertionSort_100000Entries
_result,20,2024-12-10 12:26:22.502131+00:00,2024-12-13 12:26:22.502131+00:00,2024-12-13 10:25:08.195767+00:00,2849.9783,total_energy_pkg,unit_test_energy,InsertionSort_100000Entries
_result,20,2024-12-10 12:26:22.502131+00:00,2024-12-13 12:26:22.502131+00:00,2024-12-13 10:26:31.819383+00:00,2749.5342,total_energy_pkg,unit_test_energy,InsertionSort_100000Entries
_result,20,2024-12-10 12:26:22.502131+00:00,2024-12-13 12:26:22.502131+00:00,2024-12-13 10:27:55.609125+00:00,2793.0374,total_energy_pkg,unit_test_energy,InsertionSort_100000Entries
_result,20,2024-12-10 12:26:22.502131+00:00,2024-12-13 12:26:22.502131+00:00,2024-12-13 10:29:18.863752+00:00,2742.0018,total_energy_pkg,unit_test_energy,InsertionSort_100000Entries
_result,20,2024-12-10 12:26:22.502131+00:00,2024-12-13 12:26:22.502131+00:00,2024-12-13 10:30:43.111376+00:00,2846.7711,total_energy_pkg,unit_test_energy,InsertionSort_100000Entries
_result,20,2024-12-10 12:26:22.502131+00:00,2024-12-13 12:26:22.502131+00:00,2024-12-13 10:32:06.455265+00:00,2746.5766,total_energy_pkg,unit_test_energy,InsertionSort_100000Entries
_result,20,2024-12-10 12:26:22.502131+00:00,2024-12-13 12:26:22.502131+00:00,2024-12-13 10:33:32.366125+00:00,2894.9627,total_energy_pkg,unit_test_energy,InsertionSort_100000Entries
_result,20,2024-12-10 12:26:22.502131+00:00,2024-12-13 12:26:22.502131+00:00,2024-12-13 10:34:56.011773+00:00,2820.4004,total_energy_pkg,unit_test_energy,InsertionSort_100000Entries
_result,20,2024-12-10 12:26:22.502131+00:00,2024-12-13 12:26:22.502131+00:00,2024-12-13 10:36:19.499632+00:00,2763.1267,total_energy_pkg,unit_test_energy,InsertionSort_100000Entries
_result,20,2024-12-10 12:26:22.502131+00:00,2024-12-13 12:26:22.502131+00:00,2024-12-13 10:37:42.940125+00:00,2261.1093,total_energy_pkg,unit_test_energy,InsertionSort_100000Entries
_result,20,2024-12-10 12:26:22.502131+00:00,2024-12-13 12:26:22.502131+00:00,2024-12-13 10:39:05.855886+00:00,2268.5581,total_energy_pkg,unit_test_energy,InsertionSort_100000Entries
_result,20,2024-12-10 12:26:22.502131+00:00,2024-12-13 12:26:22.502131+00:00,2024-12-13 10:40:29.244565+00:00,2258.8939,total_energy_pkg,unit_test_energy,InsertionSort_100000Entries
_result,20,2024-12-10 12:26:22.502131+00:00,2024-12-13 12:26:22.502131+00:00,2024-12-13 10:49:12.039721+00:00,2287.3405,total_energy_pkg,unit_test_energy,InsertionSort_100000Entries
_result,20,2024-12-10 12:26:22.502131+00:00,2024-12-13 12:26:22.502131+00:00,2024-12-13 10:50:35.675360+00:00,2280.071,total_energy_pkg,unit_test_energy,InsertionSort_100000Entries
_result,20,2024-12-10 12:26:22.502131+00:00,2024-12-13 12:26:22.502131+00:00,2024-12-13 10:51:58.777395+00:00,2280.7359,total_energy_pkg,unit_test_energy,InsertionSort_100000Entries
_result,20,2024-12-10 12:26:22.502131+00:00,2024-12-13 12:26:22.502131+00:00,2024-12-13 10:53:22.140129+00:00,2277.1612,total_energy_pkg,unit_test_energy,InsertionSort_100000Entries
_result,20,2024-12-10 12:26:22.502131+00:00,2024-12-13 12:26:22.502131+00:00,2024-12-13 10:54:45.379422+00:00,2268.1312,total_energy_pkg,unit_test_energy,InsertionSort_100000Entries
_result,20,2024-12-10 12:26:22.502131+00:00,2024-12-13 12:26:22.502131+00:00,2024-12-13 10:56:08.500363+00:00,2261.089,total_energy_pkg,unit_test_energy,InsertionSort_100000Entries
_result,20,2024-12-10 12:26:22.502131+00:00,2024-12-13 12:26:22.502131+00:00,2024-12-13 10:57:31.743112+00:00,2249.1671,total_energy_pkg,unit_test_energy,InsertionSort_100000Entries
_result,20,2024-12-10 12:26:22.502131+00:00,2024-12-13 12:26:22.502131+00:00,2024-12-13 10:58:55.237608+00:00,2274.8966,total_energy_pkg,unit_test_energy,InsertionSort_100000Entries
_result,20,2024-12-10 12:26:22.502131+00:00,2024-12-13 12:26:22.502131+00:00,2024-12-13 11:00:18.665741+00:00,2272.9069,total_energy_pkg,unit_test_energy,InsertionSort_100000Entries
_result,20,2024-12-10 12:26:22.502131+00:00,2024-12-13 12:26:22.502131+00:00,2024-12-13 11:01:42.027049+00:00,2272.1016,total_energy_pkg,unit_test_energy,InsertionSort_100000Entries
_result,20,2024-12-10 12:26:22.502131+00:00,2024-12-13 12:26:22.502131+00:00,2024-12-13 11:03:06.370054+00:00,2265.7191,total_energy_pkg,unit_test_energy,InsertionSort_100000Entries
_result,20,2024-12-10 12:26:22.502131+00:00,2024-12-13 12:26:22.502131+00:00,2024-12-13 11:04:29.974707+00:00,2279.0966,total_energy_pkg,unit_test_energy,InsertionSort_100000Entries
_result,20,2024-12-10 12:26:22.502131+00:00,2024-12-13 12:26:22.502131+00:00,2024-12-13 11:05:53.832356+00:00,2440.5691,total_energy_pkg,unit_test_energy,InsertionSort_100000Entries
_result,20,2024-12-10 12:26:22.502131+00:00,2024-12-13 12:26:22.502131+00:00,2024-12-13 11:07:16.559469+00:00,2263.3449,total_energy_pkg,unit_test_energy,InsertionSort_100000Entries
_result,20,2024-12-10 12:26:22.502131+00:00,2024-12-13 12:26:22.502131+00:00,2024-12-13 11:08:39.618127+00:00,2602.0341,total_energy_pkg,unit_test_energy,InsertionSort_100000Entries
_result,21,2024-12-10 12:26:22.502131+00:00,2024-12-13 12:26:22.502131+00:00,2024-12-13 10:21:05.340836+00:00,51.0748,avg_energy_dram,unit_test_energy,InsertionSort_10000Entries
_result,21,2024-12-10 12:26:22.502131+00:00,2024-12-13 12:26:22.502131+00:00,2024-12-13 10:22:29.441401+00:00,44.7944,avg_energy_dram,unit_test_energy,InsertionSort_10000Entries
_result,21,2024-12-10 12:26:22.502131+00:00,2024-12-13 12:26:22.502131+00:00,2024-12-13 10:23:54.691695+00:00,43.3753,avg_energy_dram,unit_test_energy,InsertionSort_10000Entries
_result,21,2024-12-10 12:26:22.502131+00:00,2024-12-13 12:26:22.502131+00:00,2024-12-13 10:25:18.556021+00:00,47.2169,avg_energy_dram,unit_test_energy,InsertionSort_10000Entries
_result,21,2024-12-10 12:26:22.502131+00:00,2024-12-13 12:26:22.502131+00:00,2024-12-13 10:26:42.152898+00:00,47.186,avg_energy_dram,unit_test_energy,InsertionSort_10000Entries
_result,21,2024-12-10 12:26:22.502131+00:00,2024-12-13 12:26:22.502131+00:00,2024-12-13 10:28:05.945634+00:00,50.9637,avg_energy_dram,unit_test_energy,InsertionSort_10000Entries
_result,21,2024-12-10 12:26:22.502131+00:00,2024-12-13 12:26:22.502131+00:00,2024-12-13 10:29:29.185954+00:00,47.7444,avg_energy_dram,unit_test_energy,InsertionSort_10000Entries
_result,21,2024-12-10 12:26:22.502131+00:00,2024-12-13 12:26:22.502131+00:00,2024-12-13 10:30:53.428148+00:00,47.7301,avg_energy_dram,unit_test_energy,InsertionSort_10000Entries
_result,21,2024-12-10 12:26:22.502131+00:00,2024-12-13 12:26:22.502131+00:00,2024-12-13 10:32:16.770186+00:00,47.9305,avg_energy_dram,unit_test_energy,InsertionSort_10000Entries
_result,21,2024-12-10 12:26:22.502131+00:00,2024-12-13 12:26:22.502131+00:00,2024-12-13 10:33:42.727170+00:00,47.0891,avg_energy_dram,unit_test_energy,InsertionSort_10000Entries
_result,21,2024-12-10 12:26:22.502131+00:00,2024-12-13 12:26:22.502131+00:00,2024-12-13 10:35:06.388501+00:00,46.7539,avg_energy_dram,unit_test_energy,InsertionSort_10000Entries
_result,21,2024-12-10 12:26:22.502131+00:00,2024-12-13 12:26:22.502131+00:00,2024-12-13 10:36:29.818755+00:00,40.5528,avg_energy_dram,unit_test_energy,InsertionSort_10000Entries
_result,21,2024-12-10 12:26:22.502131+00:00,2024-12-13 12:26:22.502131+00:00,2024-12-13 10:37:53.250846+00:00,40.8031,avg_energy_dram,unit_test_energy,InsertionSort_10000Entries
_result,21,2024-12-10 12:26:22.502131+00:00,2024-12-13 12:26:22.502131+00:00,2024-12-13 10:39:16.179786+00:00,39.8559,avg_energy_dram,unit_test_energy,InsertionSort_10000Entries
_result,21,2024-12-10 12:26:22.502131+00:00,2024-12-13 12:26:22.502131+00:00,2024-12-13 10:40:39.564372+00:00,40.1332,avg_energy_dram,unit_test_energy,InsertionSort_10000Entries
_result,21,2024-12-10 12:26:22.502131+00:00,2024-12-13 12:26:22.502131+00:00,2024-12-13 10:49:22.352786+00:00,40.3655,avg_energy_dram,unit_test_energy,InsertionSort_10000Entries
_result,21,2024-12-10 12:26:22.502131+00:00,2024-12-13 12:26:22.502131+00:00,2024-12-13 10:50:45.990573+00:00,40.2287,avg_energy_dram,unit_test_energy,InsertionSort_10000Entries
_result,21,2024-12-10 12:26:22.502131+00:00,2024-12-13 12:26:22.502131+00:00,2024-12-13 10:52:09.086730+00:00,40.5626,avg_energy_dram,unit_test_energy,InsertionSort_10000Entries
_result,21,2024-12-10 12:26:22.502131+00:00,2024-12-13 12:26:22.502131+00:00,2024-12-13 10:53:32.451819+00:00,40.3243,avg_energy_dram,unit_test_energy,InsertionSort_10000Entries
_result,21,2024-12-10 12:26:22.502131+00:00,2024-12-13 12:26:22.502131+00:00,2024-12-13 10:54:55.689740+00:00,40.673,avg_energy_dram,unit_test_energy,InsertionSort_10000Entries
_result,21,2024-12-10 12:26:22.502131+00:00,2024-12-13 12:26:22.502131+00:00,2024-12-13 10:56:18.823665+00:00,47.8185,avg_energy_dram,unit_test_energy,InsertionSort_10000Entries
_result,21,2024-12-10 12:26:22.502131+00:00,2024-12-13 12:26:22.502131+00:00,2024-12-13 10:57:42.101644+00:00,37.9542,avg_energy_dram,unit_test_energy,InsertionSort_10000Entries
_result,21,2024-12-10 12:26:22.502131+00:00,2024-12-13 12:26:22.502131+00:00,2024-12-13 10:59:05.544759+00:00,40.7101,avg_energy_dram,unit_test_energy,InsertionSort_10000Entries
_result,21,2024-12-10 12:26:22.502131+00:00,2024-12-13 12:26:22.502131+00:00,2024-12-13 11:00:28.982266+00:00,39.9108,avg_energy_dram,unit_test_energy,InsertionSort_10000Entries
_result,21,2024-12-10 12:26:22.502131+00:00,2024-12-13 12:26:22.502131+00:00,2024-12-13 11:01:52.344349+00:00,40.341,avg_energy_dram,unit_test_energy,InsertionSort_10000Entries
_result,21,2024-12-10 12:26:22.502131+00:00,2024-12-13 12:26:22.502131+00:00,2024-12-13 11:03:16.689427+00:00,40.487,avg_energy_dram,unit_test_energy,InsertionSort_10000Entries
_result,21,2024-12-10 12:26:22.502131+00:00,2024-12-13 12:26:22.502131+00:00,2024-12-13 11:04:40.295764+00:00,39.9769,avg_energy_dram,unit_test_energy,InsertionSort_10000Entries
_result,21,2024-12-10 12:26:22.502131+00:00,2024-12-13 12:26:22.502131+00:00,2024-12-13 11:06:04.145400+00:00,48.5229,avg_energy_dram,unit_test_energy,InsertionSort_10000Entries
_result,21,2024-12-10 12:26:22.502131+00:00,2024-12-13 12:26:22.502131+00:00,2024-12-13 11:07:26.887768+00:00,47.4053,avg_energy_dram,unit_test_energy,InsertionSort_10000Entries
_result,21,2024-12-10 12:26:22.502131+00:00,2024-12-13 12:26:22.502131+00:00,2024-12-13 11:08:49.937195+00:00,47.9195,avg_energy_dram,unit_test_energy,InsertionSort_10000Entries
_result,22,2024-12-10 12:26:22.502131+00:00,2024-12-13 12:26:22.502131+00:00,2024-12-13 10:21:05.340836+00:00,143.0217,avg_energy_pkg,unit_test_energy,InsertionSort_10000Entries
_result,22,2024-12-10 12:26:22.502131+00:00,2024-12-13 12:26:22.502131+00:00,2024-12-13 10:22:29.441401+00:00,121.6196,avg_energy_pkg,unit_test_energy,InsertionSort_10000Entries
_result,22,2024-12-10 12:26:22.502131+00:00,2024-12-13 12:26:22.502131+00:00,2024-12-13 10:23:54.691695+00:00,122.6288,avg_energy_pkg,unit_test_energy,InsertionSort_10000Entries
_result,22,2024-12-10 12:26:22.502131+00:00,2024-12-13 12:26:22.502131+00:00,2024-12-13 10:25:18.556021+00:00,125.5361,avg_energy_pkg,unit_test_energy,InsertionSort_10000Entries
_result,22,2024-12-10 12:26:22.502131+00:00,2024-12-13 12:26:22.502131+00:00,2024-12-13 10:26:42.152898+00:00,123.7767,avg_energy_pkg,unit_test_energy,InsertionSort_10000Entries
_result,22,2024-12-10 12:26:22.502131+00:00,2024-12-13 12:26:22.502131+00:00,2024-12-13 10:28:05.945634+00:00,145.8827,avg_energy_pkg,unit_test_energy,InsertionSort_10000Entries
_result,22,2024-12-10 12:26:22.502131+00:00,2024-12-13 12:26:22.502131+00:00,2024-12-13 10:29:29.185954+00:00,135.2834,avg_energy_pkg,unit_test_energy,InsertionSort_10000Entries
_result,22,2024-12-10 12:26:22.502131+00:00,2024-12-13 12:26:22.502131+00:00,2024-12-13 10:30:53.428148+00:00,124.0995,avg_energy_pkg,unit_test_energy,InsertionSort_10000Entries
_result,22,2024-12-10 12:26:22.502131+00:00,2024-12-13 12:26:22.502131+00:00,2024-12-13 10:32:16.770186+00:00,125.2547,avg_energy_pkg,unit_test_energy,InsertionSort_10000Entries
_result,22,2024-12-10 12:26:22.502131+00:00,2024-12-13 12:26:22.502131+00:00,2024-12-13 10:33:42.727170+00:00,130.5897,avg_energy_pkg,unit_test_energy,InsertionSort_10000Entries
_result,22,2024-12-10 12:26:22.502131+00:00,2024-12-13 12:26:22.502131+00:00,2024-12-13 10:35:06.388501+00:00,128.6379,avg_energy_pkg,unit_test_energy,InsertionSort_10000Entries
_result,22,2024-12-10 12:26:22.502131+00:00,2024-12-13 12:26:22.502131+00:00,2024-12-13 10:36:29.818755+00:00,84.1928,avg_energy_pkg,unit_test_energy,InsertionSort_10000Entries
_result,22,2024-12-10 12:26:22.502131+00:00,2024-12-13 12:26:22.502131+00:00,2024-12-13 10:37:53.250846+00:00,85.4782,avg_energy_pkg,unit_test_energy,InsertionSort_10000Entries
_result,22,2024-12-10 12:26:22.502131+00:00,2024-12-13 12:26:22.502131+00:00,2024-12-13 10:39:16.179786+00:00,81.6459,avg_energy_pkg,unit_test_energy,InsertionSort_10000Entries
_result,22,2024-12-10 12:26:22.502131+00:00,2024-12-13 12:26:22.502131+00:00,2024-12-13 10:40:39.564372+00:00,85.9859,avg_energy_pkg,unit_test_energy,InsertionSort_10000Entries
_result,22,2024-12-10 12:26:22.502131+00:00,2024-12-13 12:26:22.502131+00:00,2024-12-13 10:49:22.352786+00:00,83.8443,avg_energy_pkg,unit_test_energy,InsertionSort_10000Entries
_result,22,2024-12-10 12:26:22.502131+00:00,2024-12-13 12:26:22.502131+00:00,2024-12-13 10:50:45.990573+00:00,84.0252,avg_energy_pkg,unit_test_energy,InsertionSort_10000Entries
_result,22,2024-12-10 12:26:22.502131+00:00,2024-12-13 12:26:22.502131+00:00,2024-12-13 10:52:09.086730+00:00,85.3216,avg_energy_pkg,unit_test_energy,InsertionSort_10000Entries
_result,22,2024-12-10 12:26:22.502131+00:00,2024-12-13 12:26:22.502131+00:00,2024-12-13 10:53:32.451819+00:00,84.4196,avg_energy_pkg,unit_test_energy,InsertionSort_10000Entries
_result,22,2024-12-10 12:26:22.502131+00:00,2024-12-13 12:26:22.502131+00:00,2024-12-13 10:54:55.689740+00:00,85.4714,avg_energy_pkg,unit_test_energy,InsertionSort_10000Entries
_result,22,2024-12-10 12:26:22.502131+00:00,2024-12-13 12:26:22.502131+00:00,2024-12-13 10:56:18.823665+00:00,123.0649,avg_energy_pkg,unit_test_energy,InsertionSort_10000Entries
_result,22,2024-12-10 12:26:22.502131+00:00,2024-12-13 12:26:22.502131+00:00,2024-12-13 10:57:42.101644+00:00,73.334,avg_energy_pkg,unit_test_energy,InsertionSort_10000Entries
_result,22,2024-12-10 12:26:22.502131+00:00,2024-12-13 12:26:22.502131+00:00,2024-12-13 10:59:05.544759+00:00,86.4389,avg_energy_pkg,unit_test_energy,InsertionSort_10000Entries
_result,22,2024-12-10 12:26:22.502131+00:00,2024-12-13 12:26:22.502131+00:00,2024-12-13 11:00:28.982266+00:00,82.8034,avg_energy_pkg,unit_test_energy,InsertionSort_10000Entries
_result,22,2024-12-10 12:26:22.502131+00:00,2024-12-13 12:26:22.502131+00:00,2024-12-13 11:01:52.344349+00:00,84.484,avg_energy_pkg,unit_test_energy,InsertionSort_10000Entries
_result,22,2024-12-10 12:26:22.502131+00:00,2024-12-13 12:26:22.502131+00:00,2024-12-13 11:03:16.689427+00:00,84.8805,avg_energy_pkg,unit_test_energy,InsertionSort_10000Entries
_result,22,2024-12-10 12:26:22.502131+00:00,2024-12-13 12:26:22.502131+00:00,2024-12-13 11:04:40.295764+00:00,82.0816,avg_energy_pkg,unit_test_energy,InsertionSort_10000Entries
_result,22,2024-12-10 12:26:22.502131+00:00,2024-12-13 12:26:22.502131+00:00,2024-12-13 11:06:04.145400+00:00,122.9685,avg_energy_pkg,unit_test_energy,InsertionSort_10000Entries
_result,22,2024-12-10 12:26:22.502131+00:00,2024-12-13 12:26:22.502131+00:00,2024-12-13 11:07:26.887768+00:00,121.4523,avg_energy_pkg,unit_test_energy,InsertionSort_10000Entries
_result,22,2024-12-10 12:26:22.502131+00:00,2024-12-13 12:26:22.502131+00:00,2024-12-13 11:08:49.937195+00:00,122.2036,avg_energy_pkg,unit_test_energy,InsertionSort_10000Entries
_result,23,2024-12-10 12:26:22.502131+00:00,2024-12-13 12:26:22.502131+00:00,2024-12-13 10:21:05.340836+00:00,0.2693,duration,unit_test_energy,InsertionSort_10000Entries
_result,23,2024-12-10 12:26:22.502131+00:00,2024-12-13 12:26:22.502131+00:00,2024-12-13 10:22:29.441401+00:00,0.3202,duration,unit_test_energy,InsertionSort_10000Entries
_result,23,2024-12-10 12:26:22.502131+00:00,2024-12-13 12:26:22.502131+00:00,2024-12-13 10:23:54.691695+00:00,0.2645,duration,unit_test_energy,InsertionSort_10000Entries
_result,23,2024-12-10 12:26:22.502131+00:00,2024-12-13 12:26:22.502131+00:00,2024-12-13 10:25:18.556021+00:00,0.2965,duration,unit_test_energy,InsertionSort_10000Entries
_result,23,2024-12-10 12:26:22.502131+00:00,2024-12-13 12:26:22.502131+00:00,2024-12-13 10:26:42.152898+00:00,0.2669,duration,unit_test_energy,InsertionSort_10000Entries
_result,23,2024-12-10 12:26:22.502131+00:00,2024-12-13 12:26:22.502131+00:00,2024-12-13 10:28:05.945634+00:00,0.2763,duration,unit_test_energy,InsertionSort_10000Entries
_result,23,2024-12-10 12:26:22.502131+00:00,2024-12-13 12:26:22.502131+00:00,2024-12-13 10:29:29.185954+00:00,0.2598,duration,unit_test_energy,InsertionSort_10000Entries
_result,23,2024-12-10 12:26:22.502131+00:00,2024-12-13 12:26:22.502131+00:00,2024-12-13 10:30:53.428148+00:00,0.2547,duration,unit_test_energy,InsertionSort_10000Entries
_result,23,2024-12-10 12:26:22.502131+00:00,2024-12-13 12:26:22.502131+00:00,2024-12-13 10:32:16.770186+00:00,0.2512,duration,unit_test_energy,InsertionSort_10000Entries
_result,23,2024-12-10 12:26:22.502131+00:00,2024-12-13 12:26:22.502131+00:00,2024-12-13 10:33:42.727170+00:00,0.2935,duration,unit_test_energy,InsertionSort_10000Entries
_result,23,2024-12-10 12:26:22.502131+00:00,2024-12-13 12:26:22.502131+00:00,2024-12-13 10:35:06.388501+00:00,0.3146,duration,unit_test_energy,InsertionSort_10000Entries
_result,23,2024-12-10 12:26:22.502131+00:00,2024-12-13 12:26:22.502131+00:00,2024-12-13 10:36:29.818755+00:00,0.2552,duration,unit_test_energy,InsertionSort_10000Entries
_result,23,2024-12-10 12:26:22.502131+00:00,2024-12-13 12:26:22.502131+00:00,2024-12-13 10:37:53.250846+00:00,0.2468,duration,unit_test_energy,InsertionSort_10000Entries
_result,23,2024-12-10 12:26:22.502131+00:00,2024-12-13 12:26:22.502131+00:00,2024-12-13 10:39:16.179786+00:00,0.2575,duration,unit_test_energy,InsertionSort_10000Entries
_result,23,2024-12-10 12:26:22.502131+00:00,2024-12-13 12:26:22.502131+00:00,2024-12-13 10:40:39.564372+00:00,0.2574,duration,unit_test_energy,InsertionSort_10000Entries
_result,23,2024-12-10 12:26:22.502131+00:00,2024-12-13 12:26:22.502131+00:00,2024-12-13 10:49:22.352786+00:00,0.2508,duration,unit_test_energy,InsertionSort_10000Entries
_result,23,2024-12-10 12:26:22.502131+00:00,2024-12-13 12:26:22.502131+00:00,2024-12-13 10:50:45.990573+00:00,0.2526,duration,unit_test_energy,InsertionSort_10000Entries
_result,23,2024-12-10 12:26:22.502131+00:00,2024-12-13 12:26:22.502131+00:00,2024-12-13 10:52:09.086730+00:00,0.2458,duration,unit_test_energy,InsertionSort_10000Entries
_result,23,2024-12-10 12:26:22.502131+00:00,2024-12-13 12:26:22.502131+00:00,2024-12-13 10:53:32.451819+00:00,0.249,duration,unit_test_energy,InsertionSort_10000Entries
_result,23,2024-12-10 12:26:22.502131+00:00,2024-12-13 12:26:22.502131+00:00,2024-12-13 10:54:55.689740+00:00,0.2446,duration,unit_test_energy,InsertionSort_10000Entries
_result,23,2024-12-10 12:26:22.502131+00:00,2024-12-13 12:26:22.502131+00:00,2024-12-13 10:56:18.823665+00:00,0.2574,duration,unit_test_energy,InsertionSort_10000Entries
_result,23,2024-12-10 12:26:22.502131+00:00,2024-12-13 12:26:22.502131+00:00,2024-12-13 10:57:42.101644+00:00,0.2926,duration,unit_test_energy,InsertionSort_10000Entries
_result,23,2024-12-10 12:26:22.502131+00:00,2024-12-13 12:26:22.502131+00:00,2024-12-13 10:59:05.544759+00:00,0.2443,duration,unit_test_energy,InsertionSort_10000Entries
_result,23,2024-12-10 12:26:22.502131+00:00,2024-12-13 12:26:22.502131+00:00,2024-12-13 11:00:28.982266+00:00,0.2505,duration,unit_test_energy,InsertionSort_10000Entries
_result,23,2024-12-10 12:26:22.502131+00:00,2024-12-13 12:26:22.502131+00:00,2024-12-13 11:01:52.344349+00:00,0.2536,duration,unit_test_energy,InsertionSort_10000Entries
_result,23,2024-12-10 12:26:22.502131+00:00,2024-12-13 12:26:22.502131+00:00,2024-12-13 11:03:16.689427+00:00,0.2494,duration,unit_test_energy,InsertionSort_10000Entries
_result,23,2024-12-10 12:26:22.502131+00:00,2024-12-13 12:26:22.502131+00:00,2024-12-13 11:04:40.295764+00:00,0.2571,duration,unit_test_energy,InsertionSort_10000Entries
_result,23,2024-12-10 12:26:22.502131+00:00,2024-12-13 12:26:22.502131+00:00,2024-12-13 11:06:04.145400+00:00,0.2498,duration,unit_test_energy,InsertionSort_10000Entries
_result,23,2024-12-10 12:26:22.502131+00:00,2024-12-13 12:26:22.502131+00:00,2024-12-13 11:07:26.887768+00:00,0.2635,duration,unit_test_energy,InsertionSort_10000Entries
_result,23,2024-12-10 12:26:22.502131+00:00,2024-12-13 12:26:22.502131+00:00,2024-12-13 11:08:49.937195+00:00,0.2542,duration,unit_test_energy,InsertionSort_10000Entries
_result,24,2024-12-10 12:26:22.502131+00:00,2024-12-13 12:26:22.502131+00:00,2024-12-13 10:21:05.340836+00:00,50.5682,median_energy_dram,unit_test_energy,InsertionSort_10000Entries
_result,24,2024-12-10 12:26:22.502131+00:00,2024-12-13 12:26:22.502131+00:00,2024-12-13 10:22:29.441401+00:00,43.8437,median_energy_dram,unit_test_energy,InsertionSort_10000Entries
_result,24,2024-12-10 12:26:22.502131+00:00,2024-12-13 12:26:22.502131+00:00,2024-12-13 10:23:54.691695+00:00,42.8365,median_energy_dram,unit_test_energy,InsertionSort_10000Entries
_result,24,2024-12-10 12:26:22.502131+00:00,2024-12-13 12:26:22.502131+00:00,2024-12-13 10:25:18.556021+00:00,46.1299,median_energy_dram,unit_test_energy,InsertionSort_10000Entries
_result,24,2024-12-10 12:26:22.502131+00:00,2024-12-13 12:26:22.502131+00:00,2024-12-13 10:26:42.152898+00:00,48.6797,median_energy_dram,unit_test_energy,InsertionSort_10000Entries
_result,24,2024-12-10 12:26:22.502131+00:00,2024-12-13 12:26:22.502131+00:00,2024-12-13 10:28:05.945634+00:00,50.1942,median_energy_dram,unit_test_energy,InsertionSort_10000Entries
_result,24,2024-12-10 12:26:22.502131+00:00,2024-12-13 12:26:22.502131+00:00,2024-12-13 10:29:29.185954+00:00,49.3703,median_energy_dram,unit_test_energy,InsertionSort_10000Entries
_result,24,2024-12-10 12:26:22.502131+00:00,2024-12-13 12:26:22.502131+00:00,2024-12-13 10:30:53.428148+00:00,50.1465,median_energy_dram,unit_test_energy,InsertionSort_10000Entries
_result,24,2024-12-10 12:26:22.502131+00:00,2024-12-13 12:26:22.502131+00:00,2024-12-13 10:32:16.770186+00:00,49.9808,median_energy_dram,unit_test_energy,InsertionSort_10000Entries
_result,24,2024-12-10 12:26:22.502131+00:00,2024-12-13 12:26:22.502131+00:00,2024-12-13 10:33:42.727170+00:00,45.5437,median_energy_dram,unit_test_energy,InsertionSort_10000Entries
_result,24,2024-12-10 12:26:22.502131+00:00,2024-12-13 12:26:22.502131+00:00,2024-12-13 10:35:06.388501+00:00,45.1471,median_energy_dram,unit_test_energy,InsertionSort_10000Entries
_result,24,2024-12-10 12:26:22.502131+00:00,2024-12-13 12:26:22.502131+00:00,2024-12-13 10:36:29.818755+00:00,43.0186,median_energy_dram,unit_test_energy,InsertionSort_10000Entries
_result,24,2024-12-10 12:26:22.502131+00:00,2024-12-13 12:26:22.502131+00:00,2024-12-13 10:37:53.250846+00:00,41.9641,median_energy_dram,unit_test_energy,InsertionSort_10000Entries
_result,24,2024-12-10 12:26:22.502131+00:00,2024-12-13 12:26:22.502131+00:00,2024-12-13 10:39:16.179786+00:00,41.5607,median_energy_dram,unit_test_energy,InsertionSort_10000Entries
_result,24,2024-12-10 12:26:22.502131+00:00,2024-12-13 12:26:22.502131+00:00,2024-12-13 10:40:39.564372+00:00,42.2258,median_energy_dram,unit_test_energy,InsertionSort_10000Entries
_result,24,2024-12-10 12:26:22.502131+00:00,2024-12-13 12:26:22.502131+00:00,2024-12-13 10:49:22.352786+00:00,42.8261,median_energy_dram,unit_test_energy,InsertionSort_10000Entries
_result,24,2024-12-10 12:26:22.502131+00:00,2024-12-13 12:26:22.502131+00:00,2024-12-13 10:50:45.990573+00:00,42.4342,median_energy_dram,unit_test_energy,InsertionSort_10000Entries
_result,24,2024-12-10 12:26:22.502131+00:00,2024-12-13 12:26:22.502131+00:00,2024-12-13 10:52:09.086730+00:00,42.2034,median_energy_dram,unit_test_energy,InsertionSort_10000Entries
_result,24,2024-12-10 12:26:22.502131+00:00,2024-12-13 12:26:22.502131+00:00,2024-12-13 10:53:32.451819+00:00,42.8485,median_energy_dram,unit_test_energy,InsertionSort_10000Entries
_result,24,2024-12-10 12:26:22.502131+00:00,2024-12-13 12:26:22.502131+00:00,2024-12-13 10:54:55.689740+00:00,42.2488,median_energy_dram,unit_test_energy,InsertionSort_10000Entries
_result,24,2024-12-10 12:26:22.502131+00:00,2024-12-13 12:26:22.502131+00:00,2024-12-13 10:56:18.823665+00:00,48.9369,median_energy_dram,unit_test_energy,InsertionSort_10000Entries
_result,24,2024-12-10 12:26:22.502131+00:00,2024-12-13 12:26:22.502131+00:00,2024-12-13 10:57:42.101644+00:00,36.0016,median_energy_dram,unit_test_energy,InsertionSort_10000Entries
_result,24,2024-12-10 12:26:22.502131+00:00,2024-12-13 12:26:22.502131+00:00,2024-12-13 10:59:05.544759+00:00,41.5616,median_energy_dram,unit_test_energy,InsertionSort_10000Entries
_result,24,2024-12-10 12:26:22.502131+00:00,2024-12-13 12:26:22.502131+00:00,2024-12-13 11:00:28.982266+00:00,41.6849,median_energy_dram,unit_test_energy,InsertionSort_10000Entries
_result,24,2024-12-10 12:26:22.502131+00:00,2024-12-13 12:26:22.502131+00:00,2024-12-13 11:01:52.344349+00:00,42.3666,median_energy_dram,unit_test_energy,InsertionSort_10000Entries
_result,24,2024-12-10 12:26:22.502131+00:00,2024-12-13 12:26:22.502131+00:00,2024-12-13 11:03:16.689427+00:00,41.8961,median_energy_dram,unit_test_energy,InsertionSort_10000Entries
_result,24,2024-12-10 12:26:22.502131+00:00,2024-12-13 12:26:22.502131+00:00,2024-12-13 11:04:40.295764+00:00,41.9409,median_energy_dram,unit_test_energy,InsertionSort_10000Entries
_result,24,2024-12-10 12:26:22.502131+00:00,2024-12-13 12:26:22.502131+00:00,2024-12-13 11:06:04.145400+00:00,49.7095,median_energy_dram,unit_test_energy,InsertionSort_10000Entries
_result,24,2024-12-10 12:26:22.502131+00:00,2024-12-13 12:26:22.502131+00:00,2024-12-13 11:07:26.887768+00:00,48.6803,median_energy_dram,unit_test_energy,InsertionSort_10000Entries
_result,24,2024-12-10 12:26:22.502131+00:00,2024-12-13 12:26:22.502131+00:00,2024-12-13 11:08:49.937195+00:00,50.397,median_energy_dram,unit_test_energy,InsertionSort_10000Entries
_result,25,2024-12-10 12:26:22.502131+00:00,2024-12-13 12:26:22.502131+00:00,2024-12-13 10:21:05.340836+00:00,142.2131,median_energy_pkg,unit_test_energy,InsertionSort_10000Entries
_result,25,2024-12-10 12:26:22.502131+00:00,2024-12-13 12:26:22.502131+00:00,2024-12-13 10:22:29.441401+00:00,123.5413,median_energy_pkg,unit_test_energy,InsertionSort_10000Entries
_result,25,2024-12-10 12:26:22.502131+00:00,2024-12-13 12:26:22.502131+00:00,2024-12-13 10:23:54.691695+00:00,121.6113,median_energy_pkg,unit_test_energy,InsertionSort_10000Entries
_result,25,2024-12-10 12:26:22.502131+00:00,2024-12-13 12:26:22.502131+00:00,2024-12-13 10:25:18.556021+00:00,122.8149,median_energy_pkg,unit_test_energy,InsertionSort_10000Entries
_result,25,2024-12-10 12:26:22.502131+00:00,2024-12-13 12:26:22.502131+00:00,2024-12-13 10:26:42.152898+00:00,127.3761,median_energy_pkg,unit_test_energy,InsertionSort_10000Entries
_result,25,2024-12-10 12:26:22.502131+00:00,2024-12-13 12:26:22.502131+00:00,2024-12-13 10:28:05.945634+00:00,145.1282,median_energy_pkg,unit_test_energy,InsertionSort_10000Entries
_result,25,2024-12-10 12:26:22.502131+00:00,2024-12-13 12:26:22.502131+00:00,2024-12-13 10:29:29.185954+00:00,135.1105,median_energy_pkg,unit_test_energy,InsertionSort_10000Entries
_result,25,2024-12-10 12:26:22.502131+00:00,2024-12-13 12:26:22.502131+00:00,2024-12-13 10:30:53.428148+00:00,127.3798,median_energy_pkg,unit_test_energy,InsertionSort_10000Entries
_result,25,2024-12-10 12:26:22.502131+00:00,2024-12-13 12:26:22.502131+00:00,2024-12-13 10:32:16.770186+00:00,127.7258,median_energy_pkg,unit_test_energy,InsertionSort_10000Entries
_result,25,2024-12-10 12:26:22.502131+00:00,2024-12-13 12:26:22.502131+00:00,2024-12-13 10:33:42.727170+00:00,130.3461,median_energy_pkg,unit_test_energy,InsertionSort_10000Entries
_result,25,2024-12-10 12:26:22.502131+00:00,2024-12-13 12:26:22.502131+00:00,2024-12-13 10:35:06.388501+00:00,126.0791,median_energy_pkg,unit_test_energy,InsertionSort_10000Entries
_result,25,2024-12-10 12:26:22.502131+00:00,2024-12-13 12:26:22.502131+00:00,2024-12-13 10:36:29.818755+00:00,85.697,median_energy_pkg,unit_test_energy,InsertionSort_10000Entries
_result,25,2024-12-10 12:26:22.502131+00:00,2024-12-13 12:26:22.502131+00:00,2024-12-13 10:37:53.250846+00:00,86.7651,median_energy_pkg,unit_test_energy,InsertionSort_10000Entries
_result,25,2024-12-10 12:26:22.502131+00:00,2024-12-13 12:26:22.502131+00:00,2024-12-13 10:39:16.179786+00:00,80.2972,median_energy_pkg,unit_test_energy,InsertionSort_10000Entries
_result,25,2024-12-10 12:26:22.502131+00:00,2024-12-13 12:26:22.502131+00:00,2024-12-13 10:40:39.564372+00:00,89.9756,median_energy_pkg,unit_test_energy,InsertionSort_10000Entries
_result,25,2024-12-10 12:26:22.502131+00:00,2024-12-13 12:26:22.502131+00:00,2024-12-13 10:49:22.352786+00:00,85.2405,median_energy_pkg,unit_test_energy,InsertionSort_10000Entries
_result,25,2024-12-10 12:26:22.502131+00:00,2024-12-13 12:26:22.502131+00:00,2024-12-13 10:50:45.990573+00:00,84.8022,median_energy_pkg,unit_test_energy,InsertionSort_10000Entries
_result,25,2024-12-10 12:26:22.502131+00:00,2024-12-13 12:26:22.502131+00:00,2024-12-13 10:52:09.086730+00:00,85.9448,median_energy_pkg,unit_test_energy,InsertionSort_10000Entries
_result,25,2024-12-10 12:26:22.502131+00:00,2024-12-13 12:26:22.502131+00:00,2024-12-13 10:53:32.451819+00:00,88.3466,median_energy_pkg,unit_test_energy,InsertionSort_10000Entries
_result,25,2024-12-10 12:26:22.502131+00:00,2024-12-13 12:26:22.502131+00:00,2024-12-13 10:54:55.689740+00:00,88.1531,median_energy_pkg,unit_test_energy,InsertionSort_10000Entries
_result,25,2024-12-10 12:26:22.502131+00:00,2024-12-13 12:26:22.502131+00:00,2024-12-13 10:56:18.823665+00:00,124.6326,median_energy_pkg,unit_test_energy,InsertionSort_10000Entries
_result,25,2024-12-10 12:26:22.502131+00:00,2024-12-13 12:26:22.502131+00:00,2024-12-13 10:57:42.101644+00:00,68.8367,median_energy_pkg,unit_test_energy,InsertionSort_10000Entries
_result,25,2024-12-10 12:26:22.502131+00:00,2024-12-13 12:26:22.502131+00:00,2024-12-13 10:59:05.544759+00:00,89.082,median_energy_pkg,unit_test_energy,InsertionSort_10000Entries
_result,25,2024-12-10 12:26:22.502131+00:00,2024-12-13 12:26:22.502131+00:00,2024-12-13 11:00:28.982266+00:00,81.1816,median_energy_pkg,unit_test_energy,InsertionSort_10000Entries
_result,25,2024-12-10 12:26:22.502131+00:00,2024-12-13 12:26:22.502131+00:00,2024-12-13 11:01:52.344349+00:00,88.5901,median_energy_pkg,unit_test_energy,InsertionSort_10000Entries
_result,25,2024-12-10 12:26:22.502131+00:00,2024-12-13 12:26:22.502131+00:00,2024-12-13 11:03:16.689427+00:00,88.0762,median_energy_pkg,unit_test_energy,InsertionSort_10000Entries
_result,25,2024-12-10 12:26:22.502131+00:00,2024-12-13 12:26:22.502131+00:00,2024-12-13 11:04:40.295764+00:00,81.4935,median_energy_pkg,unit_test_energy,InsertionSort_10000Entries
_result,25,2024-12-10 12:26:22.502131+00:00,2024-12-13 12:26:22.502131+00:00,2024-12-13 11:06:04.145400+00:00,124.5154,median_energy_pkg,unit_test_energy,InsertionSort_10000Entries
_result,25,2024-12-10 12:26:22.502131+00:00,2024-12-13 12:26:22.502131+00:00,2024-12-13 11:07:26.887768+00:00,122.5458,median_energy_pkg,unit_test_energy,InsertionSort_10000Entries
_result,25,2024-12-10 12:26:22.502131+00:00,2024-12-13 12:26:22.502131+00:00,2024-12-13 11:08:49.937195+00:00,126.3287,median_energy_pkg,unit_test_energy,InsertionSort_10000Entries
_result,26,2024-12-10 12:26:22.502131+00:00,2024-12-13 12:26:22.502131+00:00,2024-12-13 10:21:05.340836+00:00,13.7533,total_energy_dram,unit_test_energy,InsertionSort_10000Entries
_result,26,2024-12-10 12:26:22.502131+00:00,2024-12-13 12:26:22.502131+00:00,2024-12-13 10:22:29.441401+00:00,14.3443,total_energy_dram,unit_test_energy,InsertionSort_10000Entries
_result,26,2024-12-10 12:26:22.502131+00:00,2024-12-13 12:26:22.502131+00:00,2024-12-13 10:23:54.691695+00:00,11.4738,total_energy_dram,unit_test_energy,InsertionSort_10000Entries
_result,26,2024-12-10 12:26:22.502131+00:00,2024-12-13 12:26:22.502131+00:00,2024-12-13 10:25:18.556021+00:00,14.0014,total_energy_dram,unit_test_energy,InsertionSort_10000Entries
_result,26,2024-12-10 12:26:22.502131+00:00,2024-12-13 12:26:22.502131+00:00,2024-12-13 10:26:42.152898+00:00,12.5937,total_energy_dram,unit_test_energy,InsertionSort_10000Entries
_result,26,2024-12-10 12:26:22.502131+00:00,2024-12-13 12:26:22.502131+00:00,2024-12-13 10:28:05.945634+00:00,14.0837,total_energy_dram,unit_test_energy,InsertionSort_10000Entries
_result,26,2024-12-10 12:26:22.502131+00:00,2024-12-13 12:26:22.502131+00:00,2024-12-13 10:29:29.185954+00:00,12.4048,total_energy_dram,unit_test_energy,InsertionSort_10000Entries
_result,26,2024-12-10 12:26:22.502131+00:00,2024-12-13 12:26:22.502131+00:00,2024-12-13 10:30:53.428148+00:00,12.1574,total_energy_dram,unit_test_energy,InsertionSort_10000Entries
_result,26,2024-12-10 12:26:22.502131+00:00,2024-12-13 12:26:22.502131+00:00,2024-12-13 10:32:16.770186+00:00,12.0418,total_energy_dram,unit_test_energy,InsertionSort_10000Entries
_result,26,2024-12-10 12:26:22.502131+00:00,2024-12-13 12:26:22.502131+00:00,2024-12-13 10:33:42.727170+00:00,13.8198,total_energy_dram,unit_test_energy,InsertionSort_10000Entries
_result,26,2024-12-10 12:26:22.502131+00:00,2024-12-13 12:26:22.502131+00:00,2024-12-13 10:35:06.388501+00:00,14.711,total_energy_dram,unit_test_energy,InsertionSort_10000Entries
_result,26,2024-12-10 12:26:22.502131+00:00,2024-12-13 12:26:22.502131+00:00,2024-12-13 10:36:29.818755+00:00,10.3505,total_energy_dram,unit_test_energy,InsertionSort_10000Entries
_result,26,2024-12-10 12:26:22.502131+00:00,2024-12-13 12:26:22.502131+00:00,2024-12-13 10:37:53.250846+00:00,10.0709,total_energy_dram,unit_test_energy,InsertionSort_10000Entries
_result,26,2024-12-10 12:26:22.502131+00:00,2024-12-13 12:26:22.502131+00:00,2024-12-13 10:39:16.179786+00:00,10.2614,total_energy_dram,unit_test_energy,InsertionSort_10000Entries
_result,26,2024-12-10 12:26:22.502131+00:00,2024-12-13 12:26:22.502131+00:00,2024-12-13 10:40:39.564372+00:00,10.3296,total_energy_dram,unit_test_energy,InsertionSort_10000Entries
_result,26,2024-12-10 12:26:22.502131+00:00,2024-12-13 12:26:22.502131+00:00,2024-12-13 10:49:22.352786+00:00,10.1239,total_energy_dram,unit_test_energy,InsertionSort_10000Entries
_result,26,2024-12-10 12:26:22.502131+00:00,2024-12-13 12:26:22.502131+00:00,2024-12-13 10:50:45.990573+00:00,10.1602,total_energy_dram,unit_test_energy,InsertionSort_10000Entries
_result,26,2024-12-10 12:26:22.502131+00:00,2024-12-13 12:26:22.502131+00:00,2024-12-13 10:52:09.086730+00:00,9.9702,total_energy_dram,unit_test_energy,InsertionSort_10000Entries
_result,26,2024-12-10 12:26:22.502131+00:00,2024-12-13 12:26:22.502131+00:00,2024-12-13 10:53:32.451819+00:00,10.039,total_energy_dram,unit_test_energy,InsertionSort_10000Entries
_result,26,2024-12-10 12:26:22.502131+00:00,2024-12-13 12:26:22.502131+00:00,2024-12-13 10:54:55.689740+00:00,9.9476,total_energy_dram,unit_test_energy,InsertionSort_10000Entries
_result,26,2024-12-10 12:26:22.502131+00:00,2024-12-13 12:26:22.502131+00:00,2024-12-13 10:56:18.823665+00:00,12.3103,total_energy_dram,unit_test_energy,InsertionSort_10000Entries
_result,26,2024-12-10 12:26:22.502131+00:00,2024-12-13 12:26:22.502131+00:00,2024-12-13 10:57:42.101644+00:00,11.1069,total_energy_dram,unit_test_energy,InsertionSort_10000Entries
_result,26,2024-12-10 12:26:22.502131+00:00,2024-12-13 12:26:22.502131+00:00,2024-12-13 10:59:05.544759+00:00,9.9466,total_energy_dram,unit_test_energy,InsertionSort_10000Entries
_result,26,2024-12-10 12:26:22.502131+00:00,2024-12-13 12:26:22.502131+00:00,2024-12-13 11:00:28.982266+00:00,9.9961,total_energy_dram,unit_test_energy,InsertionSort_10000Entries
_result,26,2024-12-10 12:26:22.502131+00:00,2024-12-13 12:26:22.502131+00:00,2024-12-13 11:01:52.344349+00:00,10.2305,total_energy_dram,unit_test_energy,InsertionSort_10000Entries
_result,26,2024-12-10 12:26:22.502131+00:00,2024-12-13 12:26:22.502131+00:00,2024-12-13 11:03:16.689427+00:00,10.0977,total_energy_dram,unit_test_energy,InsertionSort_10000Entries
_result,26,2024-12-10 12:26:22.502131+00:00,2024-12-13 12:26:22.502131+00:00,2024-12-13 11:04:40.295764+00:00,10.2798,total_energy_dram,unit_test_energy,InsertionSort_10000Entries
_result,26,2024-12-10 12:26:22.502131+00:00,2024-12-13 12:26:22.502131+00:00,2024-12-13 11:06:04.145400+00:00,12.1224,total_energy_dram,unit_test_energy,InsertionSort_10000Entries
_result,26,2024-12-10 12:26:22.502131+00:00,2024-12-13 12:26:22.502131+00:00,2024-12-13 11:07:26.887768+00:00,12.4911,total_energy_dram,unit_test_energy,InsertionSort_10000Entries
_result,26,2024-12-10 12:26:22.502131+00:00,2024-12-13 12:26:22.502131+00:00,2024-12-13 11:08:49.937195+00:00,12.1823,total_energy_dram,unit_test_energy,InsertionSort_10000Entries
_result,27,2024-12-10 12:26:22.502131+00:00,2024-12-13 12:26:22.502131+00:00,2024-12-13 10:21:05.340836+00:00,38.5126,total_energy_pkg,unit_test_energy,InsertionSort_10000Entries
_result,27,2024-12-10 12:26:22.502131+00:00,2024-12-13 12:26:22.502131+00:00,2024-12-13 10:22:29.441401+00:00,38.9457,total_energy_pkg,unit_test_energy,InsertionSort_10000Entries
_result,27,2024-12-10 12:26:22.502131+00:00,2024-12-13 12:26:22.502131+00:00,2024-12-13 10:23:54.691695+00:00,32.4381,total_energy_pkg,unit_test_energy,InsertionSort_10000Entries
_result,27,2024-12-10 12:26:22.502131+00:00,2024-12-13 12:26:22.502131+00:00,2024-12-13 10:25:18.556021+00:00,37.2258,total_energy_pkg,unit_test_energy,InsertionSort_10000Entries
_result,27,2024-12-10 12:26:22.502131+00:00,2024-12-13 12:26:22.502131+00:00,2024-12-13 10:26:42.152898+00:00,33.0353,total_energy_pkg,unit_test_energy,InsertionSort_10000Entries
_result,27,2024-12-10 12:26:22.502131+00:00,2024-12-13 12:26:22.502131+00:00,2024-12-13 10:28:05.945634+00:00,40.3143,total_energy_pkg,unit_test_energy,InsertionSort_10000Entries
_result,27,2024-12-10 12:26:22.502131+00:00,2024-12-13 12:26:22.502131+00:00,2024-12-13 10:29:29.185954+00:00,35.1489,total_energy_pkg,unit_test_energy,InsertionSort_10000Entries
_result,27,2024-12-10 12:26:22.502131+00:00,2024-12-13 12:26:22.502131+00:00,2024-12-13 10:30:53.428148+00:00,31.6097,total_energy_pkg,unit_test_energy,InsertionSort_10000Entries
_result,27,2024-12-10 12:26:22.502131+00:00,2024-12-13 12:26:22.502131+00:00,2024-12-13 10:32:16.770186+00:00,31.4683,total_energy_pkg,unit_test_energy,InsertionSort_10000Entries
_result,27,2024-12-10 12:26:22.502131+00:00,2024-12-13 12:26:22.502131+00:00,2024-12-13 10:33:42.727170+00:00,38.3256,total_energy_pkg,unit_test_energy,InsertionSort_10000Entries
_result,27,2024-12-10 12:26:22.502131+00:00,2024-12-13 12:26:22.502131+00:00,2024-12-13 10:35:06.388501+00:00,40.4757,total_energy_pkg,unit_test_energy,InsertionSort_10000Entries
_result,27,2024-12-10 12:26:22.502131+00:00,2024-12-13 12:26:22.502131+00:00,2024-12-13 10:36:29.818755+00:00,21.489,total_energy_pkg,unit_test_energy,InsertionSort_10000Entries
_result,27,2024-12-10 12:26:22.502131+00:00,2024-12-13 12:26:22.502131+00:00,2024-12-13 10:37:53.250846+00:00,21.0975,total_energy_pkg,unit_test_energy,InsertionSort_10000Entries
_result,27,2024-12-10 12:26:22.502131+00:00,2024-12-13 12:26:22.502131+00:00,2024-12-13 10:39:16.179786+00:00,21.0207,total_energy_pkg,unit_test_energy,InsertionSort_10000Entries
_result,27,2024-12-10 12:26:22.502131+00:00,2024-12-13 12:26:22.502131+00:00,2024-12-13 10:40:39.564372+00:00,22.1312,total_energy_pkg,unit_test_energy,InsertionSort_10000Entries
_result,27,2024-12-10 12:26:22.502131+00:00,2024-12-13 12:26:22.502131+00:00,2024-12-13 10:49:22.352786+00:00,21.0287,total_energy_pkg,unit_test_energy,InsertionSort_10000Entries
_result,27,2024-12-10 12:26:22.502131+00:00,2024-12-13 12:26:22.502131+00:00,2024-12-13 10:50:45.990573+00:00,21.2214,total_energy_pkg,unit_test_energy,InsertionSort_10000Entries
_result,27,2024-12-10 12:26:22.502131+00:00,2024-12-13 12:26:22.502131+00:00,2024-12-13 10:52:09.086730+00:00,20.9719,total_energy_pkg,unit_test_energy,InsertionSort_10000Entries
_result,27,2024-12-10 12:26:22.502131+00:00,2024-12-13 12:26:22.502131+00:00,2024-12-13 10:53:32.451819+00:00,21.0168,total_energy_pkg,unit_test_energy,InsertionSort_10000Entries
_result,27,2024-12-10 12:26:22.502131+00:00,2024-12-13 12:26:22.502131+00:00,2024-12-13 10:54:55.689740+00:00,20.9042,total_energy_pkg,unit_test_energy,InsertionSort_10000Entries
_result,27,2024-12-10 12:26:22.502131+00:00,2024-12-13 12:26:22.502131+00:00,2024-12-13 10:56:18.823665+00:00,31.6816,total_energy_pkg,unit_test_energy,InsertionSort_10000Entries
_result,27,2024-12-10 12:26:22.502131+00:00,2024-12-13 12:26:22.502131+00:00,2024-12-13 10:57:42.101644+00:00,21.4604,total_energy_pkg,unit_test_energy,InsertionSort_10000Entries
_result,27,2024-12-10 12:26:22.502131+00:00,2024-12-13 12:26:22.502131+00:00,2024-12-13 10:59:05.544759+00:00,21.1194,total_energy_pkg,unit_test_energy,InsertionSort_10000Entries
_result,27,2024-12-10 12:26:22.502131+00:00,2024-12-13 12:26:22.502131+00:00,2024-12-13 11:00:28.982266+00:00,20.7391,total_energy_pkg,unit_test_energy,InsertionSort_10000Entries
_result,27,2024-12-10 12:26:22.502131+00:00,2024-12-13 12:26:22.502131+00:00,2024-12-13 11:01:52.344349+00:00,21.4252,total_energy_pkg,unit_test_energy,InsertionSort_10000Entries
_result,27,2024-12-10 12:26:22.502131+00:00,2024-12-13 12:26:22.502131+00:00,2024-12-13 11:03:16.689427+00:00,21.1697,total_energy_pkg,unit_test_energy,InsertionSort_10000Entries
_result,27,2024-12-10 12:26:22.502131+00:00,2024-12-13 12:26:22.502131+00:00,2024-12-13 11:04:40.295764+00:00,21.1068,total_energy_pkg,unit_test_energy,InsertionSort_10000Entries
_result,27,2024-12-10 12:26:22.502131+00:00,2024-12-13 12:26:22.502131+00:00,2024-12-13 11:06:04.145400+00:00,30.7209,total_energy_pkg,unit_test_energy,InsertionSort_10000Entries
_result,27,2024-12-10 12:26:22.502131+00:00,2024-12-13 12:26:22.502131+00:00,2024-12-13 11:07:26.887768+00:00,32.0022,total_energy_pkg,unit_test_energy,InsertionSort_10000Entries
_result,27,2024-12-10 12:26:22.502131+00:00,2024-12-13 12:26:22.502131+00:00,2024-12-13 11:08:49.937195+00:00,31.067,total_energy_pkg,unit_test_energy,InsertionSort_10000Entries
_result,28,2024-12-10 12:26:22.502131+00:00,2024-12-13 12:26:22.502131+00:00,2024-12-13 10:19:58.983581+00:00,51.4097,avg_energy_dram,unit_test_energy,InsertionSort_1000Entries
_result,28,2024-12-10 12:26:22.502131+00:00,2024-12-13 12:26:22.502131+00:00,2024-12-13 10:21:24.153096+00:00,50.4678,avg_energy_dram,unit_test_energy,InsertionSort_1000Entries
_result,28,2024-12-10 12:26:22.502131+00:00,2024-12-13 12:26:22.502131+00:00,2024-12-13 10:22:48.097728+00:00,44.2534,avg_energy_dram,unit_test_energy,InsertionSort_1000Entries
_result,28,2024-12-10 12:26:22.502131+00:00,2024-12-13 12:26:22.502131+00:00,2024-12-13 10:24:13.649448+00:00,51.4994,avg_energy_dram,unit_test_energy,InsertionSort_1000Entries
_result,28,2024-12-10 12:26:22.502131+00:00,2024-12-13 12:26:22.502131+00:00,2024-12-13 10:25:37.321848+00:00,47.1273,avg_energy_dram,unit_test_energy,InsertionSort_1000Entries
_result,28,2024-12-10 12:26:22.502131+00:00,2024-12-13 12:26:22.502131+00:00,2024-12-13 10:27:00.983880+00:00,50.8004,avg_energy_dram,unit_test_energy,InsertionSort_1000Entries
_result,28,2024-12-10 12:26:22.502131+00:00,2024-12-13 12:26:22.502131+00:00,2024-12-13 10:28:24.681661+00:00,49.6317,avg_energy_dram,unit_test_energy,InsertionSort_1000Entries
_result,28,2024-12-10 12:26:22.502131+00:00,2024-12-13 12:26:22.502131+00:00,2024-12-13 10:29:48.166590+00:00,52.2507,avg_energy_dram,unit_test_energy,InsertionSort_1000Entries
_result,28,2024-12-10 12:26:22.502131+00:00,2024-12-13 12:26:22.502131+00:00,2024-12-13 10:31:12.098747+00:00,50.7647,avg_energy_dram,unit_test_energy,InsertionSort_1000Entries
_result,28,2024-12-10 12:26:22.502131+00:00,2024-12-13 12:26:22.502131+00:00,2024-12-13 10:32:35.665359+00:00,44.0376,avg_energy_dram,unit_test_energy,InsertionSort_1000Entries
_result,28,2024-12-10 12:26:22.502131+00:00,2024-12-13 12:26:22.502131+00:00,2024-12-13 10:34:01.330986+00:00,43.8853,avg_energy_dram,unit_test_energy,InsertionSort_1000Entries
_result,28,2024-12-10 12:26:22.502131+00:00,2024-12-13 12:26:22.502131+00:00,2024-12-13 10:35:25.057879+00:00,49.9792,avg_energy_dram,unit_test_energy,InsertionSort_1000Entries
_result,28,2024-12-10 12:26:22.502131+00:00,2024-12-13 12:26:22.502131+00:00,2024-12-13 10:36:48.982695+00:00,36.662,avg_energy_dram,unit_test_energy,InsertionSort_1000Entries
_result,28,2024-12-10 12:26:22.502131+00:00,2024-12-13 12:26:22.502131+00:00,2024-12-13 10:38:12.062562+00:00,35.6251,avg_energy_dram,unit_test_energy,InsertionSort_1000Entries
_result,28,2024-12-10 12:26:22.502131+00:00,2024-12-13 12:26:22.502131+00:00,2024-12-13 10:39:35.155609+00:00,43.2466,avg_energy_dram,unit_test_energy,InsertionSort_1000Entries
_result,28,2024-12-10 12:26:22.502131+00:00,2024-12-13 12:26:22.502131+00:00,2024-12-13 10:48:17.886871+00:00,36.5531,avg_energy_dram,unit_test_energy,InsertionSort_1000Entries
_result,28,2024-12-10 12:26:22.502131+00:00,2024-12-13 12:26:22.502131+00:00,2024-12-13 10:49:41.549321+00:00,36.3242,avg_energy_dram,unit_test_energy,InsertionSort_1000Entries
_result,28,2024-12-10 12:26:22.502131+00:00,2024-12-13 12:26:22.502131+00:00,2024-12-13 10:51:04.614382+00:00,49.2886,avg_energy_dram,unit_test_energy,InsertionSort_1000Entries
_result,28,2024-12-10 12:26:22.502131+00:00,2024-12-13 12:26:22.502131+00:00,2024-12-13 10:52:28.017694+00:00,36.5486,avg_energy_dram,unit_test_energy,InsertionSort_1000Entries
_result,28,2024-12-10 12:26:22.502131+00:00,2024-12-13 12:26:22.502131+00:00,2024-12-13 10:53:51.530623+00:00,35.6869,avg_energy_dram,unit_test_energy,InsertionSort_1000Entries
_result,28,2024-12-10 12:26:22.502131+00:00,2024-12-13 12:26:22.502131+00:00,2024-12-13 10:55:14.619250+00:00,42.3549,avg_energy_dram,unit_test_energy,InsertionSort_1000Entries
_result,28,2024-12-10 12:26:22.502131+00:00,2024-12-13 12:26:22.502131+00:00,2024-12-13 10:56:37.969470+00:00,43.0259,avg_energy_dram,unit_test_energy,InsertionSort_1000Entries
_result,28,2024-12-10 12:26:22.502131+00:00,2024-12-13 12:26:22.502131+00:00,2024-12-13 10:58:01.170416+00:00,36.0975,avg_energy_dram,unit_test_energy,InsertionSort_1000Entries
_result,28,2024-12-10 12:26:22.502131+00:00,2024-12-13 12:26:22.502131+00:00,2024-12-13 10:59:24.590815+00:00,37.0864,avg_energy_dram,unit_test_energy,InsertionSort_1000Entries
_result,28,2024-12-10 12:26:22.502131+00:00,2024-12-13 12:26:22.502131+00:00,2024-12-13 11:00:47.822260+00:00,36.279,avg_energy_dram,unit_test_energy,InsertionSort_1000Entries
_result,28,2024-12-10 12:26:22.502131+00:00,2024-12-13 12:26:22.502131+00:00,2024-12-13 11:02:11.217226+00:00,35.5044,avg_energy_dram,unit_test_energy,InsertionSort_1000Entries
_result,28,2024-12-10 12:26:22.502131+00:00,2024-12-13 12:26:22.502131+00:00,2024-12-13 11:03:35.626853+00:00,36.5333,avg_energy_dram,unit_test_energy,InsertionSort_1000Entries
_result,28,2024-12-10 12:26:22.502131+00:00,2024-12-13 12:26:22.502131+00:00,2024-12-13 11:04:59.528979+00:00,43.7202,avg_energy_dram,unit_test_energy,InsertionSort_1000Entries
_result,28,2024-12-10 12:26:22.502131+00:00,2024-12-13 12:26:22.502131+00:00,2024-12-13 11:06:22.854012+00:00,35.6888,avg_energy_dram,unit_test_energy,InsertionSort_1000Entries
_result,28,2024-12-10 12:26:22.502131+00:00,2024-12-13 12:26:22.502131+00:00,2024-12-13 11:07:45.721403+00:00,45.4753,avg_energy_dram,unit_test_energy,InsertionSort_1000Entries
_result,29,2024-12-10 12:26:22.502131+00:00,2024-12-13 12:26:22.502131+00:00,2024-12-13 10:19:58.983581+00:00,141.1288,avg_energy_pkg,unit_test_energy,InsertionSort_1000Entries
_result,29,2024-12-10 12:26:22.502131+00:00,2024-12-13 12:26:22.502131+00:00,2024-12-13 10:21:24.153096+00:00,133.5284,avg_energy_pkg,unit_test_energy,InsertionSort_1000Entries
_result,29,2024-12-10 12:26:22.502131+00:00,2024-12-13 12:26:22.502131+00:00,2024-12-13 10:22:48.097728+00:00,129.2042,avg_energy_pkg,unit_test_energy,InsertionSort_1000Entries
_result,29,2024-12-10 12:26:22.502131+00:00,2024-12-13 12:26:22.502131+00:00,2024-12-13 10:24:13.649448+00:00,141.1892,avg_energy_pkg,unit_test_energy,InsertionSort_1000Entries
_result,29,2024-12-10 12:26:22.502131+00:00,2024-12-13 12:26:22.502131+00:00,2024-12-13 10:25:37.321848+00:00,112.5357,avg_energy_pkg,unit_test_energy,InsertionSort_1000Entries
_result,29,2024-12-10 12:26:22.502131+00:00,2024-12-13 12:26:22.502131+00:00,2024-12-13 10:27:00.983880+00:00,136.3575,avg_energy_pkg,unit_test_energy,InsertionSort_1000Entries
_result,29,2024-12-10 12:26:22.502131+00:00,2024-12-13 12:26:22.502131+00:00,2024-12-13 10:28:24.681661+00:00,132.5991,avg_energy_pkg,unit_test_energy,InsertionSort_1000Entries
_result,29,2024-12-10 12:26:22.502131+00:00,2024-12-13 12:26:22.502131+00:00,2024-12-13 10:29:48.166590+00:00,134.2203,avg_energy_pkg,unit_test_energy,InsertionSort_1000Entries
_result,29,2024-12-10 12:26:22.502131+00:00,2024-12-13 12:26:22.502131+00:00,2024-12-13 10:31:12.098747+00:00,131.4037,avg_energy_pkg,unit_test_energy,InsertionSort_1000Entries
_result,29,2024-12-10 12:26:22.502131+00:00,2024-12-13 12:26:22.502131+00:00,2024-12-13 10:32:35.665359+00:00,129.4537,avg_energy_pkg,unit_test_energy,InsertionSort_1000Entries
_result,29,2024-12-10 12:26:22.502131+00:00,2024-12-13 12:26:22.502131+00:00,2024-12-13 10:34:01.330986+00:00,131.5986,avg_energy_pkg,unit_test_energy,InsertionSort_1000Entries
_result,29,2024-12-10 12:26:22.502131+00:00,2024-12-13 12:26:22.502131+00:00,2024-12-13 10:35:25.057879+00:00,123.233,avg_energy_pkg,unit_test_energy,InsertionSort_1000Entries
_result,29,2024-12-10 12:26:22.502131+00:00,2024-12-13 12:26:22.502131+00:00,2024-12-13 10:36:48.982695+00:00,92.142,avg_energy_pkg,unit_test_energy,InsertionSort_1000Entries
_result,29,2024-12-10 12:26:22.502131+00:00,2024-12-13 12:26:22.502131+00:00,2024-12-13 10:38:12.062562+00:00,71.0674,avg_energy_pkg,unit_test_energy,InsertionSort_1000Entries
_result,29,2024-12-10 12:26:22.502131+00:00,2024-12-13 12:26:22.502131+00:00,2024-12-13 10:39:35.155609+00:00,116.5283,avg_energy_pkg,unit_test_energy,InsertionSort_1000Entries
_result,29,2024-12-10 12:26:22.502131+00:00,2024-12-13 12:26:22.502131+00:00,2024-12-13 10:48:17.886871+00:00,71.9822,avg_energy_pkg,unit_test_energy,InsertionSort_1000Entries
_result,29,2024-12-10 12:26:22.502131+00:00,2024-12-13 12:26:22.502131+00:00,2024-12-13 10:49:41.549321+00:00,86.3355,avg_energy_pkg,unit_test_energy,InsertionSort_1000Entries
_result,29,2024-12-10 12:26:22.502131+00:00,2024-12-13 12:26:22.502131+00:00,2024-12-13 10:51:04.614382+00:00,85.9065,avg_energy_pkg,unit_test_energy,InsertionSort_1000Entries
_result,29,2024-12-10 12:26:22.502131+00:00,2024-12-13 12:26:22.502131+00:00,2024-12-13 10:52:28.017694+00:00,69.2902,avg_energy_pkg,unit_test_energy,InsertionSort_1000Entries
_result,29,2024-12-10 12:26:22.502131+00:00,2024-12-13 12:26:22.502131+00:00,2024-12-13 10:53:51.530623+00:00,70.9405,avg_energy_pkg,unit_test_energy,InsertionSort_1000Entries
_result,29,2024-12-10 12:26:22.502131+00:00,2024-12-13 12:26:22.502131+00:00,2024-12-13 10:55:14.619250+00:00,114.6284,avg_energy_pkg,unit_test_energy,InsertionSort_1000Entries
_result,29,2024-12-10 12:26:22.502131+00:00,2024-12-13 12:26:22.502131+00:00,2024-12-13 10:56:37.969470+00:00,81.807,avg_energy_pkg,unit_test_energy,InsertionSort_1000Entries
_result,29,2024-12-10 12:26:22.502131+00:00,2024-12-13 12:26:22.502131+00:00,2024-12-13 10:58:01.170416+00:00,71.7888,avg_energy_pkg,unit_test_energy,InsertionSort_1000Entries
_result,29,2024-12-10 12:26:22.502131+00:00,2024-12-13 12:26:22.502131+00:00,2024-12-13 10:59:24.590815+00:00,72.1415,avg_energy_pkg,unit_test_energy,InsertionSort_1000Entries
_result,29,2024-12-10 12:26:22.502131+00:00,2024-12-13 12:26:22.502131+00:00,2024-12-13 11:00:47.822260+00:00,72.257,avg_energy_pkg,unit_test_energy,InsertionSort_1000Entries
_result,29,2024-12-10 12:26:22.502131+00:00,2024-12-13 12:26:22.502131+00:00,2024-12-13 11:02:11.217226+00:00,70.2814,avg_energy_pkg,unit_test_energy,InsertionSort_1000Entries
_result,29,2024-12-10 12:26:22.502131+00:00,2024-12-13 12:26:22.502131+00:00,2024-12-13 11:03:35.626853+00:00,72.2993,avg_energy_pkg,unit_test_energy,InsertionSort_1000Entries
_result,29,2024-12-10 12:26:22.502131+00:00,2024-12-13 12:26:22.502131+00:00,2024-12-13 11:04:59.528979+00:00,123.2498,avg_energy_pkg,unit_test_energy,InsertionSort_1000Entries
_result,29,2024-12-10 12:26:22.502131+00:00,2024-12-13 12:26:22.502131+00:00,2024-12-13 11:06:22.854012+00:00,81.2702,avg_energy_pkg,unit_test_energy,InsertionSort_1000Entries
_result,29,2024-12-10 12:26:22.502131+00:00,2024-12-13 12:26:22.502131+00:00,2024-12-13 11:07:45.721403+00:00,122.1409,avg_energy_pkg,unit_test_energy,InsertionSort_1000Entries
_result,30,2024-12-10 12:26:22.502131+00:00,2024-12-13 12:26:22.502131+00:00,2024-12-13 10:19:58.983581+00:00,0.0328,duration,unit_test_energy,InsertionSort_1000Entries
_result,30,2024-12-10 12:26:22.502131+00:00,2024-12-13 12:26:22.502131+00:00,2024-12-13 10:21:24.153096+00:00,0.0308,duration,unit_test_energy,InsertionSort_1000Entries
_result,30,2024-12-10 12:26:22.502131+00:00,2024-12-13 12:26:22.502131+00:00,2024-12-13 10:22:48.097728+00:00,0.0241,duration,unit_test_energy,InsertionSort_1000Entries
_result,30,2024-12-10 12:26:22.502131+00:00,2024-12-13 12:26:22.502131+00:00,2024-12-13 10:24:13.649448+00:00,0.0322,duration,unit_test_energy,InsertionSort_1000Entries
_result,30,2024-12-10 12:26:22.502131+00:00,2024-12-13 12:26:22.502131+00:00,2024-12-13 10:25:37.321848+00:00,0.0316,duration,unit_test_energy,InsertionSort_1000Entries
_result,30,2024-12-10 12:26:22.502131+00:00,2024-12-13 12:26:22.502131+00:00,2024-12-13 10:27:00.983880+00:00,0.0303,duration,unit_test_energy,InsertionSort_1000Entries
_result,30,2024-12-10 12:26:22.502131+00:00,2024-12-13 12:26:22.502131+00:00,2024-12-13 10:28:24.681661+00:00,0.0241,duration,unit_test_energy,InsertionSort_1000Entries
_result,30,2024-12-10 12:26:22.502131+00:00,2024-12-13 12:26:22.502131+00:00,2024-12-13 10:29:48.166590+00:00,0.0335,duration,unit_test_energy,InsertionSort_1000Entries
_result,30,2024-12-10 12:26:22.502131+00:00,2024-12-13 12:26:22.502131+00:00,2024-12-13 10:31:12.098747+00:00,0.03,duration,unit_test_energy,InsertionSort_1000Entries
_result,30,2024-12-10 12:26:22.502131+00:00,2024-12-13 12:26:22.502131+00:00,2024-12-13 10:32:35.665359+00:00,0.0237,duration,unit_test_energy,InsertionSort_1000Entries
_result,30,2024-12-10 12:26:22.502131+00:00,2024-12-13 12:26:22.502131+00:00,2024-12-13 10:34:01.330986+00:00,0.0313,duration,unit_test_energy,InsertionSort_1000Entries
_result,30,2024-12-10 12:26:22.502131+00:00,2024-12-13 12:26:22.502131+00:00,2024-12-13 10:35:25.057879+00:00,0.0318,duration,unit_test_energy,InsertionSort_1000Entries
_result,30,2024-12-10 12:26:22.502131+00:00,2024-12-13 12:26:22.502131+00:00,2024-12-13 10:36:48.982695+00:00,0.0313,duration,unit_test_energy,InsertionSort_1000Entries
_result,30,2024-12-10 12:26:22.502131+00:00,2024-12-13 12:26:22.502131+00:00,2024-12-13 10:38:12.062562+00:00,0.0334,duration,unit_test_energy,InsertionSort_1000Entries
_result,30,2024-12-10 12:26:22.502131+00:00,2024-12-13 12:26:22.502131+00:00,2024-12-13 10:39:35.155609+00:00,0.03,duration,unit_test_energy,InsertionSort_1000Entries
_result,30,2024-12-10 12:26:22.502131+00:00,2024-12-13 12:26:22.502131+00:00,2024-12-13 10:48:17.886871+00:00,0.0324,duration,unit_test_energy,InsertionSort_1000Entries
_result,30,2024-12-10 12:26:22.502131+00:00,2024-12-13 12:26:22.502131+00:00,2024-12-13 10:49:41.549321+00:00,0.0318,duration,unit_test_energy,InsertionSort_1000Entries
_result,30,2024-12-10 12:26:22.502131+00:00,2024-12-13 12:26:22.502131+00:00,2024-12-13 10:51:04.614382+00:00,0.0328,duration,unit_test_energy,InsertionSort_1000Entries
_result,30,2024-12-10 12:26:22.502131+00:00,2024-12-13 12:26:22.502131+00:00,2024-12-13 10:52:28.017694+00:00,0.0317,duration,unit_test_energy,InsertionSort_1000Entries
_result,30,2024-12-10 12:26:22.502131+00:00,2024-12-13 12:26:22.502131+00:00,2024-12-13 10:53:51.530623+00:00,0.0328,duration,unit_test_energy,InsertionSort_1000Entries
_result,30,2024-12-10 12:26:22.502131+00:00,2024-12-13 12:26:22.502131+00:00,2024-12-13 10:55:14.619250+00:00,0.0308,duration,unit_test_energy,InsertionSort_1000Entries
_result,30,2024-12-10 12:26:22.502131+00:00,2024-12-13 12:26:22.502131+00:00,2024-12-13 10:56:37.969470+00:00,0.0323,duration,unit_test_energy,InsertionSort_1000Entries
_result,30,2024-12-10 12:26:22.502131+00:00,2024-12-13 12:26:22.502131+00:00,2024-12-13 10:58:01.170416+00:00,0.033,duration,unit_test_energy,InsertionSort_1000Entries
_result,30,2024-12-10 12:26:22.502131+00:00,2024-12-13 12:26:22.502131+00:00,2024-12-13 10:59:24.590815+00:00,0.0333,duration,unit_test_energy,InsertionSort_1000Entries
_result,30,2024-12-10 12:26:22.502131+00:00,2024-12-13 12:26:22.502131+00:00,2024-12-13 11:00:47.822260+00:00,0.0329,duration,unit_test_energy,InsertionSort_1000Entries
_result,30,2024-12-10 12:26:22.502131+00:00,2024-12-13 12:26:22.502131+00:00,2024-12-13 11:02:11.217226+00:00,0.0313,duration,unit_test_energy,InsertionSort_1000Entries
_result,30,2024-12-10 12:26:22.502131+00:00,2024-12-13 12:26:22.502131+00:00,2024-12-13 11:03:35.626853+00:00,0.0325,duration,unit_test_energy,InsertionSort_1000Entries
_result,30,2024-12-10 12:26:22.502131+00:00,2024-12-13 12:26:22.502131+00:00,2024-12-13 11:04:59.528979+00:00,0.031,duration,unit_test_energy,InsertionSort_1000Entries
_result,30,2024-12-10 12:26:22.502131+00:00,2024-12-13 12:26:22.502131+00:00,2024-12-13 11:06:22.854012+00:00,0.0319,duration,unit_test_energy,InsertionSort_1000Entries
_result,30,2024-12-10 12:26:22.502131+00:00,2024-12-13 12:26:22.502131+00:00,2024-12-13 11:07:45.721403+00:00,0.0311,duration,unit_test_energy,InsertionSort_1000Entries
_result,31,2024-12-10 12:26:22.502131+00:00,2024-12-13 12:26:22.502131+00:00,2024-12-13 10:19:58.983581+00:00,0.0,median_energy_dram,unit_test_energy,InsertionSort_1000Entries
_result,31,2024-12-10 12:26:22.502131+00:00,2024-12-13 12:26:22.502131+00:00,2024-12-13 10:21:24.153096+00:00,0.0,median_energy_dram,unit_test_energy,InsertionSort_1000Entries
_result,31,2024-12-10 12:26:22.502131+00:00,2024-12-13 12:26:22.502131+00:00,2024-12-13 10:22:48.097728+00:00,0.0,median_energy_dram,unit_test_energy,InsertionSort_1000Entries
_result,31,2024-12-10 12:26:22.502131+00:00,2024-12-13 12:26:22.502131+00:00,2024-12-13 10:24:13.649448+00:00,0.0,median_energy_dram,unit_test_energy,InsertionSort_1000Entries
_result,31,2024-12-10 12:26:22.502131+00:00,2024-12-13 12:26:22.502131+00:00,2024-12-13 10:25:37.321848+00:00,0.0,median_energy_dram,unit_test_energy,InsertionSort_1000Entries
_result,31,2024-12-10 12:26:22.502131+00:00,2024-12-13 12:26:22.502131+00:00,2024-12-13 10:27:00.983880+00:00,0.0,median_energy_dram,unit_test_energy,InsertionSort_1000Entries
_result,31,2024-12-10 12:26:22.502131+00:00,2024-12-13 12:26:22.502131+00:00,2024-12-13 10:28:24.681661+00:00,0.0,median_energy_dram,unit_test_energy,InsertionSort_1000Entries
_result,31,2024-12-10 12:26:22.502131+00:00,2024-12-13 12:26:22.502131+00:00,2024-12-13 10:29:48.166590+00:00,0.0,median_energy_dram,unit_test_energy,InsertionSort_1000Entries
_result,31,2024-12-10 12:26:22.502131+00:00,2024-12-13 12:26:22.502131+00:00,2024-12-13 10:31:12.098747+00:00,0.0,median_energy_dram,unit_test_energy,InsertionSort_1000Entries
_result,31,2024-12-10 12:26:22.502131+00:00,2024-12-13 12:26:22.502131+00:00,2024-12-13 10:32:35.665359+00:00,0.0,median_energy_dram,unit_test_energy,InsertionSort_1000Entries
_result,31,2024-12-10 12:26:22.502131+00:00,2024-12-13 12:26:22.502131+00:00,2024-12-13 10:34:01.330986+00:00,0.0,median_energy_dram,unit_test_energy,InsertionSort_1000Entries
_result,31,2024-12-10 12:26:22.502131+00:00,2024-12-13 12:26:22.502131+00:00,2024-12-13 10:35:25.057879+00:00,0.0,median_energy_dram,unit_test_energy,InsertionSort_1000Entries
_result,31,2024-12-10 12:26:22.502131+00:00,2024-12-13 12:26:22.502131+00:00,2024-12-13 10:36:48.982695+00:00,0.0,median_energy_dram,unit_test_energy,InsertionSort_1000Entries
_result,31,2024-12-10 12:26:22.502131+00:00,2024-12-13 12:26:22.502131+00:00,2024-12-13 10:38:12.062562+00:00,0.0,median_energy_dram,unit_test_energy,InsertionSort_1000Entries
_result,31,2024-12-10 12:26:22.502131+00:00,2024-12-13 12:26:22.502131+00:00,2024-12-13 10:39:35.155609+00:00,0.0,median_energy_dram,unit_test_energy,InsertionSort_1000Entries
_result,31,2024-12-10 12:26:22.502131+00:00,2024-12-13 12:26:22.502131+00:00,2024-12-13 10:48:17.886871+00:00,0.0,median_energy_dram,unit_test_energy,InsertionSort_1000Entries
_result,31,2024-12-10 12:26:22.502131+00:00,2024-12-13 12:26:22.502131+00:00,2024-12-13 10:49:41.549321+00:00,0.0,median_energy_dram,unit_test_energy,InsertionSort_1000Entries
_result,31,2024-12-10 12:26:22.502131+00:00,2024-12-13 12:26:22.502131+00:00,2024-12-13 10:51:04.614382+00:00,0.0,median_energy_dram,unit_test_energy,InsertionSort_1000Entries
_result,31,2024-12-10 12:26:22.502131+00:00,2024-12-13 12:26:22.502131+00:00,2024-12-13 10:52:28.017694+00:00,0.0,median_energy_dram,unit_test_energy,InsertionSort_1000Entries
_result,31,2024-12-10 12:26:22.502131+00:00,2024-12-13 12:26:22.502131+00:00,2024-12-13 10:53:51.530623+00:00,0.0,median_energy_dram,unit_test_energy,InsertionSort_1000Entries
_result,31,2024-12-10 12:26:22.502131+00:00,2024-12-13 12:26:22.502131+00:00,2024-12-13 10:55:14.619250+00:00,0.0,median_energy_dram,unit_test_energy,InsertionSort_1000Entries
_result,31,2024-12-10 12:26:22.502131+00:00,2024-12-13 12:26:22.502131+00:00,2024-12-13 10:56:37.969470+00:00,0.0,median_energy_dram,unit_test_energy,InsertionSort_1000Entries
_result,31,2024-12-10 12:26:22.502131+00:00,2024-12-13 12:26:22.502131+00:00,2024-12-13 10:58:01.170416+00:00,0.0,median_energy_dram,unit_test_energy,InsertionSort_1000Entries
_result,31,2024-12-10 12:26:22.502131+00:00,2024-12-13 12:26:22.502131+00:00,2024-12-13 10:59:24.590815+00:00,0.0,median_energy_dram,unit_test_energy,InsertionSort_1000Entries
_result,31,2024-12-10 12:26:22.502131+00:00,2024-12-13 12:26:22.502131+00:00,2024-12-13 11:00:47.822260+00:00,0.0,median_energy_dram,unit_test_energy,InsertionSort_1000Entries
_result,31,2024-12-10 12:26:22.502131+00:00,2024-12-13 12:26:22.502131+00:00,2024-12-13 11:02:11.217226+00:00,0.0,median_energy_dram,unit_test_energy,InsertionSort_1000Entries
_result,31,2024-12-10 12:26:22.502131+00:00,2024-12-13 12:26:22.502131+00:00,2024-12-13 11:03:35.626853+00:00,0.0,median_energy_dram,unit_test_energy,InsertionSort_1000Entries
_result,31,2024-12-10 12:26:22.502131+00:00,2024-12-13 12:26:22.502131+00:00,2024-12-13 11:04:59.528979+00:00,0.0,median_energy_dram,unit_test_energy,InsertionSort_1000Entries
_result,31,2024-12-10 12:26:22.502131+00:00,2024-12-13 12:26:22.502131+00:00,2024-12-13 11:06:22.854012+00:00,0.0,median_energy_dram,unit_test_energy,InsertionSort_1000Entries
_result,31,2024-12-10 12:26:22.502131+00:00,2024-12-13 12:26:22.502131+00:00,2024-12-13 11:07:45.721403+00:00,0.0,median_energy_dram,unit_test_energy,InsertionSort_1000Entries
_result,32,2024-12-10 12:26:22.502131+00:00,2024-12-13 12:26:22.502131+00:00,2024-12-13 10:19:58.983581+00:00,0.0,median_energy_pkg,unit_test_energy,InsertionSort_1000Entries
_result,32,2024-12-10 12:26:22.502131+00:00,2024-12-13 12:26:22.502131+00:00,2024-12-13 10:21:24.153096+00:00,0.0,median_energy_pkg,unit_test_energy,InsertionSort_1000Entries
_result,32,2024-12-10 12:26:22.502131+00:00,2024-12-13 12:26:22.502131+00:00,2024-12-13 10:22:48.097728+00:00,0.0,median_energy_pkg,unit_test_energy,InsertionSort_1000Entries
_result,32,2024-12-10 12:26:22.502131+00:00,2024-12-13 12:26:22.502131+00:00,2024-12-13 10:24:13.649448+00:00,0.0,median_energy_pkg,unit_test_energy,InsertionSort_1000Entries
_result,32,2024-12-10 12:26:22.502131+00:00,2024-12-13 12:26:22.502131+00:00,2024-12-13 10:25:37.321848+00:00,0.0,median_energy_pkg,unit_test_energy,InsertionSort_1000Entries
_result,32,2024-12-10 12:26:22.502131+00:00,2024-12-13 12:26:22.502131+00:00,2024-12-13 10:27:00.983880+00:00,0.0,median_energy_pkg,unit_test_energy,InsertionSort_1000Entries
_result,32,2024-12-10 12:26:22.502131+00:00,2024-12-13 12:26:22.502131+00:00,2024-12-13 10:28:24.681661+00:00,0.0,median_energy_pkg,unit_test_energy,InsertionSort_1000Entries
_result,32,2024-12-10 12:26:22.502131+00:00,2024-12-13 12:26:22.502131+00:00,2024-12-13 10:29:48.166590+00:00,0.0,median_energy_pkg,unit_test_energy,InsertionSort_1000Entries
_result,32,2024-12-10 12:26:22.502131+00:00,2024-12-13 12:26:22.502131+00:00,2024-12-13 10:31:12.098747+00:00,0.0,median_energy_pkg,unit_test_energy,InsertionSort_1000Entries
_result,32,2024-12-10 12:26:22.502131+00:00,2024-12-13 12:26:22.502131+00:00,2024-12-13 10:32:35.665359+00:00,0.0,median_energy_pkg,unit_test_energy,InsertionSort_1000Entries
_result,32,2024-12-10 12:26:22.502131+00:00,2024-12-13 12:26:22.502131+00:00,2024-12-13 10:34:01.330986+00:00,0.0,median_energy_pkg,unit_test_energy,InsertionSort_1000Entries
_result,32,2024-12-10 12:26:22.502131+00:00,2024-12-13 12:26:22.502131+00:00,2024-12-13 10:35:25.057879+00:00,0.0,median_energy_pkg,unit_test_energy,InsertionSort_1000Entries
_result,32,2024-12-10 12:26:22.502131+00:00,2024-12-13 12:26:22.502131+00:00,2024-12-13 10:36:48.982695+00:00,0.0,median_energy_pkg,unit_test_energy,InsertionSort_1000Entries
_result,32,2024-12-10 12:26:22.502131+00:00,2024-12-13 12:26:22.502131+00:00,2024-12-13 10:38:12.062562+00:00,0.0,median_energy_pkg,unit_test_energy,InsertionSort_1000Entries
_result,32,2024-12-10 12:26:22.502131+00:00,2024-12-13 12:26:22.502131+00:00,2024-12-13 10:39:35.155609+00:00,0.0,median_energy_pkg,unit_test_energy,InsertionSort_1000Entries
_result,32,2024-12-10 12:26:22.502131+00:00,2024-12-13 12:26:22.502131+00:00,2024-12-13 10:48:17.886871+00:00,0.0,median_energy_pkg,unit_test_energy,InsertionSort_1000Entries
_result,32,2024-12-10 12:26:22.502131+00:00,2024-12-13 12:26:22.502131+00:00,2024-12-13 10:49:41.549321+00:00,0.0,median_energy_pkg,unit_test_energy,InsertionSort_1000Entries
_result,32,2024-12-10 12:26:22.502131+00:00,2024-12-13 12:26:22.502131+00:00,2024-12-13 10:51:04.614382+00:00,0.0,median_energy_pkg,unit_test_energy,InsertionSort_1000Entries
_result,32,2024-12-10 12:26:22.502131+00:00,2024-12-13 12:26:22.502131+00:00,2024-12-13 10:52:28.017694+00:00,0.0,median_energy_pkg,unit_test_energy,InsertionSort_1000Entries
_result,32,2024-12-10 12:26:22.502131+00:00,2024-12-13 12:26:22.502131+00:00,2024-12-13 10:53:51.530623+00:00,0.0,median_energy_pkg,unit_test_energy,InsertionSort_1000Entries
_result,32,2024-12-10 12:26:22.502131+00:00,2024-12-13 12:26:22.502131+00:00,2024-12-13 10:55:14.619250+00:00,0.0,median_energy_pkg,unit_test_energy,InsertionSort_1000Entries
_result,32,2024-12-10 12:26:22.502131+00:00,2024-12-13 12:26:22.502131+00:00,2024-12-13 10:56:37.969470+00:00,0.0,median_energy_pkg,unit_test_energy,InsertionSort_1000Entries
_result,32,2024-12-10 12:26:22.502131+00:00,2024-12-13 12:26:22.502131+00:00,2024-12-13 10:58:01.170416+00:00,0.0,median_energy_pkg,unit_test_energy,InsertionSort_1000Entries
_result,32,2024-12-10 12:26:22.502131+00:00,2024-12-13 12:26:22.502131+00:00,2024-12-13 10:59:24.590815+00:00,0.0,median_energy_pkg,unit_test_energy,InsertionSort_1000Entries
_result,32,2024-12-10 12:26:22.502131+00:00,2024-12-13 12:26:22.502131+00:00,2024-12-13 11:00:47.822260+00:00,0.0,median_energy_pkg,unit_test_energy,InsertionSort_1000Entries
_result,32,2024-12-10 12:26:22.502131+00:00,2024-12-13 12:26:22.502131+00:00,2024-12-13 11:02:11.217226+00:00,0.0,median_energy_pkg,unit_test_energy,InsertionSort_1000Entries
_result,32,2024-12-10 12:26:22.502131+00:00,2024-12-13 12:26:22.502131+00:00,2024-12-13 11:03:35.626853+00:00,0.0,median_energy_pkg,unit_test_energy,InsertionSort_1000Entries
_result,32,2024-12-10 12:26:22.502131+00:00,2024-12-13 12:26:22.502131+00:00,2024-12-13 11:04:59.528979+00:00,0.0,median_energy_pkg,unit_test_energy,InsertionSort_1000Entries
_result,32,2024-12-10 12:26:22.502131+00:00,2024-12-13 12:26:22.502131+00:00,2024-12-13 11:06:22.854012+00:00,0.0,median_energy_pkg,unit_test_energy,InsertionSort_1000Entries
_result,32,2024-12-10 12:26:22.502131+00:00,2024-12-13 12:26:22.502131+00:00,2024-12-13 11:07:45.721403+00:00,0.0,median_energy_pkg,unit_test_energy,InsertionSort_1000Entries
_result,33,2024-12-10 12:26:22.502131+00:00,2024-12-13 12:26:22.502131+00:00,2024-12-13 10:19:58.983581+00:00,1.6859,total_energy_dram,unit_test_energy,InsertionSort_1000Entries
_result,33,2024-12-10 12:26:22.502131+00:00,2024-12-13 12:26:22.502131+00:00,2024-12-13 10:21:24.153096+00:00,1.5532,total_energy_dram,unit_test_energy,InsertionSort_1000Entries
_result,33,2024-12-10 12:26:22.502131+00:00,2024-12-13 12:26:22.502131+00:00,2024-12-13 10:22:48.097728+00:00,1.0666,total_energy_dram,unit_test_energy,InsertionSort_1000Entries
_result,33,2024-12-10 12:26:22.502131+00:00,2024-12-13 12:26:22.502131+00:00,2024-12-13 10:24:13.649448+00:00,1.6569,total_energy_dram,unit_test_energy,InsertionSort_1000Entries
_result,33,2024-12-10 12:26:22.502131+00:00,2024-12-13 12:26:22.502131+00:00,2024-12-13 10:25:37.321848+00:00,1.4903,total_energy_dram,unit_test_energy,InsertionSort_1000Entries
_result,33,2024-12-10 12:26:22.502131+00:00,2024-12-13 12:26:22.502131+00:00,2024-12-13 10:27:00.983880+00:00,1.5391,total_energy_dram,unit_test_energy,InsertionSort_1000Entries
_result,33,2024-12-10 12:26:22.502131+00:00,2024-12-13 12:26:22.502131+00:00,2024-12-13 10:28:24.681661+00:00,1.1973,total_energy_dram,unit_test_energy,InsertionSort_1000Entries
_result,33,2024-12-10 12:26:22.502131+00:00,2024-12-13 12:26:22.502131+00:00,2024-12-13 10:29:48.166590+00:00,1.7495,total_energy_dram,unit_test_energy,InsertionSort_1000Entries
_result,33,2024-12-10 12:26:22.502131+00:00,2024-12-13 12:26:22.502131+00:00,2024-12-13 10:31:12.098747+00:00,1.5234,total_energy_dram,unit_test_energy,InsertionSort_1000Entries
_result,33,2024-12-10 12:26:22.502131+00:00,2024-12-13 12:26:22.502131+00:00,2024-12-13 10:32:35.665359+00:00,1.0452,total_energy_dram,unit_test_energy,InsertionSort_1000Entries
_result,33,2024-12-10 12:26:22.502131+00:00,2024-12-13 12:26:22.502131+00:00,2024-12-13 10:34:01.330986+00:00,1.3754,total_energy_dram,unit_test_energy,InsertionSort_1000Entries
_result,33,2024-12-10 12:26:22.502131+00:00,2024-12-13 12:26:22.502131+00:00,2024-12-13 10:35:25.057879+00:00,1.5878,total_energy_dram,unit_test_energy,InsertionSort_1000Entries
_result,33,2024-12-10 12:26:22.502131+00:00,2024-12-13 12:26:22.502131+00:00,2024-12-13 10:36:48.982695+00:00,1.1459,total_energy_dram,unit_test_energy,InsertionSort_1000Entries
_result,33,2024-12-10 12:26:22.502131+00:00,2024-12-13 12:26:22.502131+00:00,2024-12-13 10:38:12.062562+00:00,1.1896,total_energy_dram,unit_test_energy,InsertionSort_1000Entries
_result,33,2024-12-10 12:26:22.502131+00:00,2024-12-13 12:26:22.502131+00:00,2024-12-13 10:39:35.155609+00:00,1.2965,total_energy_dram,unit_test_energy,InsertionSort_1000Entries
_result,33,2024-12-10 12:26:22.502131+00:00,2024-12-13 12:26:22.502131+00:00,2024-12-13 10:48:17.886871+00:00,1.1849,total_energy_dram,unit_test_energy,InsertionSort_1000Entries
_result,33,2024-12-10 12:26:22.502131+00:00,2024-12-13 12:26:22.502131+00:00,2024-12-13 10:49:41.549321+00:00,1.1535,total_energy_dram,unit_test_energy,InsertionSort_1000Entries
_result,33,2024-12-10 12:26:22.502131+00:00,2024-12-13 12:26:22.502131+00:00,2024-12-13 10:51:04.614382+00:00,1.6158,total_energy_dram,unit_test_energy,InsertionSort_1000Entries
_result,33,2024-12-10 12:26:22.502131+00:00,2024-12-13 12:26:22.502131+00:00,2024-12-13 10:52:28.017694+00:00,1.1599,total_energy_dram,unit_test_energy,InsertionSort_1000Entries
_result,33,2024-12-10 12:26:22.502131+00:00,2024-12-13 12:26:22.502131+00:00,2024-12-13 10:53:51.530623+00:00,1.171,total_energy_dram,unit_test_energy,InsertionSort_1000Entries
_result,33,2024-12-10 12:26:22.502131+00:00,2024-12-13 12:26:22.502131+00:00,2024-12-13 10:55:14.619250+00:00,1.3043,total_energy_dram,unit_test_energy,InsertionSort_1000Entries
_result,33,2024-12-10 12:26:22.502131+00:00,2024-12-13 12:26:22.502131+00:00,2024-12-13 10:56:37.969470+00:00,1.3902,total_energy_dram,unit_test_energy,InsertionSort_1000Entries
_result,33,2024-12-10 12:26:22.502131+00:00,2024-12-13 12:26:22.502131+00:00,2024-12-13 10:58:01.170416+00:00,1.1907,total_energy_dram,unit_test_energy,InsertionSort_1000Entries
_result,33,2024-12-10 12:26:22.502131+00:00,2024-12-13 12:26:22.502131+00:00,2024-12-13 10:59:24.590815+00:00,1.2336,total_energy_dram,unit_test_energy,InsertionSort_1000Entries
_result,33,2024-12-10 12:26:22.502131+00:00,2024-12-13 12:26:22.502131+00:00,2024-12-13 11:00:47.822260+00:00,1.1918,total_energy_dram,unit_test_energy,InsertionSort_1000Entries
_result,33,2024-12-10 12:26:22.502131+00:00,2024-12-13 12:26:22.502131+00:00,2024-12-13 11:02:11.217226+00:00,1.1127,total_energy_dram,unit_test_energy,InsertionSort_1000Entries
_result,33,2024-12-10 12:26:22.502131+00:00,2024-12-13 12:26:22.502131+00:00,2024-12-13 11:03:35.626853+00:00,1.1856,total_energy_dram,unit_test_energy,InsertionSort_1000Entries
_result,33,2024-12-10 12:26:22.502131+00:00,2024-12-13 12:26:22.502131+00:00,2024-12-13 11:04:59.528979+00:00,1.3536,total_energy_dram,unit_test_energy,InsertionSort_1000Entries
_result,33,2024-12-10 12:26:22.502131+00:00,2024-12-13 12:26:22.502131+00:00,2024-12-13 11:06:22.854012+00:00,1.1385,total_energy_dram,unit_test_energy,InsertionSort_1000Entries
_result,33,2024-12-10 12:26:22.502131+00:00,2024-12-13 12:26:22.502131+00:00,2024-12-13 11:07:45.721403+00:00,1.4141,total_energy_dram,unit_test_energy,InsertionSort_1000Entries
_result,34,2024-12-10 12:26:22.502131+00:00,2024-12-13 12:26:22.502131+00:00,2024-12-13 10:19:58.983581+00:00,4.6282,total_energy_pkg,unit_test_energy,InsertionSort_1000Entries
_result,34,2024-12-10 12:26:22.502131+00:00,2024-12-13 12:26:22.502131+00:00,2024-12-13 10:21:24.153096+00:00,4.1095,total_energy_pkg,unit_test_energy,InsertionSort_1000Entries
_result,34,2024-12-10 12:26:22.502131+00:00,2024-12-13 12:26:22.502131+00:00,2024-12-13 10:22:48.097728+00:00,3.114,total_energy_pkg,unit_test_energy,InsertionSort_1000Entries
_result,34,2024-12-10 12:26:22.502131+00:00,2024-12-13 12:26:22.502131+00:00,2024-12-13 10:24:13.649448+00:00,4.5425,total_energy_pkg,unit_test_energy,InsertionSort_1000Entries
_result,34,2024-12-10 12:26:22.502131+00:00,2024-12-13 12:26:22.502131+00:00,2024-12-13 10:25:37.321848+00:00,3.5587,total_energy_pkg,unit_test_energy,InsertionSort_1000Entries
_result,34,2024-12-10 12:26:22.502131+00:00,2024-12-13 12:26:22.502131+00:00,2024-12-13 10:27:00.983880+00:00,4.1313,total_energy_pkg,unit_test_energy,InsertionSort_1000Entries
_result,34,2024-12-10 12:26:22.502131+00:00,2024-12-13 12:26:22.502131+00:00,2024-12-13 10:28:24.681661+00:00,3.1989,total_energy_pkg,unit_test_energy,InsertionSort_1000Entries
_result,34,2024-12-10 12:26:22.502131+00:00,2024-12-13 12:26:22.502131+00:00,2024-12-13 10:29:48.166590+00:00,4.4941,total_energy_pkg,unit_test_energy,InsertionSort_1000Entries
_result,34,2024-12-10 12:26:22.502131+00:00,2024-12-13 12:26:22.502131+00:00,2024-12-13 10:31:12.098747+00:00,3.9434,total_energy_pkg,unit_test_energy,InsertionSort_1000Entries
_result,34,2024-12-10 12:26:22.502131+00:00,2024-12-13 12:26:22.502131+00:00,2024-12-13 10:32:35.665359+00:00,3.0726,total_energy_pkg,unit_test_energy,InsertionSort_1000Entries
_result,34,2024-12-10 12:26:22.502131+00:00,2024-12-13 12:26:22.502131+00:00,2024-12-13 10:34:01.330986+00:00,4.1244,total_energy_pkg,unit_test_energy,InsertionSort_1000Entries
_result,34,2024-12-10 12:26:22.502131+00:00,2024-12-13 12:26:22.502131+00:00,2024-12-13 10:35:25.057879+00:00,3.915,total_energy_pkg,unit_test_energy,InsertionSort_1000Entries
_result,34,2024-12-10 12:26:22.502131+00:00,2024-12-13 12:26:22.502131+00:00,2024-12-13 10:36:48.982695+00:00,2.8799,total_energy_pkg,unit_test_energy,InsertionSort_1000Entries
_result,34,2024-12-10 12:26:22.502131+00:00,2024-12-13 12:26:22.502131+00:00,2024-12-13 10:38:12.062562+00:00,2.373,total_energy_pkg,unit_test_energy,InsertionSort_1000Entries
_result,34,2024-12-10 12:26:22.502131+00:00,2024-12-13 12:26:22.502131+00:00,2024-12-13 10:39:35.155609+00:00,3.4934,total_energy_pkg,unit_test_energy,InsertionSort_1000Entries
_result,34,2024-12-10 12:26:22.502131+00:00,2024-12-13 12:26:22.502131+00:00,2024-12-13 10:48:17.886871+00:00,2.3333,total_energy_pkg,unit_test_energy,InsertionSort_1000Entries
_result,34,2024-12-10 12:26:22.502131+00:00,2024-12-13 12:26:22.502131+00:00,2024-12-13 10:49:41.549321+00:00,2.7416,total_energy_pkg,unit_test_energy,InsertionSort_1000Entries
_result,34,2024-12-10 12:26:22.502131+00:00,2024-12-13 12:26:22.502131+00:00,2024-12-13 10:51:04.614382+00:00,2.8162,total_energy_pkg,unit_test_energy,InsertionSort_1000Entries
_result,34,2024-12-10 12:26:22.502131+00:00,2024-12-13 12:26:22.502131+00:00,2024-12-13 10:52:28.017694+00:00,2.199,total_energy_pkg,unit_test_energy,InsertionSort_1000Entries
_result,34,2024-12-10 12:26:22.502131+00:00,2024-12-13 12:26:22.502131+00:00,2024-12-13 10:53:51.530623+00:00,2.3278,total_energy_pkg,unit_test_energy,InsertionSort_1000Entries
_result,34,2024-12-10 12:26:22.502131+00:00,2024-12-13 12:26:22.502131+00:00,2024-12-13 10:55:14.619250+00:00,3.53,total_energy_pkg,unit_test_energy,InsertionSort_1000Entries
_result,34,2024-12-10 12:26:22.502131+00:00,2024-12-13 12:26:22.502131+00:00,2024-12-13 10:56:37.969470+00:00,2.6432,total_energy_pkg,unit_test_energy,InsertionSort_1000Entries
_result,34,2024-12-10 12:26:22.502131+00:00,2024-12-13 12:26:22.502131+00:00,2024-12-13 10:58:01.170416+00:00,2.3679,total_energy_pkg,unit_test_energy,InsertionSort_1000Entries
_result,34,2024-12-10 12:26:22.502131+00:00,2024-12-13 12:26:22.502131+00:00,2024-12-13 10:59:24.590815+00:00,2.3997,total_energy_pkg,unit_test_energy,InsertionSort_1000Entries
_result,34,2024-12-10 12:26:22.502131+00:00,2024-12-13 12:26:22.502131+00:00,2024-12-13 11:00:47.822260+00:00,2.3737,total_energy_pkg,unit_test_energy,InsertionSort_1000Entries
_result,34,2024-12-10 12:26:22.502131+00:00,2024-12-13 12:26:22.502131+00:00,2024-12-13 11:02:11.217226+00:00,2.2025,total_energy_pkg,unit_test_energy,InsertionSort_1000Entries
_result,34,2024-12-10 12:26:22.502131+00:00,2024-12-13 12:26:22.502131+00:00,2024-12-13 11:03:35.626853+00:00,2.3464,total_energy_pkg,unit_test_energy,InsertionSort_1000Entries
_result,34,2024-12-10 12:26:22.502131+00:00,2024-12-13 12:26:22.502131+00:00,2024-12-13 11:04:59.528979+00:00,3.8159,total_energy_pkg,unit_test_energy,InsertionSort_1000Entries
_result,34,2024-12-10 12:26:22.502131+00:00,2024-12-13 12:26:22.502131+00:00,2024-12-13 11:06:22.854012+00:00,2.5926,total_energy_pkg,unit_test_energy,InsertionSort_1000Entries
_result,34,2024-12-10 12:26:22.502131+00:00,2024-12-13 12:26:22.502131+00:00,2024-12-13 11:07:45.721403+00:00,3.7982,total_energy_pkg,unit_test_energy,InsertionSort_1000Entries
_result,35,2024-12-10 12:26:22.502131+00:00,2024-12-13 12:26:22.502131+00:00,2024-12-13 10:20:18.187856+00:00,68.2979,avg_energy_dram,unit_test_energy,InsertionSort_100Entries
_result,35,2024-12-10 12:26:22.502131+00:00,2024-12-13 12:26:22.502131+00:00,2024-12-13 10:21:42.955395+00:00,57.5016,avg_energy_dram,unit_test_energy,InsertionSort_100Entries
_result,35,2024-12-10 12:26:22.502131+00:00,2024-12-13 12:26:22.502131+00:00,2024-12-13 10:23:07.434242+00:00,38.938,avg_energy_dram,unit_test_energy,InsertionSort_100Entries
_result,35,2024-12-10 12:26:22.502131+00:00,2024-12-13 12:26:22.502131+00:00,2024-12-13 10:24:32.463057+00:00,39.9997,avg_energy_dram,unit_test_energy,InsertionSort_100Entries
_result,35,2024-12-10 12:26:22.502131+00:00,2024-12-13 12:26:22.502131+00:00,2024-12-13 10:25:56.124294+00:00,40.7177,avg_energy_dram,unit_test_energy,InsertionSort_100Entries
_result,35,2024-12-10 12:26:22.502131+00:00,2024-12-13 12:26:22.502131+00:00,2024-12-13 10:27:19.682303+00:00,48.2315,avg_energy_dram,unit_test_energy,InsertionSort_100Entries
_result,35,2024-12-10 12:26:22.502131+00:00,2024-12-13 12:26:22.502131+00:00,2024-12-13 10:28:43.348404+00:00,56.3523,avg_energy_dram,unit_test_energy,InsertionSort_100Entries
_result,35,2024-12-10 12:26:22.502131+00:00,2024-12-13 12:26:22.502131+00:00,2024-12-13 10:30:06.918835+00:00,47.7549,avg_energy_dram,unit_test_energy,InsertionSort_100Entries
_result,35,2024-12-10 12:26:22.502131+00:00,2024-12-13 12:26:22.502131+00:00,2024-12-13 10:31:30.799029+00:00,33.4034,avg_energy_dram,unit_test_energy,InsertionSort_100Entries
_result,35,2024-12-10 12:26:22.502131+00:00,2024-12-13 12:26:22.502131+00:00,2024-12-13 10:32:55.006256+00:00,51.5614,avg_energy_dram,unit_test_energy,InsertionSort_100Entries
_result,35,2024-12-10 12:26:22.502131+00:00,2024-12-13 12:26:22.502131+00:00,2024-12-13 10:34:20.021875+00:00,49.2225,avg_energy_dram,unit_test_energy,InsertionSort_100Entries
_result,35,2024-12-10 12:26:22.502131+00:00,2024-12-13 12:26:22.502131+00:00,2024-12-13 10:35:43.722712+00:00,54.3515,avg_energy_dram,unit_test_energy,InsertionSort_100Entries
_result,35,2024-12-10 12:26:22.502131+00:00,2024-12-13 12:26:22.502131+00:00,2024-12-13 10:37:07.607317+00:00,27.773,avg_energy_dram,unit_test_energy,InsertionSort_100Entries
_result,35,2024-12-10 12:26:22.502131+00:00,2024-12-13 12:26:22.502131+00:00,2024-12-13 10:38:30.614575+00:00,36.3006,avg_energy_dram,unit_test_energy,InsertionSort_100Entries
_result,35,2024-12-10 12:26:22.502131+00:00,2024-12-13 12:26:22.502131+00:00,2024-12-13 10:39:53.945154+00:00,41.1802,avg_energy_dram,unit_test_energy,InsertionSort_100Entries
_result,35,2024-12-10 12:26:22.502131+00:00,2024-12-13 12:26:22.502131+00:00,2024-12-13 10:48:36.457764+00:00,42.7507,avg_energy_dram,unit_test_energy,InsertionSort_100Entries
_result,35,2024-12-10 12:26:22.502131+00:00,2024-12-13 12:26:22.502131+00:00,2024-12-13 10:50:00.177168+00:00,43.639,avg_energy_dram,unit_test_energy,InsertionSort_100Entries
_result,35,2024-12-10 12:26:22.502131+00:00,2024-12-13 12:26:22.502131+00:00,2024-12-13 10:51:23.279559+00:00,55.6945,avg_energy_dram,unit_test_energy,InsertionSort_100Entries
_result,35,2024-12-10 12:26:22.502131+00:00,2024-12-13 12:26:22.502131+00:00,2024-12-13 10:52:46.725196+00:00,45.2947,avg_energy_dram,unit_test_energy,InsertionSort_100Entries
_result,35,2024-12-10 12:26:22.502131+00:00,2024-12-13 12:26:22.502131+00:00,2024-12-13 10:54:10.107905+00:00,41.2469,avg_energy_dram,unit_test_energy,InsertionSort_100Entries
_result,35,2024-12-10 12:26:22.502131+00:00,2024-12-13 12:26:22.502131+00:00,2024-12-13 10:55:33.159585+00:00,32.8057,avg_energy_dram,unit_test_energy,InsertionSort_100Entries
_result,35,2024-12-10 12:26:22.502131+00:00,2024-12-13 12:26:22.502131+00:00,2024-12-13 10:56:56.526625+00:00,27.9196,avg_energy_dram,unit_test_energy,InsertionSort_100Entries
_result,35,2024-12-10 12:26:22.502131+00:00,2024-12-13 12:26:22.502131+00:00,2024-12-13 10:58:19.813586+00:00,41.8505,avg_energy_dram,unit_test_energy,InsertionSort_100Entries
_result,35,2024-12-10 12:26:22.502131+00:00,2024-12-13 12:26:22.502131+00:00,2024-12-13 10:59:43.199550+00:00,43.8863,avg_energy_dram,unit_test_energy,InsertionSort_100Entries
_result,35,2024-12-10 12:26:22.502131+00:00,2024-12-13 12:26:22.502131+00:00,2024-12-13 11:01:06.540682+00:00,40.668,avg_energy_dram,unit_test_energy,InsertionSort_100Entries
_result,35,2024-12-10 12:26:22.502131+00:00,2024-12-13 12:26:22.502131+00:00,2024-12-13 11:02:31.153695+00:00,29.3053,avg_energy_dram,unit_test_energy,InsertionSort_100Entries
_result,35,2024-12-10 12:26:22.502131+00:00,2024-12-13 12:26:22.502131+00:00,2024-12-13 11:03:54.439140+00:00,22.535,avg_energy_dram,unit_test_energy,InsertionSort_100Entries
_result,35,2024-12-10 12:26:22.502131+00:00,2024-12-13 12:26:22.502131+00:00,2024-12-13 11:05:18.230754+00:00,31.0118,avg_energy_dram,unit_test_energy,InsertionSort_100Entries
_result,35,2024-12-10 12:26:22.502131+00:00,2024-12-13 12:26:22.502131+00:00,2024-12-13 11:06:41.352296+00:00,28.0842,avg_energy_dram,unit_test_energy,InsertionSort_100Entries
_result,35,2024-12-10 12:26:22.502131+00:00,2024-12-13 12:26:22.502131+00:00,2024-12-13 11:08:04.315305+00:00,45.1092,avg_energy_dram,unit_test_energy,InsertionSort_100Entries
_result,36,2024-12-10 12:26:22.502131+00:00,2024-12-13 12:26:22.502131+00:00,2024-12-13 10:20:18.187856+00:00,211.9914,avg_energy_pkg,unit_test_energy,InsertionSort_100Entries
_result,36,2024-12-10 12:26:22.502131+00:00,2024-12-13 12:26:22.502131+00:00,2024-12-13 10:21:42.955395+00:00,146.208,avg_energy_pkg,unit_test_energy,InsertionSort_100Entries
_result,36,2024-12-10 12:26:22.502131+00:00,2024-12-13 12:26:22.502131+00:00,2024-12-13 10:23:07.434242+00:00,98.54,avg_energy_pkg,unit_test_energy,InsertionSort_100Entries
_result,36,2024-12-10 12:26:22.502131+00:00,2024-12-13 12:26:22.502131+00:00,2024-12-13 10:24:32.463057+00:00,111.6867,avg_energy_pkg,unit_test_energy,InsertionSort_100Entries
_result,36,2024-12-10 12:26:22.502131+00:00,2024-12-13 12:26:22.502131+00:00,2024-12-13 10:25:56.124294+00:00,113.135,avg_energy_pkg,unit_test_energy,InsertionSort_100Entries
_result,36,2024-12-10 12:26:22.502131+00:00,2024-12-13 12:26:22.502131+00:00,2024-12-13 10:27:19.682303+00:00,143.1239,avg_energy_pkg,unit_test_energy,InsertionSort_100Entries
_result,36,2024-12-10 12:26:22.502131+00:00,2024-12-13 12:26:22.502131+00:00,2024-12-13 10:28:43.348404+00:00,151.6091,avg_energy_pkg,unit_test_energy,InsertionSort_100Entries
_result,36,2024-12-10 12:26:22.502131+00:00,2024-12-13 12:26:22.502131+00:00,2024-12-13 10:30:06.918835+00:00,139.487,avg_energy_pkg,unit_test_energy,InsertionSort_100Entries
_result,36,2024-12-10 12:26:22.502131+00:00,2024-12-13 12:26:22.502131+00:00,2024-12-13 10:31:30.799029+00:00,85.9893,avg_energy_pkg,unit_test_energy,InsertionSort_100Entries
_result,36,2024-12-10 12:26:22.502131+00:00,2024-12-13 12:26:22.502131+00:00,2024-12-13 10:32:55.006256+00:00,137.889,avg_energy_pkg,unit_test_energy,InsertionSort_100Entries
_result,36,2024-12-10 12:26:22.502131+00:00,2024-12-13 12:26:22.502131+00:00,2024-12-13 10:34:20.021875+00:00,141.4114,avg_energy_pkg,unit_test_energy,InsertionSort_100Entries
_result,36,2024-12-10 12:26:22.502131+00:00,2024-12-13 12:26:22.502131+00:00,2024-12-13 10:35:43.722712+00:00,153.1744,avg_energy_pkg,unit_test_energy,InsertionSort_100Entries
_result,36,2024-12-10 12:26:22.502131+00:00,2024-12-13 12:26:22.502131+00:00,2024-12-13 10:37:07.607317+00:00,49.9032,avg_energy_pkg,unit_test_energy,InsertionSort_100Entries
_result,36,2024-12-10 12:26:22.502131+00:00,2024-12-13 12:26:22.502131+00:00,2024-12-13 10:38:30.614575+00:00,65.9667,avg_energy_pkg,unit_test_energy,InsertionSort_100Entries
_result,36,2024-12-10 12:26:22.502131+00:00,2024-12-13 12:26:22.502131+00:00,2024-12-13 10:39:53.945154+00:00,73.643,avg_energy_pkg,unit_test_energy,InsertionSort_100Entries
_result,36,2024-12-10 12:26:22.502131+00:00,2024-12-13 12:26:22.502131+00:00,2024-12-13 10:48:36.457764+00:00,74.7727,avg_energy_pkg,unit_test_energy,InsertionSort_100Entries
_result,36,2024-12-10 12:26:22.502131+00:00,2024-12-13 12:26:22.502131+00:00,2024-12-13 10:50:00.177168+00:00,78.0848,avg_energy_pkg,unit_test_energy,InsertionSort_100Entries
_result,36,2024-12-10 12:26:22.502131+00:00,2024-12-13 12:26:22.502131+00:00,2024-12-13 10:51:23.279559+00:00,101.3559,avg_energy_pkg,unit_test_energy,InsertionSort_100Entries
_result,36,2024-12-10 12:26:22.502131+00:00,2024-12-13 12:26:22.502131+00:00,2024-12-13 10:52:46.725196+00:00,83.6293,avg_energy_pkg,unit_test_energy,InsertionSort_100Entries
_result,36,2024-12-10 12:26:22.502131+00:00,2024-12-13 12:26:22.502131+00:00,2024-12-13 10:54:10.107905+00:00,73.6932,avg_energy_pkg,unit_test_energy,InsertionSort_100Entries
_result,36,2024-12-10 12:26:22.502131+00:00,2024-12-13 12:26:22.502131+00:00,2024-12-13 10:55:33.159585+00:00,60.4357,avg_energy_pkg,unit_test_energy,InsertionSort_100Entries
_result,36,2024-12-10 12:26:22.502131+00:00,2024-12-13 12:26:22.502131+00:00,2024-12-13 10:56:56.526625+00:00,53.0858,avg_energy_pkg,unit_test_energy,InsertionSort_100Entries
_result,36,2024-12-10 12:26:22.502131+00:00,2024-12-13 12:26:22.502131+00:00,2024-12-13 10:58:19.813586+00:00,77.3726,avg_energy_pkg,unit_test_energy,InsertionSort_100Entries
_result,36,2024-12-10 12:26:22.502131+00:00,2024-12-13 12:26:22.502131+00:00,2024-12-13 10:59:43.199550+00:00,58.7666,avg_energy_pkg,unit_test_energy,InsertionSort_100Entries
_result,36,2024-12-10 12:26:22.502131+00:00,2024-12-13 12:26:22.502131+00:00,2024-12-13 11:01:06.540682+00:00,74.0367,avg_energy_pkg,unit_test_energy,InsertionSort_100Entries
_result,36,2024-12-10 12:26:22.502131+00:00,2024-12-13 12:26:22.502131+00:00,2024-12-13 11:02:31.153695+00:00,53.295,avg_energy_pkg,unit_test_energy,InsertionSort_100Entries
_result,36,2024-12-10 12:26:22.502131+00:00,2024-12-13 12:26:22.502131+00:00,2024-12-13 11:03:54.439140+00:00,39.7709,avg_energy_pkg,unit_test_energy,InsertionSort_100Entries
_result,36,2024-12-10 12:26:22.502131+00:00,2024-12-13 12:26:22.502131+00:00,2024-12-13 11:05:18.230754+00:00,79.8381,avg_energy_pkg,unit_test_energy,InsertionSort_100Entries
_result,36,2024-12-10 12:26:22.502131+00:00,2024-12-13 12:26:22.502131+00:00,2024-12-13 11:06:41.352296+00:00,51.2696,avg_energy_pkg,unit_test_energy,InsertionSort_100Entries
_result,36,2024-12-10 12:26:22.502131+00:00,2024-12-13 12:26:22.502131+00:00,2024-12-13 11:08:04.315305+00:00,117.3345,avg_energy_pkg,unit_test_energy,InsertionSort_100Entries
_result,37,2024-12-10 12:26:22.502131+00:00,2024-12-13 12:26:22.502131+00:00,2024-12-13 10:20:18.187856+00:00,0.001,duration,unit_test_energy,InsertionSort_100Entries
_result,37,2024-12-10 12:26:22.502131+00:00,2024-12-13 12:26:22.502131+00:00,2024-12-13 10:21:42.955395+00:00,0.0012,duration,unit_test_energy,InsertionSort_100Entries
_result,37,2024-12-10 12:26:22.502131+00:00,2024-12-13 12:26:22.502131+00:00,2024-12-13 10:23:07.434242+00:00,0.0012,duration,unit_test_energy,InsertionSort_100Entries
_result,37,2024-12-10 12:26:22.502131+00:00,2024-12-13 12:26:22.502131+00:00,2024-12-13 10:24:32.463057+00:00,0.0016,duration,unit_test_energy,InsertionSort_100Entries
_result,37,2024-12-10 12:26:22.502131+00:00,2024-12-13 12:26:22.502131+00:00,2024-12-13 10:25:56.124294+00:00,0.0022,duration,unit_test_energy,InsertionSort_100Entries
_result,37,2024-12-10 12:26:22.502131+00:00,2024-12-13 12:26:22.502131+00:00,2024-12-13 10:27:19.682303+00:00,0.0015,duration,unit_test_energy,InsertionSort_100Entries
_result,37,2024-12-10 12:26:22.502131+00:00,2024-12-13 12:26:22.502131+00:00,2024-12-13 10:28:43.348404+00:00,0.0012,duration,unit_test_energy,InsertionSort_100Entries
_result,37,2024-12-10 12:26:22.502131+00:00,2024-12-13 12:26:22.502131+00:00,2024-12-13 10:30:06.918835+00:00,0.0016,duration,unit_test_energy,InsertionSort_100Entries
_result,37,2024-12-10 12:26:22.502131+00:00,2024-12-13 12:26:22.502131+00:00,2024-12-13 10:31:30.799029+00:00,0.0016,duration,unit_test_energy,InsertionSort_100Entries
_result,37,2024-12-10 12:26:22.502131+00:00,2024-12-13 12:26:22.502131+00:00,2024-12-13 10:32:55.006256+00:00,0.0012,duration,unit_test_energy,InsertionSort_100Entries
_result,37,2024-12-10 12:26:22.502131+00:00,2024-12-13 12:26:22.502131+00:00,2024-12-13 10:34:20.021875+00:00,0.0023,duration,unit_test_energy,InsertionSort_100Entries
_result,37,2024-12-10 12:26:22.502131+00:00,2024-12-13 12:26:22.502131+00:00,2024-12-13 10:35:43.722712+00:00,0.0013,duration,unit_test_energy,InsertionSort_100Entries
_result,37,2024-12-10 12:26:22.502131+00:00,2024-12-13 12:26:22.502131+00:00,2024-12-13 10:37:07.607317+00:00,0.0014,duration,unit_test_energy,InsertionSort_100Entries
_result,37,2024-12-10 12:26:22.502131+00:00,2024-12-13 12:26:22.502131+00:00,2024-12-13 10:38:30.614575+00:00,0.0031,duration,unit_test_energy,InsertionSort_100Entries
_result,37,2024-12-10 12:26:22.502131+00:00,2024-12-13 12:26:22.502131+00:00,2024-12-13 10:39:53.945154+00:00,0.0019,duration,unit_test_energy,InsertionSort_100Entries
_result,37,2024-12-10 12:26:22.502131+00:00,2024-12-13 12:26:22.502131+00:00,2024-12-13 10:48:36.457764+00:00,0.0018,duration,unit_test_energy,InsertionSort_100Entries
_result,37,2024-12-10 12:26:22.502131+00:00,2024-12-13 12:26:22.502131+00:00,2024-12-13 10:50:00.177168+00:00,0.0013,duration,unit_test_energy,InsertionSort_100Entries
_result,37,2024-12-10 12:26:22.502131+00:00,2024-12-13 12:26:22.502131+00:00,2024-12-13 10:51:23.279559+00:00,0.0014,duration,unit_test_energy,InsertionSort_100Entries
_result,37,2024-12-10 12:26:22.502131+00:00,2024-12-13 12:26:22.502131+00:00,2024-12-13 10:52:46.725196+00:00,0.0017,duration,unit_test_energy,InsertionSort_100Entries
_result,37,2024-12-10 12:26:22.502131+00:00,2024-12-13 12:26:22.502131+00:00,2024-12-13 10:54:10.107905+00:00,0.0019,duration,unit_test_energy,InsertionSort_100Entries
_result,37,2024-12-10 12:26:22.502131+00:00,2024-12-13 12:26:22.502131+00:00,2024-12-13 10:55:33.159585+00:00,0.0018,duration,unit_test_energy,InsertionSort_100Entries
_result,37,2024-12-10 12:26:22.502131+00:00,2024-12-13 12:26:22.502131+00:00,2024-12-13 10:56:56.526625+00:00,0.0014,duration,unit_test_energy,InsertionSort_100Entries
_result,37,2024-12-10 12:26:22.502131+00:00,2024-12-13 12:26:22.502131+00:00,2024-12-13 10:58:19.813586+00:00,0.0022,duration,unit_test_energy,InsertionSort_100Entries
_result,37,2024-12-10 12:26:22.502131+00:00,2024-12-13 12:26:22.502131+00:00,2024-12-13 10:59:43.199550+00:00,0.0017,duration,unit_test_energy,InsertionSort_100Entries
_result,37,2024-12-10 12:26:22.502131+00:00,2024-12-13 12:26:22.502131+00:00,2024-12-13 11:01:06.540682+00:00,0.0019,duration,unit_test_energy,InsertionSort_100Entries
_result,37,2024-12-10 12:26:22.502131+00:00,2024-12-13 12:26:22.502131+00:00,2024-12-13 11:02:31.153695+00:00,0.0013,duration,unit_test_energy,InsertionSort_100Entries
_result,37,2024-12-10 12:26:22.502131+00:00,2024-12-13 12:26:22.502131+00:00,2024-12-13 11:03:54.439140+00:00,0.0017,duration,unit_test_energy,InsertionSort_100Entries
_result,37,2024-12-10 12:26:22.502131+00:00,2024-12-13 12:26:22.502131+00:00,2024-12-13 11:05:18.230754+00:00,0.0015,duration,unit_test_energy,InsertionSort_100Entries
_result,37,2024-12-10 12:26:22.502131+00:00,2024-12-13 12:26:22.502131+00:00,2024-12-13 11:06:41.352296+00:00,0.0014,duration,unit_test_energy,InsertionSort_100Entries
_result,37,2024-12-10 12:26:22.502131+00:00,2024-12-13 12:26:22.502131+00:00,2024-12-13 11:08:04.315305+00:00,0.0014,duration,unit_test_energy,InsertionSort_100Entries
_result,38,2024-12-10 12:26:22.502131+00:00,2024-12-13 12:26:22.502131+00:00,2024-12-13 10:20:18.187856+00:00,0.0,median_energy_dram,unit_test_energy,InsertionSort_100Entries
_result,38,2024-12-10 12:26:22.502131+00:00,2024-12-13 12:26:22.502131+00:00,2024-12-13 10:21:42.955395+00:00,0.0,median_energy_dram,unit_test_energy,InsertionSort_100Entries
_result,38,2024-12-10 12:26:22.502131+00:00,2024-12-13 12:26:22.502131+00:00,2024-12-13 10:23:07.434242+00:00,0.0,median_energy_dram,unit_test_energy,InsertionSort_100Entries
_result,38,2024-12-10 12:26:22.502131+00:00,2024-12-13 12:26:22.502131+00:00,2024-12-13 10:24:32.463057+00:00,0.0,median_energy_dram,unit_test_energy,InsertionSort_100Entries
_result,38,2024-12-10 12:26:22.502131+00:00,2024-12-13 12:26:22.502131+00:00,2024-12-13 10:25:56.124294+00:00,0.0,median_energy_dram,unit_test_energy,InsertionSort_100Entries
_result,38,2024-12-10 12:26:22.502131+00:00,2024-12-13 12:26:22.502131+00:00,2024-12-13 10:27:19.682303+00:00,0.0,median_energy_dram,unit_test_energy,InsertionSort_100Entries
_result,38,2024-12-10 12:26:22.502131+00:00,2024-12-13 12:26:22.502131+00:00,2024-12-13 10:28:43.348404+00:00,0.0,median_energy_dram,unit_test_energy,InsertionSort_100Entries
_result,38,2024-12-10 12:26:22.502131+00:00,2024-12-13 12:26:22.502131+00:00,2024-12-13 10:30:06.918835+00:00,0.0,median_energy_dram,unit_test_energy,InsertionSort_100Entries
_result,38,2024-12-10 12:26:22.502131+00:00,2024-12-13 12:26:22.502131+00:00,2024-12-13 10:31:30.799029+00:00,0.0,median_energy_dram,unit_test_energy,InsertionSort_100Entries
_result,38,2024-12-10 12:26:22.502131+00:00,2024-12-13 12:26:22.502131+00:00,2024-12-13 10:32:55.006256+00:00,0.0,median_energy_dram,unit_test_energy,InsertionSort_100Entries
_result,38,2024-12-10 12:26:22.502131+00:00,2024-12-13 12:26:22.502131+00:00,2024-12-13 10:34:20.021875+00:00,0.0,median_energy_dram,unit_test_energy,InsertionSort_100Entries
_result,38,2024-12-10 12:26:22.502131+00:00,2024-12-13 12:26:22.502131+00:00,2024-12-13 10:35:43.722712+00:00,0.0,median_energy_dram,unit_test_energy,InsertionSort_100Entries
_result,38,2024-12-10 12:26:22.502131+00:00,2024-12-13 12:26:22.502131+00:00,2024-12-13 10:37:07.607317+00:00,0.0,median_energy_dram,unit_test_energy,InsertionSort_100Entries
_result,38,2024-12-10 12:26:22.502131+00:00,2024-12-13 12:26:22.502131+00:00,2024-12-13 10:38:30.614575+00:00,0.0,median_energy_dram,unit_test_energy,InsertionSort_100Entries
_result,38,2024-12-10 12:26:22.502131+00:00,2024-12-13 12:26:22.502131+00:00,2024-12-13 10:39:53.945154+00:00,0.0,median_energy_dram,unit_test_energy,InsertionSort_100Entries
_result,38,2024-12-10 12:26:22.502131+00:00,2024-12-13 12:26:22.502131+00:00,2024-12-13 10:48:36.457764+00:00,0.0,median_energy_dram,unit_test_energy,InsertionSort_100Entries
_result,38,2024-12-10 12:26:22.502131+00:00,2024-12-13 12:26:22.502131+00:00,2024-12-13 10:50:00.177168+00:00,0.0,median_energy_dram,unit_test_energy,InsertionSort_100Entries
_result,38,2024-12-10 12:26:22.502131+00:00,2024-12-13 12:26:22.502131+00:00,2024-12-13 10:51:23.279559+00:00,0.0,median_energy_dram,unit_test_energy,InsertionSort_100Entries
_result,38,2024-12-10 12:26:22.502131+00:00,2024-12-13 12:26:22.502131+00:00,2024-12-13 10:52:46.725196+00:00,0.0,median_energy_dram,unit_test_energy,InsertionSort_100Entries
_result,38,2024-12-10 12:26:22.502131+00:00,2024-12-13 12:26:22.502131+00:00,2024-12-13 10:54:10.107905+00:00,0.0,median_energy_dram,unit_test_energy,InsertionSort_100Entries
_result,38,2024-12-10 12:26:22.502131+00:00,2024-12-13 12:26:22.502131+00:00,2024-12-13 10:55:33.159585+00:00,0.0,median_energy_dram,unit_test_energy,InsertionSort_100Entries
_result,38,2024-12-10 12:26:22.502131+00:00,2024-12-13 12:26:22.502131+00:00,2024-12-13 10:56:56.526625+00:00,0.0,median_energy_dram,unit_test_energy,InsertionSort_100Entries
_result,38,2024-12-10 12:26:22.502131+00:00,2024-12-13 12:26:22.502131+00:00,2024-12-13 10:58:19.813586+00:00,0.0,median_energy_dram,unit_test_energy,InsertionSort_100Entries
_result,38,2024-12-10 12:26:22.502131+00:00,2024-12-13 12:26:22.502131+00:00,2024-12-13 10:59:43.199550+00:00,0.0,median_energy_dram,unit_test_energy,InsertionSort_100Entries
_result,38,2024-12-10 12:26:22.502131+00:00,2024-12-13 12:26:22.502131+00:00,2024-12-13 11:01:06.540682+00:00,0.0,median_energy_dram,unit_test_energy,InsertionSort_100Entries
_result,38,2024-12-10 12:26:22.502131+00:00,2024-12-13 12:26:22.502131+00:00,2024-12-13 11:02:31.153695+00:00,0.0,median_energy_dram,unit_test_energy,InsertionSort_100Entries
_result,38,2024-12-10 12:26:22.502131+00:00,2024-12-13 12:26:22.502131+00:00,2024-12-13 11:03:54.439140+00:00,0.0,median_energy_dram,unit_test_energy,InsertionSort_100Entries
_result,38,2024-12-10 12:26:22.502131+00:00,2024-12-13 12:26:22.502131+00:00,2024-12-13 11:05:18.230754+00:00,0.0,median_energy_dram,unit_test_energy,InsertionSort_100Entries
_result,38,2024-12-10 12:26:22.502131+00:00,2024-12-13 12:26:22.502131+00:00,2024-12-13 11:06:41.352296+00:00,0.0,median_energy_dram,unit_test_energy,InsertionSort_100Entries
_result,38,2024-12-10 12:26:22.502131+00:00,2024-12-13 12:26:22.502131+00:00,2024-12-13 11:08:04.315305+00:00,0.0,median_energy_dram,unit_test_energy,InsertionSort_100Entries
_result,39,2024-12-10 12:26:22.502131+00:00,2024-12-13 12:26:22.502131+00:00,2024-12-13 10:20:18.187856+00:00,0.0,median_energy_pkg,unit_test_energy,InsertionSort_100Entries
_result,39,2024-12-10 12:26:22.502131+00:00,2024-12-13 12:26:22.502131+00:00,2024-12-13 10:21:42.955395+00:00,0.0,median_energy_pkg,unit_test_energy,InsertionSort_100Entries
_result,39,2024-12-10 12:26:22.502131+00:00,2024-12-13 12:26:22.502131+00:00,2024-12-13 10:23:07.434242+00:00,0.0,median_energy_pkg,unit_test_energy,InsertionSort_100Entries
_result,39,2024-12-10 12:26:22.502131+00:00,2024-12-13 12:26:22.502131+00:00,2024-12-13 10:24:32.463057+00:00,0.0,median_energy_pkg,unit_test_energy,InsertionSort_100Entries
_result,39,2024-12-10 12:26:22.502131+00:00,2024-12-13 12:26:22.502131+00:00,2024-12-13 10:25:56.124294+00:00,0.0,median_energy_pkg,unit_test_energy,InsertionSort_100Entries
_result,39,2024-12-10 12:26:22.502131+00:00,2024-12-13 12:26:22.502131+00:00,2024-12-13 10:27:19.682303+00:00,0.0,median_energy_pkg,unit_test_energy,InsertionSort_100Entries
_result,39,2024-12-10 12:26:22.502131+00:00,2024-12-13 12:26:22.502131+00:00,2024-12-13 10:28:43.348404+00:00,0.0,median_energy_pkg,unit_test_energy,InsertionSort_100Entries
_result,39,2024-12-10 12:26:22.502131+00:00,2024-12-13 12:26:22.502131+00:00,2024-12-13 10:30:06.918835+00:00,0.0,median_energy_pkg,unit_test_energy,InsertionSort_100Entries
_result,39,2024-12-10 12:26:22.502131+00:00,2024-12-13 12:26:22.502131+00:00,2024-12-13 10:31:30.799029+00:00,0.0,median_energy_pkg,unit_test_energy,InsertionSort_100Entries
_result,39,2024-12-10 12:26:22.502131+00:00,2024-12-13 12:26:22.502131+00:00,2024-12-13 10:32:55.006256+00:00,0.0,median_energy_pkg,unit_test_energy,InsertionSort_100Entries
_result,39,2024-12-10 12:26:22.502131+00:00,2024-12-13 12:26:22.502131+00:00,2024-12-13 10:34:20.021875+00:00,0.0,median_energy_pkg,unit_test_energy,InsertionSort_100Entries
_result,39,2024-12-10 12:26:22.502131+00:00,2024-12-13 12:26:22.502131+00:00,2024-12-13 10:35:43.722712+00:00,0.0,median_energy_pkg,unit_test_energy,InsertionSort_100Entries
_result,39,2024-12-10 12:26:22.502131+00:00,2024-12-13 12:26:22.502131+00:00,2024-12-13 10:37:07.607317+00:00,0.0,median_energy_pkg,unit_test_energy,InsertionSort_100Entries
_result,39,2024-12-10 12:26:22.502131+00:00,2024-12-13 12:26:22.502131+00:00,2024-12-13 10:38:30.614575+00:00,0.0,median_energy_pkg,unit_test_energy,InsertionSort_100Entries
_result,39,2024-12-10 12:26:22.502131+00:00,2024-12-13 12:26:22.502131+00:00,2024-12-13 10:39:53.945154+00:00,0.0,median_energy_pkg,unit_test_energy,InsertionSort_100Entries
_result,39,2024-12-10 12:26:22.502131+00:00,2024-12-13 12:26:22.502131+00:00,2024-12-13 10:48:36.457764+00:00,0.0,median_energy_pkg,unit_test_energy,InsertionSort_100Entries
_result,39,2024-12-10 12:26:22.502131+00:00,2024-12-13 12:26:22.502131+00:00,2024-12-13 10:50:00.177168+00:00,0.0,median_energy_pkg,unit_test_energy,InsertionSort_100Entries
_result,39,2024-12-10 12:26:22.502131+00:00,2024-12-13 12:26:22.502131+00:00,2024-12-13 10:51:23.279559+00:00,0.0,median_energy_pkg,unit_test_energy,InsertionSort_100Entries
_result,39,2024-12-10 12:26:22.502131+00:00,2024-12-13 12:26:22.502131+00:00,2024-12-13 10:52:46.725196+00:00,0.0,median_energy_pkg,unit_test_energy,InsertionSort_100Entries
_result,39,2024-12-10 12:26:22.502131+00:00,2024-12-13 12:26:22.502131+00:00,2024-12-13 10:54:10.107905+00:00,0.0,median_energy_pkg,unit_test_energy,InsertionSort_100Entries
_result,39,2024-12-10 12:26:22.502131+00:00,2024-12-13 12:26:22.502131+00:00,2024-12-13 10:55:33.159585+00:00,0.0,median_energy_pkg,unit_test_energy,InsertionSort_100Entries
_result,39,2024-12-10 12:26:22.502131+00:00,2024-12-13 12:26:22.502131+00:00,2024-12-13 10:56:56.526625+00:00,0.0,median_energy_pkg,unit_test_energy,InsertionSort_100Entries
_result,39,2024-12-10 12:26:22.502131+00:00,2024-12-13 12:26:22.502131+00:00,2024-12-13 10:58:19.813586+00:00,0.0,median_energy_pkg,unit_test_energy,InsertionSort_100Entries
_result,39,2024-12-10 12:26:22.502131+00:00,2024-12-13 12:26:22.502131+00:00,2024-12-13 10:59:43.199550+00:00,0.0,median_energy_pkg,unit_test_energy,InsertionSort_100Entries
_result,39,2024-12-10 12:26:22.502131+00:00,2024-12-13 12:26:22.502131+00:00,2024-12-13 11:01:06.540682+00:00,0.0,median_energy_pkg,unit_test_energy,InsertionSort_100Entries
_result,39,2024-12-10 12:26:22.502131+00:00,2024-12-13 12:26:22.502131+00:00,2024-12-13 11:02:31.153695+00:00,0.0,median_energy_pkg,unit_test_energy,InsertionSort_100Entries
_result,39,2024-12-10 12:26:22.502131+00:00,2024-12-13 12:26:22.502131+00:00,2024-12-13 11:03:54.439140+00:00,0.0,median_energy_pkg,unit_test_energy,InsertionSort_100Entries
_result,39,2024-12-10 12:26:22.502131+00:00,2024-12-13 12:26:22.502131+00:00,2024-12-13 11:05:18.230754+00:00,0.0,median_energy_pkg,unit_test_energy,InsertionSort_100Entries
_result,39,2024-12-10 12:26:22.502131+00:00,2024-12-13 12:26:22.502131+00:00,2024-12-13 11:06:41.352296+00:00,0.0,median_energy_pkg,unit_test_energy,InsertionSort_100Entries
_result,39,2024-12-10 12:26:22.502131+00:00,2024-12-13 12:26:22.502131+00:00,2024-12-13 11:08:04.315305+00:00,0.0,median_energy_pkg,unit_test_energy,InsertionSort_100Entries
_result,40,2024-12-10 12:26:22.502131+00:00,2024-12-13 12:26:22.502131+00:00,2024-12-13 10:20:18.187856+00:00,0.0708,total_energy_dram,unit_test_energy,InsertionSort_100Entries
_result,40,2024-12-10 12:26:22.502131+00:00,2024-12-13 12:26:22.502131+00:00,2024-12-13 10:21:42.955395+00:00,0.0719,total_energy_dram,unit_test_energy,InsertionSort_100Entries
_result,40,2024-12-10 12:26:22.502131+00:00,2024-12-13 12:26:22.502131+00:00,2024-12-13 10:23:07.434242+00:00,0.0485,total_energy_dram,unit_test_energy,InsertionSort_100Entries
_result,40,2024-12-10 12:26:22.502131+00:00,2024-12-13 12:26:22.502131+00:00,2024-12-13 10:24:32.463057+00:00,0.0648,total_energy_dram,unit_test_energy,InsertionSort_100Entries
_result,40,2024-12-10 12:26:22.502131+00:00,2024-12-13 12:26:22.502131+00:00,2024-12-13 10:25:56.124294+00:00,0.0889,total_energy_dram,unit_test_energy,InsertionSort_100Entries
_result,40,2024-12-10 12:26:22.502131+00:00,2024-12-13 12:26:22.502131+00:00,2024-12-13 10:27:19.682303+00:00,0.0708,total_energy_dram,unit_test_energy,InsertionSort_100Entries
_result,40,2024-12-10 12:26:22.502131+00:00,2024-12-13 12:26:22.502131+00:00,2024-12-13 10:28:43.348404+00:00,0.0652,total_energy_dram,unit_test_energy,InsertionSort_100Entries
_result,40,2024-12-10 12:26:22.502131+00:00,2024-12-13 12:26:22.502131+00:00,2024-12-13 10:30:06.918835+00:00,0.0752,total_energy_dram,unit_test_energy,InsertionSort_100Entries
_result,40,2024-12-10 12:26:22.502131+00:00,2024-12-13 12:26:22.502131+00:00,2024-12-13 10:31:30.799029+00:00,0.0522,total_energy_dram,unit_test_energy,InsertionSort_100Entries
_result,40,2024-12-10 12:26:22.502131+00:00,2024-12-13 12:26:22.502131+00:00,2024-12-13 10:32:55.006256+00:00,0.0642,total_energy_dram,unit_test_energy,InsertionSort_100Entries
_result,40,2024-12-10 12:26:22.502131+00:00,2024-12-13 12:26:22.502131+00:00,2024-12-13 10:34:20.021875+00:00,0.1145,total_energy_dram,unit_test_energy,InsertionSort_100Entries
_result,40,2024-12-10 12:26:22.502131+00:00,2024-12-13 12:26:22.502131+00:00,2024-12-13 10:35:43.722712+00:00,0.0717,total_energy_dram,unit_test_energy,InsertionSort_100Entries
_result,40,2024-12-10 12:26:22.502131+00:00,2024-12-13 12:26:22.502131+00:00,2024-12-13 10:37:07.607317+00:00,0.0385,total_energy_dram,unit_test_energy,InsertionSort_100Entries
_result,40,2024-12-10 12:26:22.502131+00:00,2024-12-13 12:26:22.502131+00:00,2024-12-13 10:38:30.614575+00:00,0.1114,total_energy_dram,unit_test_energy,InsertionSort_100Entries
_result,40,2024-12-10 12:26:22.502131+00:00,2024-12-13 12:26:22.502131+00:00,2024-12-13 10:39:53.945154+00:00,0.0773,total_energy_dram,unit_test_energy,InsertionSort_100Entries
_result,40,2024-12-10 12:26:22.502131+00:00,2024-12-13 12:26:22.502131+00:00,2024-12-13 10:48:36.457764+00:00,0.0758,total_energy_dram,unit_test_energy,InsertionSort_100Entries
_result,40,2024-12-10 12:26:22.502131+00:00,2024-12-13 12:26:22.502131+00:00,2024-12-13 10:50:00.177168+00:00,0.0581,total_energy_dram,unit_test_energy,InsertionSort_100Entries
_result,40,2024-12-10 12:26:22.502131+00:00,2024-12-13 12:26:22.502131+00:00,2024-12-13 10:51:23.279559+00:00,0.0762,total_energy_dram,unit_test_energy,InsertionSort_100Entries
_result,40,2024-12-10 12:26:22.502131+00:00,2024-12-13 12:26:22.502131+00:00,2024-12-13 10:52:46.725196+00:00,0.0763,total_energy_dram,unit_test_energy,InsertionSort_100Entries
_result,40,2024-12-10 12:26:22.502131+00:00,2024-12-13 12:26:22.502131+00:00,2024-12-13 10:54:10.107905+00:00,0.0781,total_energy_dram,unit_test_energy,InsertionSort_100Entries
_result,40,2024-12-10 12:26:22.502131+00:00,2024-12-13 12:26:22.502131+00:00,2024-12-13 10:55:33.159585+00:00,0.0574,total_energy_dram,unit_test_energy,InsertionSort_100Entries
_result,40,2024-12-10 12:26:22.502131+00:00,2024-12-13 12:26:22.502131+00:00,2024-12-13 10:56:56.526625+00:00,0.0387,total_energy_dram,unit_test_energy,InsertionSort_100Entries
_result,40,2024-12-10 12:26:22.502131+00:00,2024-12-13 12:26:22.502131+00:00,2024-12-13 10:58:19.813586+00:00,0.0928,total_energy_dram,unit_test_energy,InsertionSort_100Entries
_result,40,2024-12-10 12:26:22.502131+00:00,2024-12-13 12:26:22.502131+00:00,2024-12-13 10:59:43.199550+00:00,0.0745,total_energy_dram,unit_test_energy,InsertionSort_100Entries
_result,40,2024-12-10 12:26:22.502131+00:00,2024-12-13 12:26:22.502131+00:00,2024-12-13 11:01:06.540682+00:00,0.0762,total_energy_dram,unit_test_energy,InsertionSort_100Entries
_result,40,2024-12-10 12:26:22.502131+00:00,2024-12-13 12:26:22.502131+00:00,2024-12-13 11:02:31.153695+00:00,0.0384,total_energy_dram,unit_test_energy,InsertionSort_100Entries
_result,40,2024-12-10 12:26:22.502131+00:00,2024-12-13 12:26:22.502131+00:00,2024-12-13 11:03:54.439140+00:00,0.0378,total_energy_dram,unit_test_energy,InsertionSort_100Entries
_result,40,2024-12-10 12:26:22.502131+00:00,2024-12-13 12:26:22.502131+00:00,2024-12-13 11:05:18.230754+00:00,0.0463,total_energy_dram,unit_test_energy,InsertionSort_100Entries
_result,40,2024-12-10 12:26:22.502131+00:00,2024-12-13 12:26:22.502131+00:00,2024-12-13 11:06:41.352296+00:00,0.0383,total_energy_dram,unit_test_energy,InsertionSort_100Entries
_result,40,2024-12-10 12:26:22.502131+00:00,2024-12-13 12:26:22.502131+00:00,2024-12-13 11:08:04.315305+00:00,0.0652,total_energy_dram,unit_test_energy,InsertionSort_100Entries
_result,41,2024-12-10 12:26:22.502131+00:00,2024-12-13 12:26:22.502131+00:00,2024-12-13 10:20:18.187856+00:00,0.2197,total_energy_pkg,unit_test_energy,InsertionSort_100Entries
_result,41,2024-12-10 12:26:22.502131+00:00,2024-12-13 12:26:22.502131+00:00,2024-12-13 10:21:42.955395+00:00,0.1827,total_energy_pkg,unit_test_energy,InsertionSort_100Entries
_result,41,2024-12-10 12:26:22.502131+00:00,2024-12-13 12:26:22.502131+00:00,2024-12-13 10:23:07.434242+00:00,0.1227,total_energy_pkg,unit_test_energy,InsertionSort_100Entries
_result,41,2024-12-10 12:26:22.502131+00:00,2024-12-13 12:26:22.502131+00:00,2024-12-13 10:24:32.463057+00:00,0.181,total_energy_pkg,unit_test_energy,InsertionSort_100Entries
_result,41,2024-12-10 12:26:22.502131+00:00,2024-12-13 12:26:22.502131+00:00,2024-12-13 10:25:56.124294+00:00,0.2471,total_energy_pkg,unit_test_energy,InsertionSort_100Entries
_result,41,2024-12-10 12:26:22.502131+00:00,2024-12-13 12:26:22.502131+00:00,2024-12-13 10:27:19.682303+00:00,0.21,total_energy_pkg,unit_test_energy,InsertionSort_100Entries
_result,41,2024-12-10 12:26:22.502131+00:00,2024-12-13 12:26:22.502131+00:00,2024-12-13 10:28:43.348404+00:00,0.1754,total_energy_pkg,unit_test_energy,InsertionSort_100Entries
_result,41,2024-12-10 12:26:22.502131+00:00,2024-12-13 12:26:22.502131+00:00,2024-12-13 10:30:06.918835+00:00,0.2197,total_energy_pkg,unit_test_energy,InsertionSort_100Entries
_result,41,2024-12-10 12:26:22.502131+00:00,2024-12-13 12:26:22.502131+00:00,2024-12-13 10:31:30.799029+00:00,0.1343,total_energy_pkg,unit_test_energy,InsertionSort_100Entries
_result,41,2024-12-10 12:26:22.502131+00:00,2024-12-13 12:26:22.502131+00:00,2024-12-13 10:32:55.006256+00:00,0.1718,total_energy_pkg,unit_test_energy,InsertionSort_100Entries
_result,41,2024-12-10 12:26:22.502131+00:00,2024-12-13 12:26:22.502131+00:00,2024-12-13 10:34:20.021875+00:00,0.329,total_energy_pkg,unit_test_energy,InsertionSort_100Entries
_result,41,2024-12-10 12:26:22.502131+00:00,2024-12-13 12:26:22.502131+00:00,2024-12-13 10:35:43.722712+00:00,0.202,total_energy_pkg,unit_test_energy,InsertionSort_100Entries
_result,41,2024-12-10 12:26:22.502131+00:00,2024-12-13 12:26:22.502131+00:00,2024-12-13 10:37:07.607317+00:00,0.0691,total_energy_pkg,unit_test_energy,InsertionSort_100Entries
_result,41,2024-12-10 12:26:22.502131+00:00,2024-12-13 12:26:22.502131+00:00,2024-12-13 10:38:30.614575+00:00,0.2024,total_energy_pkg,unit_test_energy,InsertionSort_100Entries
_result,41,2024-12-10 12:26:22.502131+00:00,2024-12-13 12:26:22.502131+00:00,2024-12-13 10:39:53.945154+00:00,0.1382,total_energy_pkg,unit_test_energy,InsertionSort_100Entries
_result,41,2024-12-10 12:26:22.502131+00:00,2024-12-13 12:26:22.502131+00:00,2024-12-13 10:48:36.457764+00:00,0.1325,total_energy_pkg,unit_test_energy,InsertionSort_100Entries
_result,41,2024-12-10 12:26:22.502131+00:00,2024-12-13 12:26:22.502131+00:00,2024-12-13 10:50:00.177168+00:00,0.1039,total_energy_pkg,unit_test_energy,InsertionSort_100Entries
_result,41,2024-12-10 12:26:22.502131+00:00,2024-12-13 12:26:22.502131+00:00,2024-12-13 10:51:23.279559+00:00,0.1387,total_energy_pkg,unit_test_energy,InsertionSort_100Entries
_result,41,2024-12-10 12:26:22.502131+00:00,2024-12-13 12:26:22.502131+00:00,2024-12-13 10:52:46.725196+00:00,0.1408,total_energy_pkg,unit_test_energy,InsertionSort_100Entries
_result,41,2024-12-10 12:26:22.502131+00:00,2024-12-13 12:26:22.502131+00:00,2024-12-13 10:54:10.107905+00:00,0.1395,total_energy_pkg,unit_test_energy,InsertionSort_100Entries
_result,41,2024-12-10 12:26:22.502131+00:00,2024-12-13 12:26:22.502131+00:00,2024-12-13 10:55:33.159585+00:00,0.1058,total_energy_pkg,unit_test_energy,InsertionSort_100Entries
_result,41,2024-12-10 12:26:22.502131+00:00,2024-12-13 12:26:22.502131+00:00,2024-12-13 10:56:56.526625+00:00,0.0735,total_energy_pkg,unit_test_energy,InsertionSort_100Entries
_result,41,2024-12-10 12:26:22.502131+00:00,2024-12-13 12:26:22.502131+00:00,2024-12-13 10:58:19.813586+00:00,0.1716,total_energy_pkg,unit_test_energy,InsertionSort_100Entries
_result,41,2024-12-10 12:26:22.502131+00:00,2024-12-13 12:26:22.502131+00:00,2024-12-13 10:59:43.199550+00:00,0.0998,total_energy_pkg,unit_test_energy,InsertionSort_100Entries
_result,41,2024-12-10 12:26:22.502131+00:00,2024-12-13 12:26:22.502131+00:00,2024-12-13 11:01:06.540682+00:00,0.1387,total_energy_pkg,unit_test_energy,InsertionSort_100Entries
_result,41,2024-12-10 12:26:22.502131+00:00,2024-12-13 12:26:22.502131+00:00,2024-12-13 11:02:31.153695+00:00,0.0698,total_energy_pkg,unit_test_energy,InsertionSort_100Entries
_result,41,2024-12-10 12:26:22.502131+00:00,2024-12-13 12:26:22.502131+00:00,2024-12-13 11:03:54.439140+00:00,0.0667,total_energy_pkg,unit_test_energy,InsertionSort_100Entries
_result,41,2024-12-10 12:26:22.502131+00:00,2024-12-13 12:26:22.502131+00:00,2024-12-13 11:05:18.230754+00:00,0.1193,total_energy_pkg,unit_test_energy,InsertionSort_100Entries
_result,41,2024-12-10 12:26:22.502131+00:00,2024-12-13 12:26:22.502131+00:00,2024-12-13 11:06:41.352296+00:00,0.0699,total_energy_pkg,unit_test_energy,InsertionSort_100Entries
_result,41,2024-12-10 12:26:22.502131+00:00,2024-12-13 12:26:22.502131+00:00,2024-12-13 11:08:04.315305+00:00,0.1696,total_energy_pkg,unit_test_energy,InsertionSort_100Entries
_result,42,2024-12-10 12:26:22.502131+00:00,2024-12-13 12:26:22.502131+00:00,2024-12-13 10:20:23.216850+00:00,0.0,avg_energy_dram,unit_test_energy,InsertionSort_10Entries
_result,42,2024-12-10 12:26:22.502131+00:00,2024-12-13 12:26:22.502131+00:00,2024-12-13 10:21:47.986521+00:00,50.3122,avg_energy_dram,unit_test_energy,InsertionSort_10Entries
_result,42,2024-12-10 12:26:22.502131+00:00,2024-12-13 12:26:22.502131+00:00,2024-12-13 10:23:12.464257+00:00,49.6837,avg_energy_dram,unit_test_energy,InsertionSort_10Entries
_result,42,2024-12-10 12:26:22.502131+00:00,2024-12-13 12:26:22.502131+00:00,2024-12-13 10:24:37.492533+00:00,55.2125,avg_energy_dram,unit_test_energy,InsertionSort_10Entries
_result,42,2024-12-10 12:26:22.502131+00:00,2024-12-13 12:26:22.502131+00:00,2024-12-13 10:26:01.153941+00:00,45.9985,avg_energy_dram,unit_test_energy,InsertionSort_10Entries
_result,42,2024-12-10 12:26:22.502131+00:00,2024-12-13 12:26:22.502131+00:00,2024-12-13 10:27:24.710430+00:00,55.9971,avg_energy_dram,unit_test_energy,InsertionSort_10Entries
_result,42,2024-12-10 12:26:22.502131+00:00,2024-12-13 12:26:22.502131+00:00,2024-12-13 10:28:48.376064+00:00,56.1428,avg_energy_dram,unit_test_energy,InsertionSort_10Entries
_result,42,2024-12-10 12:26:22.502131+00:00,2024-12-13 12:26:22.502131+00:00,2024-12-13 10:30:11.946662+00:00,56.4358,avg_energy_dram,unit_test_energy,InsertionSort_10Entries
_result,42,2024-12-10 12:26:22.502131+00:00,2024-12-13 12:26:22.502131+00:00,2024-12-13 10:31:35.828016+00:00,44.1011,avg_energy_dram,unit_test_energy,InsertionSort_10Entries
_result,42,2024-12-10 12:26:22.502131+00:00,2024-12-13 12:26:22.502131+00:00,2024-12-13 10:33:00.038788+00:00,65.8096,avg_energy_dram,unit_test_energy,InsertionSort_10Entries
_result,42,2024-12-10 12:26:22.502131+00:00,2024-12-13 12:26:22.502131+00:00,2024-12-13 10:34:25.049203+00:00,28.3137,avg_energy_dram,unit_test_energy,InsertionSort_10Entries
_result,42,2024-12-10 12:26:22.502131+00:00,2024-12-13 12:26:22.502131+00:00,2024-12-13 10:35:48.752238+00:00,51.828,avg_energy_dram,unit_test_energy,InsertionSort_10Entries
_result,42,2024-12-10 12:26:22.502131+00:00,2024-12-13 12:26:22.502131+00:00,2024-12-13 10:37:12.637605+00:00,61.5496,avg_energy_dram,unit_test_energy,InsertionSort_10Entries
_result,42,2024-12-10 12:26:22.502131+00:00,2024-12-13 12:26:22.502131+00:00,2024-12-13 10:38:35.645772+00:00,37.6005,avg_energy_dram,unit_test_energy,InsertionSort_10Entries
_result,42,2024-12-10 12:26:22.502131+00:00,2024-12-13 12:26:22.502131+00:00,2024-12-13 10:39:58.974971+00:00,38.0642,avg_energy_dram,unit_test_energy,InsertionSort_10Entries
_result,42,2024-12-10 12:26:22.502131+00:00,2024-12-13 12:26:22.502131+00:00,2024-12-13 10:48:41.486074+00:00,39.3316,avg_energy_dram,unit_test_energy,InsertionSort_10Entries
_result,42,2024-12-10 12:26:22.502131+00:00,2024-12-13 12:26:22.502131+00:00,2024-12-13 10:50:05.205756+00:00,22.1163,avg_energy_dram,unit_test_energy,InsertionSort_10Entries
_result,42,2024-12-10 12:26:22.502131+00:00,2024-12-13 12:26:22.502131+00:00,2024-12-13 10:51:28.314639+00:00,40.4081,avg_energy_dram,unit_test_energy,InsertionSort_10Entries
_result,42,2024-12-10 12:26:22.502131+00:00,2024-12-13 12:26:22.502131+00:00,2024-12-13 10:52:51.753090+00:00,42.2759,avg_energy_dram,unit_test_energy,InsertionSort_10Entries
_result,42,2024-12-10 12:26:22.502131+00:00,2024-12-13 12:26:22.502131+00:00,2024-12-13 10:54:15.140588+00:00,35.5755,avg_energy_dram,unit_test_energy,InsertionSort_10Entries
_result,42,2024-12-10 12:26:22.502131+00:00,2024-12-13 12:26:22.502131+00:00,2024-12-13 10:55:38.189835+00:00,40.511,avg_energy_dram,unit_test_energy,InsertionSort_10Entries
_result,42,2024-12-10 12:26:22.502131+00:00,2024-12-13 12:26:22.502131+00:00,2024-12-13 10:57:01.558956+00:00,36.2108,avg_energy_dram,unit_test_energy,InsertionSort_10Entries
_result,42,2024-12-10 12:26:22.502131+00:00,2024-12-13 12:26:22.502131+00:00,2024-12-13 10:58:24.842982+00:00,38.7547,avg_energy_dram,unit_test_energy,InsertionSort_10Entries
_result,42,2024-12-10 12:26:22.502131+00:00,2024-12-13 12:26:22.502131+00:00,2024-12-13 10:59:48.229685+00:00,35.2095,avg_energy_dram,unit_test_energy,InsertionSort_10Entries
_result,42,2024-12-10 12:26:22.502131+00:00,2024-12-13 12:26:22.502131+00:00,2024-12-13 11:01:11.568996+00:00,40.8047,avg_energy_dram,unit_test_energy,InsertionSort_10Entries
_result,42,2024-12-10 12:26:22.502131+00:00,2024-12-13 12:26:22.502131+00:00,2024-12-13 11:02:36.184801+00:00,38.2647,avg_energy_dram,unit_test_energy,InsertionSort_10Entries
_result,42,2024-12-10 12:26:22.502131+00:00,2024-12-13 12:26:22.502131+00:00,2024-12-13 11:03:59.467580+00:00,38.7974,avg_energy_dram,unit_test_energy,InsertionSort_10Entries
_result,42,2024-12-10 12:26:22.502131+00:00,2024-12-13 12:26:22.502131+00:00,2024-12-13 11:05:23.263091+00:00,55.1151,avg_energy_dram,unit_test_energy,InsertionSort_10Entries
_result,42,2024-12-10 12:26:22.502131+00:00,2024-12-13 12:26:22.502131+00:00,2024-12-13 11:06:46.380654+00:00,21.1641,avg_energy_dram,unit_test_energy,InsertionSort_10Entries
_result,42,2024-12-10 12:26:22.502131+00:00,2024-12-13 12:26:22.502131+00:00,2024-12-13 11:08:09.344233+00:00,56.4474,avg_energy_dram,unit_test_energy,InsertionSort_10Entries
_result,43,2024-12-10 12:26:22.502131+00:00,2024-12-13 12:26:22.502131+00:00,2024-12-13 10:20:23.216850+00:00,0.0,avg_energy_pkg,unit_test_energy,InsertionSort_10Entries
_result,43,2024-12-10 12:26:22.502131+00:00,2024-12-13 12:26:22.502131+00:00,2024-12-13 10:21:47.986521+00:00,148.5617,avg_energy_pkg,unit_test_energy,InsertionSort_10Entries
_result,43,2024-12-10 12:26:22.502131+00:00,2024-12-13 12:26:22.502131+00:00,2024-12-13 10:23:12.464257+00:00,193.2362,avg_energy_pkg,unit_test_energy,InsertionSort_10Entries
_result,43,2024-12-10 12:26:22.502131+00:00,2024-12-13 12:26:22.502131+00:00,2024-12-13 10:24:37.492533+00:00,148.0579,avg_energy_pkg,unit_test_energy,InsertionSort_10Entries
_result,43,2024-12-10 12:26:22.502131+00:00,2024-12-13 12:26:22.502131+00:00,2024-12-13 10:26:01.153941+00:00,123.2648,avg_energy_pkg,unit_test_energy,InsertionSort_10Entries
_result,43,2024-12-10 12:26:22.502131+00:00,2024-12-13 12:26:22.502131+00:00,2024-12-13 10:27:24.710430+00:00,160.7121,avg_energy_pkg,unit_test_energy,InsertionSort_10Entries
_result,43,2024-12-10 12:26:22.502131+00:00,2024-12-13 12:26:22.502131+00:00,2024-12-13 10:28:48.376064+00:00,159.3189,avg_energy_pkg,unit_test_energy,InsertionSort_10Entries
_result,43,2024-12-10 12:26:22.502131+00:00,2024-12-13 12:26:22.502131+00:00,2024-12-13 10:30:11.946662+00:00,164.7964,avg_energy_pkg,unit_test_energy,InsertionSort_10Entries
_result,43,2024-12-10 12:26:22.502131+00:00,2024-12-13 12:26:22.502131+00:00,2024-12-13 10:31:35.828016+00:00,126.4733,avg_energy_pkg,unit_test_energy,InsertionSort_10Entries
_result,43,2024-12-10 12:26:22.502131+00:00,2024-12-13 12:26:22.502131+00:00,2024-12-13 10:33:00.038788+00:00,190.6809,avg_energy_pkg,unit_test_energy,InsertionSort_10Entries
_result,43,2024-12-10 12:26:22.502131+00:00,2024-12-13 12:26:22.502131+00:00,2024-12-13 10:34:25.049203+00:00,69.2113,avg_energy_pkg,unit_test_energy,InsertionSort_10Entries
_result,43,2024-12-10 12:26:22.502131+00:00,2024-12-13 12:26:22.502131+00:00,2024-12-13 10:35:48.752238+00:00,147.8328,avg_energy_pkg,unit_test_energy,InsertionSort_10Entries
_result,43,2024-12-10 12:26:22.502131+00:00,2024-12-13 12:26:22.502131+00:00,2024-12-13 10:37:12.637605+00:00,114.6212,avg_energy_pkg,unit_test_energy,InsertionSort_10Entries
_result,43,2024-12-10 12:26:22.502131+00:00,2024-12-13 12:26:22.502131+00:00,2024-12-13 10:38:35.645772+00:00,73.7549,avg_energy_pkg,unit_test_energy,InsertionSort_10Entries
_result,43,2024-12-10 12:26:22.502131+00:00,2024-12-13 12:26:22.502131+00:00,2024-12-13 10:39:58.974971+00:00,72.7463,avg_energy_pkg,unit_test_energy,InsertionSort_10Entries
_result,43,2024-12-10 12:26:22.502131+00:00,2024-12-13 12:26:22.502131+00:00,2024-12-13 10:48:41.486074+00:00,86.9131,avg_energy_pkg,unit_test_energy,InsertionSort_10Entries
_result,43,2024-12-10 12:26:22.502131+00:00,2024-12-13 12:26:22.502131+00:00,2024-12-13 10:50:05.205756+00:00,39.6664,avg_energy_pkg,unit_test_energy,InsertionSort_10Entries
_result,43,2024-12-10 12:26:22.502131+00:00,2024-12-13 12:26:22.502131+00:00,2024-12-13 10:51:28.314639+00:00,73.6135,avg_energy_pkg,unit_test_energy,InsertionSort_10Entries
_result,43,2024-12-10 12:26:22.502131+00:00,2024-12-13 12:26:22.502131+00:00,2024-12-13 10:52:51.753090+00:00,119.4972,avg_energy_pkg,unit_test_energy,InsertionSort_10Entries
_result,43,2024-12-10 12:26:22.502131+00:00,2024-12-13 12:26:22.502131+00:00,2024-12-13 10:54:15.140588+00:00,64.6409,avg_energy_pkg,unit_test_energy,InsertionSort_10Entries
_result,43,2024-12-10 12:26:22.502131+00:00,2024-12-13 12:26:22.502131+00:00,2024-12-13 10:55:38.189835+00:00,108.8198,avg_energy_pkg,unit_test_energy,InsertionSort_10Entries
_result,43,2024-12-10 12:26:22.502131+00:00,2024-12-13 12:26:22.502131+00:00,2024-12-13 10:57:01.558956+00:00,66.8906,avg_energy_pkg,unit_test_energy,InsertionSort_10Entries
_result,43,2024-12-10 12:26:22.502131+00:00,2024-12-13 12:26:22.502131+00:00,2024-12-13 10:58:24.842982+00:00,72.6436,avg_energy_pkg,unit_test_energy,InsertionSort_10Entries
_result,43,2024-12-10 12:26:22.502131+00:00,2024-12-13 12:26:22.502131+00:00,2024-12-13 10:59:48.229685+00:00,69.1274,avg_energy_pkg,unit_test_energy,InsertionSort_10Entries
_result,43,2024-12-10 12:26:22.502131+00:00,2024-12-13 12:26:22.502131+00:00,2024-12-13 11:01:11.568996+00:00,81.2151,avg_energy_pkg,unit_test_energy,InsertionSort_10Entries
_result,43,2024-12-10 12:26:22.502131+00:00,2024-12-13 12:26:22.502131+00:00,2024-12-13 11:02:36.184801+00:00,80.1294,avg_energy_pkg,unit_test_energy,InsertionSort_10Entries
_result,43,2024-12-10 12:26:22.502131+00:00,2024-12-13 12:26:22.502131+00:00,2024-12-13 11:03:59.467580+00:00,76.4118,avg_energy_pkg,unit_test_energy,InsertionSort_10Entries
_result,43,2024-12-10 12:26:22.502131+00:00,2024-12-13 12:26:22.502131+00:00,2024-12-13 11:05:23.263091+00:00,145.5546,avg_energy_pkg,unit_test_energy,InsertionSort_10Entries
_result,43,2024-12-10 12:26:22.502131+00:00,2024-12-13 12:26:22.502131+00:00,2024-12-13 11:06:46.380654+00:00,37.8562,avg_energy_pkg,unit_test_energy,InsertionSort_10Entries
_result,43,2024-12-10 12:26:22.502131+00:00,2024-12-13 12:26:22.502131+00:00,2024-12-13 11:08:09.344233+00:00,168.6382,avg_energy_pkg,unit_test_energy,InsertionSort_10Entries
_result,44,2024-12-10 12:26:22.502131+00:00,2024-12-13 12:26:22.502131+00:00,2024-12-13 10:20:23.216850+00:00,0.0007,duration,unit_test_energy,InsertionSort_10Entries
_result,44,2024-12-10 12:26:22.502131+00:00,2024-12-13 12:26:22.502131+00:00,2024-12-13 10:21:47.986521+00:00,0.0009,duration,unit_test_energy,InsertionSort_10Entries
_result,44,2024-12-10 12:26:22.502131+00:00,2024-12-13 12:26:22.502131+00:00,2024-12-13 10:23:12.464257+00:00,0.0009,duration,unit_test_energy,InsertionSort_10Entries
_result,44,2024-12-10 12:26:22.502131+00:00,2024-12-13 12:26:22.502131+00:00,2024-12-13 10:24:37.492533+00:00,0.0008,duration,unit_test_energy,InsertionSort_10Entries
_result,44,2024-12-10 12:26:22.502131+00:00,2024-12-13 12:26:22.502131+00:00,2024-12-13 10:26:01.153941+00:00,0.001,duration,unit_test_energy,InsertionSort_10Entries
_result,44,2024-12-10 12:26:22.502131+00:00,2024-12-13 12:26:22.502131+00:00,2024-12-13 10:27:24.710430+00:00,0.0008,duration,unit_test_energy,InsertionSort_10Entries
_result,44,2024-12-10 12:26:22.502131+00:00,2024-12-13 12:26:22.502131+00:00,2024-12-13 10:28:48.376064+00:00,0.0008,duration,unit_test_energy,InsertionSort_10Entries
_result,44,2024-12-10 12:26:22.502131+00:00,2024-12-13 12:26:22.502131+00:00,2024-12-13 10:30:11.946662+00:00,0.0008,duration,unit_test_energy,InsertionSort_10Entries
_result,44,2024-12-10 12:26:22.502131+00:00,2024-12-13 12:26:22.502131+00:00,2024-12-13 10:31:35.828016+00:00,0.0009,duration,unit_test_energy,InsertionSort_10Entries
_result,44,2024-12-10 12:26:22.502131+00:00,2024-12-13 12:26:22.502131+00:00,2024-12-13 10:33:00.038788+00:00,0.0011,duration,unit_test_energy,InsertionSort_10Entries
_result,44,2024-12-10 12:26:22.502131+00:00,2024-12-13 12:26:22.502131+00:00,2024-12-13 10:34:25.049203+00:00,0.0009,duration,unit_test_energy,InsertionSort_10Entries
_result,44,2024-12-10 12:26:22.502131+00:00,2024-12-13 12:26:22.502131+00:00,2024-12-13 10:35:48.752238+00:00,0.0009,duration,unit_test_energy,InsertionSort_10Entries
_result,44,2024-12-10 12:26:22.502131+00:00,2024-12-13 12:26:22.502131+00:00,2024-12-13 10:37:12.637605+00:00,0.0009,duration,unit_test_energy,InsertionSort_10Entries
_result,44,2024-12-10 12:26:22.502131+00:00,2024-12-13 12:26:22.502131+00:00,2024-12-13 10:38:35.645772+00:00,0.001,duration,unit_test_energy,InsertionSort_10Entries
_result,44,2024-12-10 12:26:22.502131+00:00,2024-12-13 12:26:22.502131+00:00,2024-12-13 10:39:58.974971+00:00,0.001,duration,unit_test_energy,InsertionSort_10Entries
_result,44,2024-12-10 12:26:22.502131+00:00,2024-12-13 12:26:22.502131+00:00,2024-12-13 10:48:41.486074+00:00,0.001,duration,unit_test_energy,InsertionSort_10Entries
_result,44,2024-12-10 12:26:22.502131+00:00,2024-12-13 12:26:22.502131+00:00,2024-12-13 10:50:05.205756+00:00,0.0009,duration,unit_test_energy,InsertionSort_10Entries
_result,44,2024-12-10 12:26:22.502131+00:00,2024-12-13 12:26:22.502131+00:00,2024-12-13 10:51:28.314639+00:00,0.001,duration,unit_test_energy,InsertionSort_10Entries
_result,44,2024-12-10 12:26:22.502131+00:00,2024-12-13 12:26:22.502131+00:00,2024-12-13 10:52:51.753090+00:00,0.0009,duration,unit_test_energy,InsertionSort_10Entries
_result,44,2024-12-10 12:26:22.502131+00:00,2024-12-13 12:26:22.502131+00:00,2024-12-13 10:54:15.140588+00:00,0.0011,duration,unit_test_energy,InsertionSort_10Entries
_result,44,2024-12-10 12:26:22.502131+00:00,2024-12-13 12:26:22.502131+00:00,2024-12-13 10:55:38.189835+00:00,0.0009,duration,unit_test_energy,InsertionSort_10Entries
_result,44,2024-12-10 12:26:22.502131+00:00,2024-12-13 12:26:22.502131+00:00,2024-12-13 10:57:01.558956+00:00,0.0011,duration,unit_test_energy,InsertionSort_10Entries
_result,44,2024-12-10 12:26:22.502131+00:00,2024-12-13 12:26:22.502131+00:00,2024-12-13 10:58:24.842982+00:00,0.001,duration,unit_test_energy,InsertionSort_10Entries
_result,44,2024-12-10 12:26:22.502131+00:00,2024-12-13 12:26:22.502131+00:00,2024-12-13 10:59:48.229685+00:00,0.0011,duration,unit_test_energy,InsertionSort_10Entries
_result,44,2024-12-10 12:26:22.502131+00:00,2024-12-13 12:26:22.502131+00:00,2024-12-13 11:01:11.568996+00:00,0.0009,duration,unit_test_energy,InsertionSort_10Entries
_result,44,2024-12-10 12:26:22.502131+00:00,2024-12-13 12:26:22.502131+00:00,2024-12-13 11:02:36.184801+00:00,0.001,duration,unit_test_energy,InsertionSort_10Entries
_result,44,2024-12-10 12:26:22.502131+00:00,2024-12-13 12:26:22.502131+00:00,2024-12-13 11:03:59.467580+00:00,0.001,duration,unit_test_energy,InsertionSort_10Entries
_result,44,2024-12-10 12:26:22.502131+00:00,2024-12-13 12:26:22.502131+00:00,2024-12-13 11:05:23.263091+00:00,0.0008,duration,unit_test_energy,InsertionSort_10Entries
_result,44,2024-12-10 12:26:22.502131+00:00,2024-12-13 12:26:22.502131+00:00,2024-12-13 11:06:46.380654+00:00,0.0009,duration,unit_test_energy,InsertionSort_10Entries
_result,44,2024-12-10 12:26:22.502131+00:00,2024-12-13 12:26:22.502131+00:00,2024-12-13 11:08:09.344233+00:00,0.0008,duration,unit_test_energy,InsertionSort_10Entries
_result,45,2024-12-10 12:26:22.502131+00:00,2024-12-13 12:26:22.502131+00:00,2024-12-13 10:20:23.216850+00:00,0.0,median_energy_dram,unit_test_energy,InsertionSort_10Entries
_result,45,2024-12-10 12:26:22.502131+00:00,2024-12-13 12:26:22.502131+00:00,2024-12-13 10:21:47.986521+00:00,0.0,median_energy_dram,unit_test_energy,InsertionSort_10Entries
_result,45,2024-12-10 12:26:22.502131+00:00,2024-12-13 12:26:22.502131+00:00,2024-12-13 10:23:12.464257+00:00,0.0,median_energy_dram,unit_test_energy,InsertionSort_10Entries
_result,45,2024-12-10 12:26:22.502131+00:00,2024-12-13 12:26:22.502131+00:00,2024-12-13 10:24:37.492533+00:00,0.0,median_energy_dram,unit_test_energy,InsertionSort_10Entries
_result,45,2024-12-10 12:26:22.502131+00:00,2024-12-13 12:26:22.502131+00:00,2024-12-13 10:26:01.153941+00:00,0.0,median_energy_dram,unit_test_energy,InsertionSort_10Entries
_result,45,2024-12-10 12:26:22.502131+00:00,2024-12-13 12:26:22.502131+00:00,2024-12-13 10:27:24.710430+00:00,0.0,median_energy_dram,unit_test_energy,InsertionSort_10Entries
_result,45,2024-12-10 12:26:22.502131+00:00,2024-12-13 12:26:22.502131+00:00,2024-12-13 10:28:48.376064+00:00,0.0,median_energy_dram,unit_test_energy,InsertionSort_10Entries
_result,45,2024-12-10 12:26:22.502131+00:00,2024-12-13 12:26:22.502131+00:00,2024-12-13 10:30:11.946662+00:00,0.0,median_energy_dram,unit_test_energy,InsertionSort_10Entries
_result,45,2024-12-10 12:26:22.502131+00:00,2024-12-13 12:26:22.502131+00:00,2024-12-13 10:31:35.828016+00:00,0.0,median_energy_dram,unit_test_energy,InsertionSort_10Entries
_result,45,2024-12-10 12:26:22.502131+00:00,2024-12-13 12:26:22.502131+00:00,2024-12-13 10:33:00.038788+00:00,0.0,median_energy_dram,unit_test_energy,InsertionSort_10Entries
_result,45,2024-12-10 12:26:22.502131+00:00,2024-12-13 12:26:22.502131+00:00,2024-12-13 10:34:25.049203+00:00,0.0,median_energy_dram,unit_test_energy,InsertionSort_10Entries
_result,45,2024-12-10 12:26:22.502131+00:00,2024-12-13 12:26:22.502131+00:00,2024-12-13 10:35:48.752238+00:00,0.0,median_energy_dram,unit_test_energy,InsertionSort_10Entries
_result,45,2024-12-10 12:26:22.502131+00:00,2024-12-13 12:26:22.502131+00:00,2024-12-13 10:37:12.637605+00:00,0.0,median_energy_dram,unit_test_energy,InsertionSort_10Entries
_result,45,2024-12-10 12:26:22.502131+00:00,2024-12-13 12:26:22.502131+00:00,2024-12-13 10:38:35.645772+00:00,0.0,median_energy_dram,unit_test_energy,InsertionSort_10Entries
_result,45,2024-12-10 12:26:22.502131+00:00,2024-12-13 12:26:22.502131+00:00,2024-12-13 10:39:58.974971+00:00,0.0,median_energy_dram,unit_test_energy,InsertionSort_10Entries
_result,45,2024-12-10 12:26:22.502131+00:00,2024-12-13 12:26:22.502131+00:00,2024-12-13 10:48:41.486074+00:00,0.0,median_energy_dram,unit_test_energy,InsertionSort_10Entries
_result,45,2024-12-10 12:26:22.502131+00:00,2024-12-13 12:26:22.502131+00:00,2024-12-13 10:50:05.205756+00:00,0.0,median_energy_dram,unit_test_energy,InsertionSort_10Entries
_result,45,2024-12-10 12:26:22.502131+00:00,2024-12-13 12:26:22.502131+00:00,2024-12-13 10:51:28.314639+00:00,0.0,median_energy_dram,unit_test_energy,InsertionSort_10Entries
_result,45,2024-12-10 12:26:22.502131+00:00,2024-12-13 12:26:22.502131+00:00,2024-12-13 10:52:51.753090+00:00,0.0,median_energy_dram,unit_test_energy,InsertionSort_10Entries
_result,45,2024-12-10 12:26:22.502131+00:00,2024-12-13 12:26:22.502131+00:00,2024-12-13 10:54:15.140588+00:00,0.0,median_energy_dram,unit_test_energy,InsertionSort_10Entries
_result,45,2024-12-10 12:26:22.502131+00:00,2024-12-13 12:26:22.502131+00:00,2024-12-13 10:55:38.189835+00:00,0.0,median_energy_dram,unit_test_energy,InsertionSort_10Entries
_result,45,2024-12-10 12:26:22.502131+00:00,2024-12-13 12:26:22.502131+00:00,2024-12-13 10:57:01.558956+00:00,0.0,median_energy_dram,unit_test_energy,InsertionSort_10Entries
_result,45,2024-12-10 12:26:22.502131+00:00,2024-12-13 12:26:22.502131+00:00,2024-12-13 10:58:24.842982+00:00,0.0,median_energy_dram,unit_test_energy,InsertionSort_10Entries
_result,45,2024-12-10 12:26:22.502131+00:00,2024-12-13 12:26:22.502131+00:00,2024-12-13 10:59:48.229685+00:00,0.0,median_energy_dram,unit_test_energy,InsertionSort_10Entries
_result,45,2024-12-10 12:26:22.502131+00:00,2024-12-13 12:26:22.502131+00:00,2024-12-13 11:01:11.568996+00:00,0.0,median_energy_dram,unit_test_energy,InsertionSort_10Entries
_result,45,2024-12-10 12:26:22.502131+00:00,2024-12-13 12:26:22.502131+00:00,2024-12-13 11:02:36.184801+00:00,0.0,median_energy_dram,unit_test_energy,InsertionSort_10Entries
_result,45,2024-12-10 12:26:22.502131+00:00,2024-12-13 12:26:22.502131+00:00,2024-12-13 11:03:59.467580+00:00,0.0,median_energy_dram,unit_test_energy,InsertionSort_10Entries
_result,45,2024-12-10 12:26:22.502131+00:00,2024-12-13 12:26:22.502131+00:00,2024-12-13 11:05:23.263091+00:00,0.0,median_energy_dram,unit_test_energy,InsertionSort_10Entries
_result,45,2024-12-10 12:26:22.502131+00:00,2024-12-13 12:26:22.502131+00:00,2024-12-13 11:06:46.380654+00:00,0.0,median_energy_dram,unit_test_energy,InsertionSort_10Entries
_result,45,2024-12-10 12:26:22.502131+00:00,2024-12-13 12:26:22.502131+00:00,2024-12-13 11:08:09.344233+00:00,0.0,median_energy_dram,unit_test_energy,InsertionSort_10Entries
_result,46,2024-12-10 12:26:22.502131+00:00,2024-12-13 12:26:22.502131+00:00,2024-12-13 10:20:23.216850+00:00,0.0,median_energy_pkg,unit_test_energy,InsertionSort_10Entries
_result,46,2024-12-10 12:26:22.502131+00:00,2024-12-13 12:26:22.502131+00:00,2024-12-13 10:21:47.986521+00:00,0.0,median_energy_pkg,unit_test_energy,InsertionSort_10Entries
_result,46,2024-12-10 12:26:22.502131+00:00,2024-12-13 12:26:22.502131+00:00,2024-12-13 10:23:12.464257+00:00,0.0,median_energy_pkg,unit_test_energy,InsertionSort_10Entries
_result,46,2024-12-10 12:26:22.502131+00:00,2024-12-13 12:26:22.502131+00:00,2024-12-13 10:24:37.492533+00:00,0.0,median_energy_pkg,unit_test_energy,InsertionSort_10Entries
_result,46,2024-12-10 12:26:22.502131+00:00,2024-12-13 12:26:22.502131+00:00,2024-12-13 10:26:01.153941+00:00,0.0,median_energy_pkg,unit_test_energy,InsertionSort_10Entries
_result,46,2024-12-10 12:26:22.502131+00:00,2024-12-13 12:26:22.502131+00:00,2024-12-13 10:27:24.710430+00:00,0.0,median_energy_pkg,unit_test_energy,InsertionSort_10Entries
_result,46,2024-12-10 12:26:22.502131+00:00,2024-12-13 12:26:22.502131+00:00,2024-12-13 10:28:48.376064+00:00,0.0,median_energy_pkg,unit_test_energy,InsertionSort_10Entries
_result,46,2024-12-10 12:26:22.502131+00:00,2024-12-13 12:26:22.502131+00:00,2024-12-13 10:30:11.946662+00:00,0.0,median_energy_pkg,unit_test_energy,InsertionSort_10Entries
_result,46,2024-12-10 12:26:22.502131+00:00,2024-12-13 12:26:22.502131+00:00,2024-12-13 10:31:35.828016+00:00,0.0,median_energy_pkg,unit_test_energy,InsertionSort_10Entries
_result,46,2024-12-10 12:26:22.502131+00:00,2024-12-13 12:26:22.502131+00:00,2024-12-13 10:33:00.038788+00:00,0.0,median_energy_pkg,unit_test_energy,InsertionSort_10Entries
_result,46,2024-12-10 12:26:22.502131+00:00,2024-12-13 12:26:22.502131+00:00,2024-12-13 10:34:25.049203+00:00,0.0,median_energy_pkg,unit_test_energy,InsertionSort_10Entries
_result,46,2024-12-10 12:26:22.502131+00:00,2024-12-13 12:26:22.502131+00:00,2024-12-13 10:35:48.752238+00:00,0.0,median_energy_pkg,unit_test_energy,InsertionSort_10Entries
_result,46,2024-12-10 12:26:22.502131+00:00,2024-12-13 12:26:22.502131+00:00,2024-12-13 10:37:12.637605+00:00,0.0,median_energy_pkg,unit_test_energy,InsertionSort_10Entries
_result,46,2024-12-10 12:26:22.502131+00:00,2024-12-13 12:26:22.502131+00:00,2024-12-13 10:38:35.645772+00:00,0.0,median_energy_pkg,unit_test_energy,InsertionSort_10Entries
_result,46,2024-12-10 12:26:22.502131+00:00,2024-12-13 12:26:22.502131+00:00,2024-12-13 10:39:58.974971+00:00,0.0,median_energy_pkg,unit_test_energy,InsertionSort_10Entries
_result,46,2024-12-10 12:26:22.502131+00:00,2024-12-13 12:26:22.502131+00:00,2024-12-13 10:48:41.486074+00:00,0.0,median_energy_pkg,unit_test_energy,InsertionSort_10Entries
_result,46,2024-12-10 12:26:22.502131+00:00,2024-12-13 12:26:22.502131+00:00,2024-12-13 10:50:05.205756+00:00,0.0,median_energy_pkg,unit_test_energy,InsertionSort_10Entries
_result,46,2024-12-10 12:26:22.502131+00:00,2024-12-13 12:26:22.502131+00:00,2024-12-13 10:51:28.314639+00:00,0.0,median_energy_pkg,unit_test_energy,InsertionSort_10Entries
_result,46,2024-12-10 12:26:22.502131+00:00,2024-12-13 12:26:22.502131+00:00,2024-12-13 10:52:51.753090+00:00,0.0,median_energy_pkg,unit_test_energy,InsertionSort_10Entries
_result,46,2024-12-10 12:26:22.502131+00:00,2024-12-13 12:26:22.502131+00:00,2024-12-13 10:54:15.140588+00:00,0.0,median_energy_pkg,unit_test_energy,InsertionSort_10Entries
_result,46,2024-12-10 12:26:22.502131+00:00,2024-12-13 12:26:22.502131+00:00,2024-12-13 10:55:38.189835+00:00,0.0,median_energy_pkg,unit_test_energy,InsertionSort_10Entries
_result,46,2024-12-10 12:26:22.502131+00:00,2024-12-13 12:26:22.502131+00:00,2024-12-13 10:57:01.558956+00:00,0.0,median_energy_pkg,unit_test_energy,InsertionSort_10Entries
_result,46,2024-12-10 12:26:22.502131+00:00,2024-12-13 12:26:22.502131+00:00,2024-12-13 10:58:24.842982+00:00,0.0,median_energy_pkg,unit_test_energy,InsertionSort_10Entries
_result,46,2024-12-10 12:26:22.502131+00:00,2024-12-13 12:26:22.502131+00:00,2024-12-13 10:59:48.229685+00:00,0.0,median_energy_pkg,unit_test_energy,InsertionSort_10Entries
_result,46,2024-12-10 12:26:22.502131+00:00,2024-12-13 12:26:22.502131+00:00,2024-12-13 11:01:11.568996+00:00,0.0,median_energy_pkg,unit_test_energy,InsertionSort_10Entries
_result,46,2024-12-10 12:26:22.502131+00:00,2024-12-13 12:26:22.502131+00:00,2024-12-13 11:02:36.184801+00:00,0.0,median_energy_pkg,unit_test_energy,InsertionSort_10Entries
_result,46,2024-12-10 12:26:22.502131+00:00,2024-12-13 12:26:22.502131+00:00,2024-12-13 11:03:59.467580+00:00,0.0,median_energy_pkg,unit_test_energy,InsertionSort_10Entries
_result,46,2024-12-10 12:26:22.502131+00:00,2024-12-13 12:26:22.502131+00:00,2024-12-13 11:05:23.263091+00:00,0.0,median_energy_pkg,unit_test_energy,InsertionSort_10Entries
_result,46,2024-12-10 12:26:22.502131+00:00,2024-12-13 12:26:22.502131+00:00,2024-12-13 11:06:46.380654+00:00,0.0,median_energy_pkg,unit_test_energy,InsertionSort_10Entries
_result,46,2024-12-10 12:26:22.502131+00:00,2024-12-13 12:26:22.502131+00:00,2024-12-13 11:08:09.344233+00:00,0.0,median_energy_pkg,unit_test_energy,InsertionSort_10Entries
_result,47,2024-12-10 12:26:22.502131+00:00,2024-12-13 12:26:22.502131+00:00,2024-12-13 10:20:23.216850+00:00,0.0,total_energy_dram,unit_test_energy,InsertionSort_10Entries
_result,47,2024-12-10 12:26:22.502131+00:00,2024-12-13 12:26:22.502131+00:00,2024-12-13 10:21:47.986521+00:00,0.0456,total_energy_dram,unit_test_energy,InsertionSort_10Entries
_result,47,2024-12-10 12:26:22.502131+00:00,2024-12-13 12:26:22.502131+00:00,2024-12-13 10:23:12.464257+00:00,0.0463,total_energy_dram,unit_test_energy,InsertionSort_10Entries
_result,47,2024-12-10 12:26:22.502131+00:00,2024-12-13 12:26:22.502131+00:00,2024-12-13 10:24:37.492533+00:00,0.045,total_energy_dram,unit_test_energy,InsertionSort_10Entries
_result,47,2024-12-10 12:26:22.502131+00:00,2024-12-13 12:26:22.502131+00:00,2024-12-13 10:26:01.153941+00:00,0.0451,total_energy_dram,unit_test_energy,InsertionSort_10Entries
_result,47,2024-12-10 12:26:22.502131+00:00,2024-12-13 12:26:22.502131+00:00,2024-12-13 10:27:24.710430+00:00,0.0447,total_energy_dram,unit_test_energy,InsertionSort_10Entries
_result,47,2024-12-10 12:26:22.502131+00:00,2024-12-13 12:26:22.502131+00:00,2024-12-13 10:28:48.376064+00:00,0.045,total_energy_dram,unit_test_energy,InsertionSort_10Entries
_result,47,2024-12-10 12:26:22.502131+00:00,2024-12-13 12:26:22.502131+00:00,2024-12-13 10:30:11.946662+00:00,0.046,total_energy_dram,unit_test_energy,InsertionSort_10Entries
_result,47,2024-12-10 12:26:22.502131+00:00,2024-12-13 12:26:22.502131+00:00,2024-12-13 10:31:35.828016+00:00,0.0376,total_energy_dram,unit_test_energy,InsertionSort_10Entries
_result,47,2024-12-10 12:26:22.502131+00:00,2024-12-13 12:26:22.502131+00:00,2024-12-13 10:33:00.038788+00:00,0.0716,total_energy_dram,unit_test_energy,InsertionSort_10Entries
_result,47,2024-12-10 12:26:22.502131+00:00,2024-12-13 12:26:22.502131+00:00,2024-12-13 10:34:25.049203+00:00,0.0258,total_energy_dram,unit_test_energy,InsertionSort_10Entries
_result,47,2024-12-10 12:26:22.502131+00:00,2024-12-13 12:26:22.502131+00:00,2024-12-13 10:35:48.752238+00:00,0.0457,total_energy_dram,unit_test_energy,InsertionSort_10Entries
_result,47,2024-12-10 12:26:22.502131+00:00,2024-12-13 12:26:22.502131+00:00,2024-12-13 10:37:12.637605+00:00,0.0563,total_energy_dram,unit_test_energy,InsertionSort_10Entries
_result,47,2024-12-10 12:26:22.502131+00:00,2024-12-13 12:26:22.502131+00:00,2024-12-13 10:38:35.645772+00:00,0.0381,total_energy_dram,unit_test_energy,InsertionSort_10Entries
_result,47,2024-12-10 12:26:22.502131+00:00,2024-12-13 12:26:22.502131+00:00,2024-12-13 10:39:58.974971+00:00,0.0378,total_energy_dram,unit_test_energy,InsertionSort_10Entries
_result,47,2024-12-10 12:26:22.502131+00:00,2024-12-13 12:26:22.502131+00:00,2024-12-13 10:48:41.486074+00:00,0.0375,total_energy_dram,unit_test_energy,InsertionSort_10Entries
_result,47,2024-12-10 12:26:22.502131+00:00,2024-12-13 12:26:22.502131+00:00,2024-12-13 10:50:05.205756+00:00,0.0194,total_energy_dram,unit_test_energy,InsertionSort_10Entries
_result,47,2024-12-10 12:26:22.502131+00:00,2024-12-13 12:26:22.502131+00:00,2024-12-13 10:51:28.314639+00:00,0.0389,total_energy_dram,unit_test_energy,InsertionSort_10Entries
_result,47,2024-12-10 12:26:22.502131+00:00,2024-12-13 12:26:22.502131+00:00,2024-12-13 10:52:51.753090+00:00,0.0363,total_energy_dram,unit_test_energy,InsertionSort_10Entries
_result,47,2024-12-10 12:26:22.502131+00:00,2024-12-13 12:26:22.502131+00:00,2024-12-13 10:54:15.140588+00:00,0.0379,total_energy_dram,unit_test_energy,InsertionSort_10Entries
_result,47,2024-12-10 12:26:22.502131+00:00,2024-12-13 12:26:22.502131+00:00,2024-12-13 10:55:38.189835+00:00,0.0375,total_energy_dram,unit_test_energy,InsertionSort_10Entries
_result,47,2024-12-10 12:26:22.502131+00:00,2024-12-13 12:26:22.502131+00:00,2024-12-13 10:57:01.558956+00:00,0.0384,total_energy_dram,unit_test_energy,InsertionSort_10Entries
_result,47,2024-12-10 12:26:22.502131+00:00,2024-12-13 12:26:22.502131+00:00,2024-12-13 10:58:24.842982+00:00,0.0377,total_energy_dram,unit_test_energy,InsertionSort_10Entries
_result,47,2024-12-10 12:26:22.502131+00:00,2024-12-13 12:26:22.502131+00:00,2024-12-13 10:59:48.229685+00:00,0.0383,total_energy_dram,unit_test_energy,InsertionSort_10Entries
_result,47,2024-12-10 12:26:22.502131+00:00,2024-12-13 12:26:22.502131+00:00,2024-12-13 11:01:11.568996+00:00,0.0379,total_energy_dram,unit_test_energy,InsertionSort_10Entries
_result,47,2024-12-10 12:26:22.502131+00:00,2024-12-13 12:26:22.502131+00:00,2024-12-13 11:02:36.184801+00:00,0.0376,total_energy_dram,unit_test_energy,InsertionSort_10Entries
_result,47,2024-12-10 12:26:22.502131+00:00,2024-12-13 12:26:22.502131+00:00,2024-12-13 11:03:59.467580+00:00,0.037,total_energy_dram,unit_test_energy,InsertionSort_10Entries
_result,47,2024-12-10 12:26:22.502131+00:00,2024-12-13 12:26:22.502131+00:00,2024-12-13 11:05:23.263091+00:00,0.045,total_energy_dram,unit_test_energy,InsertionSort_10Entries
_result,47,2024-12-10 12:26:22.502131+00:00,2024-12-13 12:26:22.502131+00:00,2024-12-13 11:06:46.380654+00:00,0.0186,total_energy_dram,unit_test_energy,InsertionSort_10Entries
_result,47,2024-12-10 12:26:22.502131+00:00,2024-12-13 12:26:22.502131+00:00,2024-12-13 11:08:09.344233+00:00,0.0453,total_energy_dram,unit_test_energy,InsertionSort_10Entries
_result,48,2024-12-10 12:26:22.502131+00:00,2024-12-13 12:26:22.502131+00:00,2024-12-13 10:20:23.216850+00:00,0.0,total_energy_pkg,unit_test_energy,InsertionSort_10Entries
_result,48,2024-12-10 12:26:22.502131+00:00,2024-12-13 12:26:22.502131+00:00,2024-12-13 10:21:47.986521+00:00,0.1346,total_energy_pkg,unit_test_energy,InsertionSort_10Entries
_result,48,2024-12-10 12:26:22.502131+00:00,2024-12-13 12:26:22.502131+00:00,2024-12-13 10:23:12.464257+00:00,0.1802,total_energy_pkg,unit_test_energy,InsertionSort_10Entries
_result,48,2024-12-10 12:26:22.502131+00:00,2024-12-13 12:26:22.502131+00:00,2024-12-13 10:24:37.492533+00:00,0.1205,total_energy_pkg,unit_test_energy,InsertionSort_10Entries
_result,48,2024-12-10 12:26:22.502131+00:00,2024-12-13 12:26:22.502131+00:00,2024-12-13 10:26:01.153941+00:00,0.1208,total_energy_pkg,unit_test_energy,InsertionSort_10Entries
_result,48,2024-12-10 12:26:22.502131+00:00,2024-12-13 12:26:22.502131+00:00,2024-12-13 10:27:24.710430+00:00,0.1284,total_energy_pkg,unit_test_energy,InsertionSort_10Entries
_result,48,2024-12-10 12:26:22.502131+00:00,2024-12-13 12:26:22.502131+00:00,2024-12-13 10:28:48.376064+00:00,0.1276,total_energy_pkg,unit_test_energy,InsertionSort_10Entries
_result,48,2024-12-10 12:26:22.502131+00:00,2024-12-13 12:26:22.502131+00:00,2024-12-13 10:30:11.946662+00:00,0.1343,total_energy_pkg,unit_test_energy,InsertionSort_10Entries
_result,48,2024-12-10 12:26:22.502131+00:00,2024-12-13 12:26:22.502131+00:00,2024-12-13 10:31:35.828016+00:00,0.1079,total_energy_pkg,unit_test_energy,InsertionSort_10Entries
_result,48,2024-12-10 12:26:22.502131+00:00,2024-12-13 12:26:22.502131+00:00,2024-12-13 10:33:00.038788+00:00,0.2074,total_energy_pkg,unit_test_energy,InsertionSort_10Entries
_result,48,2024-12-10 12:26:22.502131+00:00,2024-12-13 12:26:22.502131+00:00,2024-12-13 10:34:25.049203+00:00,0.0631,total_energy_pkg,unit_test_energy,InsertionSort_10Entries
_result,48,2024-12-10 12:26:22.502131+00:00,2024-12-13 12:26:22.502131+00:00,2024-12-13 10:35:48.752238+00:00,0.1303,total_energy_pkg,unit_test_energy,InsertionSort_10Entries
_result,48,2024-12-10 12:26:22.502131+00:00,2024-12-13 12:26:22.502131+00:00,2024-12-13 10:37:12.637605+00:00,0.1048,total_energy_pkg,unit_test_energy,InsertionSort_10Entries
_result,48,2024-12-10 12:26:22.502131+00:00,2024-12-13 12:26:22.502131+00:00,2024-12-13 10:38:35.645772+00:00,0.0747,total_energy_pkg,unit_test_energy,InsertionSort_10Entries
_result,48,2024-12-10 12:26:22.502131+00:00,2024-12-13 12:26:22.502131+00:00,2024-12-13 10:39:58.974971+00:00,0.0722,total_energy_pkg,unit_test_energy,InsertionSort_10Entries
_result,48,2024-12-10 12:26:22.502131+00:00,2024-12-13 12:26:22.502131+00:00,2024-12-13 10:48:41.486074+00:00,0.0829,total_energy_pkg,unit_test_energy,InsertionSort_10Entries
_result,48,2024-12-10 12:26:22.502131+00:00,2024-12-13 12:26:22.502131+00:00,2024-12-13 10:50:05.205756+00:00,0.0347,total_energy_pkg,unit_test_energy,InsertionSort_10Entries
_result,48,2024-12-10 12:26:22.502131+00:00,2024-12-13 12:26:22.502131+00:00,2024-12-13 10:51:28.314639+00:00,0.0708,total_energy_pkg,unit_test_energy,InsertionSort_10Entries
_result,48,2024-12-10 12:26:22.502131+00:00,2024-12-13 12:26:22.502131+00:00,2024-12-13 10:52:51.753090+00:00,0.1025,total_energy_pkg,unit_test_energy,InsertionSort_10Entries
_result,48,2024-12-10 12:26:22.502131+00:00,2024-12-13 12:26:22.502131+00:00,2024-12-13 10:54:15.140588+00:00,0.0688,total_energy_pkg,unit_test_energy,InsertionSort_10Entries
_result,48,2024-12-10 12:26:22.502131+00:00,2024-12-13 12:26:22.502131+00:00,2024-12-13 10:55:38.189835+00:00,0.1008,total_energy_pkg,unit_test_energy,InsertionSort_10Entries
_result,48,2024-12-10 12:26:22.502131+00:00,2024-12-13 12:26:22.502131+00:00,2024-12-13 10:57:01.558956+00:00,0.0709,total_energy_pkg,unit_test_energy,InsertionSort_10Entries
_result,48,2024-12-10 12:26:22.502131+00:00,2024-12-13 12:26:22.502131+00:00,2024-12-13 10:58:24.842982+00:00,0.0706,total_energy_pkg,unit_test_energy,InsertionSort_10Entries
_result,48,2024-12-10 12:26:22.502131+00:00,2024-12-13 12:26:22.502131+00:00,2024-12-13 10:59:48.229685+00:00,0.0751,total_energy_pkg,unit_test_energy,InsertionSort_10Entries
_result,48,2024-12-10 12:26:22.502131+00:00,2024-12-13 12:26:22.502131+00:00,2024-12-13 11:01:11.568996+00:00,0.0754,total_energy_pkg,unit_test_energy,InsertionSort_10Entries
_result,48,2024-12-10 12:26:22.502131+00:00,2024-12-13 12:26:22.502131+00:00,2024-12-13 11:02:36.184801+00:00,0.0788,total_energy_pkg,unit_test_energy,InsertionSort_10Entries
_result,48,2024-12-10 12:26:22.502131+00:00,2024-12-13 12:26:22.502131+00:00,2024-12-13 11:03:59.467580+00:00,0.0729,total_energy_pkg,unit_test_energy,InsertionSort_10Entries
_result,48,2024-12-10 12:26:22.502131+00:00,2024-12-13 12:26:22.502131+00:00,2024-12-13 11:05:23.263091+00:00,0.119,total_energy_pkg,unit_test_energy,InsertionSort_10Entries
_result,48,2024-12-10 12:26:22.502131+00:00,2024-12-13 12:26:22.502131+00:00,2024-12-13 11:06:46.380654+00:00,0.0333,total_energy_pkg,unit_test_energy,InsertionSort_10Entries
_result,48,2024-12-10 12:26:22.502131+00:00,2024-12-13 12:26:22.502131+00:00,2024-12-13 11:08:09.344233+00:00,0.1353,total_energy_pkg,unit_test_energy,InsertionSort_10Entries
_result,49,2024-12-10 12:26:22.502131+00:00,2024-12-13 12:26:22.502131+00:00,2024-12-13 11:41:11.168455+00:00,49.7084,avg_energy_dram,unit_test_energy,InsertionSort_SortsListCorrectly
_result,49,2024-12-10 12:26:22.502131+00:00,2024-12-13 12:26:22.502131+00:00,2024-12-13 11:42:32.258363+00:00,50.8148,avg_energy_dram,unit_test_energy,InsertionSort_SortsListCorrectly
_result,49,2024-12-10 12:26:22.502131+00:00,2024-12-13 12:26:22.502131+00:00,2024-12-13 11:43:53.876414+00:00,43.1449,avg_energy_dram,unit_test_energy,InsertionSort_SortsListCorrectly
_result,49,2024-12-10 12:26:22.502131+00:00,2024-12-13 12:26:22.502131+00:00,2024-12-13 11:45:16.172248+00:00,42.7897,avg_energy_dram,unit_test_energy,InsertionSort_SortsListCorrectly
_result,49,2024-12-10 12:26:22.502131+00:00,2024-12-13 12:26:22.502131+00:00,2024-12-13 11:46:38.268910+00:00,43.1913,avg_energy_dram,unit_test_energy,InsertionSort_SortsListCorrectly
_result,49,2024-12-10 12:26:22.502131+00:00,2024-12-13 12:26:22.502131+00:00,2024-12-13 11:48:00.950980+00:00,44.2083,avg_energy_dram,unit_test_energy,InsertionSort_SortsListCorrectly
_result,49,2024-12-10 12:26:22.502131+00:00,2024-12-13 12:26:22.502131+00:00,2024-12-13 11:49:22.754642+00:00,42.9882,avg_energy_dram,unit_test_energy,InsertionSort_SortsListCorrectly
_result,49,2024-12-10 12:26:22.502131+00:00,2024-12-13 12:26:22.502131+00:00,2024-12-13 11:50:44.970048+00:00,43.1274,avg_energy_dram,unit_test_energy,InsertionSort_SortsListCorrectly
_result,49,2024-12-10 12:26:22.502131+00:00,2024-12-13 12:26:22.502131+00:00,2024-12-13 11:52:06.633098+00:00,42.9987,avg_energy_dram,unit_test_energy,InsertionSort_SortsListCorrectly
_result,49,2024-12-10 12:26:22.502131+00:00,2024-12-13 12:26:22.502131+00:00,2024-12-13 11:53:28.449504+00:00,43.5464,avg_energy_dram,unit_test_energy,InsertionSort_SortsListCorrectly
_result,49,2024-12-10 12:26:22.502131+00:00,2024-12-13 12:26:22.502131+00:00,2024-12-13 11:54:50.725219+00:00,43.3485,avg_energy_dram,unit_test_energy,InsertionSort_SortsListCorrectly
_result,49,2024-12-10 12:26:22.502131+00:00,2024-12-13 12:26:22.502131+00:00,2024-12-13 11:56:13.430418+00:00,50.6994,avg_energy_dram,unit_test_energy,InsertionSort_SortsListCorrectly
_result,49,2024-12-10 12:26:22.502131+00:00,2024-12-13 12:26:22.502131+00:00,2024-12-13 11:57:35.973565+00:00,50.8927,avg_energy_dram,unit_test_energy,InsertionSort_SortsListCorrectly
_result,49,2024-12-10 12:26:22.502131+00:00,2024-12-13 12:26:22.502131+00:00,2024-12-13 11:58:58.253903+00:00,48.7183,avg_energy_dram,unit_test_energy,InsertionSort_SortsListCorrectly
_result,49,2024-12-10 12:26:22.502131+00:00,2024-12-13 12:26:22.502131+00:00,2024-12-13 12:00:20.167758+00:00,50.8403,avg_energy_dram,unit_test_energy,InsertionSort_SortsListCorrectly
_result,49,2024-12-10 12:26:22.502131+00:00,2024-12-13 12:26:22.502131+00:00,2024-12-13 12:02:17.357627+00:00,50.5734,avg_energy_dram,unit_test_energy,InsertionSort_SortsListCorrectly
_result,49,2024-12-10 12:26:22.502131+00:00,2024-12-13 12:26:22.502131+00:00,2024-12-13 12:03:39.360515+00:00,50.8286,avg_energy_dram,unit_test_energy,InsertionSort_SortsListCorrectly
_result,49,2024-12-10 12:26:22.502131+00:00,2024-12-13 12:26:22.502131+00:00,2024-12-13 12:05:01.822092+00:00,50.8606,avg_energy_dram,unit_test_energy,InsertionSort_SortsListCorrectly
_result,49,2024-12-10 12:26:22.502131+00:00,2024-12-13 12:26:22.502131+00:00,2024-12-13 12:06:23.839661+00:00,50.7215,avg_energy_dram,unit_test_energy,InsertionSort_SortsListCorrectly
_result,49,2024-12-10 12:26:22.502131+00:00,2024-12-13 12:26:22.502131+00:00,2024-12-13 12:07:45.838684+00:00,50.8503,avg_energy_dram,unit_test_energy,InsertionSort_SortsListCorrectly
_result,49,2024-12-10 12:26:22.502131+00:00,2024-12-13 12:26:22.502131+00:00,2024-12-13 12:09:08.447475+00:00,50.8868,avg_energy_dram,unit_test_energy,InsertionSort_SortsListCorrectly
_result,49,2024-12-10 12:26:22.502131+00:00,2024-12-13 12:26:22.502131+00:00,2024-12-13 12:10:30.722999+00:00,50.9689,avg_energy_dram,unit_test_energy,InsertionSort_SortsListCorrectly
_result,49,2024-12-10 12:26:22.502131+00:00,2024-12-13 12:26:22.502131+00:00,2024-12-13 12:11:52.745601+00:00,43.7824,avg_energy_dram,unit_test_energy,InsertionSort_SortsListCorrectly
_result,49,2024-12-10 12:26:22.502131+00:00,2024-12-13 12:26:22.502131+00:00,2024-12-13 12:13:15.322383+00:00,50.8925,avg_energy_dram,unit_test_energy,InsertionSort_SortsListCorrectly
_result,49,2024-12-10 12:26:22.502131+00:00,2024-12-13 12:26:22.502131+00:00,2024-12-13 12:14:38.032110+00:00,51.0283,avg_energy_dram,unit_test_energy,InsertionSort_SortsListCorrectly
_result,49,2024-12-10 12:26:22.502131+00:00,2024-12-13 12:26:22.502131+00:00,2024-12-13 12:16:00.511337+00:00,51.0116,avg_energy_dram,unit_test_energy,InsertionSort_SortsListCorrectly
_result,49,2024-12-10 12:26:22.502131+00:00,2024-12-13 12:26:22.502131+00:00,2024-12-13 12:17:22.793698+00:00,50.6013,avg_energy_dram,unit_test_energy,InsertionSort_SortsListCorrectly
_result,49,2024-12-10 12:26:22.502131+00:00,2024-12-13 12:26:22.502131+00:00,2024-12-13 12:18:44.566261+00:00,50.9046,avg_energy_dram,unit_test_energy,InsertionSort_SortsListCorrectly
_result,49,2024-12-10 12:26:22.502131+00:00,2024-12-13 12:26:22.502131+00:00,2024-12-13 12:20:06.775140+00:00,50.2752,avg_energy_dram,unit_test_energy,InsertionSort_SortsListCorrectly
_result,49,2024-12-10 12:26:22.502131+00:00,2024-12-13 12:26:22.502131+00:00,2024-12-13 12:21:28.671437+00:00,49.0536,avg_energy_dram,unit_test_energy,InsertionSort_SortsListCorrectly
_result,50,2024-12-10 12:26:22.502131+00:00,2024-12-13 12:26:22.502131+00:00,2024-12-13 11:41:11.168455+00:00,126.3732,avg_energy_pkg,unit_test_energy,InsertionSort_SortsListCorrectly
_result,50,2024-12-10 12:26:22.502131+00:00,2024-12-13 12:26:22.502131+00:00,2024-12-13 11:42:32.258363+00:00,127.8635,avg_energy_pkg,unit_test_energy,InsertionSort_SortsListCorrectly
_result,50,2024-12-10 12:26:22.502131+00:00,2024-12-13 12:26:22.502131+00:00,2024-12-13 11:43:53.876414+00:00,110.6536,avg_energy_pkg,unit_test_energy,InsertionSort_SortsListCorrectly
_result,50,2024-12-10 12:26:22.502131+00:00,2024-12-13 12:26:22.502131+00:00,2024-12-13 11:45:16.172248+00:00,109.5163,avg_energy_pkg,unit_test_energy,InsertionSort_SortsListCorrectly
_result,50,2024-12-10 12:26:22.502131+00:00,2024-12-13 12:26:22.502131+00:00,2024-12-13 11:46:38.268910+00:00,111.375,avg_energy_pkg,unit_test_energy,InsertionSort_SortsListCorrectly
_result,50,2024-12-10 12:26:22.502131+00:00,2024-12-13 12:26:22.502131+00:00,2024-12-13 11:48:00.950980+00:00,111.8278,avg_energy_pkg,unit_test_energy,InsertionSort_SortsListCorrectly
_result,50,2024-12-10 12:26:22.502131+00:00,2024-12-13 12:26:22.502131+00:00,2024-12-13 11:49:22.754642+00:00,111.1492,avg_energy_pkg,unit_test_energy,InsertionSort_SortsListCorrectly
_result,50,2024-12-10 12:26:22.502131+00:00,2024-12-13 12:26:22.502131+00:00,2024-12-13 11:50:44.970048+00:00,111.4927,avg_energy_pkg,unit_test_energy,InsertionSort_SortsListCorrectly
_result,50,2024-12-10 12:26:22.502131+00:00,2024-12-13 12:26:22.502131+00:00,2024-12-13 11:52:06.633098+00:00,110.047,avg_energy_pkg,unit_test_energy,InsertionSort_SortsListCorrectly
_result,50,2024-12-10 12:26:22.502131+00:00,2024-12-13 12:26:22.502131+00:00,2024-12-13 11:53:28.449504+00:00,112.4886,avg_energy_pkg,unit_test_energy,InsertionSort_SortsListCorrectly
_result,50,2024-12-10 12:26:22.502131+00:00,2024-12-13 12:26:22.502131+00:00,2024-12-13 11:54:50.725219+00:00,111.7904,avg_energy_pkg,unit_test_energy,InsertionSort_SortsListCorrectly
_result,50,2024-12-10 12:26:22.502131+00:00,2024-12-13 12:26:22.502131+00:00,2024-12-13 11:56:13.430418+00:00,125.3872,avg_energy_pkg,unit_test_energy,InsertionSort_SortsListCorrectly
_result,50,2024-12-10 12:26:22.502131+00:00,2024-12-13 12:26:22.502131+00:00,2024-12-13 11:57:35.973565+00:00,127.6683,avg_energy_pkg,unit_test_energy,InsertionSort_SortsListCorrectly
_result,50,2024-12-10 12:26:22.502131+00:00,2024-12-13 12:26:22.502131+00:00,2024-12-13 11:58:58.253903+00:00,123.9214,avg_energy_pkg,unit_test_energy,InsertionSort_SortsListCorrectly
_result,50,2024-12-10 12:26:22.502131+00:00,2024-12-13 12:26:22.502131+00:00,2024-12-13 12:00:20.167758+00:00,127.1483,avg_energy_pkg,unit_test_energy,InsertionSort_SortsListCorrectly
_result,50,2024-12-10 12:26:22.502131+00:00,2024-12-13 12:26:22.502131+00:00,2024-12-13 12:02:17.357627+00:00,126.5026,avg_energy_pkg,unit_test_energy,InsertionSort_SortsListCorrectly
_result,50,2024-12-10 12:26:22.502131+00:00,2024-12-13 12:26:22.502131+00:00,2024-12-13 12:03:39.360515+00:00,127.9076,avg_energy_pkg,unit_test_energy,InsertionSort_SortsListCorrectly
_result,50,2024-12-10 12:26:22.502131+00:00,2024-12-13 12:26:22.502131+00:00,2024-12-13 12:05:01.822092+00:00,128.0564,avg_energy_pkg,unit_test_energy,InsertionSort_SortsListCorrectly
_result,50,2024-12-10 12:26:22.502131+00:00,2024-12-13 12:26:22.502131+00:00,2024-12-13 12:06:23.839661+00:00,127.0613,avg_energy_pkg,unit_test_energy,InsertionSort_SortsListCorrectly
_result,50,2024-12-10 12:26:22.502131+00:00,2024-12-13 12:26:22.502131+00:00,2024-12-13 12:07:45.838684+00:00,125.695,avg_energy_pkg,unit_test_energy,InsertionSort_SortsListCorrectly
_result,50,2024-12-10 12:26:22.502131+00:00,2024-12-13 12:26:22.502131+00:00,2024-12-13 12:09:08.447475+00:00,128.421,avg_energy_pkg,unit_test_energy,InsertionSort_SortsListCorrectly
_result,50,2024-12-10 12:26:22.502131+00:00,2024-12-13 12:26:22.502131+00:00,2024-12-13 12:10:30.722999+00:00,129.0643,avg_energy_pkg,unit_test_energy,InsertionSort_SortsListCorrectly
_result,50,2024-12-10 12:26:22.502131+00:00,2024-12-13 12:26:22.502131+00:00,2024-12-13 12:11:52.745601+00:00,121.8231,avg_energy_pkg,unit_test_energy,InsertionSort_SortsListCorrectly
_result,50,2024-12-10 12:26:22.502131+00:00,2024-12-13 12:26:22.502131+00:00,2024-12-13 12:13:15.322383+00:00,126.5121,avg_energy_pkg,unit_test_energy,InsertionSort_SortsListCorrectly
_result,50,2024-12-10 12:26:22.502131+00:00,2024-12-13 12:26:22.502131+00:00,2024-12-13 12:14:38.032110+00:00,127.2969,avg_energy_pkg,unit_test_energy,InsertionSort_SortsListCorrectly
_result,50,2024-12-10 12:26:22.502131+00:00,2024-12-13 12:26:22.502131+00:00,2024-12-13 12:16:00.511337+00:00,127.8119,avg_energy_pkg,unit_test_energy,InsertionSort_SortsListCorrectly
_result,50,2024-12-10 12:26:22.502131+00:00,2024-12-13 12:26:22.502131+00:00,2024-12-13 12:17:22.793698+00:00,126.4617,avg_energy_pkg,unit_test_energy,InsertionSort_SortsListCorrectly
_result,50,2024-12-10 12:26:22.502131+00:00,2024-12-13 12:26:22.502131+00:00,2024-12-13 12:18:44.566261+00:00,127.779,avg_energy_pkg,unit_test_energy,InsertionSort_SortsListCorrectly
_result,50,2024-12-10 12:26:22.502131+00:00,2024-12-13 12:26:22.502131+00:00,2024-12-13 12:20:06.775140+00:00,126.6355,avg_energy_pkg,unit_test_energy,InsertionSort_SortsListCorrectly
_result,50,2024-12-10 12:26:22.502131+00:00,2024-12-13 12:26:22.502131+00:00,2024-12-13 12:21:28.671437+00:00,124.5286,avg_energy_pkg,unit_test_energy,InsertionSort_SortsListCorrectly
_result,51,2024-12-10 12:26:22.502131+00:00,2024-12-13 12:26:22.502131+00:00,2024-12-13 11:41:11.168455+00:00,5.1148,duration,unit_test_energy,InsertionSort_SortsListCorrectly
_result,51,2024-12-10 12:26:22.502131+00:00,2024-12-13 12:26:22.502131+00:00,2024-12-13 11:42:32.258363+00:00,5.0748,duration,unit_test_energy,InsertionSort_SortsListCorrectly
_result,51,2024-12-10 12:26:22.502131+00:00,2024-12-13 12:26:22.502131+00:00,2024-12-13 11:43:53.876414+00:00,5.1944,duration,unit_test_energy,InsertionSort_SortsListCorrectly
_result,51,2024-12-10 12:26:22.502131+00:00,2024-12-13 12:26:22.502131+00:00,2024-12-13 11:45:16.172248+00:00,5.2412,duration,unit_test_energy,InsertionSort_SortsListCorrectly
_result,51,2024-12-10 12:26:22.502131+00:00,2024-12-13 12:26:22.502131+00:00,2024-12-13 11:46:38.268910+00:00,5.1701,duration,unit_test_energy,InsertionSort_SortsListCorrectly
_result,51,2024-12-10 12:26:22.502131+00:00,2024-12-13 12:26:22.502131+00:00,2024-12-13 11:48:00.950980+00:00,5.6793,duration,unit_test_energy,InsertionSort_SortsListCorrectly
_result,51,2024-12-10 12:26:22.502131+00:00,2024-12-13 12:26:22.502131+00:00,2024-12-13 11:49:22.754642+00:00,5.221,duration,unit_test_energy,InsertionSort_SortsListCorrectly
_result,51,2024-12-10 12:26:22.502131+00:00,2024-12-13 12:26:22.502131+00:00,2024-12-13 11:50:44.970048+00:00,5.1401,duration,unit_test_energy,InsertionSort_SortsListCorrectly
_result,51,2024-12-10 12:26:22.502131+00:00,2024-12-13 12:26:22.502131+00:00,2024-12-13 11:52:06.633098+00:00,5.1766,duration,unit_test_energy,InsertionSort_SortsListCorrectly
_result,51,2024-12-10 12:26:22.502131+00:00,2024-12-13 12:26:22.502131+00:00,2024-12-13 11:53:28.449504+00:00,5.1154,duration,unit_test_energy,InsertionSort_SortsListCorrectly
_result,51,2024-12-10 12:26:22.502131+00:00,2024-12-13 12:26:22.502131+00:00,2024-12-13 11:54:50.725219+00:00,5.1845,duration,unit_test_energy,InsertionSort_SortsListCorrectly
_result,51,2024-12-10 12:26:22.502131+00:00,2024-12-13 12:26:22.502131+00:00,2024-12-13 11:56:13.430418+00:00,5.3556,duration,unit_test_energy,InsertionSort_SortsListCorrectly
_result,51,2024-12-10 12:26:22.502131+00:00,2024-12-13 12:26:22.502131+00:00,2024-12-13 11:57:35.973565+00:00,5.1763,duration,unit_test_energy,InsertionSort_SortsListCorrectly
_result,51,2024-12-10 12:26:22.502131+00:00,2024-12-13 12:26:22.502131+00:00,2024-12-13 11:58:58.253903+00:00,5.2287,duration,unit_test_energy,InsertionSort_SortsListCorrectly
_result,51,2024-12-10 12:26:22.502131+00:00,2024-12-13 12:26:22.502131+00:00,2024-12-13 12:00:20.167758+00:00,5.1512,duration,unit_test_energy,InsertionSort_SortsListCorrectly
_result,51,2024-12-10 12:26:22.502131+00:00,2024-12-13 12:26:22.502131+00:00,2024-12-13 12:02:17.357627+00:00,6.3191,duration,unit_test_energy,InsertionSort_SortsListCorrectly
_result,51,2024-12-10 12:26:22.502131+00:00,2024-12-13 12:26:22.502131+00:00,2024-12-13 12:03:39.360515+00:00,5.1586,duration,unit_test_energy,InsertionSort_SortsListCorrectly
_result,51,2024-12-10 12:26:22.502131+00:00,2024-12-13 12:26:22.502131+00:00,2024-12-13 12:05:01.822092+00:00,5.1721,duration,unit_test_energy,InsertionSort_SortsListCorrectly
_result,51,2024-12-10 12:26:22.502131+00:00,2024-12-13 12:26:22.502131+00:00,2024-12-13 12:06:23.839661+00:00,5.2558,duration,unit_test_energy,InsertionSort_SortsListCorrectly
_result,51,2024-12-10 12:26:22.502131+00:00,2024-12-13 12:26:22.502131+00:00,2024-12-13 12:07:45.838684+00:00,5.2445,duration,unit_test_energy,InsertionSort_SortsListCorrectly
_result,51,2024-12-10 12:26:22.502131+00:00,2024-12-13 12:26:22.502131+00:00,2024-12-13 12:09:08.447475+00:00,5.1467,duration,unit_test_energy,InsertionSort_SortsListCorrectly
_result,51,2024-12-10 12:26:22.502131+00:00,2024-12-13 12:26:22.502131+00:00,2024-12-13 12:10:30.722999+00:00,5.294,duration,unit_test_energy,InsertionSort_SortsListCorrectly
_result,51,2024-12-10 12:26:22.502131+00:00,2024-12-13 12:26:22.502131+00:00,2024-12-13 12:11:52.745601+00:00,5.2921,duration,unit_test_energy,InsertionSort_SortsListCorrectly
_result,51,2024-12-10 12:26:22.502131+00:00,2024-12-13 12:26:22.502131+00:00,2024-12-13 12:13:15.322383+00:00,5.1808,duration,unit_test_energy,InsertionSort_SortsListCorrectly
_result,51,2024-12-10 12:26:22.502131+00:00,2024-12-13 12:26:22.502131+00:00,2024-12-13 12:14:38.032110+00:00,5.2159,duration,unit_test_energy,InsertionSort_SortsListCorrectly
_result,51,2024-12-10 12:26:22.502131+00:00,2024-12-13 12:26:22.502131+00:00,2024-12-13 12:16:00.511337+00:00,5.1298,duration,unit_test_energy,InsertionSort_SortsListCorrectly
_result,51,2024-12-10 12:26:22.502131+00:00,2024-12-13 12:26:22.502131+00:00,2024-12-13 12:17:22.793698+00:00,5.1793,duration,unit_test_energy,InsertionSort_SortsListCorrectly
_result,51,2024-12-10 12:26:22.502131+00:00,2024-12-13 12:26:22.502131+00:00,2024-12-13 12:18:44.566261+00:00,5.1254,duration,unit_test_energy,InsertionSort_SortsListCorrectly
_result,51,2024-12-10 12:26:22.502131+00:00,2024-12-13 12:26:22.502131+00:00,2024-12-13 12:20:06.775140+00:00,5.1204,duration,unit_test_energy,InsertionSort_SortsListCorrectly
_result,51,2024-12-10 12:26:22.502131+00:00,2024-12-13 12:26:22.502131+00:00,2024-12-13 12:21:28.671437+00:00,5.1834,duration,unit_test_energy,InsertionSort_SortsListCorrectly
_result,52,2024-12-10 12:26:22.502131+00:00,2024-12-13 12:26:22.502131+00:00,2024-12-13 11:41:11.168455+00:00,49.3271,median_energy_dram,unit_test_energy,InsertionSort_SortsListCorrectly
_result,52,2024-12-10 12:26:22.502131+00:00,2024-12-13 12:26:22.502131+00:00,2024-12-13 11:42:32.258363+00:00,50.7277,median_energy_dram,unit_test_energy,InsertionSort_SortsListCorrectly
_result,52,2024-12-10 12:26:22.502131+00:00,2024-12-13 12:26:22.502131+00:00,2024-12-13 11:43:53.876414+00:00,42.7681,median_energy_dram,unit_test_energy,InsertionSort_SortsListCorrectly
_result,52,2024-12-10 12:26:22.502131+00:00,2024-12-13 12:26:22.502131+00:00,2024-12-13 11:45:16.172248+00:00,42.5613,median_energy_dram,unit_test_energy,InsertionSort_SortsListCorrectly
_result,52,2024-12-10 12:26:22.502131+00:00,2024-12-13 12:26:22.502131+00:00,2024-12-13 11:46:38.268910+00:00,43.3006,median_energy_dram,unit_test_energy,InsertionSort_SortsListCorrectly
_result,52,2024-12-10 12:26:22.502131+00:00,2024-12-13 12:26:22.502131+00:00,2024-12-13 11:48:00.950980+00:00,43.4592,median_energy_dram,unit_test_energy,InsertionSort_SortsListCorrectly
_result,52,2024-12-10 12:26:22.502131+00:00,2024-12-13 12:26:22.502131+00:00,2024-12-13 11:49:22.754642+00:00,42.46,median_energy_dram,unit_test_energy,InsertionSort_SortsListCorrectly
_result,52,2024-12-10 12:26:22.502131+00:00,2024-12-13 12:26:22.502131+00:00,2024-12-13 11:50:44.970048+00:00,43.0502,median_energy_dram,unit_test_energy,InsertionSort_SortsListCorrectly
_result,52,2024-12-10 12:26:22.502131+00:00,2024-12-13 12:26:22.502131+00:00,2024-12-13 11:52:06.633098+00:00,42.6033,median_energy_dram,unit_test_energy,InsertionSort_SortsListCorrectly
_result,52,2024-12-10 12:26:22.502131+00:00,2024-12-13 12:26:22.502131+00:00,2024-12-13 11:53:28.449504+00:00,42.9172,median_energy_dram,unit_test_energy,InsertionSort_SortsListCorrectly
_result,52,2024-12-10 12:26:22.502131+00:00,2024-12-13 12:26:22.502131+00:00,2024-12-13 11:54:50.725219+00:00,42.8709,median_energy_dram,unit_test_energy,InsertionSort_SortsListCorrectly
_result,52,2024-12-10 12:26:22.502131+00:00,2024-12-13 12:26:22.502131+00:00,2024-12-13 11:56:13.430418+00:00,50.0391,median_energy_dram,unit_test_energy,InsertionSort_SortsListCorrectly
_result,52,2024-12-10 12:26:22.502131+00:00,2024-12-13 12:26:22.502131+00:00,2024-12-13 11:57:35.973565+00:00,50.0858,median_energy_dram,unit_test_energy,InsertionSort_SortsListCorrectly
_result,52,2024-12-10 12:26:22.502131+00:00,2024-12-13 12:26:22.502131+00:00,2024-12-13 11:58:58.253903+00:00,49.0665,median_energy_dram,unit_test_energy,InsertionSort_SortsListCorrectly
_result,52,2024-12-10 12:26:22.502131+00:00,2024-12-13 12:26:22.502131+00:00,2024-12-13 12:00:20.167758+00:00,50.6937,median_energy_dram,unit_test_energy,InsertionSort_SortsListCorrectly
_result,52,2024-12-10 12:26:22.502131+00:00,2024-12-13 12:26:22.502131+00:00,2024-12-13 12:02:17.357627+00:00,50.123,median_energy_dram,unit_test_energy,InsertionSort_SortsListCorrectly
_result,52,2024-12-10 12:26:22.502131+00:00,2024-12-13 12:26:22.502131+00:00,2024-12-13 12:03:39.360515+00:00,50.1999,median_energy_dram,unit_test_energy,InsertionSort_SortsListCorrectly
_result,52,2024-12-10 12:26:22.502131+00:00,2024-12-13 12:26:22.502131+00:00,2024-12-13 12:05:01.822092+00:00,50.1952,median_energy_dram,unit_test_energy,InsertionSort_SortsListCorrectly
_result,52,2024-12-10 12:26:22.502131+00:00,2024-12-13 12:26:22.502131+00:00,2024-12-13 12:06:23.839661+00:00,50.1544,median_energy_dram,unit_test_energy,InsertionSort_SortsListCorrectly
_result,52,2024-12-10 12:26:22.502131+00:00,2024-12-13 12:26:22.502131+00:00,2024-12-13 12:07:45.838684+00:00,50.694,median_energy_dram,unit_test_energy,InsertionSort_SortsListCorrectly
_result,52,2024-12-10 12:26:22.502131+00:00,2024-12-13 12:26:22.502131+00:00,2024-12-13 12:09:08.447475+00:00,50.1434,median_energy_dram,unit_test_energy,InsertionSort_SortsListCorrectly
_result,52,2024-12-10 12:26:22.502131+00:00,2024-12-13 12:26:22.502131+00:00,2024-12-13 12:10:30.722999+00:00,50.5249,median_energy_dram,unit_test_energy,InsertionSort_SortsListCorrectly
_result,52,2024-12-10 12:26:22.502131+00:00,2024-12-13 12:26:22.502131+00:00,2024-12-13 12:11:52.745601+00:00,43.41,median_energy_dram,unit_test_energy,InsertionSort_SortsListCorrectly
_result,52,2024-12-10 12:26:22.502131+00:00,2024-12-13 12:26:22.502131+00:00,2024-12-13 12:13:15.322383+00:00,50.3717,median_energy_dram,unit_test_energy,InsertionSort_SortsListCorrectly
_result,52,2024-12-10 12:26:22.502131+00:00,2024-12-13 12:26:22.502131+00:00,2024-12-13 12:14:38.032110+00:00,50.9747,median_energy_dram,unit_test_energy,InsertionSort_SortsListCorrectly
_result,52,2024-12-10 12:26:22.502131+00:00,2024-12-13 12:26:22.502131+00:00,2024-12-13 12:16:00.511337+00:00,50.6241,median_energy_dram,unit_test_energy,InsertionSort_SortsListCorrectly
_result,52,2024-12-10 12:26:22.502131+00:00,2024-12-13 12:26:22.502131+00:00,2024-12-13 12:17:22.793698+00:00,49.9748,median_energy_dram,unit_test_energy,InsertionSort_SortsListCorrectly
_result,52,2024-12-10 12:26:22.502131+00:00,2024-12-13 12:26:22.502131+00:00,2024-12-13 12:18:44.566261+00:00,50.4279,median_energy_dram,unit_test_energy,InsertionSort_SortsListCorrectly
_result,52,2024-12-10 12:26:22.502131+00:00,2024-12-13 12:26:22.502131+00:00,2024-12-13 12:20:06.775140+00:00,49.9918,median_energy_dram,unit_test_energy,InsertionSort_SortsListCorrectly
_result,52,2024-12-10 12:26:22.502131+00:00,2024-12-13 12:26:22.502131+00:00,2024-12-13 12:21:28.671437+00:00,50.0897,median_energy_dram,unit_test_energy,InsertionSort_SortsListCorrectly
_result,53,2024-12-10 12:26:22.502131+00:00,2024-12-13 12:26:22.502131+00:00,2024-12-13 11:41:11.168455+00:00,125.0012,median_energy_pkg,unit_test_energy,InsertionSort_SortsListCorrectly
_result,53,2024-12-10 12:26:22.502131+00:00,2024-12-13 12:26:22.502131+00:00,2024-12-13 11:42:32.258363+00:00,127.113,median_energy_pkg,unit_test_energy,InsertionSort_SortsListCorrectly
_result,53,2024-12-10 12:26:22.502131+00:00,2024-12-13 12:26:22.502131+00:00,2024-12-13 11:43:53.876414+00:00,110.7196,median_energy_pkg,unit_test_energy,InsertionSort_SortsListCorrectly
_result,53,2024-12-10 12:26:22.502131+00:00,2024-12-13 12:26:22.502131+00:00,2024-12-13 11:45:16.172248+00:00,109.7595,median_energy_pkg,unit_test_energy,InsertionSort_SortsListCorrectly
_result,53,2024-12-10 12:26:22.502131+00:00,2024-12-13 12:26:22.502131+00:00,2024-12-13 11:46:38.268910+00:00,112.1381,median_energy_pkg,unit_test_energy,InsertionSort_SortsListCorrectly
_result,53,2024-12-10 12:26:22.502131+00:00,2024-12-13 12:26:22.502131+00:00,2024-12-13 11:48:00.950980+00:00,111.9629,median_energy_pkg,unit_test_energy,InsertionSort_SortsListCorrectly
_result,53,2024-12-10 12:26:22.502131+00:00,2024-12-13 12:26:22.502131+00:00,2024-12-13 11:49:22.754642+00:00,110.0146,median_energy_pkg,unit_test_energy,InsertionSort_SortsListCorrectly
_result,53,2024-12-10 12:26:22.502131+00:00,2024-12-13 12:26:22.502131+00:00,2024-12-13 11:50:44.970048+00:00,110.3687,median_energy_pkg,unit_test_energy,InsertionSort_SortsListCorrectly
_result,53,2024-12-10 12:26:22.502131+00:00,2024-12-13 12:26:22.502131+00:00,2024-12-13 11:52:06.633098+00:00,109.6588,median_energy_pkg,unit_test_energy,InsertionSort_SortsListCorrectly
_result,53,2024-12-10 12:26:22.502131+00:00,2024-12-13 12:26:22.502131+00:00,2024-12-13 11:53:28.449504+00:00,112.157,median_energy_pkg,unit_test_energy,InsertionSort_SortsListCorrectly
_result,53,2024-12-10 12:26:22.502131+00:00,2024-12-13 12:26:22.502131+00:00,2024-12-13 11:54:50.725219+00:00,112.2247,median_energy_pkg,unit_test_energy,InsertionSort_SortsListCorrectly
_result,53,2024-12-10 12:26:22.502131+00:00,2024-12-13 12:26:22.502131+00:00,2024-12-13 11:56:13.430418+00:00,124.6808,median_energy_pkg,unit_test_energy,InsertionSort_SortsListCorrectly
_result,53,2024-12-10 12:26:22.502131+00:00,2024-12-13 12:26:22.502131+00:00,2024-12-13 11:57:35.973565+00:00,126.0138,median_energy_pkg,unit_test_energy,InsertionSort_SortsListCorrectly
_result,53,2024-12-10 12:26:22.502131+00:00,2024-12-13 12:26:22.502131+00:00,2024-12-13 11:58:58.253903+00:00,123.6133,median_energy_pkg,unit_test_energy,InsertionSort_SortsListCorrectly
_result,53,2024-12-10 12:26:22.502131+00:00,2024-12-13 12:26:22.502131+00:00,2024-12-13 12:00:20.167758+00:00,126.8042,median_energy_pkg,unit_test_energy,InsertionSort_SortsListCorrectly
_result,53,2024-12-10 12:26:22.502131+00:00,2024-12-13 12:26:22.502131+00:00,2024-12-13 12:02:17.357627+00:00,125.6274,median_energy_pkg,unit_test_energy,InsertionSort_SortsListCorrectly
_result,53,2024-12-10 12:26:22.502131+00:00,2024-12-13 12:26:22.502131+00:00,2024-12-13 12:03:39.360515+00:00,127.179,median_energy_pkg,unit_test_energy,InsertionSort_SortsListCorrectly
_result,53,2024-12-10 12:26:22.502131+00:00,2024-12-13 12:26:22.502131+00:00,2024-12-13 12:05:01.822092+00:00,126.2103,median_energy_pkg,unit_test_energy,InsertionSort_SortsListCorrectly
_result,53,2024-12-10 12:26:22.502131+00:00,2024-12-13 12:26:22.502131+00:00,2024-12-13 12:06:23.839661+00:00,126.1646,median_energy_pkg,unit_test_energy,InsertionSort_SortsListCorrectly
_result,53,2024-12-10 12:26:22.502131+00:00,2024-12-13 12:26:22.502131+00:00,2024-12-13 12:07:45.838684+00:00,125.5957,median_energy_pkg,unit_test_energy,InsertionSort_SortsListCorrectly
_result,53,2024-12-10 12:26:22.502131+00:00,2024-12-13 12:26:22.502131+00:00,2024-12-13 12:09:08.447475+00:00,126.7041,median_energy_pkg,unit_test_energy,InsertionSort_SortsListCorrectly
_result,53,2024-12-10 12:26:22.502131+00:00,2024-12-13 12:26:22.502131+00:00,2024-12-13 12:10:30.722999+00:00,129.1113,median_energy_pkg,unit_test_energy,InsertionSort_SortsListCorrectly
_result,53,2024-12-10 12:26:22.502131+00:00,2024-12-13 12:26:22.502131+00:00,2024-12-13 12:11:52.745601+00:00,121.1639,median_energy_pkg,unit_test_energy,InsertionSort_SortsListCorrectly
_result,53,2024-12-10 12:26:22.502131+00:00,2024-12-13 12:26:22.502131+00:00,2024-12-13 12:13:15.322383+00:00,124.8462,median_energy_pkg,unit_test_energy,InsertionSort_SortsListCorrectly
_result,53,2024-12-10 12:26:22.502131+00:00,2024-12-13 12:26:22.502131+00:00,2024-12-13 12:14:38.032110+00:00,126.1621,median_energy_pkg,unit_test_energy,InsertionSort_SortsListCorrectly
_result,53,2024-12-10 12:26:22.502131+00:00,2024-12-13 12:26:22.502131+00:00,2024-12-13 12:16:00.511337+00:00,128.0505,median_energy_pkg,unit_test_energy,InsertionSort_SortsListCorrectly
_result,53,2024-12-10 12:26:22.502131+00:00,2024-12-13 12:26:22.502131+00:00,2024-12-13 12:17:22.793698+00:00,124.693,median_energy_pkg,unit_test_energy,InsertionSort_SortsListCorrectly
_result,53,2024-12-10 12:26:22.502131+00:00,2024-12-13 12:26:22.502131+00:00,2024-12-13 12:18:44.566261+00:00,127.4963,median_energy_pkg,unit_test_energy,InsertionSort_SortsListCorrectly
_result,53,2024-12-10 12:26:22.502131+00:00,2024-12-13 12:26:22.502131+00:00,2024-12-13 12:20:06.775140+00:00,124.7229,median_energy_pkg,unit_test_energy,InsertionSort_SortsListCorrectly
_result,53,2024-12-10 12:26:22.502131+00:00,2024-12-13 12:26:22.502131+00:00,2024-12-13 12:21:28.671437+00:00,124.8871,median_energy_pkg,unit_test_energy,InsertionSort_SortsListCorrectly
_result,54,2024-12-10 12:26:22.502131+00:00,2024-12-13 12:26:22.502131+00:00,2024-12-13 11:41:11.168455+00:00,254.2506,total_energy_dram,unit_test_energy,InsertionSort_SortsListCorrectly
_result,54,2024-12-10 12:26:22.502131+00:00,2024-12-13 12:26:22.502131+00:00,2024-12-13 11:42:32.258363+00:00,257.8774,total_energy_dram,unit_test_energy,InsertionSort_SortsListCorrectly
_result,54,2024-12-10 12:26:22.502131+00:00,2024-12-13 12:26:22.502131+00:00,2024-12-13 11:43:53.876414+00:00,224.1098,total_energy_dram,unit_test_energy,InsertionSort_SortsListCorrectly
_result,54,2024-12-10 12:26:22.502131+00:00,2024-12-13 12:26:22.502131+00:00,2024-12-13 11:45:16.172248+00:00,224.27,total_energy_dram,unit_test_energy,InsertionSort_SortsListCorrectly
_result,54,2024-12-10 12:26:22.502131+00:00,2024-12-13 12:26:22.502131+00:00,2024-12-13 11:46:38.268910+00:00,223.3046,total_energy_dram,unit_test_energy,InsertionSort_SortsListCorrectly
_result,54,2024-12-10 12:26:22.502131+00:00,2024-12-13 12:26:22.502131+00:00,2024-12-13 11:48:00.950980+00:00,251.0721,total_energy_dram,unit_test_energy,InsertionSort_SortsListCorrectly
_result,54,2024-12-10 12:26:22.502131+00:00,2024-12-13 12:26:22.502131+00:00,2024-12-13 11:49:22.754642+00:00,224.4432,total_energy_dram,unit_test_energy,InsertionSort_SortsListCorrectly
_result,54,2024-12-10 12:26:22.502131+00:00,2024-12-13 12:26:22.502131+00:00,2024-12-13 11:50:44.970048+00:00,221.6773,total_energy_dram,unit_test_energy,InsertionSort_SortsListCorrectly
_result,54,2024-12-10 12:26:22.502131+00:00,2024-12-13 12:26:22.502131+00:00,2024-12-13 11:52:06.633098+00:00,222.586,total_energy_dram,unit_test_energy,InsertionSort_SortsListCorrectly
_result,54,2024-12-10 12:26:22.502131+00:00,2024-12-13 12:26:22.502131+00:00,2024-12-13 11:53:28.449504+00:00,222.7584,total_energy_dram,unit_test_energy,InsertionSort_SortsListCorrectly
_result,54,2024-12-10 12:26:22.502131+00:00,2024-12-13 12:26:22.502131+00:00,2024-12-13 11:54:50.725219+00:00,224.7388,total_energy_dram,unit_test_energy,InsertionSort_SortsListCorrectly
_result,54,2024-12-10 12:26:22.502131+00:00,2024-12-13 12:26:22.502131+00:00,2024-12-13 11:56:13.430418+00:00,271.5269,total_energy_dram,unit_test_energy,InsertionSort_SortsListCorrectly
_result,54,2024-12-10 12:26:22.502131+00:00,2024-12-13 12:26:22.502131+00:00,2024-12-13 11:57:35.973565+00:00,263.4357,total_energy_dram,unit_test_energy,InsertionSort_SortsListCorrectly
_result,54,2024-12-10 12:26:22.502131+00:00,2024-12-13 12:26:22.502131+00:00,2024-12-13 11:58:58.253903+00:00,254.7324,total_energy_dram,unit_test_energy,InsertionSort_SortsListCorrectly
_result,54,2024-12-10 12:26:22.502131+00:00,2024-12-13 12:26:22.502131+00:00,2024-12-13 12:00:20.167758+00:00,261.8885,total_energy_dram,unit_test_energy,InsertionSort_SortsListCorrectly
_result,54,2024-12-10 12:26:22.502131+00:00,2024-12-13 12:26:22.502131+00:00,2024-12-13 12:02:17.357627+00:00,319.5782,total_energy_dram,unit_test_energy,InsertionSort_SortsListCorrectly
_result,54,2024-12-10 12:26:22.502131+00:00,2024-12-13 12:26:22.502131+00:00,2024-12-13 12:03:39.360515+00:00,262.2043,total_energy_dram,unit_test_energy,InsertionSort_SortsListCorrectly
_result,54,2024-12-10 12:26:22.502131+00:00,2024-12-13 12:26:22.502131+00:00,2024-12-13 12:05:01.822092+00:00,263.0565,total_energy_dram,unit_test_energy,InsertionSort_SortsListCorrectly
_result,54,2024-12-10 12:26:22.502131+00:00,2024-12-13 12:26:22.502131+00:00,2024-12-13 12:06:23.839661+00:00,266.5843,total_energy_dram,unit_test_energy,InsertionSort_SortsListCorrectly
_result,54,2024-12-10 12:26:22.502131+00:00,2024-12-13 12:26:22.502131+00:00,2024-12-13 12:07:45.838684+00:00,266.6856,total_energy_dram,unit_test_energy,InsertionSort_SortsListCorrectly
_result,54,2024-12-10 12:26:22.502131+00:00,2024-12-13 12:26:22.502131+00:00,2024-12-13 12:09:08.447475+00:00,261.9005,total_energy_dram,unit_test_energy,InsertionSort_SortsListCorrectly
_result,54,2024-12-10 12:26:22.502131+00:00,2024-12-13 12:26:22.502131+00:00,2024-12-13 12:10:30.722999+00:00,269.83,total_energy_dram,unit_test_energy,InsertionSort_SortsListCorrectly
_result,54,2024-12-10 12:26:22.502131+00:00,2024-12-13 12:26:22.502131+00:00,2024-12-13 12:11:52.745601+00:00,231.6989,total_energy_dram,unit_test_energy,InsertionSort_SortsListCorrectly
_result,54,2024-12-10 12:26:22.502131+00:00,2024-12-13 12:26:22.502131+00:00,2024-12-13 12:13:15.322383+00:00,263.663,total_energy_dram,unit_test_energy,InsertionSort_SortsListCorrectly
_result,54,2024-12-10 12:26:22.502131+00:00,2024-12-13 12:26:22.502131+00:00,2024-12-13 12:14:38.032110+00:00,266.1573,total_energy_dram,unit_test_energy,InsertionSort_SortsListCorrectly
_result,54,2024-12-10 12:26:22.502131+00:00,2024-12-13 12:26:22.502131+00:00,2024-12-13 12:16:00.511337+00:00,261.6802,total_energy_dram,unit_test_energy,InsertionSort_SortsListCorrectly
_result,54,2024-12-10 12:26:22.502131+00:00,2024-12-13 12:26:22.502131+00:00,2024-12-13 12:17:22.793698+00:00,262.0771,total_energy_dram,unit_test_energy,InsertionSort_SortsListCorrectly
_result,54,2024-12-10 12:26:22.502131+00:00,2024-12-13 12:26:22.502131+00:00,2024-12-13 12:18:44.566261+00:00,260.9086,total_energy_dram,unit_test_energy,InsertionSort_SortsListCorrectly
_result,54,2024-12-10 12:26:22.502131+00:00,2024-12-13 12:26:22.502131+00:00,2024-12-13 12:20:06.775140+00:00,257.431,total_energy_dram,unit_test_energy,InsertionSort_SortsListCorrectly
_result,54,2024-12-10 12:26:22.502131+00:00,2024-12-13 12:26:22.502131+00:00,2024-12-13 12:21:28.671437+00:00,254.2667,total_energy_dram,unit_test_energy,InsertionSort_SortsListCorrectly
_result,55,2024-12-10 12:26:22.502131+00:00,2024-12-13 12:26:22.502131+00:00,2024-12-13 11:41:11.168455+00:00,646.3787,total_energy_pkg,unit_test_energy,InsertionSort_SortsListCorrectly
_result,55,2024-12-10 12:26:22.502131+00:00,2024-12-13 12:26:22.502131+00:00,2024-12-13 11:42:32.258363+00:00,648.8876,total_energy_pkg,unit_test_energy,InsertionSort_SortsListCorrectly
_result,55,2024-12-10 12:26:22.502131+00:00,2024-12-13 12:26:22.502131+00:00,2024-12-13 11:43:53.876414+00:00,574.7739,total_energy_pkg,unit_test_energy,InsertionSort_SortsListCorrectly
_result,55,2024-12-10 12:26:22.502131+00:00,2024-12-13 12:26:22.502131+00:00,2024-12-13 11:45:16.172248+00:00,573.999,total_energy_pkg,unit_test_energy,InsertionSort_SortsListCorrectly
_result,55,2024-12-10 12:26:22.502131+00:00,2024-12-13 12:26:22.502131+00:00,2024-12-13 11:46:38.268910+00:00,575.8223,total_energy_pkg,unit_test_energy,InsertionSort_SortsListCorrectly
_result,55,2024-12-10 12:26:22.502131+00:00,2024-12-13 12:26:22.502131+00:00,2024-12-13 11:48:00.950980+00:00,635.1028,total_energy_pkg,unit_test_energy,InsertionSort_SortsListCorrectly
_result,55,2024-12-10 12:26:22.502131+00:00,2024-12-13 12:26:22.502131+00:00,2024-12-13 11:49:22.754642+00:00,580.3143,total_energy_pkg,unit_test_energy,InsertionSort_SortsListCorrectly
_result,55,2024-12-10 12:26:22.502131+00:00,2024-12-13 12:26:22.502131+00:00,2024-12-13 11:50:44.970048+00:00,573.0789,total_energy_pkg,unit_test_energy,InsertionSort_SortsListCorrectly
_result,55,2024-12-10 12:26:22.502131+00:00,2024-12-13 12:26:22.502131+00:00,2024-12-13 11:52:06.633098+00:00,569.6674,total_energy_pkg,unit_test_energy,InsertionSort_SortsListCorrectly
_result,55,2024-12-10 12:26:22.502131+00:00,2024-12-13 12:26:22.502131+00:00,2024-12-13 11:53:28.449504+00:00,575.4276,total_energy_pkg,unit_test_energy,InsertionSort_SortsListCorrectly
_result,55,2024-12-10 12:26:22.502131+00:00,2024-12-13 12:26:22.502131+00:00,2024-12-13 11:54:50.725219+00:00,579.5733,total_energy_pkg,unit_test_energy,InsertionSort_SortsListCorrectly
_result,55,2024-12-10 12:26:22.502131+00:00,2024-12-13 12:26:22.502131+00:00,2024-12-13 11:56:13.430418+00:00,671.5269,total_energy_pkg,unit_test_energy,InsertionSort_SortsListCorrectly
_result,55,2024-12-10 12:26:22.502131+00:00,2024-12-13 12:26:22.502131+00:00,2024-12-13 11:57:35.973565+00:00,660.8485,total_energy_pkg,unit_test_energy,InsertionSort_SortsListCorrectly
_result,55,2024-12-10 12:26:22.502131+00:00,2024-12-13 12:26:22.502131+00:00,2024-12-13 11:58:58.253903+00:00,647.9451,total_energy_pkg,unit_test_energy,InsertionSort_SortsListCorrectly
_result,55,2024-12-10 12:26:22.502131+00:00,2024-12-13 12:26:22.502131+00:00,2024-12-13 12:00:20.167758+00:00,654.9669,total_energy_pkg,unit_test_energy,InsertionSort_SortsListCorrectly
_result,55,2024-12-10 12:26:22.502131+00:00,2024-12-13 12:26:22.502131+00:00,2024-12-13 12:02:17.357627+00:00,799.3827,total_energy_pkg,unit_test_energy,InsertionSort_SortsListCorrectly
_result,55,2024-12-10 12:26:22.502131+00:00,2024-12-13 12:26:22.502131+00:00,2024-12-13 12:03:39.360515+00:00,659.8239,total_energy_pkg,unit_test_energy,InsertionSort_SortsListCorrectly
_result,55,2024-12-10 12:26:22.502131+00:00,2024-12-13 12:26:22.502131+00:00,2024-12-13 12:05:01.822092+00:00,662.3209,total_energy_pkg,unit_test_energy,InsertionSort_SortsListCorrectly
_result,55,2024-12-10 12:26:22.502131+00:00,2024-12-13 12:26:22.502131+00:00,2024-12-13 12:06:23.839661+00:00,667.8146,total_energy_pkg,unit_test_energy,InsertionSort_SortsListCorrectly
_result,55,2024-12-10 12:26:22.502131+00:00,2024-12-13 12:26:22.502131+00:00,2024-12-13 12:07:45.838684+00:00,659.2106,total_energy_pkg,unit_test_energy,InsertionSort_SortsListCorrectly
_result,55,2024-12-10 12:26:22.502131+00:00,2024-12-13 12:26:22.502131+00:00,2024-12-13 12:09:08.447475+00:00,660.9483,total_energy_pkg,unit_test_energy,InsertionSort_SortsListCorrectly
_result,55,2024-12-10 12:26:22.502131+00:00,2024-12-13 12:26:22.502131+00:00,2024-12-13 12:10:30.722999+00:00,683.2673,total_energy_pkg,unit_test_energy,InsertionSort_SortsListCorrectly
_result,55,2024-12-10 12:26:22.502131+00:00,2024-12-13 12:26:22.502131+00:00,2024-12-13 12:11:52.745601+00:00,644.6944,total_energy_pkg,unit_test_energy,InsertionSort_SortsListCorrectly
_result,55,2024-12-10 12:26:22.502131+00:00,2024-12-13 12:26:22.502131+00:00,2024-12-13 12:13:15.322383+00:00,655.4317,total_energy_pkg,unit_test_energy,InsertionSort_SortsListCorrectly
_result,55,2024-12-10 12:26:22.502131+00:00,2024-12-13 12:26:22.502131+00:00,2024-12-13 12:14:38.032110+00:00,663.9642,total_energy_pkg,unit_test_energy,InsertionSort_SortsListCorrectly
_result,55,2024-12-10 12:26:22.502131+00:00,2024-12-13 12:26:22.502131+00:00,2024-12-13 12:16:00.511337+00:00,655.6517,total_energy_pkg,unit_test_energy,InsertionSort_SortsListCorrectly
_result,55,2024-12-10 12:26:22.502131+00:00,2024-12-13 12:26:22.502131+00:00,2024-12-13 12:17:22.793698+00:00,654.9771,total_energy_pkg,unit_test_energy,InsertionSort_SortsListCorrectly
_result,55,2024-12-10 12:26:22.502131+00:00,2024-12-13 12:26:22.502131+00:00,2024-12-13 12:18:44.566261+00:00,654.9244,total_energy_pkg,unit_test_energy,InsertionSort_SortsListCorrectly
_result,55,2024-12-10 12:26:22.502131+00:00,2024-12-13 12:26:22.502131+00:00,2024-12-13 12:20:06.775140+00:00,648.429,total_energy_pkg,unit_test_energy,InsertionSort_SortsListCorrectly
_result,55,2024-12-10 12:26:22.502131+00:00,2024-12-13 12:26:22.502131+00:00,2024-12-13 12:21:28.671437+00:00,645.487,total_energy_pkg,unit_test_energy,InsertionSort_SortsListCorrectly
_result,56,2024-12-10 12:26:22.502131+00:00,2024-12-13 12:26:22.502131+00:00,2024-12-13 11:41:16.339640+00:00,45.0512,avg_energy_dram,unit_test_energy,MergeSort_SortsListCorrectly
_result,56,2024-12-10 12:26:22.502131+00:00,2024-12-13 12:26:22.502131+00:00,2024-12-13 11:42:37.456833+00:00,49.2434,avg_energy_dram,unit_test_energy,MergeSort_SortsListCorrectly
_result,56,2024-12-10 12:26:22.502131+00:00,2024-12-13 12:26:22.502131+00:00,2024-12-13 11:43:59.038057+00:00,38.9554,avg_energy_dram,unit_test_energy,MergeSort_SortsListCorrectly
_result,56,2024-12-10 12:26:22.502131+00:00,2024-12-13 12:26:22.502131+00:00,2024-12-13 11:45:21.380813+00:00,36.5352,avg_energy_dram,unit_test_energy,MergeSort_SortsListCorrectly
_result,56,2024-12-10 12:26:22.502131+00:00,2024-12-13 12:26:22.502131+00:00,2024-12-13 11:46:43.430708+00:00,38.8287,avg_energy_dram,unit_test_energy,MergeSort_SortsListCorrectly
_result,56,2024-12-10 12:26:22.502131+00:00,2024-12-13 12:26:22.502131+00:00,2024-12-13 11:48:06.156940+00:00,40.737,avg_energy_dram,unit_test_energy,MergeSort_SortsListCorrectly
_result,56,2024-12-10 12:26:22.502131+00:00,2024-12-13 12:26:22.502131+00:00,2024-12-13 11:49:27.928077+00:00,38.1741,avg_energy_dram,unit_test_energy,MergeSort_SortsListCorrectly
_result,56,2024-12-10 12:26:22.502131+00:00,2024-12-13 12:26:22.502131+00:00,2024-12-13 11:50:50.175248+00:00,36.5531,avg_energy_dram,unit_test_energy,MergeSort_SortsListCorrectly
_result,56,2024-12-10 12:26:22.502131+00:00,2024-12-13 12:26:22.502131+00:00,2024-12-13 11:52:11.797838+00:00,39.6962,avg_energy_dram,unit_test_energy,MergeSort_SortsListCorrectly
_result,56,2024-12-10 12:26:22.502131+00:00,2024-12-13 12:26:22.502131+00:00,2024-12-13 11:53:33.611476+00:00,39.8393,avg_energy_dram,unit_test_energy,MergeSort_SortsListCorrectly
_result,56,2024-12-10 12:26:22.502131+00:00,2024-12-13 12:26:22.502131+00:00,2024-12-13 11:54:55.889894+00:00,39.6242,avg_energy_dram,unit_test_energy,MergeSort_SortsListCorrectly
_result,56,2024-12-10 12:26:22.502131+00:00,2024-12-13 12:26:22.502131+00:00,2024-12-13 11:56:18.639314+00:00,49.7475,avg_energy_dram,unit_test_energy,MergeSort_SortsListCorrectly
_result,56,2024-12-10 12:26:22.502131+00:00,2024-12-13 12:26:22.502131+00:00,2024-12-13 11:57:41.140996+00:00,45.8983,avg_energy_dram,unit_test_energy,MergeSort_SortsListCorrectly
_result,56,2024-12-10 12:26:22.502131+00:00,2024-12-13 12:26:22.502131+00:00,2024-12-13 11:59:03.407980+00:00,47.0646,avg_energy_dram,unit_test_energy,MergeSort_SortsListCorrectly
_result,56,2024-12-10 12:26:22.502131+00:00,2024-12-13 12:26:22.502131+00:00,2024-12-13 12:00:25.333960+00:00,46.2774,avg_energy_dram,unit_test_energy,MergeSort_SortsListCorrectly
_result,56,2024-12-10 12:26:22.502131+00:00,2024-12-13 12:26:22.502131+00:00,2024-12-13 12:02:22.540473+00:00,45.2263,avg_energy_dram,unit_test_energy,MergeSort_SortsListCorrectly
_result,56,2024-12-10 12:26:22.502131+00:00,2024-12-13 12:26:22.502131+00:00,2024-12-13 12:03:44.533707+00:00,40.8651,avg_energy_dram,unit_test_energy,MergeSort_SortsListCorrectly
_result,56,2024-12-10 12:26:22.502131+00:00,2024-12-13 12:26:22.502131+00:00,2024-12-13 12:05:07.035325+00:00,46.7075,avg_energy_dram,unit_test_energy,MergeSort_SortsListCorrectly
_result,56,2024-12-10 12:26:22.502131+00:00,2024-12-13 12:26:22.502131+00:00,2024-12-13 12:06:29.026517+00:00,44.4095,avg_energy_dram,unit_test_energy,MergeSort_SortsListCorrectly
_result,56,2024-12-10 12:26:22.502131+00:00,2024-12-13 12:26:22.502131+00:00,2024-12-13 12:07:51.007210+00:00,46.6146,avg_energy_dram,unit_test_energy,MergeSort_SortsListCorrectly
_result,56,2024-12-10 12:26:22.502131+00:00,2024-12-13 12:26:22.502131+00:00,2024-12-13 12:09:13.610252+00:00,46.1848,avg_energy_dram,unit_test_energy,MergeSort_SortsListCorrectly
_result,56,2024-12-10 12:26:22.502131+00:00,2024-12-13 12:26:22.502131+00:00,2024-12-13 12:10:35.889329+00:00,45.9056,avg_energy_dram,unit_test_energy,MergeSort_SortsListCorrectly
_result,56,2024-12-10 12:26:22.502131+00:00,2024-12-13 12:26:22.502131+00:00,2024-12-13 12:11:57.899691+00:00,46.8377,avg_energy_dram,unit_test_energy,MergeSort_SortsListCorrectly
_result,56,2024-12-10 12:26:22.502131+00:00,2024-12-13 12:26:22.502131+00:00,2024-12-13 12:13:20.490025+00:00,50.9878,avg_energy_dram,unit_test_energy,MergeSort_SortsListCorrectly
_result,56,2024-12-10 12:26:22.502131+00:00,2024-12-13 12:26:22.502131+00:00,2024-12-13 12:14:43.214487+00:00,45.5357,avg_energy_dram,unit_test_energy,MergeSort_SortsListCorrectly
_result,56,2024-12-10 12:26:22.502131+00:00,2024-12-13 12:26:22.502131+00:00,2024-12-13 12:16:05.702636+00:00,44.3864,avg_energy_dram,unit_test_energy,MergeSort_SortsListCorrectly
_result,56,2024-12-10 12:26:22.502131+00:00,2024-12-13 12:26:22.502131+00:00,2024-12-13 12:17:27.981330+00:00,49.7765,avg_energy_dram,unit_test_energy,MergeSort_SortsListCorrectly
_result,56,2024-12-10 12:26:22.502131+00:00,2024-12-13 12:26:22.502131+00:00,2024-12-13 12:18:49.763202+00:00,44.0192,avg_energy_dram,unit_test_energy,MergeSort_SortsListCorrectly
_result,56,2024-12-10 12:26:22.502131+00:00,2024-12-13 12:26:22.502131+00:00,2024-12-13 12:20:11.940341+00:00,47.0099,avg_energy_dram,unit_test_energy,MergeSort_SortsListCorrectly
_result,56,2024-12-10 12:26:22.502131+00:00,2024-12-13 12:26:22.502131+00:00,2024-12-13 12:21:33.858504+00:00,44.6078,avg_energy_dram,unit_test_energy,MergeSort_SortsListCorrectly
_result,57,2024-12-10 12:26:22.502131+00:00,2024-12-13 12:26:22.502131+00:00,2024-12-13 11:41:16.339640+00:00,116.4998,avg_energy_pkg,unit_test_energy,MergeSort_SortsListCorrectly
_result,57,2024-12-10 12:26:22.502131+00:00,2024-12-13 12:26:22.502131+00:00,2024-12-13 11:42:37.456833+00:00,121.9153,avg_energy_pkg,unit_test_energy,MergeSort_SortsListCorrectly
_result,57,2024-12-10 12:26:22.502131+00:00,2024-12-13 12:26:22.502131+00:00,2024-12-13 11:43:59.038057+00:00,73.3362,avg_energy_pkg,unit_test_energy,MergeSort_SortsListCorrectly
_result,57,2024-12-10 12:26:22.502131+00:00,2024-12-13 12:26:22.502131+00:00,2024-12-13 11:45:21.380813+00:00,68.1465,avg_energy_pkg,unit_test_energy,MergeSort_SortsListCorrectly
_result,57,2024-12-10 12:26:22.502131+00:00,2024-12-13 12:26:22.502131+00:00,2024-12-13 11:46:43.430708+00:00,72.267,avg_energy_pkg,unit_test_energy,MergeSort_SortsListCorrectly
_result,57,2024-12-10 12:26:22.502131+00:00,2024-12-13 12:26:22.502131+00:00,2024-12-13 11:48:06.156940+00:00,75.1505,avg_energy_pkg,unit_test_energy,MergeSort_SortsListCorrectly
_result,57,2024-12-10 12:26:22.502131+00:00,2024-12-13 12:26:22.502131+00:00,2024-12-13 11:49:27.928077+00:00,71.233,avg_energy_pkg,unit_test_energy,MergeSort_SortsListCorrectly
_result,57,2024-12-10 12:26:22.502131+00:00,2024-12-13 12:26:22.502131+00:00,2024-12-13 11:50:50.175248+00:00,74.5955,avg_energy_pkg,unit_test_energy,MergeSort_SortsListCorrectly
_result,57,2024-12-10 12:26:22.502131+00:00,2024-12-13 12:26:22.502131+00:00,2024-12-13 11:52:11.797838+00:00,72.9037,avg_energy_pkg,unit_test_energy,MergeSort_SortsListCorrectly
_result,57,2024-12-10 12:26:22.502131+00:00,2024-12-13 12:26:22.502131+00:00,2024-12-13 11:53:33.611476+00:00,72.6883,avg_energy_pkg,unit_test_energy,MergeSort_SortsListCorrectly
_result,57,2024-12-10 12:26:22.502131+00:00,2024-12-13 12:26:22.502131+00:00,2024-12-13 11:54:55.889894+00:00,72.9872,avg_energy_pkg,unit_test_energy,MergeSort_SortsListCorrectly
_result,57,2024-12-10 12:26:22.502131+00:00,2024-12-13 12:26:22.502131+00:00,2024-12-13 11:56:18.639314+00:00,125.7652,avg_energy_pkg,unit_test_energy,MergeSort_SortsListCorrectly
_result,57,2024-12-10 12:26:22.502131+00:00,2024-12-13 12:26:22.502131+00:00,2024-12-13 11:57:41.140996+00:00,117.1826,avg_energy_pkg,unit_test_energy,MergeSort_SortsListCorrectly
_result,57,2024-12-10 12:26:22.502131+00:00,2024-12-13 12:26:22.502131+00:00,2024-12-13 11:59:03.407980+00:00,119.8893,avg_energy_pkg,unit_test_energy,MergeSort_SortsListCorrectly
_result,57,2024-12-10 12:26:22.502131+00:00,2024-12-13 12:26:22.502131+00:00,2024-12-13 12:00:25.333960+00:00,119.1461,avg_energy_pkg,unit_test_energy,MergeSort_SortsListCorrectly
_result,57,2024-12-10 12:26:22.502131+00:00,2024-12-13 12:26:22.502131+00:00,2024-12-13 12:02:22.540473+00:00,116.2461,avg_energy_pkg,unit_test_energy,MergeSort_SortsListCorrectly
_result,57,2024-12-10 12:26:22.502131+00:00,2024-12-13 12:26:22.502131+00:00,2024-12-13 12:03:44.533707+00:00,102.4509,avg_energy_pkg,unit_test_energy,MergeSort_SortsListCorrectly
_result,57,2024-12-10 12:26:22.502131+00:00,2024-12-13 12:26:22.502131+00:00,2024-12-13 12:05:07.035325+00:00,120.5275,avg_energy_pkg,unit_test_energy,MergeSort_SortsListCorrectly
_result,57,2024-12-10 12:26:22.502131+00:00,2024-12-13 12:26:22.502131+00:00,2024-12-13 12:06:29.026517+00:00,114.8928,avg_energy_pkg,unit_test_energy,MergeSort_SortsListCorrectly
_result,57,2024-12-10 12:26:22.502131+00:00,2024-12-13 12:26:22.502131+00:00,2024-12-13 12:07:51.007210+00:00,118.7212,avg_energy_pkg,unit_test_energy,MergeSort_SortsListCorrectly
_result,57,2024-12-10 12:26:22.502131+00:00,2024-12-13 12:26:22.502131+00:00,2024-12-13 12:09:13.610252+00:00,114.0055,avg_energy_pkg,unit_test_energy,MergeSort_SortsListCorrectly
_result,57,2024-12-10 12:26:22.502131+00:00,2024-12-13 12:26:22.502131+00:00,2024-12-13 12:10:35.889329+00:00,118.1853,avg_energy_pkg,unit_test_energy,MergeSort_SortsListCorrectly
_result,57,2024-12-10 12:26:22.502131+00:00,2024-12-13 12:26:22.502131+00:00,2024-12-13 12:11:57.899691+00:00,119.4235,avg_energy_pkg,unit_test_energy,MergeSort_SortsListCorrectly
_result,57,2024-12-10 12:26:22.502131+00:00,2024-12-13 12:26:22.502131+00:00,2024-12-13 12:13:20.490025+00:00,124.7241,avg_energy_pkg,unit_test_energy,MergeSort_SortsListCorrectly
_result,57,2024-12-10 12:26:22.502131+00:00,2024-12-13 12:26:22.502131+00:00,2024-12-13 12:14:43.214487+00:00,117.3784,avg_energy_pkg,unit_test_energy,MergeSort_SortsListCorrectly
_result,57,2024-12-10 12:26:22.502131+00:00,2024-12-13 12:26:22.502131+00:00,2024-12-13 12:16:05.702636+00:00,114.7584,avg_energy_pkg,unit_test_energy,MergeSort_SortsListCorrectly
_result,57,2024-12-10 12:26:22.502131+00:00,2024-12-13 12:26:22.502131+00:00,2024-12-13 12:17:27.981330+00:00,125.1849,avg_energy_pkg,unit_test_energy,MergeSort_SortsListCorrectly
_result,57,2024-12-10 12:26:22.502131+00:00,2024-12-13 12:26:22.502131+00:00,2024-12-13 12:18:49.763202+00:00,114.9259,avg_energy_pkg,unit_test_energy,MergeSort_SortsListCorrectly
_result,57,2024-12-10 12:26:22.502131+00:00,2024-12-13 12:26:22.502131+00:00,2024-12-13 12:20:11.940341+00:00,120.1396,avg_energy_pkg,unit_test_energy,MergeSort_SortsListCorrectly
_result,57,2024-12-10 12:26:22.502131+00:00,2024-12-13 12:26:22.502131+00:00,2024-12-13 12:21:33.858504+00:00,114.436,avg_energy_pkg,unit_test_energy,MergeSort_SortsListCorrectly
_result,58,2024-12-10 12:26:22.502131+00:00,2024-12-13 12:26:22.502131+00:00,2024-12-13 11:41:16.339640+00:00,0.1304,duration,unit_test_energy,MergeSort_SortsListCorrectly
_result,58,2024-12-10 12:26:22.502131+00:00,2024-12-13 12:26:22.502131+00:00,2024-12-13 11:42:37.456833+00:00,0.1071,duration,unit_test_energy,MergeSort_SortsListCorrectly
_result,58,2024-12-10 12:26:22.502131+00:00,2024-12-13 12:26:22.502131+00:00,2024-12-13 11:43:59.038057+00:00,0.1219,duration,unit_test_energy,MergeSort_SortsListCorrectly
_result,58,2024-12-10 12:26:22.502131+00:00,2024-12-13 12:26:22.502131+00:00,2024-12-13 11:45:21.380813+00:00,0.1697,duration,unit_test_energy,MergeSort_SortsListCorrectly
_result,58,2024-12-10 12:26:22.502131+00:00,2024-12-13 12:26:22.502131+00:00,2024-12-13 11:46:43.430708+00:00,0.1232,duration,unit_test_energy,MergeSort_SortsListCorrectly
_result,58,2024-12-10 12:26:22.502131+00:00,2024-12-13 12:26:22.502131+00:00,2024-12-13 11:48:06.156940+00:00,0.1171,duration,unit_test_energy,MergeSort_SortsListCorrectly
_result,58,2024-12-10 12:26:22.502131+00:00,2024-12-13 12:26:22.502131+00:00,2024-12-13 11:49:27.928077+00:00,0.1325,duration,unit_test_energy,MergeSort_SortsListCorrectly
_result,58,2024-12-10 12:26:22.502131+00:00,2024-12-13 12:26:22.502131+00:00,2024-12-13 11:50:50.175248+00:00,0.1682,duration,unit_test_energy,MergeSort_SortsListCorrectly
_result,58,2024-12-10 12:26:22.502131+00:00,2024-12-13 12:26:22.502131+00:00,2024-12-13 11:52:11.797838+00:00,0.1247,duration,unit_test_energy,MergeSort_SortsListCorrectly
_result,58,2024-12-10 12:26:22.502131+00:00,2024-12-13 12:26:22.502131+00:00,2024-12-13 11:53:33.611476+00:00,0.124,duration,unit_test_energy,MergeSort_SortsListCorrectly
_result,58,2024-12-10 12:26:22.502131+00:00,2024-12-13 12:26:22.502131+00:00,2024-12-13 11:54:55.889894+00:00,0.1244,duration,unit_test_energy,MergeSort_SortsListCorrectly
_result,58,2024-12-10 12:26:22.502131+00:00,2024-12-13 12:26:22.502131+00:00,2024-12-13 11:56:18.639314+00:00,0.1118,duration,unit_test_energy,MergeSort_SortsListCorrectly
_result,58,2024-12-10 12:26:22.502131+00:00,2024-12-13 12:26:22.502131+00:00,2024-12-13 11:57:41.140996+00:00,0.1285,duration,unit_test_energy,MergeSort_SortsListCorrectly
_result,58,2024-12-10 12:26:22.502131+00:00,2024-12-13 12:26:22.502131+00:00,2024-12-13 11:59:03.407980+00:00,0.118,duration,unit_test_energy,MergeSort_SortsListCorrectly
_result,58,2024-12-10 12:26:22.502131+00:00,2024-12-13 12:26:22.502131+00:00,2024-12-13 12:00:25.333960+00:00,0.127,duration,unit_test_energy,MergeSort_SortsListCorrectly
_result,58,2024-12-10 12:26:22.502131+00:00,2024-12-13 12:26:22.502131+00:00,2024-12-13 12:02:22.540473+00:00,0.1429,duration,unit_test_energy,MergeSort_SortsListCorrectly
_result,58,2024-12-10 12:26:22.502131+00:00,2024-12-13 12:26:22.502131+00:00,2024-12-13 12:03:44.533707+00:00,0.1337,duration,unit_test_energy,MergeSort_SortsListCorrectly
_result,58,2024-12-10 12:26:22.502131+00:00,2024-12-13 12:26:22.502131+00:00,2024-12-13 12:05:07.035325+00:00,0.123,duration,unit_test_energy,MergeSort_SortsListCorrectly
_result,58,2024-12-10 12:26:22.502131+00:00,2024-12-13 12:26:22.502131+00:00,2024-12-13 12:06:29.026517+00:00,0.146,duration,unit_test_energy,MergeSort_SortsListCorrectly
_result,58,2024-12-10 12:26:22.502131+00:00,2024-12-13 12:26:22.502131+00:00,2024-12-13 12:07:51.007210+00:00,0.1253,duration,unit_test_energy,MergeSort_SortsListCorrectly
_result,58,2024-12-10 12:26:22.502131+00:00,2024-12-13 12:26:22.502131+00:00,2024-12-13 12:09:13.610252+00:00,0.1251,duration,unit_test_energy,MergeSort_SortsListCorrectly
_result,58,2024-12-10 12:26:22.502131+00:00,2024-12-13 12:26:22.502131+00:00,2024-12-13 12:10:35.889329+00:00,0.1281,duration,unit_test_energy,MergeSort_SortsListCorrectly
_result,58,2024-12-10 12:26:22.502131+00:00,2024-12-13 12:26:22.502131+00:00,2024-12-13 12:11:57.899691+00:00,0.1174,duration,unit_test_energy,MergeSort_SortsListCorrectly
_result,58,2024-12-10 12:26:22.502131+00:00,2024-12-13 12:26:22.502131+00:00,2024-12-13 12:13:20.490025+00:00,0.1294,duration,unit_test_energy,MergeSort_SortsListCorrectly
_result,58,2024-12-10 12:26:22.502131+00:00,2024-12-13 12:26:22.502131+00:00,2024-12-13 12:14:43.214487+00:00,0.1352,duration,unit_test_energy,MergeSort_SortsListCorrectly
_result,58,2024-12-10 12:26:22.502131+00:00,2024-12-13 12:26:22.502131+00:00,2024-12-13 12:16:05.702636+00:00,0.153,duration,unit_test_energy,MergeSort_SortsListCorrectly
_result,58,2024-12-10 12:26:22.502131+00:00,2024-12-13 12:26:22.502131+00:00,2024-12-13 12:17:27.981330+00:00,0.1005,duration,unit_test_energy,MergeSort_SortsListCorrectly
_result,58,2024-12-10 12:26:22.502131+00:00,2024-12-13 12:26:22.502131+00:00,2024-12-13 12:18:49.763202+00:00,0.1497,duration,unit_test_energy,MergeSort_SortsListCorrectly
_result,58,2024-12-10 12:26:22.502131+00:00,2024-12-13 12:26:22.502131+00:00,2024-12-13 12:20:11.940341+00:00,0.126,duration,unit_test_energy,MergeSort_SortsListCorrectly
_result,58,2024-12-10 12:26:22.502131+00:00,2024-12-13 12:26:22.502131+00:00,2024-12-13 12:21:33.858504+00:00,0.1486,duration,unit_test_energy,MergeSort_SortsListCorrectly
_result,59,2024-12-10 12:26:22.502131+00:00,2024-12-13 12:26:22.502131+00:00,2024-12-13 11:41:16.339640+00:00,42.5491,median_energy_dram,unit_test_energy,MergeSort_SortsListCorrectly
_result,59,2024-12-10 12:26:22.502131+00:00,2024-12-13 12:26:22.502131+00:00,2024-12-13 11:42:37.456833+00:00,49.6512,median_energy_dram,unit_test_energy,MergeSort_SortsListCorrectly
_result,59,2024-12-10 12:26:22.502131+00:00,2024-12-13 12:26:22.502131+00:00,2024-12-13 11:43:59.038057+00:00,38.4689,median_energy_dram,unit_test_energy,MergeSort_SortsListCorrectly
_result,59,2024-12-10 12:26:22.502131+00:00,2024-12-13 12:26:22.502131+00:00,2024-12-13 11:45:21.380813+00:00,36.5698,median_energy_dram,unit_test_energy,MergeSort_SortsListCorrectly
_result,59,2024-12-10 12:26:22.502131+00:00,2024-12-13 12:26:22.502131+00:00,2024-12-13 11:46:43.430708+00:00,38.0655,median_energy_dram,unit_test_energy,MergeSort_SortsListCorrectly
_result,59,2024-12-10 12:26:22.502131+00:00,2024-12-13 12:26:22.502131+00:00,2024-12-13 11:48:06.156940+00:00,42.4005,median_energy_dram,unit_test_energy,MergeSort_SortsListCorrectly
_result,59,2024-12-10 12:26:22.502131+00:00,2024-12-13 12:26:22.502131+00:00,2024-12-13 11:49:27.928077+00:00,36.4053,median_energy_dram,unit_test_energy,MergeSort_SortsListCorrectly
_result,59,2024-12-10 12:26:22.502131+00:00,2024-12-13 12:26:22.502131+00:00,2024-12-13 11:50:50.175248+00:00,35.9961,median_energy_dram,unit_test_energy,MergeSort_SortsListCorrectly
_result,59,2024-12-10 12:26:22.502131+00:00,2024-12-13 12:26:22.502131+00:00,2024-12-13 11:52:11.797838+00:00,39.2331,median_energy_dram,unit_test_energy,MergeSort_SortsListCorrectly
_result,59,2024-12-10 12:26:22.502131+00:00,2024-12-13 12:26:22.502131+00:00,2024-12-13 11:53:33.611476+00:00,40.7291,median_energy_dram,unit_test_energy,MergeSort_SortsListCorrectly
_result,59,2024-12-10 12:26:22.502131+00:00,2024-12-13 12:26:22.502131+00:00,2024-12-13 11:54:55.889894+00:00,39.126,median_energy_dram,unit_test_energy,MergeSort_SortsListCorrectly
_result,59,2024-12-10 12:26:22.502131+00:00,2024-12-13 12:26:22.502131+00:00,2024-12-13 11:56:18.639314+00:00,51.3004,median_energy_dram,unit_test_energy,MergeSort_SortsListCorrectly
_result,59,2024-12-10 12:26:22.502131+00:00,2024-12-13 12:26:22.502131+00:00,2024-12-13 11:57:41.140996+00:00,42.8223,median_energy_dram,unit_test_energy,MergeSort_SortsListCorrectly
_result,59,2024-12-10 12:26:22.502131+00:00,2024-12-13 12:26:22.502131+00:00,2024-12-13 11:59:03.407980+00:00,46.3876,median_energy_dram,unit_test_energy,MergeSort_SortsListCorrectly
_result,59,2024-12-10 12:26:22.502131+00:00,2024-12-13 12:26:22.502131+00:00,2024-12-13 12:00:25.333960+00:00,44.1269,median_energy_dram,unit_test_energy,MergeSort_SortsListCorrectly
_result,59,2024-12-10 12:26:22.502131+00:00,2024-12-13 12:26:22.502131+00:00,2024-12-13 12:02:22.540473+00:00,42.944,median_energy_dram,unit_test_energy,MergeSort_SortsListCorrectly
_result,59,2024-12-10 12:26:22.502131+00:00,2024-12-13 12:26:22.502131+00:00,2024-12-13 12:03:44.533707+00:00,35.4034,median_energy_dram,unit_test_energy,MergeSort_SortsListCorrectly
_result,59,2024-12-10 12:26:22.502131+00:00,2024-12-13 12:26:22.502131+00:00,2024-12-13 12:05:07.035325+00:00,44.6536,median_energy_dram,unit_test_energy,MergeSort_SortsListCorrectly
_result,59,2024-12-10 12:26:22.502131+00:00,2024-12-13 12:26:22.502131+00:00,2024-12-13 12:06:29.026517+00:00,42.7911,median_energy_dram,unit_test_energy,MergeSort_SortsListCorrectly
_result,59,2024-12-10 12:26:22.502131+00:00,2024-12-13 12:26:22.502131+00:00,2024-12-13 12:07:51.007210+00:00,44.2996,median_energy_dram,unit_test_energy,MergeSort_SortsListCorrectly
_result,59,2024-12-10 12:26:22.502131+00:00,2024-12-13 12:26:22.502131+00:00,2024-12-13 12:09:13.610252+00:00,44.6155,median_energy_dram,unit_test_energy,MergeSort_SortsListCorrectly
_result,59,2024-12-10 12:26:22.502131+00:00,2024-12-13 12:26:22.502131+00:00,2024-12-13 12:10:35.889329+00:00,44.0027,median_energy_dram,unit_test_energy,MergeSort_SortsListCorrectly
_result,59,2024-12-10 12:26:22.502131+00:00,2024-12-13 12:26:22.502131+00:00,2024-12-13 12:11:57.899691+00:00,46.9553,median_energy_dram,unit_test_energy,MergeSort_SortsListCorrectly
_result,59,2024-12-10 12:26:22.502131+00:00,2024-12-13 12:26:22.502131+00:00,2024-12-13 12:13:20.490025+00:00,49.563,median_energy_dram,unit_test_energy,MergeSort_SortsListCorrectly
_result,59,2024-12-10 12:26:22.502131+00:00,2024-12-13 12:26:22.502131+00:00,2024-12-13 12:14:43.214487+00:00,42.5122,median_energy_dram,unit_test_energy,MergeSort_SortsListCorrectly
_result,59,2024-12-10 12:26:22.502131+00:00,2024-12-13 12:26:22.502131+00:00,2024-12-13 12:16:05.702636+00:00,44.5596,median_energy_dram,unit_test_energy,MergeSort_SortsListCorrectly
_result,59,2024-12-10 12:26:22.502131+00:00,2024-12-13 12:26:22.502131+00:00,2024-12-13 12:17:27.981330+00:00,49.104,median_energy_dram,unit_test_energy,MergeSort_SortsListCorrectly
_result,59,2024-12-10 12:26:22.502131+00:00,2024-12-13 12:26:22.502131+00:00,2024-12-13 12:18:49.763202+00:00,42.3337,median_energy_dram,unit_test_energy,MergeSort_SortsListCorrectly
_result,59,2024-12-10 12:26:22.502131+00:00,2024-12-13 12:26:22.502131+00:00,2024-12-13 12:20:11.940341+00:00,45.5383,median_energy_dram,unit_test_energy,MergeSort_SortsListCorrectly
_result,59,2024-12-10 12:26:22.502131+00:00,2024-12-13 12:26:22.502131+00:00,2024-12-13 12:21:33.858504+00:00,42.7985,median_energy_dram,unit_test_energy,MergeSort_SortsListCorrectly
_result,60,2024-12-10 12:26:22.502131+00:00,2024-12-13 12:26:22.502131+00:00,2024-12-13 11:41:16.339640+00:00,111.2805,median_energy_pkg,unit_test_energy,MergeSort_SortsListCorrectly
_result,60,2024-12-10 12:26:22.502131+00:00,2024-12-13 12:26:22.502131+00:00,2024-12-13 11:42:37.456833+00:00,122.8564,median_energy_pkg,unit_test_energy,MergeSort_SortsListCorrectly
_result,60,2024-12-10 12:26:22.502131+00:00,2024-12-13 12:26:22.502131+00:00,2024-12-13 11:43:59.038057+00:00,71.5613,median_energy_pkg,unit_test_energy,MergeSort_SortsListCorrectly
_result,60,2024-12-10 12:26:22.502131+00:00,2024-12-13 12:26:22.502131+00:00,2024-12-13 11:45:21.380813+00:00,68.4265,median_energy_pkg,unit_test_energy,MergeSort_SortsListCorrectly
_result,60,2024-12-10 12:26:22.502131+00:00,2024-12-13 12:26:22.502131+00:00,2024-12-13 11:46:43.430708+00:00,70.1599,median_energy_pkg,unit_test_energy,MergeSort_SortsListCorrectly
_result,60,2024-12-10 12:26:22.502131+00:00,2024-12-13 12:26:22.502131+00:00,2024-12-13 11:48:06.156940+00:00,76.427,median_energy_pkg,unit_test_energy,MergeSort_SortsListCorrectly
_result,60,2024-12-10 12:26:22.502131+00:00,2024-12-13 12:26:22.502131+00:00,2024-12-13 11:49:27.928077+00:00,68.0432,median_energy_pkg,unit_test_energy,MergeSort_SortsListCorrectly
_result,60,2024-12-10 12:26:22.502131+00:00,2024-12-13 12:26:22.502131+00:00,2024-12-13 11:50:50.175248+00:00,69.7137,median_energy_pkg,unit_test_energy,MergeSort_SortsListCorrectly
_result,60,2024-12-10 12:26:22.502131+00:00,2024-12-13 12:26:22.502131+00:00,2024-12-13 11:52:11.797838+00:00,70.7251,median_energy_pkg,unit_test_energy,MergeSort_SortsListCorrectly
_result,60,2024-12-10 12:26:22.502131+00:00,2024-12-13 12:26:22.502131+00:00,2024-12-13 11:53:33.611476+00:00,72.6904,median_energy_pkg,unit_test_energy,MergeSort_SortsListCorrectly
_result,60,2024-12-10 12:26:22.502131+00:00,2024-12-13 12:26:22.502131+00:00,2024-12-13 11:54:55.889894+00:00,70.741,median_energy_pkg,unit_test_energy,MergeSort_SortsListCorrectly
_result,60,2024-12-10 12:26:22.502131+00:00,2024-12-13 12:26:22.502131+00:00,2024-12-13 11:56:18.639314+00:00,127.5842,median_energy_pkg,unit_test_energy,MergeSort_SortsListCorrectly
_result,60,2024-12-10 12:26:22.502131+00:00,2024-12-13 12:26:22.502131+00:00,2024-12-13 11:57:41.140996+00:00,110.5322,median_energy_pkg,unit_test_energy,MergeSort_SortsListCorrectly
_result,60,2024-12-10 12:26:22.502131+00:00,2024-12-13 12:26:22.502131+00:00,2024-12-13 11:59:03.407980+00:00,117.9675,median_energy_pkg,unit_test_energy,MergeSort_SortsListCorrectly
_result,60,2024-12-10 12:26:22.502131+00:00,2024-12-13 12:26:22.502131+00:00,2024-12-13 12:00:25.333960+00:00,114.364,median_energy_pkg,unit_test_energy,MergeSort_SortsListCorrectly
_result,60,2024-12-10 12:26:22.502131+00:00,2024-12-13 12:26:22.502131+00:00,2024-12-13 12:02:22.540473+00:00,110.2832,median_energy_pkg,unit_test_energy,MergeSort_SortsListCorrectly
_result,60,2024-12-10 12:26:22.502131+00:00,2024-12-13 12:26:22.502131+00:00,2024-12-13 12:03:44.533707+00:00,92.5684,median_energy_pkg,unit_test_energy,MergeSort_SortsListCorrectly
_result,60,2024-12-10 12:26:22.502131+00:00,2024-12-13 12:26:22.502131+00:00,2024-12-13 12:05:07.035325+00:00,114.7522,median_energy_pkg,unit_test_energy,MergeSort_SortsListCorrectly
_result,60,2024-12-10 12:26:22.502131+00:00,2024-12-13 12:26:22.502131+00:00,2024-12-13 12:06:29.026517+00:00,112.2375,median_energy_pkg,unit_test_energy,MergeSort_SortsListCorrectly
_result,60,2024-12-10 12:26:22.502131+00:00,2024-12-13 12:26:22.502131+00:00,2024-12-13 12:07:51.007210+00:00,114.4299,median_energy_pkg,unit_test_energy,MergeSort_SortsListCorrectly
_result,60,2024-12-10 12:26:22.502131+00:00,2024-12-13 12:26:22.502131+00:00,2024-12-13 12:09:13.610252+00:00,109.9512,median_energy_pkg,unit_test_energy,MergeSort_SortsListCorrectly
_result,60,2024-12-10 12:26:22.502131+00:00,2024-12-13 12:26:22.502131+00:00,2024-12-13 12:10:35.889329+00:00,114.7607,median_energy_pkg,unit_test_energy,MergeSort_SortsListCorrectly
_result,60,2024-12-10 12:26:22.502131+00:00,2024-12-13 12:26:22.502131+00:00,2024-12-13 12:11:57.899691+00:00,119.2761,median_energy_pkg,unit_test_energy,MergeSort_SortsListCorrectly
_result,60,2024-12-10 12:26:22.502131+00:00,2024-12-13 12:26:22.502131+00:00,2024-12-13 12:13:20.490025+00:00,120.387,median_energy_pkg,unit_test_energy,MergeSort_SortsListCorrectly
_result,60,2024-12-10 12:26:22.502131+00:00,2024-12-13 12:26:22.502131+00:00,2024-12-13 12:14:43.214487+00:00,111.6663,median_energy_pkg,unit_test_energy,MergeSort_SortsListCorrectly
_result,60,2024-12-10 12:26:22.502131+00:00,2024-12-13 12:26:22.502131+00:00,2024-12-13 12:16:05.702636+00:00,115.9198,median_energy_pkg,unit_test_energy,MergeSort_SortsListCorrectly
_result,60,2024-12-10 12:26:22.502131+00:00,2024-12-13 12:26:22.502131+00:00,2024-12-13 12:17:27.981330+00:00,122.7893,median_energy_pkg,unit_test_energy,MergeSort_SortsListCorrectly
_result,60,2024-12-10 12:26:22.502131+00:00,2024-12-13 12:26:22.502131+00:00,2024-12-13 12:18:49.763202+00:00,111.4746,median_energy_pkg,unit_test_energy,MergeSort_SortsListCorrectly
_result,60,2024-12-10 12:26:22.502131+00:00,2024-12-13 12:26:22.502131+00:00,2024-12-13 12:20:11.940341+00:00,116.2329,median_energy_pkg,unit_test_energy,MergeSort_SortsListCorrectly
_result,60,2024-12-10 12:26:22.502131+00:00,2024-12-13 12:26:22.502131+00:00,2024-12-13 12:21:33.858504+00:00,111.4343,median_energy_pkg,unit_test_energy,MergeSort_SortsListCorrectly
_result,61,2024-12-10 12:26:22.502131+00:00,2024-12-13 12:26:22.502131+00:00,2024-12-13 11:41:16.339640+00:00,5.8751,total_energy_dram,unit_test_energy,MergeSort_SortsListCorrectly
_result,61,2024-12-10 12:26:22.502131+00:00,2024-12-13 12:26:22.502131+00:00,2024-12-13 11:42:37.456833+00:00,5.2729,total_energy_dram,unit_test_energy,MergeSort_SortsListCorrectly
_result,61,2024-12-10 12:26:22.502131+00:00,2024-12-13 12:26:22.502131+00:00,2024-12-13 11:43:59.038057+00:00,4.75,total_energy_dram,unit_test_energy,MergeSort_SortsListCorrectly
_result,61,2024-12-10 12:26:22.502131+00:00,2024-12-13 12:26:22.502131+00:00,2024-12-13 11:45:21.380813+00:00,6.2011,total_energy_dram,unit_test_energy,MergeSort_SortsListCorrectly
_result,61,2024-12-10 12:26:22.502131+00:00,2024-12-13 12:26:22.502131+00:00,2024-12-13 11:46:43.430708+00:00,4.7847,total_energy_dram,unit_test_energy,MergeSort_SortsListCorrectly
_result,61,2024-12-10 12:26:22.502131+00:00,2024-12-13 12:26:22.502131+00:00,2024-12-13 11:48:06.156940+00:00,4.7695,total_energy_dram,unit_test_energy,MergeSort_SortsListCorrectly
_result,61,2024-12-10 12:26:22.502131+00:00,2024-12-13 12:26:22.502131+00:00,2024-12-13 11:49:27.928077+00:00,5.0596,total_energy_dram,unit_test_energy,MergeSort_SortsListCorrectly
_result,61,2024-12-10 12:26:22.502131+00:00,2024-12-13 12:26:22.502131+00:00,2024-12-13 11:50:50.175248+00:00,6.1471,total_energy_dram,unit_test_energy,MergeSort_SortsListCorrectly
_result,61,2024-12-10 12:26:22.502131+00:00,2024-12-13 12:26:22.502131+00:00,2024-12-13 11:52:11.797838+00:00,4.9507,total_energy_dram,unit_test_energy,MergeSort_SortsListCorrectly
_result,61,2024-12-10 12:26:22.502131+00:00,2024-12-13 12:26:22.502131+00:00,2024-12-13 11:53:33.611476+00:00,4.94,total_energy_dram,unit_test_energy,MergeSort_SortsListCorrectly
_result,61,2024-12-10 12:26:22.502131+00:00,2024-12-13 12:26:22.502131+00:00,2024-12-13 11:54:55.889894+00:00,4.9307,total_energy_dram,unit_test_energy,MergeSort_SortsListCorrectly
_result,61,2024-12-10 12:26:22.502131+00:00,2024-12-13 12:26:22.502131+00:00,2024-12-13 11:56:18.639314+00:00,5.5625,total_energy_dram,unit_test_energy,MergeSort_SortsListCorrectly
_result,61,2024-12-10 12:26:22.502131+00:00,2024-12-13 12:26:22.502131+00:00,2024-12-13 11:57:41.140996+00:00,5.9001,total_energy_dram,unit_test_energy,MergeSort_SortsListCorrectly
_result,61,2024-12-10 12:26:22.502131+00:00,2024-12-13 12:26:22.502131+00:00,2024-12-13 11:59:03.407980+00:00,5.5525,total_energy_dram,unit_test_energy,MergeSort_SortsListCorrectly
_result,61,2024-12-10 12:26:22.502131+00:00,2024-12-13 12:26:22.502131+00:00,2024-12-13 12:00:25.333960+00:00,5.8776,total_energy_dram,unit_test_energy,MergeSort_SortsListCorrectly
_result,61,2024-12-10 12:26:22.502131+00:00,2024-12-13 12:26:22.502131+00:00,2024-12-13 12:02:22.540473+00:00,6.4617,total_energy_dram,unit_test_energy,MergeSort_SortsListCorrectly
_result,61,2024-12-10 12:26:22.502131+00:00,2024-12-13 12:26:22.502131+00:00,2024-12-13 12:03:44.533707+00:00,5.462,total_energy_dram,unit_test_energy,MergeSort_SortsListCorrectly
_result,61,2024-12-10 12:26:22.502131+00:00,2024-12-13 12:26:22.502131+00:00,2024-12-13 12:05:07.035325+00:00,5.7435,total_energy_dram,unit_test_energy,MergeSort_SortsListCorrectly
_result,61,2024-12-10 12:26:22.502131+00:00,2024-12-13 12:26:22.502131+00:00,2024-12-13 12:06:29.026517+00:00,6.4816,total_energy_dram,unit_test_energy,MergeSort_SortsListCorrectly
_result,61,2024-12-10 12:26:22.502131+00:00,2024-12-13 12:26:22.502131+00:00,2024-12-13 12:07:51.007210+00:00,5.8404,total_energy_dram,unit_test_energy,MergeSort_SortsListCorrectly
_result,61,2024-12-10 12:26:22.502131+00:00,2024-12-13 12:26:22.502131+00:00,2024-12-13 12:09:13.610252+00:00,5.7775,total_energy_dram,unit_test_energy,MergeSort_SortsListCorrectly
_result,61,2024-12-10 12:26:22.502131+00:00,2024-12-13 12:26:22.502131+00:00,2024-12-13 12:10:35.889329+00:00,5.8798,total_energy_dram,unit_test_energy,MergeSort_SortsListCorrectly
_result,61,2024-12-10 12:26:22.502131+00:00,2024-12-13 12:26:22.502131+00:00,2024-12-13 12:11:57.899691+00:00,5.4991,total_energy_dram,unit_test_energy,MergeSort_SortsListCorrectly
_result,61,2024-12-10 12:26:22.502131+00:00,2024-12-13 12:26:22.502131+00:00,2024-12-13 12:13:20.490025+00:00,6.5965,total_energy_dram,unit_test_energy,MergeSort_SortsListCorrectly
_result,61,2024-12-10 12:26:22.502131+00:00,2024-12-13 12:26:22.502131+00:00,2024-12-13 12:14:43.214487+00:00,6.1573,total_energy_dram,unit_test_energy,MergeSort_SortsListCorrectly
_result,61,2024-12-10 12:26:22.502131+00:00,2024-12-13 12:26:22.502131+00:00,2024-12-13 12:16:05.702636+00:00,6.7899,total_energy_dram,unit_test_energy,MergeSort_SortsListCorrectly
_result,61,2024-12-10 12:26:22.502131+00:00,2024-12-13 12:26:22.502131+00:00,2024-12-13 12:17:27.981330+00:00,5.0034,total_energy_dram,unit_test_energy,MergeSort_SortsListCorrectly
_result,61,2024-12-10 12:26:22.502131+00:00,2024-12-13 12:26:22.502131+00:00,2024-12-13 12:18:49.763202+00:00,6.5905,total_energy_dram,unit_test_energy,MergeSort_SortsListCorrectly
_result,61,2024-12-10 12:26:22.502131+00:00,2024-12-13 12:26:22.502131+00:00,2024-12-13 12:20:11.940341+00:00,5.9212,total_energy_dram,unit_test_energy,MergeSort_SortsListCorrectly
_result,61,2024-12-10 12:26:22.502131+00:00,2024-12-13 12:26:22.502131+00:00,2024-12-13 12:21:33.858504+00:00,6.6286,total_energy_dram,unit_test_energy,MergeSort_SortsListCorrectly
_result,62,2024-12-10 12:26:22.502131+00:00,2024-12-13 12:26:22.502131+00:00,2024-12-13 11:41:16.339640+00:00,15.1927,total_energy_pkg,unit_test_energy,MergeSort_SortsListCorrectly
_result,62,2024-12-10 12:26:22.502131+00:00,2024-12-13 12:26:22.502131+00:00,2024-12-13 11:42:37.456833+00:00,13.0546,total_energy_pkg,unit_test_energy,MergeSort_SortsListCorrectly
_result,62,2024-12-10 12:26:22.502131+00:00,2024-12-13 12:26:22.502131+00:00,2024-12-13 11:43:59.038057+00:00,8.9422,total_energy_pkg,unit_test_energy,MergeSort_SortsListCorrectly
_result,62,2024-12-10 12:26:22.502131+00:00,2024-12-13 12:26:22.502131+00:00,2024-12-13 11:45:21.380813+00:00,11.5665,total_energy_pkg,unit_test_energy,MergeSort_SortsListCorrectly
_result,62,2024-12-10 12:26:22.502131+00:00,2024-12-13 12:26:22.502131+00:00,2024-12-13 11:46:43.430708+00:00,8.9051,total_energy_pkg,unit_test_energy,MergeSort_SortsListCorrectly
_result,62,2024-12-10 12:26:22.502131+00:00,2024-12-13 12:26:22.502131+00:00,2024-12-13 11:48:06.156940+00:00,8.7987,total_energy_pkg,unit_test_energy,MergeSort_SortsListCorrectly
_result,62,2024-12-10 12:26:22.502131+00:00,2024-12-13 12:26:22.502131+00:00,2024-12-13 11:49:27.928077+00:00,9.4413,total_energy_pkg,unit_test_energy,MergeSort_SortsListCorrectly
_result,62,2024-12-10 12:26:22.502131+00:00,2024-12-13 12:26:22.502131+00:00,2024-12-13 11:50:50.175248+00:00,12.5446,total_energy_pkg,unit_test_energy,MergeSort_SortsListCorrectly
_result,62,2024-12-10 12:26:22.502131+00:00,2024-12-13 12:26:22.502131+00:00,2024-12-13 11:52:11.797838+00:00,9.0922,total_energy_pkg,unit_test_energy,MergeSort_SortsListCorrectly
_result,62,2024-12-10 12:26:22.502131+00:00,2024-12-13 12:26:22.502131+00:00,2024-12-13 11:53:33.611476+00:00,9.0132,total_energy_pkg,unit_test_energy,MergeSort_SortsListCorrectly
_result,62,2024-12-10 12:26:22.502131+00:00,2024-12-13 12:26:22.502131+00:00,2024-12-13 11:54:55.889894+00:00,9.0823,total_energy_pkg,unit_test_energy,MergeSort_SortsListCorrectly
_result,62,2024-12-10 12:26:22.502131+00:00,2024-12-13 12:26:22.502131+00:00,2024-12-13 11:56:18.639314+00:00,14.0624,total_energy_pkg,unit_test_energy,MergeSort_SortsListCorrectly
_result,62,2024-12-10 12:26:22.502131+00:00,2024-12-13 12:26:22.502131+00:00,2024-12-13 11:57:41.140996+00:00,15.0636,total_energy_pkg,unit_test_energy,MergeSort_SortsListCorrectly
_result,62,2024-12-10 12:26:22.502131+00:00,2024-12-13 12:26:22.502131+00:00,2024-12-13 11:59:03.407980+00:00,14.1441,total_energy_pkg,unit_test_energy,MergeSort_SortsListCorrectly
_result,62,2024-12-10 12:26:22.502131+00:00,2024-12-13 12:26:22.502131+00:00,2024-12-13 12:00:25.333960+00:00,15.1325,total_energy_pkg,unit_test_energy,MergeSort_SortsListCorrectly
_result,62,2024-12-10 12:26:22.502131+00:00,2024-12-13 12:26:22.502131+00:00,2024-12-13 12:02:22.540473+00:00,16.6085,total_energy_pkg,unit_test_energy,MergeSort_SortsListCorrectly
_result,62,2024-12-10 12:26:22.502131+00:00,2024-12-13 12:26:22.502131+00:00,2024-12-13 12:03:44.533707+00:00,13.6935,total_energy_pkg,unit_test_energy,MergeSort_SortsListCorrectly
_result,62,2024-12-10 12:26:22.502131+00:00,2024-12-13 12:26:22.502131+00:00,2024-12-13 12:05:07.035325+00:00,14.821,total_energy_pkg,unit_test_energy,MergeSort_SortsListCorrectly
_result,62,2024-12-10 12:26:22.502131+00:00,2024-12-13 12:26:22.502131+00:00,2024-12-13 12:06:29.026517+00:00,16.7687,total_energy_pkg,unit_test_energy,MergeSort_SortsListCorrectly
_result,62,2024-12-10 12:26:22.502131+00:00,2024-12-13 12:26:22.502131+00:00,2024-12-13 12:07:51.007210+00:00,14.8746,total_energy_pkg,unit_test_energy,MergeSort_SortsListCorrectly
_result,62,2024-12-10 12:26:22.502131+00:00,2024-12-13 12:26:22.502131+00:00,2024-12-13 12:09:13.610252+00:00,14.2617,total_energy_pkg,unit_test_energy,MergeSort_SortsListCorrectly
_result,62,2024-12-10 12:26:22.502131+00:00,2024-12-13 12:26:22.502131+00:00,2024-12-13 12:10:35.889329+00:00,15.1378,total_energy_pkg,unit_test_energy,MergeSort_SortsListCorrectly
_result,62,2024-12-10 12:26:22.502131+00:00,2024-12-13 12:26:22.502131+00:00,2024-12-13 12:11:57.899691+00:00,14.0211,total_energy_pkg,unit_test_energy,MergeSort_SortsListCorrectly
_result,62,2024-12-10 12:26:22.502131+00:00,2024-12-13 12:26:22.502131+00:00,2024-12-13 12:13:20.490025+00:00,16.136,total_energy_pkg,unit_test_energy,MergeSort_SortsListCorrectly
_result,62,2024-12-10 12:26:22.502131+00:00,2024-12-13 12:26:22.502131+00:00,2024-12-13 12:14:43.214487+00:00,15.8718,total_energy_pkg,unit_test_energy,MergeSort_SortsListCorrectly
_result,62,2024-12-10 12:26:22.502131+00:00,2024-12-13 12:26:22.502131+00:00,2024-12-13 12:16:05.702636+00:00,17.5549,total_energy_pkg,unit_test_energy,MergeSort_SortsListCorrectly
_result,62,2024-12-10 12:26:22.502131+00:00,2024-12-13 12:26:22.502131+00:00,2024-12-13 12:17:27.981330+00:00,12.5833,total_energy_pkg,unit_test_energy,MergeSort_SortsListCorrectly
_result,62,2024-12-10 12:26:22.502131+00:00,2024-12-13 12:26:22.502131+00:00,2024-12-13 12:18:49.763202+00:00,17.2064,total_energy_pkg,unit_test_energy,MergeSort_SortsListCorrectly
_result,62,2024-12-10 12:26:22.502131+00:00,2024-12-13 12:26:22.502131+00:00,2024-12-13 12:20:11.940341+00:00,15.1324,total_energy_pkg,unit_test_energy,MergeSort_SortsListCorrectly
_result,62,2024-12-10 12:26:22.502131+00:00,2024-12-13 12:26:22.502131+00:00,2024-12-13 12:21:33.858504+00:00,17.005,total_energy_pkg,unit_test_energy,MergeSort_SortsListCorrectly
_result,63,2024-12-10 12:26:22.502131+00:00,2024-12-13 12:26:22.502131+00:00,2024-12-13 10:20:13.136195+00:00,43.5124,avg_energy_dram,unit_test_energy,SelectionSort_SortsListCorrectly
_result,63,2024-12-10 12:26:22.502131+00:00,2024-12-13 12:26:22.502131+00:00,2024-12-13 10:21:37.887101+00:00,50.7682,avg_energy_dram,unit_test_energy,SelectionSort_SortsListCorrectly
_result,63,2024-12-10 12:26:22.502131+00:00,2024-12-13 12:26:22.502131+00:00,2024-12-13 10:23:02.361631+00:00,43.6144,avg_energy_dram,unit_test_energy,SelectionSort_SortsListCorrectly
_result,63,2024-12-10 12:26:22.502131+00:00,2024-12-13 12:26:22.502131+00:00,2024-12-13 10:24:27.376696+00:00,50.8964,avg_energy_dram,unit_test_energy,SelectionSort_SortsListCorrectly
_result,63,2024-12-10 12:26:22.502131+00:00,2024-12-13 12:26:22.502131+00:00,2024-12-13 10:25:51.055061+00:00,50.6382,avg_energy_dram,unit_test_energy,SelectionSort_SortsListCorrectly
_result,63,2024-12-10 12:26:22.502131+00:00,2024-12-13 12:26:22.502131+00:00,2024-12-13 10:27:14.588712+00:00,50.8173,avg_energy_dram,unit_test_energy,SelectionSort_SortsListCorrectly
_result,63,2024-12-10 12:26:22.502131+00:00,2024-12-13 12:26:22.502131+00:00,2024-12-13 10:28:38.254854+00:00,50.9009,avg_energy_dram,unit_test_energy,SelectionSort_SortsListCorrectly
_result,63,2024-12-10 12:26:22.502131+00:00,2024-12-13 12:26:22.502131+00:00,2024-12-13 10:30:01.825679+00:00,50.2933,avg_energy_dram,unit_test_energy,SelectionSort_SortsListCorrectly
_result,63,2024-12-10 12:26:22.502131+00:00,2024-12-13 12:26:22.502131+00:00,2024-12-13 10:31:25.730043+00:00,50.8762,avg_energy_dram,unit_test_energy,SelectionSort_SortsListCorrectly
_result,63,2024-12-10 12:26:22.502131+00:00,2024-12-13 12:26:22.502131+00:00,2024-12-13 10:32:49.939175+00:00,43.7002,avg_energy_dram,unit_test_energy,SelectionSort_SortsListCorrectly
_result,63,2024-12-10 12:26:22.502131+00:00,2024-12-13 12:26:22.502131+00:00,2024-12-13 10:34:14.928208+00:00,50.4587,avg_energy_dram,unit_test_energy,SelectionSort_SortsListCorrectly
_result,63,2024-12-10 12:26:22.502131+00:00,2024-12-13 12:26:22.502131+00:00,2024-12-13 10:35:38.654810+00:00,50.5085,avg_energy_dram,unit_test_energy,SelectionSort_SortsListCorrectly
_result,63,2024-12-10 12:26:22.502131+00:00,2024-12-13 12:26:22.502131+00:00,2024-12-13 10:37:02.538441+00:00,43.177,avg_energy_dram,unit_test_energy,SelectionSort_SortsListCorrectly
_result,63,2024-12-10 12:26:22.502131+00:00,2024-12-13 12:26:22.502131+00:00,2024-12-13 10:38:25.545506+00:00,43.4851,avg_energy_dram,unit_test_energy,SelectionSort_SortsListCorrectly
_result,63,2024-12-10 12:26:22.502131+00:00,2024-12-13 12:26:22.502131+00:00,2024-12-13 10:39:48.848779+00:00,43.038,avg_energy_dram,unit_test_energy,SelectionSort_SortsListCorrectly
_result,63,2024-12-10 12:26:22.502131+00:00,2024-12-13 12:26:22.502131+00:00,2024-12-13 10:48:31.363784+00:00,42.9954,avg_energy_dram,unit_test_energy,SelectionSort_SortsListCorrectly
_result,63,2024-12-10 12:26:22.502131+00:00,2024-12-13 12:26:22.502131+00:00,2024-12-13 10:49:55.080733+00:00,43.0339,avg_energy_dram,unit_test_energy,SelectionSort_SortsListCorrectly
_result,63,2024-12-10 12:26:22.502131+00:00,2024-12-13 12:26:22.502131+00:00,2024-12-13 10:51:18.208729+00:00,43.2551,avg_energy_dram,unit_test_energy,SelectionSort_SortsListCorrectly
_result,63,2024-12-10 12:26:22.502131+00:00,2024-12-13 12:26:22.502131+00:00,2024-12-13 10:52:41.631246+00:00,44.0332,avg_energy_dram,unit_test_energy,SelectionSort_SortsListCorrectly
_result,63,2024-12-10 12:26:22.502131+00:00,2024-12-13 12:26:22.502131+00:00,2024-12-13 10:54:05.037933+00:00,43.8759,avg_energy_dram,unit_test_energy,SelectionSort_SortsListCorrectly
_result,63,2024-12-10 12:26:22.502131+00:00,2024-12-13 12:26:22.502131+00:00,2024-12-13 10:55:28.090254+00:00,43.0724,avg_energy_dram,unit_test_energy,SelectionSort_SortsListCorrectly
_result,63,2024-12-10 12:26:22.502131+00:00,2024-12-13 12:26:22.502131+00:00,2024-12-13 10:56:51.457923+00:00,42.9632,avg_energy_dram,unit_test_energy,SelectionSort_SortsListCorrectly
_result,63,2024-12-10 12:26:22.502131+00:00,2024-12-13 12:26:22.502131+00:00,2024-12-13 10:58:14.743675+00:00,42.9921,avg_energy_dram,unit_test_energy,SelectionSort_SortsListCorrectly
_result,63,2024-12-10 12:26:22.502131+00:00,2024-12-13 12:26:22.502131+00:00,2024-12-13 10:59:38.132450+00:00,43.6616,avg_energy_dram,unit_test_energy,SelectionSort_SortsListCorrectly
_result,63,2024-12-10 12:26:22.502131+00:00,2024-12-13 12:26:22.502131+00:00,2024-12-13 11:01:01.437824+00:00,42.9965,avg_energy_dram,unit_test_energy,SelectionSort_SortsListCorrectly
_result,63,2024-12-10 12:26:22.502131+00:00,2024-12-13 12:26:22.502131+00:00,2024-12-13 11:02:26.084125+00:00,45.4793,avg_energy_dram,unit_test_energy,SelectionSort_SortsListCorrectly
_result,63,2024-12-10 12:26:22.502131+00:00,2024-12-13 12:26:22.502131+00:00,2024-12-13 11:03:49.339140+00:00,43.9354,avg_energy_dram,unit_test_energy,SelectionSort_SortsListCorrectly
_result,63,2024-12-10 12:26:22.502131+00:00,2024-12-13 12:26:22.502131+00:00,2024-12-13 11:05:13.162519+00:00,50.461,avg_energy_dram,unit_test_energy,SelectionSort_SortsListCorrectly
_result,63,2024-12-10 12:26:22.502131+00:00,2024-12-13 12:26:22.502131+00:00,2024-12-13 11:06:36.258406+00:00,43.7768,avg_energy_dram,unit_test_energy,SelectionSort_SortsListCorrectly
_result,63,2024-12-10 12:26:22.502131+00:00,2024-12-13 12:26:22.502131+00:00,2024-12-13 11:07:59.248749+00:00,51.117,avg_energy_dram,unit_test_energy,SelectionSort_SortsListCorrectly
_result,63,2024-12-10 12:26:22.502131+00:00,2024-12-13 12:26:22.502131+00:00,2024-12-13 11:41:00.980325+00:00,50.6784,avg_energy_dram,unit_test_energy,SelectionSort_SortsListCorrectly
_result,63,2024-12-10 12:26:22.502131+00:00,2024-12-13 12:26:22.502131+00:00,2024-12-13 11:42:22.134410+00:00,50.6829,avg_energy_dram,unit_test_energy,SelectionSort_SortsListCorrectly
_result,63,2024-12-10 12:26:22.502131+00:00,2024-12-13 12:26:22.502131+00:00,2024-12-13 11:43:43.605969+00:00,45.5295,avg_energy_dram,unit_test_energy,SelectionSort_SortsListCorrectly
_result,63,2024-12-10 12:26:22.502131+00:00,2024-12-13 12:26:22.502131+00:00,2024-12-13 11:45:05.855985+00:00,47.2573,avg_energy_dram,unit_test_energy,SelectionSort_SortsListCorrectly
_result,63,2024-12-10 12:26:22.502131+00:00,2024-12-13 12:26:22.502131+00:00,2024-12-13 11:46:28.016351+00:00,43.1543,avg_energy_dram,unit_test_energy,SelectionSort_SortsListCorrectly
_result,63,2024-12-10 12:26:22.502131+00:00,2024-12-13 12:26:22.502131+00:00,2024-12-13 11:47:50.225171+00:00,46.499,avg_energy_dram,unit_test_energy,SelectionSort_SortsListCorrectly
_result,63,2024-12-10 12:26:22.502131+00:00,2024-12-13 12:26:22.502131+00:00,2024-12-13 11:49:12.460825+00:00,45.1194,avg_energy_dram,unit_test_energy,SelectionSort_SortsListCorrectly
_result,63,2024-12-10 12:26:22.502131+00:00,2024-12-13 12:26:22.502131+00:00,2024-12-13 11:50:34.756593+00:00,46.4908,avg_energy_dram,unit_test_energy,SelectionSort_SortsListCorrectly
_result,63,2024-12-10 12:26:22.502131+00:00,2024-12-13 12:26:22.502131+00:00,2024-12-13 11:51:56.382558+00:00,47.0022,avg_energy_dram,unit_test_energy,SelectionSort_SortsListCorrectly
_result,63,2024-12-10 12:26:22.502131+00:00,2024-12-13 12:26:22.502131+00:00,2024-12-13 11:53:18.259207+00:00,44.9057,avg_energy_dram,unit_test_energy,SelectionSort_SortsListCorrectly
_result,63,2024-12-10 12:26:22.502131+00:00,2024-12-13 12:26:22.502131+00:00,2024-12-13 11:54:40.461409+00:00,44.8419,avg_energy_dram,unit_test_energy,SelectionSort_SortsListCorrectly
_result,63,2024-12-10 12:26:22.502131+00:00,2024-12-13 12:26:22.502131+00:00,2024-12-13 11:56:03.026326+00:00,50.6887,avg_energy_dram,unit_test_energy,SelectionSort_SortsListCorrectly
_result,63,2024-12-10 12:26:22.502131+00:00,2024-12-13 12:26:22.502131+00:00,2024-12-13 11:57:25.724805+00:00,50.813,avg_energy_dram,unit_test_energy,SelectionSort_SortsListCorrectly
_result,63,2024-12-10 12:26:22.502131+00:00,2024-12-13 12:26:22.502131+00:00,2024-12-13 11:58:47.950404+00:00,51.0532,avg_energy_dram,unit_test_energy,SelectionSort_SortsListCorrectly
_result,63,2024-12-10 12:26:22.502131+00:00,2024-12-13 12:26:22.502131+00:00,2024-12-13 12:00:09.943506+00:00,51.039,avg_energy_dram,unit_test_energy,SelectionSort_SortsListCorrectly
_result,63,2024-12-10 12:26:22.502131+00:00,2024-12-13 12:26:22.502131+00:00,2024-12-13 12:02:05.965191+00:00,50.864,avg_energy_dram,unit_test_energy,SelectionSort_SortsListCorrectly
_result,63,2024-12-10 12:26:22.502131+00:00,2024-12-13 12:26:22.502131+00:00,2024-12-13 12:03:29.125645+00:00,49.0469,avg_energy_dram,unit_test_energy,SelectionSort_SortsListCorrectly
_result,63,2024-12-10 12:26:22.502131+00:00,2024-12-13 12:26:22.502131+00:00,2024-12-13 12:04:51.601975+00:00,50.9191,avg_energy_dram,unit_test_energy,SelectionSort_SortsListCorrectly
_result,63,2024-12-10 12:26:22.502131+00:00,2024-12-13 12:26:22.502131+00:00,2024-12-13 12:06:13.508079+00:00,51.0087,avg_energy_dram,unit_test_energy,SelectionSort_SortsListCorrectly
_result,63,2024-12-10 12:26:22.502131+00:00,2024-12-13 12:26:22.502131+00:00,2024-12-13 12:07:35.520460+00:00,51.0091,avg_energy_dram,unit_test_energy,SelectionSort_SortsListCorrectly
_result,63,2024-12-10 12:26:22.502131+00:00,2024-12-13 12:26:22.502131+00:00,2024-12-13 12:08:58.227386+00:00,50.8081,avg_energy_dram,unit_test_energy,SelectionSort_SortsListCorrectly
_result,63,2024-12-10 12:26:22.502131+00:00,2024-12-13 12:26:22.502131+00:00,2024-12-13 12:10:20.355808+00:00,50.3868,avg_energy_dram,unit_test_energy,SelectionSort_SortsListCorrectly
_result,63,2024-12-10 12:26:22.502131+00:00,2024-12-13 12:26:22.502131+00:00,2024-12-13 12:11:42.379218+00:00,49.7659,avg_energy_dram,unit_test_energy,SelectionSort_SortsListCorrectly
_result,63,2024-12-10 12:26:22.502131+00:00,2024-12-13 12:26:22.502131+00:00,2024-12-13 12:13:05.069296+00:00,50.7693,avg_energy_dram,unit_test_energy,SelectionSort_SortsListCorrectly
_result,63,2024-12-10 12:26:22.502131+00:00,2024-12-13 12:26:22.502131+00:00,2024-12-13 12:14:27.742849+00:00,50.0838,avg_energy_dram,unit_test_energy,SelectionSort_SortsListCorrectly
_result,63,2024-12-10 12:26:22.502131+00:00,2024-12-13 12:26:22.502131+00:00,2024-12-13 12:15:50.307667+00:00,50.8475,avg_energy_dram,unit_test_energy,SelectionSort_SortsListCorrectly
_result,63,2024-12-10 12:26:22.502131+00:00,2024-12-13 12:26:22.502131+00:00,2024-12-13 12:17:12.568179+00:00,50.9938,avg_energy_dram,unit_test_energy,SelectionSort_SortsListCorrectly
_result,63,2024-12-10 12:26:22.502131+00:00,2024-12-13 12:26:22.502131+00:00,2024-12-13 12:18:34.370467+00:00,50.8692,avg_energy_dram,unit_test_energy,SelectionSort_SortsListCorrectly
_result,63,2024-12-10 12:26:22.502131+00:00,2024-12-13 12:26:22.502131+00:00,2024-12-13 12:19:56.569711+00:00,50.9368,avg_energy_dram,unit_test_energy,SelectionSort_SortsListCorrectly
_result,63,2024-12-10 12:26:22.502131+00:00,2024-12-13 12:26:22.502131+00:00,2024-12-13 12:21:18.413868+00:00,51.2277,avg_energy_dram,unit_test_energy,SelectionSort_SortsListCorrectly
_result,64,2024-12-10 12:26:22.502131+00:00,2024-12-13 12:26:22.502131+00:00,2024-12-13 10:20:13.136195+00:00,128.8284,avg_energy_pkg,unit_test_energy,SelectionSort_SortsListCorrectly
_result,64,2024-12-10 12:26:22.502131+00:00,2024-12-13 12:26:22.502131+00:00,2024-12-13 10:21:37.887101+00:00,141.3878,avg_energy_pkg,unit_test_energy,SelectionSort_SortsListCorrectly
_result,64,2024-12-10 12:26:22.502131+00:00,2024-12-13 12:26:22.502131+00:00,2024-12-13 10:23:02.361631+00:00,129.5307,avg_energy_pkg,unit_test_energy,SelectionSort_SortsListCorrectly
_result,64,2024-12-10 12:26:22.502131+00:00,2024-12-13 12:26:22.502131+00:00,2024-12-13 10:24:27.376696+00:00,138.6069,avg_energy_pkg,unit_test_energy,SelectionSort_SortsListCorrectly
_result,64,2024-12-10 12:26:22.502131+00:00,2024-12-13 12:26:22.502131+00:00,2024-12-13 10:25:51.055061+00:00,133.0335,avg_energy_pkg,unit_test_energy,SelectionSort_SortsListCorrectly
_result,64,2024-12-10 12:26:22.502131+00:00,2024-12-13 12:26:22.502131+00:00,2024-12-13 10:27:14.588712+00:00,134.945,avg_energy_pkg,unit_test_energy,SelectionSort_SortsListCorrectly
_result,64,2024-12-10 12:26:22.502131+00:00,2024-12-13 12:26:22.502131+00:00,2024-12-13 10:28:38.254854+00:00,137.1812,avg_energy_pkg,unit_test_energy,SelectionSort_SortsListCorrectly
_result,64,2024-12-10 12:26:22.502131+00:00,2024-12-13 12:26:22.502131+00:00,2024-12-13 10:30:01.825679+00:00,132.6861,avg_energy_pkg,unit_test_energy,SelectionSort_SortsListCorrectly
_result,64,2024-12-10 12:26:22.502131+00:00,2024-12-13 12:26:22.502131+00:00,2024-12-13 10:31:25.730043+00:00,140.8176,avg_energy_pkg,unit_test_energy,SelectionSort_SortsListCorrectly
_result,64,2024-12-10 12:26:22.502131+00:00,2024-12-13 12:26:22.502131+00:00,2024-12-13 10:32:49.939175+00:00,130.8834,avg_energy_pkg,unit_test_energy,SelectionSort_SortsListCorrectly
_result,64,2024-12-10 12:26:22.502131+00:00,2024-12-13 12:26:22.502131+00:00,2024-12-13 10:34:14.928208+00:00,134.9189,avg_energy_pkg,unit_test_energy,SelectionSort_SortsListCorrectly
_result,64,2024-12-10 12:26:22.502131+00:00,2024-12-13 12:26:22.502131+00:00,2024-12-13 10:35:38.654810+00:00,133.951,avg_energy_pkg,unit_test_energy,SelectionSort_SortsListCorrectly
_result,64,2024-12-10 12:26:22.502131+00:00,2024-12-13 12:26:22.502131+00:00,2024-12-13 10:37:02.538441+00:00,112.0186,avg_energy_pkg,unit_test_energy,SelectionSort_SortsListCorrectly
_result,64,2024-12-10 12:26:22.502131+00:00,2024-12-13 12:26:22.502131+00:00,2024-12-13 10:38:25.545506+00:00,112.7211,avg_energy_pkg,unit_test_energy,SelectionSort_SortsListCorrectly
_result,64,2024-12-10 12:26:22.502131+00:00,2024-12-13 12:26:22.502131+00:00,2024-12-13 10:39:48.848779+00:00,111.3848,avg_energy_pkg,unit_test_energy,SelectionSort_SortsListCorrectly
_result,64,2024-12-10 12:26:22.502131+00:00,2024-12-13 12:26:22.502131+00:00,2024-12-13 10:48:31.363784+00:00,110.2513,avg_energy_pkg,unit_test_energy,SelectionSort_SortsListCorrectly
_result,64,2024-12-10 12:26:22.502131+00:00,2024-12-13 12:26:22.502131+00:00,2024-12-13 10:49:55.080733+00:00,111.0286,avg_energy_pkg,unit_test_energy,SelectionSort_SortsListCorrectly
_result,64,2024-12-10 12:26:22.502131+00:00,2024-12-13 12:26:22.502131+00:00,2024-12-13 10:51:18.208729+00:00,111.7441,avg_energy_pkg,unit_test_energy,SelectionSort_SortsListCorrectly
_result,64,2024-12-10 12:26:22.502131+00:00,2024-12-13 12:26:22.502131+00:00,2024-12-13 10:52:41.631246+00:00,112.6988,avg_energy_pkg,unit_test_energy,SelectionSort_SortsListCorrectly
_result,64,2024-12-10 12:26:22.502131+00:00,2024-12-13 12:26:22.502131+00:00,2024-12-13 10:54:05.037933+00:00,111.6743,avg_energy_pkg,unit_test_energy,SelectionSort_SortsListCorrectly
_result,64,2024-12-10 12:26:22.502131+00:00,2024-12-13 12:26:22.502131+00:00,2024-12-13 10:55:28.090254+00:00,111.3005,avg_energy_pkg,unit_test_energy,SelectionSort_SortsListCorrectly
_result,64,2024-12-10 12:26:22.502131+00:00,2024-12-13 12:26:22.502131+00:00,2024-12-13 10:56:51.457923+00:00,111.7517,avg_energy_pkg,unit_test_energy,SelectionSort_SortsListCorrectly
_result,64,2024-12-10 12:26:22.502131+00:00,2024-12-13 12:26:22.502131+00:00,2024-12-13 10:58:14.743675+00:00,111.2915,avg_energy_pkg,unit_test_energy,SelectionSort_SortsListCorrectly
_result,64,2024-12-10 12:26:22.502131+00:00,2024-12-13 12:26:22.502131+00:00,2024-12-13 10:59:38.132450+00:00,112.3016,avg_energy_pkg,unit_test_energy,SelectionSort_SortsListCorrectly
_result,64,2024-12-10 12:26:22.502131+00:00,2024-12-13 12:26:22.502131+00:00,2024-12-13 11:01:01.437824+00:00,111.4068,avg_energy_pkg,unit_test_energy,SelectionSort_SortsListCorrectly
_result,64,2024-12-10 12:26:22.502131+00:00,2024-12-13 12:26:22.502131+00:00,2024-12-13 11:02:26.084125+00:00,117.8981,avg_energy_pkg,unit_test_energy,SelectionSort_SortsListCorrectly
_result,64,2024-12-10 12:26:22.502131+00:00,2024-12-13 12:26:22.502131+00:00,2024-12-13 11:03:49.339140+00:00,112.2823,avg_energy_pkg,unit_test_energy,SelectionSort_SortsListCorrectly
_result,64,2024-12-10 12:26:22.502131+00:00,2024-12-13 12:26:22.502131+00:00,2024-12-13 11:05:13.162519+00:00,127.1884,avg_energy_pkg,unit_test_energy,SelectionSort_SortsListCorrectly
_result,64,2024-12-10 12:26:22.502131+00:00,2024-12-13 12:26:22.502131+00:00,2024-12-13 11:06:36.258406+00:00,112.4679,avg_energy_pkg,unit_test_energy,SelectionSort_SortsListCorrectly
_result,64,2024-12-10 12:26:22.502131+00:00,2024-12-13 12:26:22.502131+00:00,2024-12-13 11:07:59.248749+00:00,128.3975,avg_energy_pkg,unit_test_energy,SelectionSort_SortsListCorrectly
_result,64,2024-12-10 12:26:22.502131+00:00,2024-12-13 12:26:22.502131+00:00,2024-12-13 11:41:00.980325+00:00,132.9696,avg_energy_pkg,unit_test_energy,SelectionSort_SortsListCorrectly
_result,64,2024-12-10 12:26:22.502131+00:00,2024-12-13 12:26:22.502131+00:00,2024-12-13 11:42:22.134410+00:00,128.1049,avg_energy_pkg,unit_test_energy,SelectionSort_SortsListCorrectly
_result,64,2024-12-10 12:26:22.502131+00:00,2024-12-13 12:26:22.502131+00:00,2024-12-13 11:43:43.605969+00:00,116.1382,avg_energy_pkg,unit_test_energy,SelectionSort_SortsListCorrectly
_result,64,2024-12-10 12:26:22.502131+00:00,2024-12-13 12:26:22.502131+00:00,2024-12-13 11:45:05.855985+00:00,116.4438,avg_energy_pkg,unit_test_energy,SelectionSort_SortsListCorrectly
_result,64,2024-12-10 12:26:22.502131+00:00,2024-12-13 12:26:22.502131+00:00,2024-12-13 11:46:28.016351+00:00,111.3034,avg_energy_pkg,unit_test_energy,SelectionSort_SortsListCorrectly
_result,64,2024-12-10 12:26:22.502131+00:00,2024-12-13 12:26:22.502131+00:00,2024-12-13 11:47:50.225171+00:00,113.6636,avg_energy_pkg,unit_test_energy,SelectionSort_SortsListCorrectly
_result,64,2024-12-10 12:26:22.502131+00:00,2024-12-13 12:26:22.502131+00:00,2024-12-13 11:49:12.460825+00:00,112.3255,avg_energy_pkg,unit_test_energy,SelectionSort_SortsListCorrectly
_result,64,2024-12-10 12:26:22.502131+00:00,2024-12-13 12:26:22.502131+00:00,2024-12-13 11:50:34.756593+00:00,115.1423,avg_energy_pkg,unit_test_energy,SelectionSort_SortsListCorrectly
_result,64,2024-12-10 12:26:22.502131+00:00,2024-12-13 12:26:22.502131+00:00,2024-12-13 11:51:56.382558+00:00,117.2147,avg_energy_pkg,unit_test_energy,SelectionSort_SortsListCorrectly
_result,64,2024-12-10 12:26:22.502131+00:00,2024-12-13 12:26:22.502131+00:00,2024-12-13 11:53:18.259207+00:00,114.8795,avg_energy_pkg,unit_test_energy,SelectionSort_SortsListCorrectly
_result,64,2024-12-10 12:26:22.502131+00:00,2024-12-13 12:26:22.502131+00:00,2024-12-13 11:54:40.461409+00:00,113.0704,avg_energy_pkg,unit_test_energy,SelectionSort_SortsListCorrectly
_result,64,2024-12-10 12:26:22.502131+00:00,2024-12-13 12:26:22.502131+00:00,2024-12-13 11:56:03.026326+00:00,127.343,avg_energy_pkg,unit_test_energy,SelectionSort_SortsListCorrectly
_result,64,2024-12-10 12:26:22.502131+00:00,2024-12-13 12:26:22.502131+00:00,2024-12-13 11:57:25.724805+00:00,127.4225,avg_energy_pkg,unit_test_energy,SelectionSort_SortsListCorrectly
_result,64,2024-12-10 12:26:22.502131+00:00,2024-12-13 12:26:22.502131+00:00,2024-12-13 11:58:47.950404+00:00,128.4906,avg_energy_pkg,unit_test_energy,SelectionSort_SortsListCorrectly
_result,64,2024-12-10 12:26:22.502131+00:00,2024-12-13 12:26:22.502131+00:00,2024-12-13 12:00:09.943506+00:00,127.4915,avg_energy_pkg,unit_test_energy,SelectionSort_SortsListCorrectly
_result,64,2024-12-10 12:26:22.502131+00:00,2024-12-13 12:26:22.502131+00:00,2024-12-13 12:02:05.965191+00:00,128.0912,avg_energy_pkg,unit_test_energy,SelectionSort_SortsListCorrectly
_result,64,2024-12-10 12:26:22.502131+00:00,2024-12-13 12:26:22.502131+00:00,2024-12-13 12:03:29.125645+00:00,125.7813,avg_energy_pkg,unit_test_energy,SelectionSort_SortsListCorrectly
_result,64,2024-12-10 12:26:22.502131+00:00,2024-12-13 12:26:22.502131+00:00,2024-12-13 12:04:51.601975+00:00,128.5356,avg_energy_pkg,unit_test_energy,SelectionSort_SortsListCorrectly
_result,64,2024-12-10 12:26:22.502131+00:00,2024-12-13 12:26:22.502131+00:00,2024-12-13 12:06:13.508079+00:00,128.364,avg_energy_pkg,unit_test_energy,SelectionSort_SortsListCorrectly
_result,64,2024-12-10 12:26:22.502131+00:00,2024-12-13 12:26:22.502131+00:00,2024-12-13 12:07:35.520460+00:00,128.1473,avg_energy_pkg,unit_test_energy,SelectionSort_SortsListCorrectly
_result,64,2024-12-10 12:26:22.502131+00:00,2024-12-13 12:26:22.502131+00:00,2024-12-13 12:08:58.227386+00:00,127.7489,avg_energy_pkg,unit_test_energy,SelectionSort_SortsListCorrectly
_result,64,2024-12-10 12:26:22.502131+00:00,2024-12-13 12:26:22.502131+00:00,2024-12-13 12:10:20.355808+00:00,127.2854,avg_energy_pkg,unit_test_energy,SelectionSort_SortsListCorrectly
_result,64,2024-12-10 12:26:22.502131+00:00,2024-12-13 12:26:22.502131+00:00,2024-12-13 12:11:42.379218+00:00,125.9531,avg_energy_pkg,unit_test_energy,SelectionSort_SortsListCorrectly
_result,64,2024-12-10 12:26:22.502131+00:00,2024-12-13 12:26:22.502131+00:00,2024-12-13 12:13:05.069296+00:00,126.8745,avg_energy_pkg,unit_test_energy,SelectionSort_SortsListCorrectly
_result,64,2024-12-10 12:26:22.502131+00:00,2024-12-13 12:26:22.502131+00:00,2024-12-13 12:14:27.742849+00:00,125.0663,avg_energy_pkg,unit_test_energy,SelectionSort_SortsListCorrectly
_result,64,2024-12-10 12:26:22.502131+00:00,2024-12-13 12:26:22.502131+00:00,2024-12-13 12:15:50.307667+00:00,127.418,avg_energy_pkg,unit_test_energy,SelectionSort_SortsListCorrectly
_result,64,2024-12-10 12:26:22.502131+00:00,2024-12-13 12:26:22.502131+00:00,2024-12-13 12:17:12.568179+00:00,128.0288,avg_energy_pkg,unit_test_energy,SelectionSort_SortsListCorrectly
_result,64,2024-12-10 12:26:22.502131+00:00,2024-12-13 12:26:22.502131+00:00,2024-12-13 12:18:34.370467+00:00,127.5897,avg_energy_pkg,unit_test_energy,SelectionSort_SortsListCorrectly
_result,64,2024-12-10 12:26:22.502131+00:00,2024-12-13 12:26:22.502131+00:00,2024-12-13 12:19:56.569711+00:00,127.8822,avg_energy_pkg,unit_test_energy,SelectionSort_SortsListCorrectly
_result,64,2024-12-10 12:26:22.502131+00:00,2024-12-13 12:26:22.502131+00:00,2024-12-13 12:21:18.413868+00:00,127.9803,avg_energy_pkg,unit_test_energy,SelectionSort_SortsListCorrectly
_result,65,2024-12-10 12:26:22.502131+00:00,2024-12-13 12:26:22.502131+00:00,2024-12-13 10:20:13.136195+00:00,9.0883,duration,unit_test_energy,SelectionSort_SortsListCorrectly
_result,65,2024-12-10 12:26:22.502131+00:00,2024-12-13 12:26:22.502131+00:00,2024-12-13 10:21:37.887101+00:00,8.6858,duration,unit_test_energy,SelectionSort_SortsListCorrectly
_result,65,2024-12-10 12:26:22.502131+00:00,2024-12-13 12:26:22.502131+00:00,2024-12-13 10:23:02.361631+00:00,9.2202,duration,unit_test_energy,SelectionSort_SortsListCorrectly
_result,65,2024-12-10 12:26:22.502131+00:00,2024-12-13 12:26:22.502131+00:00,2024-12-13 10:24:27.376696+00:00,8.6833,duration,unit_test_energy,SelectionSort_SortsListCorrectly
_result,65,2024-12-10 12:26:22.502131+00:00,2024-12-13 12:26:22.502131+00:00,2024-12-13 10:25:51.055061+00:00,8.6846,duration,unit_test_energy,SelectionSort_SortsListCorrectly
_result,65,2024-12-10 12:26:22.502131+00:00,2024-12-13 12:26:22.502131+00:00,2024-12-13 10:27:14.588712+00:00,8.5603,duration,unit_test_energy,SelectionSort_SortsListCorrectly
_result,65,2024-12-10 12:26:22.502131+00:00,2024-12-13 12:26:22.502131+00:00,2024-12-13 10:28:38.254854+00:00,8.5312,duration,unit_test_energy,SelectionSort_SortsListCorrectly
_result,65,2024-12-10 12:26:22.502131+00:00,2024-12-13 12:26:22.502131+00:00,2024-12-13 10:30:01.825679+00:00,8.6107,duration,unit_test_energy,SelectionSort_SortsListCorrectly
_result,65,2024-12-10 12:26:22.502131+00:00,2024-12-13 12:26:22.502131+00:00,2024-12-13 10:31:25.730043+00:00,8.5869,duration,unit_test_energy,SelectionSort_SortsListCorrectly
_result,65,2024-12-10 12:26:22.502131+00:00,2024-12-13 12:26:22.502131+00:00,2024-12-13 10:32:49.939175+00:00,9.2358,duration,unit_test_energy,SelectionSort_SortsListCorrectly
_result,65,2024-12-10 12:26:22.502131+00:00,2024-12-13 12:26:22.502131+00:00,2024-12-13 10:34:14.928208+00:00,8.5486,duration,unit_test_energy,SelectionSort_SortsListCorrectly
_result,65,2024-12-10 12:26:22.502131+00:00,2024-12-13 12:26:22.502131+00:00,2024-12-13 10:35:38.654810+00:00,8.5507,duration,unit_test_energy,SelectionSort_SortsListCorrectly
_result,65,2024-12-10 12:26:22.502131+00:00,2024-12-13 12:26:22.502131+00:00,2024-12-13 10:37:02.538441+00:00,8.5074,duration,unit_test_energy,SelectionSort_SortsListCorrectly
_result,65,2024-12-10 12:26:22.502131+00:00,2024-12-13 12:26:22.502131+00:00,2024-12-13 10:38:25.545506+00:00,8.4376,duration,unit_test_energy,SelectionSort_SortsListCorrectly
_result,65,2024-12-10 12:26:22.502131+00:00,2024-12-13 12:26:22.502131+00:00,2024-12-13 10:39:48.848779+00:00,8.6494,duration,unit_test_energy,SelectionSort_SortsListCorrectly
_result,65,2024-12-10 12:26:22.502131+00:00,2024-12-13 12:26:22.502131+00:00,2024-12-13 10:48:31.363784+00:00,8.4323,duration,unit_test_energy,SelectionSort_SortsListCorrectly
_result,65,2024-12-10 12:26:22.502131+00:00,2024-12-13 12:26:22.502131+00:00,2024-12-13 10:49:55.080733+00:00,8.4878,duration,unit_test_energy,SelectionSort_SortsListCorrectly
_result,65,2024-12-10 12:26:22.502131+00:00,2024-12-13 12:26:22.502131+00:00,2024-12-13 10:51:18.208729+00:00,8.5491,duration,unit_test_energy,SelectionSort_SortsListCorrectly
_result,65,2024-12-10 12:26:22.502131+00:00,2024-12-13 12:26:22.502131+00:00,2024-12-13 10:52:41.631246+00:00,8.5682,duration,unit_test_energy,SelectionSort_SortsListCorrectly
_result,65,2024-12-10 12:26:22.502131+00:00,2024-12-13 12:26:22.502131+00:00,2024-12-13 10:54:05.037933+00:00,8.4613,duration,unit_test_energy,SelectionSort_SortsListCorrectly
_result,65,2024-12-10 12:26:22.502131+00:00,2024-12-13 12:26:22.502131+00:00,2024-12-13 10:55:28.090254+00:00,8.4239,duration,unit_test_energy,SelectionSort_SortsListCorrectly
_result,65,2024-12-10 12:26:22.502131+00:00,2024-12-13 12:26:22.502131+00:00,2024-12-13 10:56:51.457923+00:00,8.4419,duration,unit_test_energy,SelectionSort_SortsListCorrectly
_result,65,2024-12-10 12:26:22.502131+00:00,2024-12-13 12:26:22.502131+00:00,2024-12-13 10:58:14.743675+00:00,8.5253,duration,unit_test_energy,SelectionSort_SortsListCorrectly
_result,65,2024-12-10 12:26:22.502131+00:00,2024-12-13 12:26:22.502131+00:00,2024-12-13 10:59:38.132450+00:00,8.4923,duration,unit_test_energy,SelectionSort_SortsListCorrectly
_result,65,2024-12-10 12:26:22.502131+00:00,2024-12-13 12:26:22.502131+00:00,2024-12-13 11:01:01.437824+00:00,8.5709,duration,unit_test_energy,SelectionSort_SortsListCorrectly
_result,65,2024-12-10 12:26:22.502131+00:00,2024-12-13 12:26:22.502131+00:00,2024-12-13 11:02:26.084125+00:00,9.8261,duration,unit_test_energy,SelectionSort_SortsListCorrectly
_result,65,2024-12-10 12:26:22.502131+00:00,2024-12-13 12:26:22.502131+00:00,2024-12-13 11:03:49.339140+00:00,8.6673,duration,unit_test_energy,SelectionSort_SortsListCorrectly
_result,65,2024-12-10 12:26:22.502131+00:00,2024-12-13 12:26:22.502131+00:00,2024-12-13 11:05:13.162519+00:00,8.5881,duration,unit_test_energy,SelectionSort_SortsListCorrectly
_result,65,2024-12-10 12:26:22.502131+00:00,2024-12-13 12:26:22.502131+00:00,2024-12-13 11:06:36.258406+00:00,8.3594,duration,unit_test_energy,SelectionSort_SortsListCorrectly
_result,65,2024-12-10 12:26:22.502131+00:00,2024-12-13 12:26:22.502131+00:00,2024-12-13 11:07:59.248749+00:00,8.4817,duration,unit_test_energy,SelectionSort_SortsListCorrectly
_result,65,2024-12-10 12:26:22.502131+00:00,2024-12-13 12:26:22.502131+00:00,2024-12-13 11:41:00.980325+00:00,9.1674,duration,unit_test_energy,SelectionSort_SortsListCorrectly
_result,65,2024-12-10 12:26:22.502131+00:00,2024-12-13 12:26:22.502131+00:00,2024-12-13 11:42:22.134410+00:00,8.7097,duration,unit_test_energy,SelectionSort_SortsListCorrectly
_result,65,2024-12-10 12:26:22.502131+00:00,2024-12-13 12:26:22.502131+00:00,2024-12-13 11:43:43.605969+00:00,8.6523,duration,unit_test_energy,SelectionSort_SortsListCorrectly
_result,65,2024-12-10 12:26:22.502131+00:00,2024-12-13 12:26:22.502131+00:00,2024-12-13 11:45:05.855985+00:00,8.9452,duration,unit_test_energy,SelectionSort_SortsListCorrectly
_result,65,2024-12-10 12:26:22.502131+00:00,2024-12-13 12:26:22.502131+00:00,2024-12-13 11:46:28.016351+00:00,8.6717,duration,unit_test_energy,SelectionSort_SortsListCorrectly
_result,65,2024-12-10 12:26:22.502131+00:00,2024-12-13 12:26:22.502131+00:00,2024-12-13 11:47:50.225171+00:00,8.8876,duration,unit_test_energy,SelectionSort_SortsListCorrectly
_result,65,2024-12-10 12:26:22.502131+00:00,2024-12-13 12:26:22.502131+00:00,2024-12-13 11:49:12.460825+00:00,9.0322,duration,unit_test_energy,SelectionSort_SortsListCorrectly
_result,65,2024-12-10 12:26:22.502131+00:00,2024-12-13 12:26:22.502131+00:00,2024-12-13 11:50:34.756593+00:00,8.7605,duration,unit_test_energy,SelectionSort_SortsListCorrectly
_result,65,2024-12-10 12:26:22.502131+00:00,2024-12-13 12:26:22.502131+00:00,2024-12-13 11:51:56.382558+00:00,9.2017,duration,unit_test_energy,SelectionSort_SortsListCorrectly
_result,65,2024-12-10 12:26:22.502131+00:00,2024-12-13 12:26:22.502131+00:00,2024-12-13 11:53:18.259207+00:00,8.7067,duration,unit_test_energy,SelectionSort_SortsListCorrectly
_result,65,2024-12-10 12:26:22.502131+00:00,2024-12-13 12:26:22.502131+00:00,2024-12-13 11:54:40.461409+00:00,9.2261,duration,unit_test_energy,SelectionSort_SortsListCorrectly
_result,65,2024-12-10 12:26:22.502131+00:00,2024-12-13 12:26:22.502131+00:00,2024-12-13 11:56:03.026326+00:00,8.6377,duration,unit_test_energy,SelectionSort_SortsListCorrectly
_result,65,2024-12-10 12:26:22.502131+00:00,2024-12-13 12:26:22.502131+00:00,2024-12-13 11:57:25.724805+00:00,9.1554,duration,unit_test_energy,SelectionSort_SortsListCorrectly
_result,65,2024-12-10 12:26:22.502131+00:00,2024-12-13 12:26:22.502131+00:00,2024-12-13 11:58:47.950404+00:00,8.9654,duration,unit_test_energy,SelectionSort_SortsListCorrectly
_result,65,2024-12-10 12:26:22.502131+00:00,2024-12-13 12:26:22.502131+00:00,2024-12-13 12:00:09.943506+00:00,8.6011,duration,unit_test_energy,SelectionSort_SortsListCorrectly
_result,65,2024-12-10 12:26:22.502131+00:00,2024-12-13 12:26:22.502131+00:00,2024-12-13 12:02:05.965191+00:00,8.9885,duration,unit_test_energy,SelectionSort_SortsListCorrectly
_result,65,2024-12-10 12:26:22.502131+00:00,2024-12-13 12:26:22.502131+00:00,2024-12-13 12:03:29.125645+00:00,8.9766,duration,unit_test_energy,SelectionSort_SortsListCorrectly
_result,65,2024-12-10 12:26:22.502131+00:00,2024-12-13 12:26:22.502131+00:00,2024-12-13 12:04:51.601975+00:00,8.7695,duration,unit_test_energy,SelectionSort_SortsListCorrectly
_result,65,2024-12-10 12:26:22.502131+00:00,2024-12-13 12:26:22.502131+00:00,2024-12-13 12:06:13.508079+00:00,8.7669,duration,unit_test_energy,SelectionSort_SortsListCorrectly
_result,65,2024-12-10 12:26:22.502131+00:00,2024-12-13 12:26:22.502131+00:00,2024-12-13 12:07:35.520460+00:00,8.8974,duration,unit_test_energy,SelectionSort_SortsListCorrectly
_result,65,2024-12-10 12:26:22.502131+00:00,2024-12-13 12:26:22.502131+00:00,2024-12-13 12:08:58.227386+00:00,8.7945,duration,unit_test_energy,SelectionSort_SortsListCorrectly
_result,65,2024-12-10 12:26:22.502131+00:00,2024-12-13 12:26:22.502131+00:00,2024-12-13 12:10:20.355808+00:00,8.639,duration,unit_test_energy,SelectionSort_SortsListCorrectly
_result,65,2024-12-10 12:26:22.502131+00:00,2024-12-13 12:26:22.502131+00:00,2024-12-13 12:11:42.379218+00:00,8.9534,duration,unit_test_energy,SelectionSort_SortsListCorrectly
_result,65,2024-12-10 12:26:22.502131+00:00,2024-12-13 12:26:22.502131+00:00,2024-12-13 12:13:05.069296+00:00,9.2953,duration,unit_test_energy,SelectionSort_SortsListCorrectly
_result,65,2024-12-10 12:26:22.502131+00:00,2024-12-13 12:26:22.502131+00:00,2024-12-13 12:14:27.742849+00:00,9.0298,duration,unit_test_energy,SelectionSort_SortsListCorrectly
_result,65,2024-12-10 12:26:22.502131+00:00,2024-12-13 12:26:22.502131+00:00,2024-12-13 12:15:50.307667+00:00,8.7257,duration,unit_test_energy,SelectionSort_SortsListCorrectly
_result,65,2024-12-10 12:26:22.502131+00:00,2024-12-13 12:26:22.502131+00:00,2024-12-13 12:17:12.568179+00:00,8.818,duration,unit_test_energy,SelectionSort_SortsListCorrectly
_result,65,2024-12-10 12:26:22.502131+00:00,2024-12-13 12:26:22.502131+00:00,2024-12-13 12:18:34.370467+00:00,8.793,duration,unit_test_energy,SelectionSort_SortsListCorrectly
_result,65,2024-12-10 12:26:22.502131+00:00,2024-12-13 12:26:22.502131+00:00,2024-12-13 12:19:56.569711+00:00,9.0363,duration,unit_test_energy,SelectionSort_SortsListCorrectly
_result,65,2024-12-10 12:26:22.502131+00:00,2024-12-13 12:26:22.502131+00:00,2024-12-13 12:21:18.413868+00:00,8.8768,duration,unit_test_energy,SelectionSort_SortsListCorrectly
_result,66,2024-12-10 12:26:22.502131+00:00,2024-12-13 12:26:22.502131+00:00,2024-12-13 10:20:13.136195+00:00,43.3578,median_energy_dram,unit_test_energy,SelectionSort_SortsListCorrectly
_result,66,2024-12-10 12:26:22.502131+00:00,2024-12-13 12:26:22.502131+00:00,2024-12-13 10:21:37.887101+00:00,50.5333,median_energy_dram,unit_test_energy,SelectionSort_SortsListCorrectly
_result,66,2024-12-10 12:26:22.502131+00:00,2024-12-13 12:26:22.502131+00:00,2024-12-13 10:23:02.361631+00:00,43.6679,median_energy_dram,unit_test_energy,SelectionSort_SortsListCorrectly
_result,66,2024-12-10 12:26:22.502131+00:00,2024-12-13 12:26:22.502131+00:00,2024-12-13 10:24:27.376696+00:00,50.7474,median_energy_dram,unit_test_energy,SelectionSort_SortsListCorrectly
_result,66,2024-12-10 12:26:22.502131+00:00,2024-12-13 12:26:22.502131+00:00,2024-12-13 10:25:51.055061+00:00,49.9266,median_energy_dram,unit_test_energy,SelectionSort_SortsListCorrectly
_result,66,2024-12-10 12:26:22.502131+00:00,2024-12-13 12:26:22.502131+00:00,2024-12-13 10:27:14.588712+00:00,50.5284,median_energy_dram,unit_test_energy,SelectionSort_SortsListCorrectly
_result,66,2024-12-10 12:26:22.502131+00:00,2024-12-13 12:26:22.502131+00:00,2024-12-13 10:28:38.254854+00:00,50.1273,median_energy_dram,unit_test_energy,SelectionSort_SortsListCorrectly
_result,66,2024-12-10 12:26:22.502131+00:00,2024-12-13 12:26:22.502131+00:00,2024-12-13 10:30:01.825679+00:00,49.8535,median_energy_dram,unit_test_energy,SelectionSort_SortsListCorrectly
_result,66,2024-12-10 12:26:22.502131+00:00,2024-12-13 12:26:22.502131+00:00,2024-12-13 10:31:25.730043+00:00,50.2341,median_energy_dram,unit_test_energy,SelectionSort_SortsListCorrectly
_result,66,2024-12-10 12:26:22.502131+00:00,2024-12-13 12:26:22.502131+00:00,2024-12-13 10:32:49.939175+00:00,43.4225,median_energy_dram,unit_test_energy,SelectionSort_SortsListCorrectly
_result,66,2024-12-10 12:26:22.502131+00:00,2024-12-13 12:26:22.502131+00:00,2024-12-13 10:34:14.928208+00:00,49.6393,median_energy_dram,unit_test_energy,SelectionSort_SortsListCorrectly
_result,66,2024-12-10 12:26:22.502131+00:00,2024-12-13 12:26:22.502131+00:00,2024-12-13 10:35:38.654810+00:00,49.6252,median_energy_dram,unit_test_energy,SelectionSort_SortsListCorrectly
_result,66,2024-12-10 12:26:22.502131+00:00,2024-12-13 12:26:22.502131+00:00,2024-12-13 10:37:02.538441+00:00,43.1006,median_energy_dram,unit_test_energy,SelectionSort_SortsListCorrectly
_result,66,2024-12-10 12:26:22.502131+00:00,2024-12-13 12:26:22.502131+00:00,2024-12-13 10:38:25.545506+00:00,43.392,median_energy_dram,unit_test_energy,SelectionSort_SortsListCorrectly
_result,66,2024-12-10 12:26:22.502131+00:00,2024-12-13 12:26:22.502131+00:00,2024-12-13 10:39:48.848779+00:00,42.3935,median_energy_dram,unit_test_energy,SelectionSort_SortsListCorrectly
_result,66,2024-12-10 12:26:22.502131+00:00,2024-12-13 12:26:22.502131+00:00,2024-12-13 10:48:31.363784+00:00,42.2919,median_energy_dram,unit_test_energy,SelectionSort_SortsListCorrectly
_result,66,2024-12-10 12:26:22.502131+00:00,2024-12-13 12:26:22.502131+00:00,2024-12-13 10:49:55.080733+00:00,42.3317,median_energy_dram,unit_test_energy,SelectionSort_SortsListCorrectly
_result,66,2024-12-10 12:26:22.502131+00:00,2024-12-13 12:26:22.502131+00:00,2024-12-13 10:51:18.208729+00:00,42.9712,median_energy_dram,unit_test_energy,SelectionSort_SortsListCorrectly
_result,66,2024-12-10 12:26:22.502131+00:00,2024-12-13 12:26:22.502131+00:00,2024-12-13 10:52:41.631246+00:00,43.5185,median_energy_dram,unit_test_energy,SelectionSort_SortsListCorrectly
_result,66,2024-12-10 12:26:22.502131+00:00,2024-12-13 12:26:22.502131+00:00,2024-12-13 10:54:05.037933+00:00,43.5431,median_energy_dram,unit_test_energy,SelectionSort_SortsListCorrectly
_result,66,2024-12-10 12:26:22.502131+00:00,2024-12-13 12:26:22.502131+00:00,2024-12-13 10:55:28.090254+00:00,43.0298,median_energy_dram,unit_test_energy,SelectionSort_SortsListCorrectly
_result,66,2024-12-10 12:26:22.502131+00:00,2024-12-13 12:26:22.502131+00:00,2024-12-13 10:56:51.457923+00:00,42.4954,median_energy_dram,unit_test_energy,SelectionSort_SortsListCorrectly
_result,66,2024-12-10 12:26:22.502131+00:00,2024-12-13 12:26:22.502131+00:00,2024-12-13 10:58:14.743675+00:00,42.2946,median_energy_dram,unit_test_energy,SelectionSort_SortsListCorrectly
_result,66,2024-12-10 12:26:22.502131+00:00,2024-12-13 12:26:22.502131+00:00,2024-12-13 10:59:38.132450+00:00,43.0765,median_energy_dram,unit_test_energy,SelectionSort_SortsListCorrectly
_result,66,2024-12-10 12:26:22.502131+00:00,2024-12-13 12:26:22.502131+00:00,2024-12-13 11:01:01.437824+00:00,42.3363,median_energy_dram,unit_test_energy,SelectionSort_SortsListCorrectly
_result,66,2024-12-10 12:26:22.502131+00:00,2024-12-13 12:26:22.502131+00:00,2024-12-13 11:02:26.084125+00:00,45.1093,median_energy_dram,unit_test_energy,SelectionSort_SortsListCorrectly
_result,66,2024-12-10 12:26:22.502131+00:00,2024-12-13 12:26:22.502131+00:00,2024-12-13 11:03:49.339140+00:00,43.1154,median_energy_dram,unit_test_energy,SelectionSort_SortsListCorrectly
_result,66,2024-12-10 12:26:22.502131+00:00,2024-12-13 12:26:22.502131+00:00,2024-12-13 11:05:13.162519+00:00,49.9831,median_energy_dram,unit_test_energy,SelectionSort_SortsListCorrectly
_result,66,2024-12-10 12:26:22.502131+00:00,2024-12-13 12:26:22.502131+00:00,2024-12-13 11:06:36.258406+00:00,43.6728,median_energy_dram,unit_test_energy,SelectionSort_SortsListCorrectly
_result,66,2024-12-10 12:26:22.502131+00:00,2024-12-13 12:26:22.502131+00:00,2024-12-13 11:07:59.248749+00:00,50.5785,median_energy_dram,unit_test_energy,SelectionSort_SortsListCorrectly
_result,66,2024-12-10 12:26:22.502131+00:00,2024-12-13 12:26:22.502131+00:00,2024-12-13 11:41:00.980325+00:00,50.3574,median_energy_dram,unit_test_energy,SelectionSort_SortsListCorrectly
_result,66,2024-12-10 12:26:22.502131+00:00,2024-12-13 12:26:22.502131+00:00,2024-12-13 11:42:22.134410+00:00,50.806,median_energy_dram,unit_test_energy,SelectionSort_SortsListCorrectly
_result,66,2024-12-10 12:26:22.502131+00:00,2024-12-13 12:26:22.502131+00:00,2024-12-13 11:43:43.605969+00:00,44.9304,median_energy_dram,unit_test_energy,SelectionSort_SortsListCorrectly
_result,66,2024-12-10 12:26:22.502131+00:00,2024-12-13 12:26:22.502131+00:00,2024-12-13 11:45:05.855985+00:00,49.003,median_energy_dram,unit_test_energy,SelectionSort_SortsListCorrectly
_result,66,2024-12-10 12:26:22.502131+00:00,2024-12-13 12:26:22.502131+00:00,2024-12-13 11:46:28.016351+00:00,42.5664,median_energy_dram,unit_test_energy,SelectionSort_SortsListCorrectly
_result,66,2024-12-10 12:26:22.502131+00:00,2024-12-13 12:26:22.502131+00:00,2024-12-13 11:47:50.225171+00:00,45.7025,median_energy_dram,unit_test_energy,SelectionSort_SortsListCorrectly
_result,66,2024-12-10 12:26:22.502131+00:00,2024-12-13 12:26:22.502131+00:00,2024-12-13 11:49:12.460825+00:00,43.9215,median_energy_dram,unit_test_energy,SelectionSort_SortsListCorrectly
_result,66,2024-12-10 12:26:22.502131+00:00,2024-12-13 12:26:22.502131+00:00,2024-12-13 11:50:34.756593+00:00,45.4303,median_energy_dram,unit_test_energy,SelectionSort_SortsListCorrectly
_result,66,2024-12-10 12:26:22.502131+00:00,2024-12-13 12:26:22.502131+00:00,2024-12-13 11:51:56.382558+00:00,47.197,median_energy_dram,unit_test_energy,SelectionSort_SortsListCorrectly
_result,66,2024-12-10 12:26:22.502131+00:00,2024-12-13 12:26:22.502131+00:00,2024-12-13 11:53:18.259207+00:00,44.2429,median_energy_dram,unit_test_energy,SelectionSort_SortsListCorrectly
_result,66,2024-12-10 12:26:22.502131+00:00,2024-12-13 12:26:22.502131+00:00,2024-12-13 11:54:40.461409+00:00,43.6749,median_energy_dram,unit_test_energy,SelectionSort_SortsListCorrectly
_result,66,2024-12-10 12:26:22.502131+00:00,2024-12-13 12:26:22.502131+00:00,2024-12-13 11:56:03.026326+00:00,50.0546,median_energy_dram,unit_test_energy,SelectionSort_SortsListCorrectly
_result,66,2024-12-10 12:26:22.502131+00:00,2024-12-13 12:26:22.502131+00:00,2024-12-13 11:57:25.724805+00:00,50.1729,median_energy_dram,unit_test_energy,SelectionSort_SortsListCorrectly
_result,66,2024-12-10 12:26:22.502131+00:00,2024-12-13 12:26:22.502131+00:00,2024-12-13 11:58:47.950404+00:00,50.6839,median_energy_dram,unit_test_energy,SelectionSort_SortsListCorrectly
_result,66,2024-12-10 12:26:22.502131+00:00,2024-12-13 12:26:22.502131+00:00,2024-12-13 12:00:09.943506+00:00,50.2676,median_energy_dram,unit_test_energy,SelectionSort_SortsListCorrectly
_result,66,2024-12-10 12:26:22.502131+00:00,2024-12-13 12:26:22.502131+00:00,2024-12-13 12:02:05.965191+00:00,50.159,median_energy_dram,unit_test_energy,SelectionSort_SortsListCorrectly
_result,66,2024-12-10 12:26:22.502131+00:00,2024-12-13 12:26:22.502131+00:00,2024-12-13 12:03:29.125645+00:00,49.218,median_energy_dram,unit_test_energy,SelectionSort_SortsListCorrectly
_result,66,2024-12-10 12:26:22.502131+00:00,2024-12-13 12:26:22.502131+00:00,2024-12-13 12:04:51.601975+00:00,50.7129,median_energy_dram,unit_test_energy,SelectionSort_SortsListCorrectly
_result,66,2024-12-10 12:26:22.502131+00:00,2024-12-13 12:26:22.502131+00:00,2024-12-13 12:06:13.508079+00:00,50.3394,median_energy_dram,unit_test_energy,SelectionSort_SortsListCorrectly
_result,66,2024-12-10 12:26:22.502131+00:00,2024-12-13 12:26:22.502131+00:00,2024-12-13 12:07:35.520460+00:00,50.5646,median_energy_dram,unit_test_energy,SelectionSort_SortsListCorrectly
_result,66,2024-12-10 12:26:22.502131+00:00,2024-12-13 12:26:22.502131+00:00,2024-12-13 12:08:58.227386+00:00,50.1093,median_energy_dram,unit_test_energy,SelectionSort_SortsListCorrectly
_result,66,2024-12-10 12:26:22.502131+00:00,2024-12-13 12:26:22.502131+00:00,2024-12-13 12:10:20.355808+00:00,49.7156,median_energy_dram,unit_test_energy,SelectionSort_SortsListCorrectly
_result,66,2024-12-10 12:26:22.502131+00:00,2024-12-13 12:26:22.502131+00:00,2024-12-13 12:11:42.379218+00:00,49.7125,median_energy_dram,unit_test_energy,SelectionSort_SortsListCorrectly
_result,66,2024-12-10 12:26:22.502131+00:00,2024-12-13 12:26:22.502131+00:00,2024-12-13 12:13:05.069296+00:00,50.0523,median_energy_dram,unit_test_energy,SelectionSort_SortsListCorrectly
_result,66,2024-12-10 12:26:22.502131+00:00,2024-12-13 12:26:22.502131+00:00,2024-12-13 12:14:27.742849+00:00,49.938,median_energy_dram,unit_test_energy,SelectionSort_SortsListCorrectly
_result,66,2024-12-10 12:26:22.502131+00:00,2024-12-13 12:26:22.502131+00:00,2024-12-13 12:15:50.307667+00:00,50.2744,median_energy_dram,unit_test_energy,SelectionSort_SortsListCorrectly
_result,66,2024-12-10 12:26:22.502131+00:00,2024-12-13 12:26:22.502131+00:00,2024-12-13 12:17:12.568179+00:00,50.2591,median_energy_dram,unit_test_energy,SelectionSort_SortsListCorrectly
_result,66,2024-12-10 12:26:22.502131+00:00,2024-12-13 12:26:22.502131+00:00,2024-12-13 12:18:34.370467+00:00,50.0691,median_energy_dram,unit_test_energy,SelectionSort_SortsListCorrectly
_result,66,2024-12-10 12:26:22.502131+00:00,2024-12-13 12:26:22.502131+00:00,2024-12-13 12:19:56.569711+00:00,50.0891,median_energy_dram,unit_test_energy,SelectionSort_SortsListCorrectly
_result,66,2024-12-10 12:26:22.502131+00:00,2024-12-13 12:26:22.502131+00:00,2024-12-13 12:21:18.413868+00:00,50.8345,median_energy_dram,unit_test_energy,SelectionSort_SortsListCorrectly
_result,67,2024-12-10 12:26:22.502131+00:00,2024-12-13 12:26:22.502131+00:00,2024-12-13 10:20:13.136195+00:00,128.7927,median_energy_pkg,unit_test_energy,SelectionSort_SortsListCorrectly
_result,67,2024-12-10 12:26:22.502131+00:00,2024-12-13 12:26:22.502131+00:00,2024-12-13 10:21:37.887101+00:00,142.016,median_energy_pkg,unit_test_energy,SelectionSort_SortsListCorrectly
_result,67,2024-12-10 12:26:22.502131+00:00,2024-12-13 12:26:22.502131+00:00,2024-12-13 10:23:02.361631+00:00,129.3774,median_energy_pkg,unit_test_energy,SelectionSort_SortsListCorrectly
_result,67,2024-12-10 12:26:22.502131+00:00,2024-12-13 12:26:22.502131+00:00,2024-12-13 10:24:27.376696+00:00,138.8831,median_energy_pkg,unit_test_energy,SelectionSort_SortsListCorrectly
_result,67,2024-12-10 12:26:22.502131+00:00,2024-12-13 12:26:22.502131+00:00,2024-12-13 10:25:51.055061+00:00,132.2363,median_energy_pkg,unit_test_energy,SelectionSort_SortsListCorrectly
_result,67,2024-12-10 12:26:22.502131+00:00,2024-12-13 12:26:22.502131+00:00,2024-12-13 10:27:14.588712+00:00,135.1294,median_energy_pkg,unit_test_energy,SelectionSort_SortsListCorrectly
_result,67,2024-12-10 12:26:22.502131+00:00,2024-12-13 12:26:22.502131+00:00,2024-12-13 10:28:38.254854+00:00,136.7505,median_energy_pkg,unit_test_energy,SelectionSort_SortsListCorrectly
_result,67,2024-12-10 12:26:22.502131+00:00,2024-12-13 12:26:22.502131+00:00,2024-12-13 10:30:01.825679+00:00,132.1204,median_energy_pkg,unit_test_energy,SelectionSort_SortsListCorrectly
_result,67,2024-12-10 12:26:22.502131+00:00,2024-12-13 12:26:22.502131+00:00,2024-12-13 10:31:25.730043+00:00,139.3524,median_energy_pkg,unit_test_energy,SelectionSort_SortsListCorrectly
_result,67,2024-12-10 12:26:22.502131+00:00,2024-12-13 12:26:22.502131+00:00,2024-12-13 10:32:49.939175+00:00,130.1831,median_energy_pkg,unit_test_energy,SelectionSort_SortsListCorrectly
_result,67,2024-12-10 12:26:22.502131+00:00,2024-12-13 12:26:22.502131+00:00,2024-12-13 10:34:14.928208+00:00,134.6973,median_energy_pkg,unit_test_energy,SelectionSort_SortsListCorrectly
_result,67,2024-12-10 12:26:22.502131+00:00,2024-12-13 12:26:22.502131+00:00,2024-12-13 10:35:38.654810+00:00,133.1824,median_energy_pkg,unit_test_energy,SelectionSort_SortsListCorrectly
_result,67,2024-12-10 12:26:22.502131+00:00,2024-12-13 12:26:22.502131+00:00,2024-12-13 10:37:02.538441+00:00,112.1484,median_energy_pkg,unit_test_energy,SelectionSort_SortsListCorrectly
_result,67,2024-12-10 12:26:22.502131+00:00,2024-12-13 12:26:22.502131+00:00,2024-12-13 10:38:25.545506+00:00,112.9175,median_energy_pkg,unit_test_energy,SelectionSort_SortsListCorrectly
_result,67,2024-12-10 12:26:22.502131+00:00,2024-12-13 12:26:22.502131+00:00,2024-12-13 10:39:48.848779+00:00,111.7676,median_energy_pkg,unit_test_energy,SelectionSort_SortsListCorrectly
_result,67,2024-12-10 12:26:22.502131+00:00,2024-12-13 12:26:22.502131+00:00,2024-12-13 10:48:31.363784+00:00,110.6934,median_energy_pkg,unit_test_energy,SelectionSort_SortsListCorrectly
_result,67,2024-12-10 12:26:22.502131+00:00,2024-12-13 12:26:22.502131+00:00,2024-12-13 10:49:55.080733+00:00,110.4285,median_energy_pkg,unit_test_energy,SelectionSort_SortsListCorrectly
_result,67,2024-12-10 12:26:22.502131+00:00,2024-12-13 12:26:22.502131+00:00,2024-12-13 10:51:18.208729+00:00,111.5271,median_energy_pkg,unit_test_energy,SelectionSort_SortsListCorrectly
_result,67,2024-12-10 12:26:22.502131+00:00,2024-12-13 12:26:22.502131+00:00,2024-12-13 10:52:41.631246+00:00,113.537,median_energy_pkg,unit_test_energy,SelectionSort_SortsListCorrectly
_result,67,2024-12-10 12:26:22.502131+00:00,2024-12-13 12:26:22.502131+00:00,2024-12-13 10:54:05.037933+00:00,111.1786,median_energy_pkg,unit_test_energy,SelectionSort_SortsListCorrectly
_result,67,2024-12-10 12:26:22.502131+00:00,2024-12-13 12:26:22.502131+00:00,2024-12-13 10:55:28.090254+00:00,111.4063,median_energy_pkg,unit_test_energy,SelectionSort_SortsListCorrectly
_result,67,2024-12-10 12:26:22.502131+00:00,2024-12-13 12:26:22.502131+00:00,2024-12-13 10:56:51.457923+00:00,110.9375,median_energy_pkg,unit_test_energy,SelectionSort_SortsListCorrectly
_result,67,2024-12-10 12:26:22.502131+00:00,2024-12-13 12:26:22.502131+00:00,2024-12-13 10:58:14.743675+00:00,110.9485,median_energy_pkg,unit_test_energy,SelectionSort_SortsListCorrectly
_result,67,2024-12-10 12:26:22.502131+00:00,2024-12-13 12:26:22.502131+00:00,2024-12-13 10:59:38.132450+00:00,111.9702,median_energy_pkg,unit_test_energy,SelectionSort_SortsListCorrectly
_result,67,2024-12-10 12:26:22.502131+00:00,2024-12-13 12:26:22.502131+00:00,2024-12-13 11:01:01.437824+00:00,111.9708,median_energy_pkg,unit_test_energy,SelectionSort_SortsListCorrectly
_result,67,2024-12-10 12:26:22.502131+00:00,2024-12-13 12:26:22.502131+00:00,2024-12-13 11:02:26.084125+00:00,117.3218,median_energy_pkg,unit_test_energy,SelectionSort_SortsListCorrectly
_result,67,2024-12-10 12:26:22.502131+00:00,2024-12-13 12:26:22.502131+00:00,2024-12-13 11:03:49.339140+00:00,112.2723,median_energy_pkg,unit_test_energy,SelectionSort_SortsListCorrectly
_result,67,2024-12-10 12:26:22.502131+00:00,2024-12-13 12:26:22.502131+00:00,2024-12-13 11:05:13.162519+00:00,125.7294,median_energy_pkg,unit_test_energy,SelectionSort_SortsListCorrectly
_result,67,2024-12-10 12:26:22.502131+00:00,2024-12-13 12:26:22.502131+00:00,2024-12-13 11:06:36.258406+00:00,112.876,median_energy_pkg,unit_test_energy,SelectionSort_SortsListCorrectly
_result,67,2024-12-10 12:26:22.502131+00:00,2024-12-13 12:26:22.502131+00:00,2024-12-13 11:07:59.248749+00:00,128.3478,median_energy_pkg,unit_test_energy,SelectionSort_SortsListCorrectly
_result,67,2024-12-10 12:26:22.502131+00:00,2024-12-13 12:26:22.502131+00:00,2024-12-13 11:41:00.980325+00:00,131.7944,median_energy_pkg,unit_test_energy,SelectionSort_SortsListCorrectly
_result,67,2024-12-10 12:26:22.502131+00:00,2024-12-13 12:26:22.502131+00:00,2024-12-13 11:42:22.134410+00:00,128.2092,median_energy_pkg,unit_test_energy,SelectionSort_SortsListCorrectly
_result,67,2024-12-10 12:26:22.502131+00:00,2024-12-13 12:26:22.502131+00:00,2024-12-13 11:43:43.605969+00:00,115.4102,median_energy_pkg,unit_test_energy,SelectionSort_SortsListCorrectly
_result,67,2024-12-10 12:26:22.502131+00:00,2024-12-13 12:26:22.502131+00:00,2024-12-13 11:45:05.855985+00:00,114.9072,median_energy_pkg,unit_test_energy,SelectionSort_SortsListCorrectly
_result,67,2024-12-10 12:26:22.502131+00:00,2024-12-13 12:26:22.502131+00:00,2024-12-13 11:46:28.016351+00:00,111.8115,median_energy_pkg,unit_test_energy,SelectionSort_SortsListCorrectly
_result,67,2024-12-10 12:26:22.502131+00:00,2024-12-13 12:26:22.502131+00:00,2024-12-13 11:47:50.225171+00:00,113.7311,median_energy_pkg,unit_test_energy,SelectionSort_SortsListCorrectly
_result,67,2024-12-10 12:26:22.502131+00:00,2024-12-13 12:26:22.502131+00:00,2024-12-13 11:49:12.460825+00:00,112.9041,median_energy_pkg,unit_test_energy,SelectionSort_SortsListCorrectly
_result,67,2024-12-10 12:26:22.502131+00:00,2024-12-13 12:26:22.502131+00:00,2024-12-13 11:50:34.756593+00:00,114.1504,median_energy_pkg,unit_test_energy,SelectionSort_SortsListCorrectly
_result,67,2024-12-10 12:26:22.502131+00:00,2024-12-13 12:26:22.502131+00:00,2024-12-13 11:51:56.382558+00:00,117.9211,median_energy_pkg,unit_test_energy,SelectionSort_SortsListCorrectly
_result,67,2024-12-10 12:26:22.502131+00:00,2024-12-13 12:26:22.502131+00:00,2024-12-13 11:53:18.259207+00:00,115.304,median_energy_pkg,unit_test_energy,SelectionSort_SortsListCorrectly
_result,67,2024-12-10 12:26:22.502131+00:00,2024-12-13 12:26:22.502131+00:00,2024-12-13 11:54:40.461409+00:00,113.8379,median_energy_pkg,unit_test_energy,SelectionSort_SortsListCorrectly
_result,67,2024-12-10 12:26:22.502131+00:00,2024-12-13 12:26:22.502131+00:00,2024-12-13 11:56:03.026326+00:00,125.957,median_energy_pkg,unit_test_energy,SelectionSort_SortsListCorrectly
_result,67,2024-12-10 12:26:22.502131+00:00,2024-12-13 12:26:22.502131+00:00,2024-12-13 11:57:25.724805+00:00,126.2299,median_energy_pkg,unit_test_energy,SelectionSort_SortsListCorrectly
_result,67,2024-12-10 12:26:22.502131+00:00,2024-12-13 12:26:22.502131+00:00,2024-12-13 11:58:47.950404+00:00,127.0978,median_energy_pkg,unit_test_energy,SelectionSort_SortsListCorrectly
_result,67,2024-12-10 12:26:22.502131+00:00,2024-12-13 12:26:22.502131+00:00,2024-12-13 12:00:09.943506+00:00,125.9729,median_energy_pkg,unit_test_energy,SelectionSort_SortsListCorrectly
_result,67,2024-12-10 12:26:22.502131+00:00,2024-12-13 12:26:22.502131+00:00,2024-12-13 12:02:05.965191+00:00,127.4921,median_energy_pkg,unit_test_energy,SelectionSort_SortsListCorrectly
_result,67,2024-12-10 12:26:22.502131+00:00,2024-12-13 12:26:22.502131+00:00,2024-12-13 12:03:29.125645+00:00,124.5563,median_energy_pkg,unit_test_energy,SelectionSort_SortsListCorrectly
_result,67,2024-12-10 12:26:22.502131+00:00,2024-12-13 12:26:22.502131+00:00,2024-12-13 12:04:51.601975+00:00,128.4308,median_energy_pkg,unit_test_energy,SelectionSort_SortsListCorrectly
_result,67,2024-12-10 12:26:22.502131+00:00,2024-12-13 12:26:22.502131+00:00,2024-12-13 12:06:13.508079+00:00,126.9977,median_energy_pkg,unit_test_energy,SelectionSort_SortsListCorrectly
_result,67,2024-12-10 12:26:22.502131+00:00,2024-12-13 12:26:22.502131+00:00,2024-12-13 12:07:35.520460+00:00,126.6901,median_energy_pkg,unit_test_energy,SelectionSort_SortsListCorrectly
_result,67,2024-12-10 12:26:22.502131+00:00,2024-12-13 12:26:22.502131+00:00,2024-12-13 12:08:58.227386+00:00,127.7252,median_energy_pkg,unit_test_energy,SelectionSort_SortsListCorrectly
_result,67,2024-12-10 12:26:22.502131+00:00,2024-12-13 12:26:22.502131+00:00,2024-12-13 12:10:20.355808+00:00,125.5774,median_energy_pkg,unit_test_energy,SelectionSort_SortsListCorrectly
_result,67,2024-12-10 12:26:22.502131+00:00,2024-12-13 12:26:22.502131+00:00,2024-12-13 12:11:42.379218+00:00,124.7455,median_energy_pkg,unit_test_energy,SelectionSort_SortsListCorrectly
_result,67,2024-12-10 12:26:22.502131+00:00,2024-12-13 12:26:22.502131+00:00,2024-12-13 12:13:05.069296+00:00,125.4187,median_energy_pkg,unit_test_energy,SelectionSort_SortsListCorrectly
_result,67,2024-12-10 12:26:22.502131+00:00,2024-12-13 12:26:22.502131+00:00,2024-12-13 12:14:27.742849+00:00,124.5923,median_energy_pkg,unit_test_energy,SelectionSort_SortsListCorrectly
_result,67,2024-12-10 12:26:22.502131+00:00,2024-12-13 12:26:22.502131+00:00,2024-12-13 12:15:50.307667+00:00,126.7139,median_energy_pkg,unit_test_energy,SelectionSort_SortsListCorrectly
_result,67,2024-12-10 12:26:22.502131+00:00,2024-12-13 12:26:22.502131+00:00,2024-12-13 12:17:12.568179+00:00,126.6577,median_energy_pkg,unit_test_energy,SelectionSort_SortsListCorrectly
_result,67,2024-12-10 12:26:22.502131+00:00,2024-12-13 12:26:22.502131+00:00,2024-12-13 12:18:34.370467+00:00,126.8781,median_energy_pkg,unit_test_energy,SelectionSort_SortsListCorrectly
_result,67,2024-12-10 12:26:22.502131+00:00,2024-12-13 12:26:22.502131+00:00,2024-12-13 12:19:56.569711+00:00,126.9067,median_energy_pkg,unit_test_energy,SelectionSort_SortsListCorrectly
_result,67,2024-12-10 12:26:22.502131+00:00,2024-12-13 12:26:22.502131+00:00,2024-12-13 12:21:18.413868+00:00,126.734,median_energy_pkg,unit_test_energy,SelectionSort_SortsListCorrectly
_result,68,2024-12-10 12:26:22.502131+00:00,2024-12-13 12:26:22.502131+00:00,2024-12-13 10:20:13.136195+00:00,395.4553,total_energy_dram,unit_test_energy,SelectionSort_SortsListCorrectly
_result,68,2024-12-10 12:26:22.502131+00:00,2024-12-13 12:26:22.502131+00:00,2024-12-13 10:21:37.887101+00:00,440.9628,total_energy_dram,unit_test_energy,SelectionSort_SortsListCorrectly
_result,68,2024-12-10 12:26:22.502131+00:00,2024-12-13 12:26:22.502131+00:00,2024-12-13 10:23:02.361631+00:00,402.1324,total_energy_dram,unit_test_energy,SelectionSort_SortsListCorrectly
_result,68,2024-12-10 12:26:22.502131+00:00,2024-12-13 12:26:22.502131+00:00,2024-12-13 10:24:27.376696+00:00,441.9481,total_energy_dram,unit_test_energy,SelectionSort_SortsListCorrectly
_result,68,2024-12-10 12:26:22.502131+00:00,2024-12-13 12:26:22.502131+00:00,2024-12-13 10:25:51.055061+00:00,439.7713,total_energy_dram,unit_test_energy,SelectionSort_SortsListCorrectly
_result,68,2024-12-10 12:26:22.502131+00:00,2024-12-13 12:26:22.502131+00:00,2024-12-13 10:27:14.588712+00:00,435.0141,total_energy_dram,unit_test_energy,SelectionSort_SortsListCorrectly
_result,68,2024-12-10 12:26:22.502131+00:00,2024-12-13 12:26:22.502131+00:00,2024-12-13 10:28:38.254854+00:00,434.244,total_energy_dram,unit_test_energy,SelectionSort_SortsListCorrectly
_result,68,2024-12-10 12:26:22.502131+00:00,2024-12-13 12:26:22.502131+00:00,2024-12-13 10:30:01.825679+00:00,433.0603,total_energy_dram,unit_test_energy,SelectionSort_SortsListCorrectly
_result,68,2024-12-10 12:26:22.502131+00:00,2024-12-13 12:26:22.502131+00:00,2024-12-13 10:31:25.730043+00:00,436.868,total_energy_dram,unit_test_energy,SelectionSort_SortsListCorrectly
_result,68,2024-12-10 12:26:22.502131+00:00,2024-12-13 12:26:22.502131+00:00,2024-12-13 10:32:49.939175+00:00,403.6069,total_energy_dram,unit_test_energy,SelectionSort_SortsListCorrectly
_result,68,2024-12-10 12:26:22.502131+00:00,2024-12-13 12:26:22.502131+00:00,2024-12-13 10:34:14.928208+00:00,431.3491,total_energy_dram,unit_test_energy,SelectionSort_SortsListCorrectly
_result,68,2024-12-10 12:26:22.502131+00:00,2024-12-13 12:26:22.502131+00:00,2024-12-13 10:35:38.654810+00:00,431.8838,total_energy_dram,unit_test_energy,SelectionSort_SortsListCorrectly
_result,68,2024-12-10 12:26:22.502131+00:00,2024-12-13 12:26:22.502131+00:00,2024-12-13 10:37:02.538441+00:00,367.3233,total_energy_dram,unit_test_energy,SelectionSort_SortsListCorrectly
_result,68,2024-12-10 12:26:22.502131+00:00,2024-12-13 12:26:22.502131+00:00,2024-12-13 10:38:25.545506+00:00,366.9093,total_energy_dram,unit_test_energy,SelectionSort_SortsListCorrectly
_result,68,2024-12-10 12:26:22.502131+00:00,2024-12-13 12:26:22.502131+00:00,2024-12-13 10:39:48.848779+00:00,372.2542,total_energy_dram,unit_test_energy,SelectionSort_SortsListCorrectly
_result,68,2024-12-10 12:26:22.502131+00:00,2024-12-13 12:26:22.502131+00:00,2024-12-13 10:48:31.363784+00:00,362.5526,total_energy_dram,unit_test_energy,SelectionSort_SortsListCorrectly
_result,68,2024-12-10 12:26:22.502131+00:00,2024-12-13 12:26:22.502131+00:00,2024-12-13 10:49:55.080733+00:00,365.2616,total_energy_dram,unit_test_energy,SelectionSort_SortsListCorrectly
_result,68,2024-12-10 12:26:22.502131+00:00,2024-12-13 12:26:22.502131+00:00,2024-12-13 10:51:18.208729+00:00,369.7913,total_energy_dram,unit_test_energy,SelectionSort_SortsListCorrectly
_result,68,2024-12-10 12:26:22.502131+00:00,2024-12-13 12:26:22.502131+00:00,2024-12-13 10:52:41.631246+00:00,377.2875,total_energy_dram,unit_test_energy,SelectionSort_SortsListCorrectly
_result,68,2024-12-10 12:26:22.502131+00:00,2024-12-13 12:26:22.502131+00:00,2024-12-13 10:54:05.037933+00:00,371.2491,total_energy_dram,unit_test_energy,SelectionSort_SortsListCorrectly
_result,68,2024-12-10 12:26:22.502131+00:00,2024-12-13 12:26:22.502131+00:00,2024-12-13 10:55:28.090254+00:00,362.8385,total_energy_dram,unit_test_energy,SelectionSort_SortsListCorrectly
_result,68,2024-12-10 12:26:22.502131+00:00,2024-12-13 12:26:22.502131+00:00,2024-12-13 10:56:51.457923+00:00,362.6917,total_energy_dram,unit_test_energy,SelectionSort_SortsListCorrectly
_result,68,2024-12-10 12:26:22.502131+00:00,2024-12-13 12:26:22.502131+00:00,2024-12-13 10:58:14.743675+00:00,366.5209,total_energy_dram,unit_test_energy,SelectionSort_SortsListCorrectly
_result,68,2024-12-10 12:26:22.502131+00:00,2024-12-13 12:26:22.502131+00:00,2024-12-13 10:59:38.132450+00:00,370.7868,total_energy_dram,unit_test_energy,SelectionSort_SortsListCorrectly
_result,68,2024-12-10 12:26:22.502131+00:00,2024-12-13 12:26:22.502131+00:00,2024-12-13 11:01:01.437824+00:00,368.5188,total_energy_dram,unit_test_energy,SelectionSort_SortsListCorrectly
_result,68,2024-12-10 12:26:22.502131+00:00,2024-12-13 12:26:22.502131+00:00,2024-12-13 11:02:26.084125+00:00,446.8851,total_energy_dram,unit_test_energy,SelectionSort_SortsListCorrectly
_result,68,2024-12-10 12:26:22.502131+00:00,2024-12-13 12:26:22.502131+00:00,2024-12-13 11:03:49.339140+00:00,380.8005,total_energy_dram,unit_test_energy,SelectionSort_SortsListCorrectly
_result,68,2024-12-10 12:26:22.502131+00:00,2024-12-13 12:26:22.502131+00:00,2024-12-13 11:05:13.162519+00:00,433.3629,total_energy_dram,unit_test_energy,SelectionSort_SortsListCorrectly
_result,68,2024-12-10 12:26:22.502131+00:00,2024-12-13 12:26:22.502131+00:00,2024-12-13 11:06:36.258406+00:00,365.9465,total_energy_dram,unit_test_energy,SelectionSort_SortsListCorrectly
_result,68,2024-12-10 12:26:22.502131+00:00,2024-12-13 12:26:22.502131+00:00,2024-12-13 11:07:59.248749+00:00,433.5574,total_energy_dram,unit_test_energy,SelectionSort_SortsListCorrectly
_result,68,2024-12-10 12:26:22.502131+00:00,2024-12-13 12:26:22.502131+00:00,2024-12-13 11:41:00.980325+00:00,464.589,total_energy_dram,unit_test_energy,SelectionSort_SortsListCorrectly
_result,68,2024-12-10 12:26:22.502131+00:00,2024-12-13 12:26:22.502131+00:00,2024-12-13 11:42:22.134410+00:00,441.4349,total_energy_dram,unit_test_energy,SelectionSort_SortsListCorrectly
_result,68,2024-12-10 12:26:22.502131+00:00,2024-12-13 12:26:22.502131+00:00,2024-12-13 11:43:43.605969+00:00,393.9338,total_energy_dram,unit_test_energy,SelectionSort_SortsListCorrectly
_result,68,2024-12-10 12:26:22.502131+00:00,2024-12-13 12:26:22.502131+00:00,2024-12-13 11:45:05.855985+00:00,422.7263,total_energy_dram,unit_test_energy,SelectionSort_SortsListCorrectly
_result,68,2024-12-10 12:26:22.502131+00:00,2024-12-13 12:26:22.502131+00:00,2024-12-13 11:46:28.016351+00:00,374.2213,total_energy_dram,unit_test_energy,SelectionSort_SortsListCorrectly
_result,68,2024-12-10 12:26:22.502131+00:00,2024-12-13 12:26:22.502131+00:00,2024-12-13 11:47:50.225171+00:00,413.2642,total_energy_dram,unit_test_energy,SelectionSort_SortsListCorrectly
_result,68,2024-12-10 12:26:22.502131+00:00,2024-12-13 12:26:22.502131+00:00,2024-12-13 11:49:12.460825+00:00,407.5287,total_energy_dram,unit_test_energy,SelectionSort_SortsListCorrectly
_result,68,2024-12-10 12:26:22.502131+00:00,2024-12-13 12:26:22.502131+00:00,2024-12-13 11:50:34.756593+00:00,407.2836,total_energy_dram,unit_test_energy,SelectionSort_SortsListCorrectly
_result,68,2024-12-10 12:26:22.502131+00:00,2024-12-13 12:26:22.502131+00:00,2024-12-13 11:51:56.382558+00:00,432.4988,total_energy_dram,unit_test_energy,SelectionSort_SortsListCorrectly
_result,68,2024-12-10 12:26:22.502131+00:00,2024-12-13 12:26:22.502131+00:00,2024-12-13 11:53:18.259207+00:00,390.9813,total_energy_dram,unit_test_energy,SelectionSort_SortsListCorrectly
_result,68,2024-12-10 12:26:22.502131+00:00,2024-12-13 12:26:22.502131+00:00,2024-12-13 11:54:40.461409+00:00,413.7151,total_energy_dram,unit_test_energy,SelectionSort_SortsListCorrectly
_result,68,2024-12-10 12:26:22.502131+00:00,2024-12-13 12:26:22.502131+00:00,2024-12-13 11:56:03.026326+00:00,437.8358,total_energy_dram,unit_test_energy,SelectionSort_SortsListCorrectly
_result,68,2024-12-10 12:26:22.502131+00:00,2024-12-13 12:26:22.502131+00:00,2024-12-13 11:57:25.724805+00:00,465.2114,total_energy_dram,unit_test_energy,SelectionSort_SortsListCorrectly
_result,68,2024-12-10 12:26:22.502131+00:00,2024-12-13 12:26:22.502131+00:00,2024-12-13 11:58:47.950404+00:00,457.711,total_energy_dram,unit_test_energy,SelectionSort_SortsListCorrectly
_result,68,2024-12-10 12:26:22.502131+00:00,2024-12-13 12:26:22.502131+00:00,2024-12-13 12:00:09.943506+00:00,438.9918,total_energy_dram,unit_test_energy,SelectionSort_SortsListCorrectly
_result,68,2024-12-10 12:26:22.502131+00:00,2024-12-13 12:26:22.502131+00:00,2024-12-13 12:02:05.965191+00:00,457.1929,total_energy_dram,unit_test_energy,SelectionSort_SortsListCorrectly
_result,68,2024-12-10 12:26:22.502131+00:00,2024-12-13 12:26:22.502131+00:00,2024-12-13 12:03:29.125645+00:00,440.2753,total_energy_dram,unit_test_energy,SelectionSort_SortsListCorrectly
_result,68,2024-12-10 12:26:22.502131+00:00,2024-12-13 12:26:22.502131+00:00,2024-12-13 12:04:51.601975+00:00,446.5344,total_energy_dram,unit_test_energy,SelectionSort_SortsListCorrectly
_result,68,2024-12-10 12:26:22.502131+00:00,2024-12-13 12:26:22.502131+00:00,2024-12-13 12:06:13.508079+00:00,447.1862,total_energy_dram,unit_test_energy,SelectionSort_SortsListCorrectly
_result,68,2024-12-10 12:26:22.502131+00:00,2024-12-13 12:26:22.502131+00:00,2024-12-13 12:07:35.520460+00:00,453.8492,total_energy_dram,unit_test_energy,SelectionSort_SortsListCorrectly
_result,68,2024-12-10 12:26:22.502131+00:00,2024-12-13 12:26:22.502131+00:00,2024-12-13 12:08:58.227386+00:00,446.8303,total_energy_dram,unit_test_energy,SelectionSort_SortsListCorrectly
_result,68,2024-12-10 12:26:22.502131+00:00,2024-12-13 12:26:22.502131+00:00,2024-12-13 12:10:20.355808+00:00,435.2939,total_energy_dram,unit_test_energy,SelectionSort_SortsListCorrectly
_result,68,2024-12-10 12:26:22.502131+00:00,2024-12-13 12:26:22.502131+00:00,2024-12-13 12:11:42.379218+00:00,445.5755,total_energy_dram,unit_test_energy,SelectionSort_SortsListCorrectly
_result,68,2024-12-10 12:26:22.502131+00:00,2024-12-13 12:26:22.502131+00:00,2024-12-13 12:13:05.069296+00:00,471.9149,total_energy_dram,unit_test_energy,SelectionSort_SortsListCorrectly
_result,68,2024-12-10 12:26:22.502131+00:00,2024-12-13 12:26:22.502131+00:00,2024-12-13 12:14:27.742849+00:00,452.2449,total_energy_dram,unit_test_energy,SelectionSort_SortsListCorrectly
_result,68,2024-12-10 12:26:22.502131+00:00,2024-12-13 12:26:22.502131+00:00,2024-12-13 12:15:50.307667+00:00,443.6815,total_energy_dram,unit_test_energy,SelectionSort_SortsListCorrectly
_result,68,2024-12-10 12:26:22.502131+00:00,2024-12-13 12:26:22.502131+00:00,2024-12-13 12:17:12.568179+00:00,449.664,total_energy_dram,unit_test_energy,SelectionSort_SortsListCorrectly
_result,68,2024-12-10 12:26:22.502131+00:00,2024-12-13 12:26:22.502131+00:00,2024-12-13 12:18:34.370467+00:00,447.2915,total_energy_dram,unit_test_energy,SelectionSort_SortsListCorrectly
_result,68,2024-12-10 12:26:22.502131+00:00,2024-12-13 12:26:22.502131+00:00,2024-12-13 12:19:56.569711+00:00,460.2801,total_energy_dram,unit_test_energy,SelectionSort_SortsListCorrectly
_result,68,2024-12-10 12:26:22.502131+00:00,2024-12-13 12:26:22.502131+00:00,2024-12-13 12:21:18.413868+00:00,454.7386,total_energy_dram,unit_test_energy,SelectionSort_SortsListCorrectly
_result,69,2024-12-10 12:26:22.502131+00:00,2024-12-13 12:26:22.502131+00:00,2024-12-13 10:20:13.136195+00:00,1170.8365,total_energy_pkg,unit_test_energy,SelectionSort_SortsListCorrectly
_result,69,2024-12-10 12:26:22.502131+00:00,2024-12-13 12:26:22.502131+00:00,2024-12-13 10:21:37.887101+00:00,1228.0674,total_energy_pkg,unit_test_energy,SelectionSort_SortsListCorrectly
_result,69,2024-12-10 12:26:22.502131+00:00,2024-12-13 12:26:22.502131+00:00,2024-12-13 10:23:02.361631+00:00,1194.2968,total_energy_pkg,unit_test_energy,SelectionSort_SortsListCorrectly
_result,69,2024-12-10 12:26:22.502131+00:00,2024-12-13 12:26:22.502131+00:00,2024-12-13 10:24:27.376696+00:00,1203.5623,total_energy_pkg,unit_test_energy,SelectionSort_SortsListCorrectly
_result,69,2024-12-10 12:26:22.502131+00:00,2024-12-13 12:26:22.502131+00:00,2024-12-13 10:25:51.055061+00:00,1155.3401,total_energy_pkg,unit_test_energy,SelectionSort_SortsListCorrectly
_result,69,2024-12-10 12:26:22.502131+00:00,2024-12-13 12:26:22.502131+00:00,2024-12-13 10:27:14.588712+00:00,1155.1757,total_energy_pkg,unit_test_energy,SelectionSort_SortsListCorrectly
_result,69,2024-12-10 12:26:22.502131+00:00,2024-12-13 12:26:22.502131+00:00,2024-12-13 10:28:38.254854+00:00,1170.3162,total_energy_pkg,unit_test_energy,SelectionSort_SortsListCorrectly
_result,69,2024-12-10 12:26:22.502131+00:00,2024-12-13 12:26:22.502131+00:00,2024-12-13 10:30:01.825679+00:00,1142.5203,total_energy_pkg,unit_test_energy,SelectionSort_SortsListCorrectly
_result,69,2024-12-10 12:26:22.502131+00:00,2024-12-13 12:26:22.502131+00:00,2024-12-13 10:31:25.730043+00:00,1209.1848,total_energy_pkg,unit_test_energy,SelectionSort_SortsListCorrectly
_result,69,2024-12-10 12:26:22.502131+00:00,2024-12-13 12:26:22.502131+00:00,2024-12-13 10:32:49.939175+00:00,1208.8146,total_energy_pkg,unit_test_energy,SelectionSort_SortsListCorrectly
_result,69,2024-12-10 12:26:22.502131+00:00,2024-12-13 12:26:22.502131+00:00,2024-12-13 10:34:14.928208+00:00,1153.3617,total_energy_pkg,unit_test_energy,SelectionSort_SortsListCorrectly
_result,69,2024-12-10 12:26:22.502131+00:00,2024-12-13 12:26:22.502131+00:00,2024-12-13 10:35:38.654810+00:00,1145.3777,total_energy_pkg,unit_test_energy,SelectionSort_SortsListCorrectly
_result,69,2024-12-10 12:26:22.502131+00:00,2024-12-13 12:26:22.502131+00:00,2024-12-13 10:37:02.538441+00:00,952.9844,total_energy_pkg,unit_test_energy,SelectionSort_SortsListCorrectly
_result,69,2024-12-10 12:26:22.502131+00:00,2024-12-13 12:26:22.502131+00:00,2024-12-13 10:38:25.545506+00:00,951.0949,total_energy_pkg,unit_test_energy,SelectionSort_SortsListCorrectly
_result,69,2024-12-10 12:26:22.502131+00:00,2024-12-13 12:26:22.502131+00:00,2024-12-13 10:39:48.848779+00:00,963.4144,total_energy_pkg,unit_test_energy,SelectionSort_SortsListCorrectly
_result,69,2024-12-10 12:26:22.502131+00:00,2024-12-13 12:26:22.502131+00:00,2024-12-13 10:48:31.363784+00:00,929.6776,total_energy_pkg,unit_test_energy,SelectionSort_SortsListCorrectly
_result,69,2024-12-10 12:26:22.502131+00:00,2024-12-13 12:26:22.502131+00:00,2024-12-13 10:49:55.080733+00:00,942.3839,total_energy_pkg,unit_test_energy,SelectionSort_SortsListCorrectly
_result,69,2024-12-10 12:26:22.502131+00:00,2024-12-13 12:26:22.502131+00:00,2024-12-13 10:51:18.208729+00:00,955.3093,total_energy_pkg,unit_test_energy,SelectionSort_SortsListCorrectly
_result,69,2024-12-10 12:26:22.502131+00:00,2024-12-13 12:26:22.502131+00:00,2024-12-13 10:52:41.631246+00:00,965.6313,total_energy_pkg,unit_test_energy,SelectionSort_SortsListCorrectly
_result,69,2024-12-10 12:26:22.502131+00:00,2024-12-13 12:26:22.502131+00:00,2024-12-13 10:54:05.037933+00:00,944.9141,total_energy_pkg,unit_test_energy,SelectionSort_SortsListCorrectly
_result,69,2024-12-10 12:26:22.502131+00:00,2024-12-13 12:26:22.502131+00:00,2024-12-13 10:55:28.090254+00:00,937.5864,total_energy_pkg,unit_test_energy,SelectionSort_SortsListCorrectly
_result,69,2024-12-10 12:26:22.502131+00:00,2024-12-13 12:26:22.502131+00:00,2024-12-13 10:56:51.457923+00:00,943.3981,total_energy_pkg,unit_test_energy,SelectionSort_SortsListCorrectly
_result,69,2024-12-10 12:26:22.502131+00:00,2024-12-13 12:26:22.502131+00:00,2024-12-13 10:58:14.743675+00:00,948.7944,total_energy_pkg,unit_test_energy,SelectionSort_SortsListCorrectly
_result,69,2024-12-10 12:26:22.502131+00:00,2024-12-13 12:26:22.502131+00:00,2024-12-13 10:59:38.132450+00:00,953.6975,total_energy_pkg,unit_test_energy,SelectionSort_SortsListCorrectly
_result,69,2024-12-10 12:26:22.502131+00:00,2024-12-13 12:26:22.502131+00:00,2024-12-13 11:01:01.437824+00:00,954.8573,total_energy_pkg,unit_test_energy,SelectionSort_SortsListCorrectly
_result,69,2024-12-10 12:26:22.502131+00:00,2024-12-13 12:26:22.502131+00:00,2024-12-13 11:02:26.084125+00:00,1158.4825,total_energy_pkg,unit_test_energy,SelectionSort_SortsListCorrectly
_result,69,2024-12-10 12:26:22.502131+00:00,2024-12-13 12:26:22.502131+00:00,2024-12-13 11:03:49.339140+00:00,973.1838,total_energy_pkg,unit_test_energy,SelectionSort_SortsListCorrectly
_result,69,2024-12-10 12:26:22.502131+00:00,2024-12-13 12:26:22.502131+00:00,2024-12-13 11:05:13.162519+00:00,1092.3032,total_energy_pkg,unit_test_energy,SelectionSort_SortsListCorrectly
_result,69,2024-12-10 12:26:22.502131+00:00,2024-12-13 12:26:22.502131+00:00,2024-12-13 11:06:36.258406+00:00,940.1609,total_energy_pkg,unit_test_energy,SelectionSort_SortsListCorrectly
_result,69,2024-12-10 12:26:22.502131+00:00,2024-12-13 12:26:22.502131+00:00,2024-12-13 11:07:59.248749+00:00,1089.0255,total_energy_pkg,unit_test_energy,SelectionSort_SortsListCorrectly
_result,69,2024-12-10 12:26:22.502131+00:00,2024-12-13 12:26:22.502131+00:00,2024-12-13 11:41:00.980325+00:00,1218.9844,total_energy_pkg,unit_test_energy,SelectionSort_SortsListCorrectly
_result,69,2024-12-10 12:26:22.502131+00:00,2024-12-13 12:26:22.502131+00:00,2024-12-13 11:42:22.134410+00:00,1115.7607,total_energy_pkg,unit_test_energy,SelectionSort_SortsListCorrectly
_result,69,2024-12-10 12:26:22.502131+00:00,2024-12-13 12:26:22.502131+00:00,2024-12-13 11:43:43.605969+00:00,1004.8594,total_energy_pkg,unit_test_energy,SelectionSort_SortsListCorrectly
_result,69,2024-12-10 12:26:22.502131+00:00,2024-12-13 12:26:22.502131+00:00,2024-12-13 11:45:05.855985+00:00,1041.6133,total_energy_pkg,unit_test_energy,SelectionSort_SortsListCorrectly
_result,69,2024-12-10 12:26:22.502131+00:00,2024-12-13 12:26:22.502131+00:00,2024-12-13 11:46:28.016351+00:00,965.1906,total_energy_pkg,unit_test_energy,SelectionSort_SortsListCorrectly
_result,69,2024-12-10 12:26:22.502131+00:00,2024-12-13 12:26:22.502131+00:00,2024-12-13 11:47:50.225171+00:00,1010.197,total_energy_pkg,unit_test_energy,SelectionSort_SortsListCorrectly
_result,69,2024-12-10 12:26:22.502131+00:00,2024-12-13 12:26:22.502131+00:00,2024-12-13 11:49:12.460825+00:00,1014.5493,total_energy_pkg,unit_test_energy,SelectionSort_SortsListCorrectly
_result,69,2024-12-10 12:26:22.502131+00:00,2024-12-13 12:26:22.502131+00:00,2024-12-13 11:50:34.756593+00:00,1008.7065,total_energy_pkg,unit_test_energy,SelectionSort_SortsListCorrectly
_result,69,2024-12-10 12:26:22.502131+00:00,2024-12-13 12:26:22.502131+00:00,2024-12-13 11:51:56.382558+00:00,1078.5722,total_energy_pkg,unit_test_energy,SelectionSort_SortsListCorrectly
_result,69,2024-12-10 12:26:22.502131+00:00,2024-12-13 12:26:22.502131+00:00,2024-12-13 11:53:18.259207+00:00,1000.2234,total_energy_pkg,unit_test_energy,SelectionSort_SortsListCorrectly
_result,69,2024-12-10 12:26:22.502131+00:00,2024-12-13 12:26:22.502131+00:00,2024-12-13 11:54:40.461409+00:00,1043.1973,total_energy_pkg,unit_test_energy,SelectionSort_SortsListCorrectly
_result,69,2024-12-10 12:26:22.502131+00:00,2024-12-13 12:26:22.502131+00:00,2024-12-13 11:56:03.026326+00:00,1099.9558,total_energy_pkg,unit_test_energy,SelectionSort_SortsListCorrectly
_result,69,2024-12-10 12:26:22.502131+00:00,2024-12-13 12:26:22.502131+00:00,2024-12-13 11:57:25.724805+00:00,1166.5994,total_energy_pkg,unit_test_energy,SelectionSort_SortsListCorrectly
_result,69,2024-12-10 12:26:22.502131+00:00,2024-12-13 12:26:22.502131+00:00,2024-12-13 11:58:47.950404+00:00,1151.9669,total_energy_pkg,unit_test_energy,SelectionSort_SortsListCorrectly
_result,69,2024-12-10 12:26:22.502131+00:00,2024-12-13 12:26:22.502131+00:00,2024-12-13 12:00:09.943506+00:00,1096.5674,total_energy_pkg,unit_test_energy,SelectionSort_SortsListCorrectly
_result,69,2024-12-10 12:26:22.502131+00:00,2024-12-13 12:26:22.502131+00:00,2024-12-13 12:02:05.965191+00:00,1151.3517,total_energy_pkg,unit_test_energy,SelectionSort_SortsListCorrectly
_result,69,2024-12-10 12:26:22.502131+00:00,2024-12-13 12:26:22.502131+00:00,2024-12-13 12:03:29.125645+00:00,1129.091,total_energy_pkg,unit_test_energy,SelectionSort_SortsListCorrectly
_result,69,2024-12-10 12:26:22.502131+00:00,2024-12-13 12:26:22.502131+00:00,2024-12-13 12:04:51.601975+00:00,1127.1922,total_energy_pkg,unit_test_energy,SelectionSort_SortsListCorrectly
_result,69,2024-12-10 12:26:22.502131+00:00,2024-12-13 12:26:22.502131+00:00,2024-12-13 12:06:13.508079+00:00,1125.3495,total_energy_pkg,unit_test_energy,SelectionSort_SortsListCorrectly
_result,69,2024-12-10 12:26:22.502131+00:00,2024-12-13 12:26:22.502131+00:00,2024-12-13 12:07:35.520460+00:00,1140.1804,total_energy_pkg,unit_test_energy,SelectionSort_SortsListCorrectly
_result,69,2024-12-10 12:26:22.502131+00:00,2024-12-13 12:26:22.502131+00:00,2024-12-13 12:08:58.227386+00:00,1123.4835,total_energy_pkg,unit_test_energy,SelectionSort_SortsListCorrectly
_result,69,2024-12-10 12:26:22.502131+00:00,2024-12-13 12:26:22.502131+00:00,2024-12-13 12:10:20.355808+00:00,1099.624,total_energy_pkg,unit_test_energy,SelectionSort_SortsListCorrectly
_result,69,2024-12-10 12:26:22.502131+00:00,2024-12-13 12:26:22.502131+00:00,2024-12-13 12:11:42.379218+00:00,1127.712,total_energy_pkg,unit_test_energy,SelectionSort_SortsListCorrectly
_result,69,2024-12-10 12:26:22.502131+00:00,2024-12-13 12:26:22.502131+00:00,2024-12-13 12:13:05.069296+00:00,1179.3334,total_energy_pkg,unit_test_energy,SelectionSort_SortsListCorrectly
_result,69,2024-12-10 12:26:22.502131+00:00,2024-12-13 12:26:22.502131+00:00,2024-12-13 12:14:27.742849+00:00,1129.3196,total_energy_pkg,unit_test_energy,SelectionSort_SortsListCorrectly
_result,69,2024-12-10 12:26:22.502131+00:00,2024-12-13 12:26:22.502131+00:00,2024-12-13 12:15:50.307667+00:00,1111.8151,total_energy_pkg,unit_test_energy,SelectionSort_SortsListCorrectly
_result,69,2024-12-10 12:26:22.502131+00:00,2024-12-13 12:26:22.502131+00:00,2024-12-13 12:17:12.568179+00:00,1128.9587,total_energy_pkg,unit_test_energy,SelectionSort_SortsListCorrectly
_result,69,2024-12-10 12:26:22.502131+00:00,2024-12-13 12:26:22.502131+00:00,2024-12-13 12:18:34.370467+00:00,1121.8939,total_energy_pkg,unit_test_energy,SelectionSort_SortsListCorrectly
_result,69,2024-12-10 12:26:22.502131+00:00,2024-12-13 12:26:22.502131+00:00,2024-12-13 12:19:56.569711+00:00,1155.5806,total_energy_pkg,unit_test_energy,SelectionSort_SortsListCorrectly
_result,69,2024-12-10 12:26:22.502131+00:00,2024-12-13 12:26:22.502131+00:00,2024-12-13 12:21:18.413868+00:00,1136.0566,total_energy_pkg,unit_test_energy,SelectionSort_SortsListCorrectly
_result,70,2024-12-10 12:26:22.502131+00:00,2024-12-13 12:26:22.502131+00:00,2024-12-13 10:20:28.249209+00:00,46.2757,avg_energy_dram,unit_test_energy,Sort_SortsListCorrectly
_result,70,2024-12-10 12:26:22.502131+00:00,2024-12-13 12:26:22.502131+00:00,2024-12-13 10:21:53.020735+00:00,45.759,avg_energy_dram,unit_test_energy,Sort_SortsListCorrectly
_result,70,2024-12-10 12:26:22.502131+00:00,2024-12-13 12:26:22.502131+00:00,2024-12-13 10:23:17.492908+00:00,48.55,avg_energy_dram,unit_test_energy,Sort_SortsListCorrectly
_result,70,2024-12-10 12:26:22.502131+00:00,2024-12-13 12:26:22.502131+00:00,2024-12-13 10:24:42.524502+00:00,47.5254,avg_energy_dram,unit_test_energy,Sort_SortsListCorrectly
_result,70,2024-12-10 12:26:22.502131+00:00,2024-12-13 12:26:22.502131+00:00,2024-12-13 10:26:06.187320+00:00,41.5436,avg_energy_dram,unit_test_energy,Sort_SortsListCorrectly
_result,70,2024-12-10 12:26:22.502131+00:00,2024-12-13 12:26:22.502131+00:00,2024-12-13 10:27:29.742357+00:00,37.6121,avg_energy_dram,unit_test_energy,Sort_SortsListCorrectly
_result,70,2024-12-10 12:26:22.502131+00:00,2024-12-13 12:26:22.502131+00:00,2024-12-13 10:28:53.407361+00:00,45.2314,avg_energy_dram,unit_test_energy,Sort_SortsListCorrectly
_result,70,2024-12-10 12:26:22.502131+00:00,2024-12-13 12:26:22.502131+00:00,2024-12-13 10:30:16.978541+00:00,51.0977,avg_energy_dram,unit_test_energy,Sort_SortsListCorrectly
_result,70,2024-12-10 12:26:22.502131+00:00,2024-12-13 12:26:22.502131+00:00,2024-12-13 10:31:40.860115+00:00,47.8858,avg_energy_dram,unit_test_energy,Sort_SortsListCorrectly
_result,70,2024-12-10 12:26:22.502131+00:00,2024-12-13 12:26:22.502131+00:00,2024-12-13 10:33:05.066990+00:00,37.8775,avg_energy_dram,unit_test_energy,Sort_SortsListCorrectly
_result,70,2024-12-10 12:26:22.502131+00:00,2024-12-13 12:26:22.502131+00:00,2024-12-13 10:34:30.082205+00:00,47.8057,avg_energy_dram,unit_test_energy,Sort_SortsListCorrectly
_result,70,2024-12-10 12:26:22.502131+00:00,2024-12-13 12:26:22.502131+00:00,2024-12-13 10:35:53.784733+00:00,40.7773,avg_energy_dram,unit_test_energy,Sort_SortsListCorrectly
_result,70,2024-12-10 12:26:22.502131+00:00,2024-12-13 12:26:22.502131+00:00,2024-12-13 10:37:17.670349+00:00,41.3852,avg_energy_dram,unit_test_energy,Sort_SortsListCorrectly
_result,70,2024-12-10 12:26:22.502131+00:00,2024-12-13 12:26:22.502131+00:00,2024-12-13 10:38:40.678594+00:00,35.7751,avg_energy_dram,unit_test_energy,Sort_SortsListCorrectly
_result,70,2024-12-10 12:26:22.502131+00:00,2024-12-13 12:26:22.502131+00:00,2024-12-13 10:40:04.005968+00:00,33.9478,avg_energy_dram,unit_test_energy,Sort_SortsListCorrectly
_result,70,2024-12-10 12:26:22.502131+00:00,2024-12-13 12:26:22.502131+00:00,2024-12-13 10:48:46.519599+00:00,36.9546,avg_energy_dram,unit_test_energy,Sort_SortsListCorrectly
_result,70,2024-12-10 12:26:22.502131+00:00,2024-12-13 12:26:22.502131+00:00,2024-12-13 10:50:10.236698+00:00,37.7969,avg_energy_dram,unit_test_energy,Sort_SortsListCorrectly
_result,70,2024-12-10 12:26:22.502131+00:00,2024-12-13 12:26:22.502131+00:00,2024-12-13 10:51:33.348283+00:00,38.2139,avg_energy_dram,unit_test_energy,Sort_SortsListCorrectly
_result,70,2024-12-10 12:26:22.502131+00:00,2024-12-13 12:26:22.502131+00:00,2024-12-13 10:52:56.784457+00:00,37.0692,avg_energy_dram,unit_test_energy,Sort_SortsListCorrectly
_result,70,2024-12-10 12:26:22.502131+00:00,2024-12-13 12:26:22.502131+00:00,2024-12-13 10:54:20.174886+00:00,35.7092,avg_energy_dram,unit_test_energy,Sort_SortsListCorrectly
_result,70,2024-12-10 12:26:22.502131+00:00,2024-12-13 12:26:22.502131+00:00,2024-12-13 10:55:43.222326+00:00,35.3733,avg_energy_dram,unit_test_energy,Sort_SortsListCorrectly
_result,70,2024-12-10 12:26:22.502131+00:00,2024-12-13 12:26:22.502131+00:00,2024-12-13 10:57:06.594357+00:00,40.3872,avg_energy_dram,unit_test_energy,Sort_SortsListCorrectly
_result,70,2024-12-10 12:26:22.502131+00:00,2024-12-13 12:26:22.502131+00:00,2024-12-13 10:58:29.876750+00:00,37.1227,avg_energy_dram,unit_test_energy,Sort_SortsListCorrectly
_result,70,2024-12-10 12:26:22.502131+00:00,2024-12-13 12:26:22.502131+00:00,2024-12-13 10:59:53.264043+00:00,36.5951,avg_energy_dram,unit_test_energy,Sort_SortsListCorrectly
_result,70,2024-12-10 12:26:22.502131+00:00,2024-12-13 12:26:22.502131+00:00,2024-12-13 11:01:16.604627+00:00,36.5069,avg_energy_dram,unit_test_energy,Sort_SortsListCorrectly
_result,70,2024-12-10 12:26:22.502131+00:00,2024-12-13 12:26:22.502131+00:00,2024-12-13 11:02:41.218060+00:00,34.9022,avg_energy_dram,unit_test_energy,Sort_SortsListCorrectly
_result,70,2024-12-10 12:26:22.502131+00:00,2024-12-13 12:26:22.502131+00:00,2024-12-13 11:04:04.501298+00:00,38.0554,avg_energy_dram,unit_test_energy,Sort_SortsListCorrectly
_result,70,2024-12-10 12:26:22.502131+00:00,2024-12-13 12:26:22.502131+00:00,2024-12-13 11:05:28.296518+00:00,46.7959,avg_energy_dram,unit_test_energy,Sort_SortsListCorrectly
_result,70,2024-12-10 12:26:22.502131+00:00,2024-12-13 12:26:22.502131+00:00,2024-12-13 11:06:51.412223+00:00,39.6777,avg_energy_dram,unit_test_energy,Sort_SortsListCorrectly
_result,70,2024-12-10 12:26:22.502131+00:00,2024-12-13 12:26:22.502131+00:00,2024-12-13 11:08:14.376635+00:00,47.5804,avg_energy_dram,unit_test_energy,Sort_SortsListCorrectly
_result,70,2024-12-10 12:26:22.502131+00:00,2024-12-13 12:26:22.502131+00:00,2024-12-13 11:41:21.371206+00:00,40.583,avg_energy_dram,unit_test_energy,Sort_SortsListCorrectly
_result,70,2024-12-10 12:26:22.502131+00:00,2024-12-13 12:26:22.502131+00:00,2024-12-13 11:42:42.490637+00:00,36.5748,avg_energy_dram,unit_test_energy,Sort_SortsListCorrectly
_result,70,2024-12-10 12:26:22.502131+00:00,2024-12-13 12:26:22.502131+00:00,2024-12-13 11:44:04.071379+00:00,39.4871,avg_energy_dram,unit_test_energy,Sort_SortsListCorrectly
_result,70,2024-12-10 12:26:22.502131+00:00,2024-12-13 12:26:22.502131+00:00,2024-12-13 11:45:26.414491+00:00,40.7114,avg_energy_dram,unit_test_energy,Sort_SortsListCorrectly
_result,70,2024-12-10 12:26:22.502131+00:00,2024-12-13 12:26:22.502131+00:00,2024-12-13 11:46:48.462796+00:00,36.4676,avg_energy_dram,unit_test_energy,Sort_SortsListCorrectly
_result,70,2024-12-10 12:26:22.502131+00:00,2024-12-13 12:26:22.502131+00:00,2024-12-13 11:48:11.187761+00:00,37.4369,avg_energy_dram,unit_test_energy,Sort_SortsListCorrectly
_result,70,2024-12-10 12:26:22.502131+00:00,2024-12-13 12:26:22.502131+00:00,2024-12-13 11:49:32.959771+00:00,36.1695,avg_energy_dram,unit_test_energy,Sort_SortsListCorrectly
_result,70,2024-12-10 12:26:22.502131+00:00,2024-12-13 12:26:22.502131+00:00,2024-12-13 11:50:55.208863+00:00,40.8351,avg_energy_dram,unit_test_energy,Sort_SortsListCorrectly
_result,70,2024-12-10 12:26:22.502131+00:00,2024-12-13 12:26:22.502131+00:00,2024-12-13 11:52:16.829084+00:00,40.8051,avg_energy_dram,unit_test_energy,Sort_SortsListCorrectly
_result,70,2024-12-10 12:26:22.502131+00:00,2024-12-13 12:26:22.502131+00:00,2024-12-13 11:53:38.645731+00:00,41.4557,avg_energy_dram,unit_test_energy,Sort_SortsListCorrectly
_result,70,2024-12-10 12:26:22.502131+00:00,2024-12-13 12:26:22.502131+00:00,2024-12-13 11:55:00.923378+00:00,33.5944,avg_energy_dram,unit_test_energy,Sort_SortsListCorrectly
_result,70,2024-12-10 12:26:22.502131+00:00,2024-12-13 12:26:22.502131+00:00,2024-12-13 11:56:23.737518+00:00,44.3726,avg_energy_dram,unit_test_energy,Sort_SortsListCorrectly
_result,70,2024-12-10 12:26:22.502131+00:00,2024-12-13 12:26:22.502131+00:00,2024-12-13 11:57:46.171352+00:00,46.7592,avg_energy_dram,unit_test_energy,Sort_SortsListCorrectly
_result,70,2024-12-10 12:26:22.502131+00:00,2024-12-13 12:26:22.502131+00:00,2024-12-13 11:59:08.438748+00:00,43.7264,avg_energy_dram,unit_test_energy,Sort_SortsListCorrectly
_result,70,2024-12-10 12:26:22.502131+00:00,2024-12-13 12:26:22.502131+00:00,2024-12-13 12:00:30.365433+00:00,38.2685,avg_energy_dram,unit_test_energy,Sort_SortsListCorrectly
_result,70,2024-12-10 12:26:22.502131+00:00,2024-12-13 12:26:22.502131+00:00,2024-12-13 12:02:27.572928+00:00,48.2814,avg_energy_dram,unit_test_energy,Sort_SortsListCorrectly
_result,70,2024-12-10 12:26:22.502131+00:00,2024-12-13 12:26:22.502131+00:00,2024-12-13 12:03:49.563794+00:00,48.9033,avg_energy_dram,unit_test_energy,Sort_SortsListCorrectly
_result,70,2024-12-10 12:26:22.502131+00:00,2024-12-13 12:26:22.502131+00:00,2024-12-13 12:05:12.066431+00:00,38.6603,avg_energy_dram,unit_test_energy,Sort_SortsListCorrectly
_result,70,2024-12-10 12:26:22.502131+00:00,2024-12-13 12:26:22.502131+00:00,2024-12-13 12:06:34.058824+00:00,46.7541,avg_energy_dram,unit_test_energy,Sort_SortsListCorrectly
_result,70,2024-12-10 12:26:22.502131+00:00,2024-12-13 12:26:22.502131+00:00,2024-12-13 12:07:56.038706+00:00,47.078,avg_energy_dram,unit_test_energy,Sort_SortsListCorrectly
_result,70,2024-12-10 12:26:22.502131+00:00,2024-12-13 12:26:22.502131+00:00,2024-12-13 12:09:18.642096+00:00,46.2328,avg_energy_dram,unit_test_energy,Sort_SortsListCorrectly
_result,70,2024-12-10 12:26:22.502131+00:00,2024-12-13 12:26:22.502131+00:00,2024-12-13 12:10:40.921533+00:00,42.768,avg_energy_dram,unit_test_energy,Sort_SortsListCorrectly
_result,70,2024-12-10 12:26:22.502131+00:00,2024-12-13 12:26:22.502131+00:00,2024-12-13 12:12:02.931043+00:00,44.9813,avg_energy_dram,unit_test_energy,Sort_SortsListCorrectly
_result,70,2024-12-10 12:26:22.502131+00:00,2024-12-13 12:26:22.502131+00:00,2024-12-13 12:13:25.524900+00:00,40.2511,avg_energy_dram,unit_test_energy,Sort_SortsListCorrectly
_result,70,2024-12-10 12:26:22.502131+00:00,2024-12-13 12:26:22.502131+00:00,2024-12-13 12:14:48.246812+00:00,45.4816,avg_energy_dram,unit_test_energy,Sort_SortsListCorrectly
_result,70,2024-12-10 12:26:22.502131+00:00,2024-12-13 12:26:22.502131+00:00,2024-12-13 12:16:10.734388+00:00,48.4992,avg_energy_dram,unit_test_energy,Sort_SortsListCorrectly
_result,70,2024-12-10 12:26:22.502131+00:00,2024-12-13 12:26:22.502131+00:00,2024-12-13 12:17:33.019677+00:00,44.3704,avg_energy_dram,unit_test_energy,Sort_SortsListCorrectly
_result,70,2024-12-10 12:26:22.502131+00:00,2024-12-13 12:26:22.502131+00:00,2024-12-13 12:18:54.794556+00:00,49.7776,avg_energy_dram,unit_test_energy,Sort_SortsListCorrectly
_result,70,2024-12-10 12:26:22.502131+00:00,2024-12-13 12:26:22.502131+00:00,2024-12-13 12:20:16.971961+00:00,48.8722,avg_energy_dram,unit_test_energy,Sort_SortsListCorrectly
_result,70,2024-12-10 12:26:22.502131+00:00,2024-12-13 12:26:22.502131+00:00,2024-12-13 12:21:38.889979+00:00,49.8701,avg_energy_dram,unit_test_energy,Sort_SortsListCorrectly
_result,71,2024-12-10 12:26:22.502131+00:00,2024-12-13 12:26:22.502131+00:00,2024-12-13 10:20:28.249209+00:00,123.2239,avg_energy_pkg,unit_test_energy,Sort_SortsListCorrectly
_result,71,2024-12-10 12:26:22.502131+00:00,2024-12-13 12:26:22.502131+00:00,2024-12-13 10:21:53.020735+00:00,130.6912,avg_energy_pkg,unit_test_energy,Sort_SortsListCorrectly
_result,71,2024-12-10 12:26:22.502131+00:00,2024-12-13 12:26:22.502131+00:00,2024-12-13 10:23:17.492908+00:00,146.5202,avg_energy_pkg,unit_test_energy,Sort_SortsListCorrectly
_result,71,2024-12-10 12:26:22.502131+00:00,2024-12-13 12:26:22.502131+00:00,2024-12-13 10:24:42.524502+00:00,136.3888,avg_energy_pkg,unit_test_energy,Sort_SortsListCorrectly
_result,71,2024-12-10 12:26:22.502131+00:00,2024-12-13 12:26:22.502131+00:00,2024-12-13 10:26:06.187320+00:00,116.382,avg_energy_pkg,unit_test_energy,Sort_SortsListCorrectly
_result,71,2024-12-10 12:26:22.502131+00:00,2024-12-13 12:26:22.502131+00:00,2024-12-13 10:27:29.742357+00:00,113.3458,avg_energy_pkg,unit_test_energy,Sort_SortsListCorrectly
_result,71,2024-12-10 12:26:22.502131+00:00,2024-12-13 12:26:22.502131+00:00,2024-12-13 10:28:53.407361+00:00,141.2841,avg_energy_pkg,unit_test_energy,Sort_SortsListCorrectly
_result,71,2024-12-10 12:26:22.502131+00:00,2024-12-13 12:26:22.502131+00:00,2024-12-13 10:30:16.978541+00:00,135.8075,avg_energy_pkg,unit_test_energy,Sort_SortsListCorrectly
_result,71,2024-12-10 12:26:22.502131+00:00,2024-12-13 12:26:22.502131+00:00,2024-12-13 10:31:40.860115+00:00,133.1942,avg_energy_pkg,unit_test_energy,Sort_SortsListCorrectly
_result,71,2024-12-10 12:26:22.502131+00:00,2024-12-13 12:26:22.502131+00:00,2024-12-13 10:33:05.066990+00:00,107.7764,avg_energy_pkg,unit_test_energy,Sort_SortsListCorrectly
_result,71,2024-12-10 12:26:22.502131+00:00,2024-12-13 12:26:22.502131+00:00,2024-12-13 10:34:30.082205+00:00,140.3177,avg_energy_pkg,unit_test_energy,Sort_SortsListCorrectly
_result,71,2024-12-10 12:26:22.502131+00:00,2024-12-13 12:26:22.502131+00:00,2024-12-13 10:35:53.784733+00:00,118.9153,avg_energy_pkg,unit_test_energy,Sort_SortsListCorrectly
_result,71,2024-12-10 12:26:22.502131+00:00,2024-12-13 12:26:22.502131+00:00,2024-12-13 10:37:17.670349+00:00,78.6092,avg_energy_pkg,unit_test_energy,Sort_SortsListCorrectly
_result,71,2024-12-10 12:26:22.502131+00:00,2024-12-13 12:26:22.502131+00:00,2024-12-13 10:38:40.678594+00:00,66.4645,avg_energy_pkg,unit_test_energy,Sort_SortsListCorrectly
_result,71,2024-12-10 12:26:22.502131+00:00,2024-12-13 12:26:22.502131+00:00,2024-12-13 10:40:04.005968+00:00,63.2063,avg_energy_pkg,unit_test_energy,Sort_SortsListCorrectly
_result,71,2024-12-10 12:26:22.502131+00:00,2024-12-13 12:26:22.502131+00:00,2024-12-13 10:48:46.519599+00:00,68.2846,avg_energy_pkg,unit_test_energy,Sort_SortsListCorrectly
_result,71,2024-12-10 12:26:22.502131+00:00,2024-12-13 12:26:22.502131+00:00,2024-12-13 10:50:10.236698+00:00,71.2606,avg_energy_pkg,unit_test_energy,Sort_SortsListCorrectly
_result,71,2024-12-10 12:26:22.502131+00:00,2024-12-13 12:26:22.502131+00:00,2024-12-13 10:51:33.348283+00:00,75.1307,avg_energy_pkg,unit_test_energy,Sort_SortsListCorrectly
_result,71,2024-12-10 12:26:22.502131+00:00,2024-12-13 12:26:22.502131+00:00,2024-12-13 10:52:56.784457+00:00,70.4262,avg_energy_pkg,unit_test_energy,Sort_SortsListCorrectly
_result,71,2024-12-10 12:26:22.502131+00:00,2024-12-13 12:26:22.502131+00:00,2024-12-13 10:54:20.174886+00:00,60.2776,avg_energy_pkg,unit_test_energy,Sort_SortsListCorrectly
_result,71,2024-12-10 12:26:22.502131+00:00,2024-12-13 12:26:22.502131+00:00,2024-12-13 10:55:43.222326+00:00,66.1265,avg_energy_pkg,unit_test_energy,Sort_SortsListCorrectly
_result,71,2024-12-10 12:26:22.502131+00:00,2024-12-13 12:26:22.502131+00:00,2024-12-13 10:57:06.594357+00:00,77.2417,avg_energy_pkg,unit_test_energy,Sort_SortsListCorrectly
_result,71,2024-12-10 12:26:22.502131+00:00,2024-12-13 12:26:22.502131+00:00,2024-12-13 10:58:29.876750+00:00,69.1477,avg_energy_pkg,unit_test_energy,Sort_SortsListCorrectly
_result,71,2024-12-10 12:26:22.502131+00:00,2024-12-13 12:26:22.502131+00:00,2024-12-13 10:59:53.264043+00:00,69.8734,avg_energy_pkg,unit_test_energy,Sort_SortsListCorrectly
_result,71,2024-12-10 12:26:22.502131+00:00,2024-12-13 12:26:22.502131+00:00,2024-12-13 11:01:16.604627+00:00,68.0448,avg_energy_pkg,unit_test_energy,Sort_SortsListCorrectly
_result,71,2024-12-10 12:26:22.502131+00:00,2024-12-13 12:26:22.502131+00:00,2024-12-13 11:02:41.218060+00:00,64.8436,avg_energy_pkg,unit_test_energy,Sort_SortsListCorrectly
_result,71,2024-12-10 12:26:22.502131+00:00,2024-12-13 12:26:22.502131+00:00,2024-12-13 11:04:04.501298+00:00,73.0943,avg_energy_pkg,unit_test_energy,Sort_SortsListCorrectly
_result,71,2024-12-10 12:26:22.502131+00:00,2024-12-13 12:26:22.502131+00:00,2024-12-13 11:05:28.296518+00:00,124.3381,avg_energy_pkg,unit_test_energy,Sort_SortsListCorrectly
_result,71,2024-12-10 12:26:22.502131+00:00,2024-12-13 12:26:22.502131+00:00,2024-12-13 11:06:51.412223+00:00,73.8981,avg_energy_pkg,unit_test_energy,Sort_SortsListCorrectly
_result,71,2024-12-10 12:26:22.502131+00:00,2024-12-13 12:26:22.502131+00:00,2024-12-13 11:08:14.376635+00:00,124.2607,avg_energy_pkg,unit_test_energy,Sort_SortsListCorrectly
_result,71,2024-12-10 12:26:22.502131+00:00,2024-12-13 12:26:22.502131+00:00,2024-12-13 11:41:21.371206+00:00,106.4568,avg_energy_pkg,unit_test_energy,Sort_SortsListCorrectly
_result,71,2024-12-10 12:26:22.502131+00:00,2024-12-13 12:26:22.502131+00:00,2024-12-13 11:42:42.490637+00:00,69.6276,avg_energy_pkg,unit_test_energy,Sort_SortsListCorrectly
_result,71,2024-12-10 12:26:22.502131+00:00,2024-12-13 12:26:22.502131+00:00,2024-12-13 11:44:04.071379+00:00,74.7448,avg_energy_pkg,unit_test_energy,Sort_SortsListCorrectly
_result,71,2024-12-10 12:26:22.502131+00:00,2024-12-13 12:26:22.502131+00:00,2024-12-13 11:45:26.414491+00:00,77.2073,avg_energy_pkg,unit_test_energy,Sort_SortsListCorrectly
_result,71,2024-12-10 12:26:22.502131+00:00,2024-12-13 12:26:22.502131+00:00,2024-12-13 11:46:48.462796+00:00,68.4589,avg_energy_pkg,unit_test_energy,Sort_SortsListCorrectly
_result,71,2024-12-10 12:26:22.502131+00:00,2024-12-13 12:26:22.502131+00:00,2024-12-13 11:48:11.187761+00:00,70.8362,avg_energy_pkg,unit_test_energy,Sort_SortsListCorrectly
_result,71,2024-12-10 12:26:22.502131+00:00,2024-12-13 12:26:22.502131+00:00,2024-12-13 11:49:32.959771+00:00,67.557,avg_energy_pkg,unit_test_energy,Sort_SortsListCorrectly
_result,71,2024-12-10 12:26:22.502131+00:00,2024-12-13 12:26:22.502131+00:00,2024-12-13 11:50:55.208863+00:00,77.778,avg_energy_pkg,unit_test_energy,Sort_SortsListCorrectly
_result,71,2024-12-10 12:26:22.502131+00:00,2024-12-13 12:26:22.502131+00:00,2024-12-13 11:52:16.829084+00:00,77.2989,avg_energy_pkg,unit_test_energy,Sort_SortsListCorrectly
_result,71,2024-12-10 12:26:22.502131+00:00,2024-12-13 12:26:22.502131+00:00,2024-12-13 11:53:38.645731+00:00,79.7733,avg_energy_pkg,unit_test_energy,Sort_SortsListCorrectly
_result,71,2024-12-10 12:26:22.502131+00:00,2024-12-13 12:26:22.502131+00:00,2024-12-13 11:55:00.923378+00:00,63.5074,avg_energy_pkg,unit_test_energy,Sort_SortsListCorrectly
_result,71,2024-12-10 12:26:22.502131+00:00,2024-12-13 12:26:22.502131+00:00,2024-12-13 11:56:23.737518+00:00,114.132,avg_energy_pkg,unit_test_energy,Sort_SortsListCorrectly
_result,71,2024-12-10 12:26:22.502131+00:00,2024-12-13 12:26:22.502131+00:00,2024-12-13 11:57:46.171352+00:00,122.2335,avg_energy_pkg,unit_test_energy,Sort_SortsListCorrectly
_result,71,2024-12-10 12:26:22.502131+00:00,2024-12-13 12:26:22.502131+00:00,2024-12-13 11:59:08.438748+00:00,110.5521,avg_energy_pkg,unit_test_energy,Sort_SortsListCorrectly
_result,71,2024-12-10 12:26:22.502131+00:00,2024-12-13 12:26:22.502131+00:00,2024-12-13 12:00:30.365433+00:00,71.8384,avg_energy_pkg,unit_test_energy,Sort_SortsListCorrectly
_result,71,2024-12-10 12:26:22.502131+00:00,2024-12-13 12:26:22.502131+00:00,2024-12-13 12:02:27.572928+00:00,131.1166,avg_energy_pkg,unit_test_energy,Sort_SortsListCorrectly
_result,71,2024-12-10 12:26:22.502131+00:00,2024-12-13 12:26:22.502131+00:00,2024-12-13 12:03:49.563794+00:00,119.208,avg_energy_pkg,unit_test_energy,Sort_SortsListCorrectly
_result,71,2024-12-10 12:26:22.502131+00:00,2024-12-13 12:26:22.502131+00:00,2024-12-13 12:05:12.066431+00:00,85.3335,avg_energy_pkg,unit_test_energy,Sort_SortsListCorrectly
_result,71,2024-12-10 12:26:22.502131+00:00,2024-12-13 12:26:22.502131+00:00,2024-12-13 12:06:34.058824+00:00,123.753,avg_energy_pkg,unit_test_energy,Sort_SortsListCorrectly
_result,71,2024-12-10 12:26:22.502131+00:00,2024-12-13 12:26:22.502131+00:00,2024-12-13 12:07:56.038706+00:00,124.4149,avg_energy_pkg,unit_test_energy,Sort_SortsListCorrectly
_result,71,2024-12-10 12:26:22.502131+00:00,2024-12-13 12:26:22.502131+00:00,2024-12-13 12:09:18.642096+00:00,119.8139,avg_energy_pkg,unit_test_energy,Sort_SortsListCorrectly
_result,71,2024-12-10 12:26:22.502131+00:00,2024-12-13 12:26:22.502131+00:00,2024-12-13 12:10:40.921533+00:00,109.8376,avg_energy_pkg,unit_test_energy,Sort_SortsListCorrectly
_result,71,2024-12-10 12:26:22.502131+00:00,2024-12-13 12:26:22.502131+00:00,2024-12-13 12:12:02.931043+00:00,114.4186,avg_energy_pkg,unit_test_energy,Sort_SortsListCorrectly
_result,71,2024-12-10 12:26:22.502131+00:00,2024-12-13 12:26:22.502131+00:00,2024-12-13 12:13:25.524900+00:00,104.9821,avg_energy_pkg,unit_test_energy,Sort_SortsListCorrectly
_result,71,2024-12-10 12:26:22.502131+00:00,2024-12-13 12:26:22.502131+00:00,2024-12-13 12:14:48.246812+00:00,122.1883,avg_energy_pkg,unit_test_energy,Sort_SortsListCorrectly
_result,71,2024-12-10 12:26:22.502131+00:00,2024-12-13 12:26:22.502131+00:00,2024-12-13 12:16:10.734388+00:00,120.8042,avg_energy_pkg,unit_test_energy,Sort_SortsListCorrectly
_result,71,2024-12-10 12:26:22.502131+00:00,2024-12-13 12:26:22.502131+00:00,2024-12-13 12:17:33.019677+00:00,84.8998,avg_energy_pkg,unit_test_energy,Sort_SortsListCorrectly
_result,71,2024-12-10 12:26:22.502131+00:00,2024-12-13 12:26:22.502131+00:00,2024-12-13 12:18:54.794556+00:00,126.6682,avg_energy_pkg,unit_test_energy,Sort_SortsListCorrectly
_result,71,2024-12-10 12:26:22.502131+00:00,2024-12-13 12:26:22.502131+00:00,2024-12-13 12:20:16.971961+00:00,123.2002,avg_energy_pkg,unit_test_energy,Sort_SortsListCorrectly
_result,71,2024-12-10 12:26:22.502131+00:00,2024-12-13 12:26:22.502131+00:00,2024-12-13 12:21:38.889979+00:00,130.1419,avg_energy_pkg,unit_test_energy,Sort_SortsListCorrectly
_result,72,2024-12-10 12:26:22.502131+00:00,2024-12-13 12:26:22.502131+00:00,2024-12-13 10:20:28.249209+00:00,0.0048,duration,unit_test_energy,Sort_SortsListCorrectly
_result,72,2024-12-10 12:26:22.502131+00:00,2024-12-13 12:26:22.502131+00:00,2024-12-13 10:21:53.020735+00:00,0.0048,duration,unit_test_energy,Sort_SortsListCorrectly
_result,72,2024-12-10 12:26:22.502131+00:00,2024-12-13 12:26:22.502131+00:00,2024-12-13 10:23:17.492908+00:00,0.0038,duration,unit_test_energy,Sort_SortsListCorrectly
_result,72,2024-12-10 12:26:22.502131+00:00,2024-12-13 12:26:22.502131+00:00,2024-12-13 10:24:42.524502+00:00,0.0048,duration,unit_test_energy,Sort_SortsListCorrectly
_result,72,2024-12-10 12:26:22.502131+00:00,2024-12-13 12:26:22.502131+00:00,2024-12-13 10:26:06.187320+00:00,0.0048,duration,unit_test_energy,Sort_SortsListCorrectly
_result,72,2024-12-10 12:26:22.502131+00:00,2024-12-13 12:26:22.502131+00:00,2024-12-13 10:27:29.742357+00:00,0.0047,duration,unit_test_energy,Sort_SortsListCorrectly
_result,72,2024-12-10 12:26:22.502131+00:00,2024-12-13 12:26:22.502131+00:00,2024-12-13 10:28:53.407361+00:00,0.0051,duration,unit_test_energy,Sort_SortsListCorrectly
_result,72,2024-12-10 12:26:22.502131+00:00,2024-12-13 12:26:22.502131+00:00,2024-12-13 10:30:16.978541+00:00,0.005,duration,unit_test_energy,Sort_SortsListCorrectly
_result,72,2024-12-10 12:26:22.502131+00:00,2024-12-13 12:26:22.502131+00:00,2024-12-13 10:31:40.860115+00:00,0.0047,duration,unit_test_energy,Sort_SortsListCorrectly
_result,72,2024-12-10 12:26:22.502131+00:00,2024-12-13 12:26:22.502131+00:00,2024-12-13 10:33:05.066990+00:00,0.0036,duration,unit_test_energy,Sort_SortsListCorrectly
_result,72,2024-12-10 12:26:22.502131+00:00,2024-12-13 12:26:22.502131+00:00,2024-12-13 10:34:30.082205+00:00,0.0052,duration,unit_test_energy,Sort_SortsListCorrectly
_result,72,2024-12-10 12:26:22.502131+00:00,2024-12-13 12:26:22.502131+00:00,2024-12-13 10:35:53.784733+00:00,0.0048,duration,unit_test_energy,Sort_SortsListCorrectly
_result,72,2024-12-10 12:26:22.502131+00:00,2024-12-13 12:26:22.502131+00:00,2024-12-13 10:37:17.670349+00:00,0.0053,duration,unit_test_energy,Sort_SortsListCorrectly
_result,72,2024-12-10 12:26:22.502131+00:00,2024-12-13 12:26:22.502131+00:00,2024-12-13 10:38:40.678594+00:00,0.0051,duration,unit_test_energy,Sort_SortsListCorrectly
_result,72,2024-12-10 12:26:22.502131+00:00,2024-12-13 12:26:22.502131+00:00,2024-12-13 10:40:04.005968+00:00,0.0049,duration,unit_test_energy,Sort_SortsListCorrectly
_result,72,2024-12-10 12:26:22.502131+00:00,2024-12-13 12:26:22.502131+00:00,2024-12-13 10:48:46.519599+00:00,0.0049,duration,unit_test_energy,Sort_SortsListCorrectly
_result,72,2024-12-10 12:26:22.502131+00:00,2024-12-13 12:26:22.502131+00:00,2024-12-13 10:50:10.236698+00:00,0.0049,duration,unit_test_energy,Sort_SortsListCorrectly
_result,72,2024-12-10 12:26:22.502131+00:00,2024-12-13 12:26:22.502131+00:00,2024-12-13 10:51:33.348283+00:00,0.0048,duration,unit_test_energy,Sort_SortsListCorrectly
_result,72,2024-12-10 12:26:22.502131+00:00,2024-12-13 12:26:22.502131+00:00,2024-12-13 10:52:56.784457+00:00,0.0049,duration,unit_test_energy,Sort_SortsListCorrectly
_result,72,2024-12-10 12:26:22.502131+00:00,2024-12-13 12:26:22.502131+00:00,2024-12-13 10:54:20.174886+00:00,0.0051,duration,unit_test_energy,Sort_SortsListCorrectly
_result,72,2024-12-10 12:26:22.502131+00:00,2024-12-13 12:26:22.502131+00:00,2024-12-13 10:55:43.222326+00:00,0.0052,duration,unit_test_energy,Sort_SortsListCorrectly
_result,72,2024-12-10 12:26:22.502131+00:00,2024-12-13 12:26:22.502131+00:00,2024-12-13 10:57:06.594357+00:00,0.005,duration,unit_test_energy,Sort_SortsListCorrectly
_result,72,2024-12-10 12:26:22.502131+00:00,2024-12-13 12:26:22.502131+00:00,2024-12-13 10:58:29.876750+00:00,0.0049,duration,unit_test_energy,Sort_SortsListCorrectly
_result,72,2024-12-10 12:26:22.502131+00:00,2024-12-13 12:26:22.502131+00:00,2024-12-13 10:59:53.264043+00:00,0.005,duration,unit_test_energy,Sort_SortsListCorrectly
_result,72,2024-12-10 12:26:22.502131+00:00,2024-12-13 12:26:22.502131+00:00,2024-12-13 11:01:16.604627+00:00,0.0085,duration,unit_test_energy,Sort_SortsListCorrectly
_result,72,2024-12-10 12:26:22.502131+00:00,2024-12-13 12:26:22.502131+00:00,2024-12-13 11:02:41.218060+00:00,0.0053,duration,unit_test_energy,Sort_SortsListCorrectly
_result,72,2024-12-10 12:26:22.502131+00:00,2024-12-13 12:26:22.502131+00:00,2024-12-13 11:04:04.501298+00:00,0.0048,duration,unit_test_energy,Sort_SortsListCorrectly
_result,72,2024-12-10 12:26:22.502131+00:00,2024-12-13 12:26:22.502131+00:00,2024-12-13 11:05:28.296518+00:00,0.0047,duration,unit_test_energy,Sort_SortsListCorrectly
_result,72,2024-12-10 12:26:22.502131+00:00,2024-12-13 12:26:22.502131+00:00,2024-12-13 11:06:51.412223+00:00,0.0051,duration,unit_test_energy,Sort_SortsListCorrectly
_result,72,2024-12-10 12:26:22.502131+00:00,2024-12-13 12:26:22.502131+00:00,2024-12-13 11:08:14.376635+00:00,0.0047,duration,unit_test_energy,Sort_SortsListCorrectly
_result,72,2024-12-10 12:26:22.502131+00:00,2024-12-13 12:26:22.502131+00:00,2024-12-13 11:41:21.371206+00:00,0.0049,duration,unit_test_energy,Sort_SortsListCorrectly
_result,72,2024-12-10 12:26:22.502131+00:00,2024-12-13 12:26:22.502131+00:00,2024-12-13 11:42:42.490637+00:00,0.0051,duration,unit_test_energy,Sort_SortsListCorrectly
_result,72,2024-12-10 12:26:22.502131+00:00,2024-12-13 12:26:22.502131+00:00,2024-12-13 11:44:04.071379+00:00,0.0056,duration,unit_test_energy,Sort_SortsListCorrectly
_result,72,2024-12-10 12:26:22.502131+00:00,2024-12-13 12:26:22.502131+00:00,2024-12-13 11:45:26.414491+00:00,0.0055,duration,unit_test_energy,Sort_SortsListCorrectly
_result,72,2024-12-10 12:26:22.502131+00:00,2024-12-13 12:26:22.502131+00:00,2024-12-13 11:46:48.462796+00:00,0.0051,duration,unit_test_energy,Sort_SortsListCorrectly
_result,72,2024-12-10 12:26:22.502131+00:00,2024-12-13 12:26:22.502131+00:00,2024-12-13 11:48:11.187761+00:00,0.0048,duration,unit_test_energy,Sort_SortsListCorrectly
_result,72,2024-12-10 12:26:22.502131+00:00,2024-12-13 12:26:22.502131+00:00,2024-12-13 11:49:32.959771+00:00,0.0051,duration,unit_test_energy,Sort_SortsListCorrectly
_result,72,2024-12-10 12:26:22.502131+00:00,2024-12-13 12:26:22.502131+00:00,2024-12-13 11:50:55.208863+00:00,0.0055,duration,unit_test_energy,Sort_SortsListCorrectly
_result,72,2024-12-10 12:26:22.502131+00:00,2024-12-13 12:26:22.502131+00:00,2024-12-13 11:52:16.829084+00:00,0.0054,duration,unit_test_energy,Sort_SortsListCorrectly
_result,72,2024-12-10 12:26:22.502131+00:00,2024-12-13 12:26:22.502131+00:00,2024-12-13 11:53:38.645731+00:00,0.0053,duration,unit_test_energy,Sort_SortsListCorrectly
_result,72,2024-12-10 12:26:22.502131+00:00,2024-12-13 12:26:22.502131+00:00,2024-12-13 11:55:00.923378+00:00,0.0055,duration,unit_test_energy,Sort_SortsListCorrectly
_result,72,2024-12-10 12:26:22.502131+00:00,2024-12-13 12:26:22.502131+00:00,2024-12-13 11:56:23.737518+00:00,0.0046,duration,unit_test_energy,Sort_SortsListCorrectly
_result,72,2024-12-10 12:26:22.502131+00:00,2024-12-13 12:26:22.502131+00:00,2024-12-13 11:57:46.171352+00:00,0.0048,duration,unit_test_energy,Sort_SortsListCorrectly
_result,72,2024-12-10 12:26:22.502131+00:00,2024-12-13 12:26:22.502131+00:00,2024-12-13 11:59:08.438748+00:00,0.0047,duration,unit_test_energy,Sort_SortsListCorrectly
_result,72,2024-12-10 12:26:22.502131+00:00,2024-12-13 12:26:22.502131+00:00,2024-12-13 12:00:30.365433+00:00,0.0055,duration,unit_test_energy,Sort_SortsListCorrectly
_result,72,2024-12-10 12:26:22.502131+00:00,2024-12-13 12:26:22.502131+00:00,2024-12-13 12:02:27.572928+00:00,0.0046,duration,unit_test_energy,Sort_SortsListCorrectly
_result,72,2024-12-10 12:26:22.502131+00:00,2024-12-13 12:26:22.502131+00:00,2024-12-13 12:03:49.563794+00:00,0.0047,duration,unit_test_energy,Sort_SortsListCorrectly
_result,72,2024-12-10 12:26:22.502131+00:00,2024-12-13 12:26:22.502131+00:00,2024-12-13 12:05:12.066431+00:00,0.0049,duration,unit_test_energy,Sort_SortsListCorrectly
_result,72,2024-12-10 12:26:22.502131+00:00,2024-12-13 12:26:22.502131+00:00,2024-12-13 12:06:34.058824+00:00,0.0048,duration,unit_test_energy,Sort_SortsListCorrectly
_result,72,2024-12-10 12:26:22.502131+00:00,2024-12-13 12:26:22.502131+00:00,2024-12-13 12:07:56.038706+00:00,0.0048,duration,unit_test_energy,Sort_SortsListCorrectly
_result,72,2024-12-10 12:26:22.502131+00:00,2024-12-13 12:26:22.502131+00:00,2024-12-13 12:09:18.642096+00:00,0.0046,duration,unit_test_energy,Sort_SortsListCorrectly
_result,72,2024-12-10 12:26:22.502131+00:00,2024-12-13 12:26:22.502131+00:00,2024-12-13 12:10:40.921533+00:00,0.0048,duration,unit_test_energy,Sort_SortsListCorrectly
_result,72,2024-12-10 12:26:22.502131+00:00,2024-12-13 12:26:22.502131+00:00,2024-12-13 12:12:02.931043+00:00,0.005,duration,unit_test_energy,Sort_SortsListCorrectly
_result,72,2024-12-10 12:26:22.502131+00:00,2024-12-13 12:26:22.502131+00:00,2024-12-13 12:13:25.524900+00:00,0.0052,duration,unit_test_energy,Sort_SortsListCorrectly
_result,72,2024-12-10 12:26:22.502131+00:00,2024-12-13 12:26:22.502131+00:00,2024-12-13 12:14:48.246812+00:00,0.0049,duration,unit_test_energy,Sort_SortsListCorrectly
_result,72,2024-12-10 12:26:22.502131+00:00,2024-12-13 12:26:22.502131+00:00,2024-12-13 12:16:10.734388+00:00,0.0046,duration,unit_test_energy,Sort_SortsListCorrectly
_result,72,2024-12-10 12:26:22.502131+00:00,2024-12-13 12:26:22.502131+00:00,2024-12-13 12:17:33.019677+00:00,0.0101,duration,unit_test_energy,Sort_SortsListCorrectly
_result,72,2024-12-10 12:26:22.502131+00:00,2024-12-13 12:26:22.502131+00:00,2024-12-13 12:18:54.794556+00:00,0.0045,duration,unit_test_energy,Sort_SortsListCorrectly
_result,72,2024-12-10 12:26:22.502131+00:00,2024-12-13 12:26:22.502131+00:00,2024-12-13 12:20:16.971961+00:00,0.0046,duration,unit_test_energy,Sort_SortsListCorrectly
_result,72,2024-12-10 12:26:22.502131+00:00,2024-12-13 12:26:22.502131+00:00,2024-12-13 12:21:38.889979+00:00,0.0046,duration,unit_test_energy,Sort_SortsListCorrectly
_result,73,2024-12-10 12:26:22.502131+00:00,2024-12-13 12:26:22.502131+00:00,2024-12-13 10:20:28.249209+00:00,0.0,median_energy_dram,unit_test_energy,Sort_SortsListCorrectly
_result,73,2024-12-10 12:26:22.502131+00:00,2024-12-13 12:26:22.502131+00:00,2024-12-13 10:21:53.020735+00:00,0.0,median_energy_dram,unit_test_energy,Sort_SortsListCorrectly
_result,73,2024-12-10 12:26:22.502131+00:00,2024-12-13 12:26:22.502131+00:00,2024-12-13 10:23:17.492908+00:00,0.0,median_energy_dram,unit_test_energy,Sort_SortsListCorrectly
_result,73,2024-12-10 12:26:22.502131+00:00,2024-12-13 12:26:22.502131+00:00,2024-12-13 10:24:42.524502+00:00,0.0,median_energy_dram,unit_test_energy,Sort_SortsListCorrectly
_result,73,2024-12-10 12:26:22.502131+00:00,2024-12-13 12:26:22.502131+00:00,2024-12-13 10:26:06.187320+00:00,0.0,median_energy_dram,unit_test_energy,Sort_SortsListCorrectly
_result,73,2024-12-10 12:26:22.502131+00:00,2024-12-13 12:26:22.502131+00:00,2024-12-13 10:27:29.742357+00:00,0.0,median_energy_dram,unit_test_energy,Sort_SortsListCorrectly
_result,73,2024-12-10 12:26:22.502131+00:00,2024-12-13 12:26:22.502131+00:00,2024-12-13 10:28:53.407361+00:00,0.0,median_energy_dram,unit_test_energy,Sort_SortsListCorrectly
_result,73,2024-12-10 12:26:22.502131+00:00,2024-12-13 12:26:22.502131+00:00,2024-12-13 10:30:16.978541+00:00,0.0,median_energy_dram,unit_test_energy,Sort_SortsListCorrectly
_result,73,2024-12-10 12:26:22.502131+00:00,2024-12-13 12:26:22.502131+00:00,2024-12-13 10:31:40.860115+00:00,0.0,median_energy_dram,unit_test_energy,Sort_SortsListCorrectly
_result,73,2024-12-10 12:26:22.502131+00:00,2024-12-13 12:26:22.502131+00:00,2024-12-13 10:33:05.066990+00:00,0.0,median_energy_dram,unit_test_energy,Sort_SortsListCorrectly
_result,73,2024-12-10 12:26:22.502131+00:00,2024-12-13 12:26:22.502131+00:00,2024-12-13 10:34:30.082205+00:00,0.0,median_energy_dram,unit_test_energy,Sort_SortsListCorrectly
_result,73,2024-12-10 12:26:22.502131+00:00,2024-12-13 12:26:22.502131+00:00,2024-12-13 10:35:53.784733+00:00,0.0,median_energy_dram,unit_test_energy,Sort_SortsListCorrectly
_result,73,2024-12-10 12:26:22.502131+00:00,2024-12-13 12:26:22.502131+00:00,2024-12-13 10:37:17.670349+00:00,0.0,median_energy_dram,unit_test_energy,Sort_SortsListCorrectly
_result,73,2024-12-10 12:26:22.502131+00:00,2024-12-13 12:26:22.502131+00:00,2024-12-13 10:38:40.678594+00:00,0.0,median_energy_dram,unit_test_energy,Sort_SortsListCorrectly
_result,73,2024-12-10 12:26:22.502131+00:00,2024-12-13 12:26:22.502131+00:00,2024-12-13 10:40:04.005968+00:00,0.0,median_energy_dram,unit_test_energy,Sort_SortsListCorrectly
_result,73,2024-12-10 12:26:22.502131+00:00,2024-12-13 12:26:22.502131+00:00,2024-12-13 10:48:46.519599+00:00,0.0,median_energy_dram,unit_test_energy,Sort_SortsListCorrectly
_result,73,2024-12-10 12:26:22.502131+00:00,2024-12-13 12:26:22.502131+00:00,2024-12-13 10:50:10.236698+00:00,0.0,median_energy_dram,unit_test_energy,Sort_SortsListCorrectly
_result,73,2024-12-10 12:26:22.502131+00:00,2024-12-13 12:26:22.502131+00:00,2024-12-13 10:51:33.348283+00:00,0.0,median_energy_dram,unit_test_energy,Sort_SortsListCorrectly
_result,73,2024-12-10 12:26:22.502131+00:00,2024-12-13 12:26:22.502131+00:00,2024-12-13 10:52:56.784457+00:00,0.0,median_energy_dram,unit_test_energy,Sort_SortsListCorrectly
_result,73,2024-12-10 12:26:22.502131+00:00,2024-12-13 12:26:22.502131+00:00,2024-12-13 10:54:20.174886+00:00,0.0,median_energy_dram,unit_test_energy,Sort_SortsListCorrectly
_result,73,2024-12-10 12:26:22.502131+00:00,2024-12-13 12:26:22.502131+00:00,2024-12-13 10:55:43.222326+00:00,0.0,median_energy_dram,unit_test_energy,Sort_SortsListCorrectly
_result,73,2024-12-10 12:26:22.502131+00:00,2024-12-13 12:26:22.502131+00:00,2024-12-13 10:57:06.594357+00:00,0.0,median_energy_dram,unit_test_energy,Sort_SortsListCorrectly
_result,73,2024-12-10 12:26:22.502131+00:00,2024-12-13 12:26:22.502131+00:00,2024-12-13 10:58:29.876750+00:00,0.0,median_energy_dram,unit_test_energy,Sort_SortsListCorrectly
_result,73,2024-12-10 12:26:22.502131+00:00,2024-12-13 12:26:22.502131+00:00,2024-12-13 10:59:53.264043+00:00,0.0,median_energy_dram,unit_test_energy,Sort_SortsListCorrectly
_result,73,2024-12-10 12:26:22.502131+00:00,2024-12-13 12:26:22.502131+00:00,2024-12-13 11:01:16.604627+00:00,0.0,median_energy_dram,unit_test_energy,Sort_SortsListCorrectly
_result,73,2024-12-10 12:26:22.502131+00:00,2024-12-13 12:26:22.502131+00:00,2024-12-13 11:02:41.218060+00:00,0.0,median_energy_dram,unit_test_energy,Sort_SortsListCorrectly
_result,73,2024-12-10 12:26:22.502131+00:00,2024-12-13 12:26:22.502131+00:00,2024-12-13 11:04:04.501298+00:00,0.0,median_energy_dram,unit_test_energy,Sort_SortsListCorrectly
_result,73,2024-12-10 12:26:22.502131+00:00,2024-12-13 12:26:22.502131+00:00,2024-12-13 11:05:28.296518+00:00,0.0,median_energy_dram,unit_test_energy,Sort_SortsListCorrectly
_result,73,2024-12-10 12:26:22.502131+00:00,2024-12-13 12:26:22.502131+00:00,2024-12-13 11:06:51.412223+00:00,0.0,median_energy_dram,unit_test_energy,Sort_SortsListCorrectly
_result,73,2024-12-10 12:26:22.502131+00:00,2024-12-13 12:26:22.502131+00:00,2024-12-13 11:08:14.376635+00:00,0.0,median_energy_dram,unit_test_energy,Sort_SortsListCorrectly
_result,73,2024-12-10 12:26:22.502131+00:00,2024-12-13 12:26:22.502131+00:00,2024-12-13 11:41:21.371206+00:00,0.0,median_energy_dram,unit_test_energy,Sort_SortsListCorrectly
_result,73,2024-12-10 12:26:22.502131+00:00,2024-12-13 12:26:22.502131+00:00,2024-12-13 11:42:42.490637+00:00,0.0,median_energy_dram,unit_test_energy,Sort_SortsListCorrectly
_result,73,2024-12-10 12:26:22.502131+00:00,2024-12-13 12:26:22.502131+00:00,2024-12-13 11:44:04.071379+00:00,0.0,median_energy_dram,unit_test_energy,Sort_SortsListCorrectly
_result,73,2024-12-10 12:26:22.502131+00:00,2024-12-13 12:26:22.502131+00:00,2024-12-13 11:45:26.414491+00:00,0.0,median_energy_dram,unit_test_energy,Sort_SortsListCorrectly
_result,73,2024-12-10 12:26:22.502131+00:00,2024-12-13 12:26:22.502131+00:00,2024-12-13 11:46:48.462796+00:00,0.0,median_energy_dram,unit_test_energy,Sort_SortsListCorrectly
_result,73,2024-12-10 12:26:22.502131+00:00,2024-12-13 12:26:22.502131+00:00,2024-12-13 11:48:11.187761+00:00,0.0,median_energy_dram,unit_test_energy,Sort_SortsListCorrectly
_result,73,2024-12-10 12:26:22.502131+00:00,2024-12-13 12:26:22.502131+00:00,2024-12-13 11:49:32.959771+00:00,0.0,median_energy_dram,unit_test_energy,Sort_SortsListCorrectly
_result,73,2024-12-10 12:26:22.502131+00:00,2024-12-13 12:26:22.502131+00:00,2024-12-13 11:50:55.208863+00:00,0.0,median_energy_dram,unit_test_energy,Sort_SortsListCorrectly
_result,73,2024-12-10 12:26:22.502131+00:00,2024-12-13 12:26:22.502131+00:00,2024-12-13 11:52:16.829084+00:00,0.0,median_energy_dram,unit_test_energy,Sort_SortsListCorrectly
_result,73,2024-12-10 12:26:22.502131+00:00,2024-12-13 12:26:22.502131+00:00,2024-12-13 11:53:38.645731+00:00,0.0,median_energy_dram,unit_test_energy,Sort_SortsListCorrectly
_result,73,2024-12-10 12:26:22.502131+00:00,2024-12-13 12:26:22.502131+00:00,2024-12-13 11:55:00.923378+00:00,0.0,median_energy_dram,unit_test_energy,Sort_SortsListCorrectly
_result,73,2024-12-10 12:26:22.502131+00:00,2024-12-13 12:26:22.502131+00:00,2024-12-13 11:56:23.737518+00:00,0.0,median_energy_dram,unit_test_energy,Sort_SortsListCorrectly
_result,73,2024-12-10 12:26:22.502131+00:00,2024-12-13 12:26:22.502131+00:00,2024-12-13 11:57:46.171352+00:00,0.0,median_energy_dram,unit_test_energy,Sort_SortsListCorrectly
_result,73,2024-12-10 12:26:22.502131+00:00,2024-12-13 12:26:22.502131+00:00,2024-12-13 11:59:08.438748+00:00,0.0,median_energy_dram,unit_test_energy,Sort_SortsListCorrectly
_result,73,2024-12-10 12:26:22.502131+00:00,2024-12-13 12:26:22.502131+00:00,2024-12-13 12:00:30.365433+00:00,0.0,median_energy_dram,unit_test_energy,Sort_SortsListCorrectly
_result,73,2024-12-10 12:26:22.502131+00:00,2024-12-13 12:26:22.502131+00:00,2024-12-13 12:02:27.572928+00:00,0.0,median_energy_dram,unit_test_energy,Sort_SortsListCorrectly
_result,73,2024-12-10 12:26:22.502131+00:00,2024-12-13 12:26:22.502131+00:00,2024-12-13 12:03:49.563794+00:00,0.0,median_energy_dram,unit_test_energy,Sort_SortsListCorrectly
_result,73,2024-12-10 12:26:22.502131+00:00,2024-12-13 12:26:22.502131+00:00,2024-12-13 12:05:12.066431+00:00,0.0,median_energy_dram,unit_test_energy,Sort_SortsListCorrectly
_result,73,2024-12-10 12:26:22.502131+00:00,2024-12-13 12:26:22.502131+00:00,2024-12-13 12:06:34.058824+00:00,0.0,median_energy_dram,unit_test_energy,Sort_SortsListCorrectly
_result,73,2024-12-10 12:26:22.502131+00:00,2024-12-13 12:26:22.502131+00:00,2024-12-13 12:07:56.038706+00:00,0.0,median_energy_dram,unit_test_energy,Sort_SortsListCorrectly
_result,73,2024-12-10 12:26:22.502131+00:00,2024-12-13 12:26:22.502131+00:00,2024-12-13 12:09:18.642096+00:00,0.0,median_energy_dram,unit_test_energy,Sort_SortsListCorrectly
_result,73,2024-12-10 12:26:22.502131+00:00,2024-12-13 12:26:22.502131+00:00,2024-12-13 12:10:40.921533+00:00,0.0,median_energy_dram,unit_test_energy,Sort_SortsListCorrectly
_result,73,2024-12-10 12:26:22.502131+00:00,2024-12-13 12:26:22.502131+00:00,2024-12-13 12:12:02.931043+00:00,0.0,median_energy_dram,unit_test_energy,Sort_SortsListCorrectly
_result,73,2024-12-10 12:26:22.502131+00:00,2024-12-13 12:26:22.502131+00:00,2024-12-13 12:13:25.524900+00:00,0.0,median_energy_dram,unit_test_energy,Sort_SortsListCorrectly
_result,73,2024-12-10 12:26:22.502131+00:00,2024-12-13 12:26:22.502131+00:00,2024-12-13 12:14:48.246812+00:00,0.0,median_energy_dram,unit_test_energy,Sort_SortsListCorrectly
_result,73,2024-12-10 12:26:22.502131+00:00,2024-12-13 12:26:22.502131+00:00,2024-12-13 12:16:10.734388+00:00,0.0,median_energy_dram,unit_test_energy,Sort_SortsListCorrectly
_result,73,2024-12-10 12:26:22.502131+00:00,2024-12-13 12:26:22.502131+00:00,2024-12-13 12:17:33.019677+00:00,0.0,median_energy_dram,unit_test_energy,Sort_SortsListCorrectly
_result,73,2024-12-10 12:26:22.502131+00:00,2024-12-13 12:26:22.502131+00:00,2024-12-13 12:18:54.794556+00:00,0.0,median_energy_dram,unit_test_energy,Sort_SortsListCorrectly
_result,73,2024-12-10 12:26:22.502131+00:00,2024-12-13 12:26:22.502131+00:00,2024-12-13 12:20:16.971961+00:00,0.0,median_energy_dram,unit_test_energy,Sort_SortsListCorrectly
_result,73,2024-12-10 12:26:22.502131+00:00,2024-12-13 12:26:22.502131+00:00,2024-12-13 12:21:38.889979+00:00,0.0,median_energy_dram,unit_test_energy,Sort_SortsListCorrectly
_result,74,2024-12-10 12:26:22.502131+00:00,2024-12-13 12:26:22.502131+00:00,2024-12-13 10:20:28.249209+00:00,0.0,median_energy_pkg,unit_test_energy,Sort_SortsListCorrectly
_result,74,2024-12-10 12:26:22.502131+00:00,2024-12-13 12:26:22.502131+00:00,2024-12-13 10:21:53.020735+00:00,0.0,median_energy_pkg,unit_test_energy,Sort_SortsListCorrectly
_result,74,2024-12-10 12:26:22.502131+00:00,2024-12-13 12:26:22.502131+00:00,2024-12-13 10:23:17.492908+00:00,0.0,median_energy_pkg,unit_test_energy,Sort_SortsListCorrectly
_result,74,2024-12-10 12:26:22.502131+00:00,2024-12-13 12:26:22.502131+00:00,2024-12-13 10:24:42.524502+00:00,0.0,median_energy_pkg,unit_test_energy,Sort_SortsListCorrectly
_result,74,2024-12-10 12:26:22.502131+00:00,2024-12-13 12:26:22.502131+00:00,2024-12-13 10:26:06.187320+00:00,0.0,median_energy_pkg,unit_test_energy,Sort_SortsListCorrectly
_result,74,2024-12-10 12:26:22.502131+00:00,2024-12-13 12:26:22.502131+00:00,2024-12-13 10:27:29.742357+00:00,0.0,median_energy_pkg,unit_test_energy,Sort_SortsListCorrectly
_result,74,2024-12-10 12:26:22.502131+00:00,2024-12-13 12:26:22.502131+00:00,2024-12-13 10:28:53.407361+00:00,0.0,median_energy_pkg,unit_test_energy,Sort_SortsListCorrectly
_result,74,2024-12-10 12:26:22.502131+00:00,2024-12-13 12:26:22.502131+00:00,2024-12-13 10:30:16.978541+00:00,0.0,median_energy_pkg,unit_test_energy,Sort_SortsListCorrectly
_result,74,2024-12-10 12:26:22.502131+00:00,2024-12-13 12:26:22.502131+00:00,2024-12-13 10:31:40.860115+00:00,0.0,median_energy_pkg,unit_test_energy,Sort_SortsListCorrectly
_result,74,2024-12-10 12:26:22.502131+00:00,2024-12-13 12:26:22.502131+00:00,2024-12-13 10:33:05.066990+00:00,0.0,median_energy_pkg,unit_test_energy,Sort_SortsListCorrectly
_result,74,2024-12-10 12:26:22.502131+00:00,2024-12-13 12:26:22.502131+00:00,2024-12-13 10:34:30.082205+00:00,0.0,median_energy_pkg,unit_test_energy,Sort_SortsListCorrectly
_result,74,2024-12-10 12:26:22.502131+00:00,2024-12-13 12:26:22.502131+00:00,2024-12-13 10:35:53.784733+00:00,0.0,median_energy_pkg,unit_test_energy,Sort_SortsListCorrectly
_result,74,2024-12-10 12:26:22.502131+00:00,2024-12-13 12:26:22.502131+00:00,2024-12-13 10:37:17.670349+00:00,0.0,median_energy_pkg,unit_test_energy,Sort_SortsListCorrectly
_result,74,2024-12-10 12:26:22.502131+00:00,2024-12-13 12:26:22.502131+00:00,2024-12-13 10:38:40.678594+00:00,0.0,median_energy_pkg,unit_test_energy,Sort_SortsListCorrectly
_result,74,2024-12-10 12:26:22.502131+00:00,2024-12-13 12:26:22.502131+00:00,2024-12-13 10:40:04.005968+00:00,0.0,median_energy_pkg,unit_test_energy,Sort_SortsListCorrectly
_result,74,2024-12-10 12:26:22.502131+00:00,2024-12-13 12:26:22.502131+00:00,2024-12-13 10:48:46.519599+00:00,0.0,median_energy_pkg,unit_test_energy,Sort_SortsListCorrectly
_result,74,2024-12-10 12:26:22.502131+00:00,2024-12-13 12:26:22.502131+00:00,2024-12-13 10:50:10.236698+00:00,0.0,median_energy_pkg,unit_test_energy,Sort_SortsListCorrectly
_result,74,2024-12-10 12:26:22.502131+00:00,2024-12-13 12:26:22.502131+00:00,2024-12-13 10:51:33.348283+00:00,0.0,median_energy_pkg,unit_test_energy,Sort_SortsListCorrectly
_result,74,2024-12-10 12:26:22.502131+00:00,2024-12-13 12:26:22.502131+00:00,2024-12-13 10:52:56.784457+00:00,0.0,median_energy_pkg,unit_test_energy,Sort_SortsListCorrectly
_result,74,2024-12-10 12:26:22.502131+00:00,2024-12-13 12:26:22.502131+00:00,2024-12-13 10:54:20.174886+00:00,0.0,median_energy_pkg,unit_test_energy,Sort_SortsListCorrectly
_result,74,2024-12-10 12:26:22.502131+00:00,2024-12-13 12:26:22.502131+00:00,2024-12-13 10:55:43.222326+00:00,0.0,median_energy_pkg,unit_test_energy,Sort_SortsListCorrectly
_result,74,2024-12-10 12:26:22.502131+00:00,2024-12-13 12:26:22.502131+00:00,2024-12-13 10:57:06.594357+00:00,0.0,median_energy_pkg,unit_test_energy,Sort_SortsListCorrectly
_result,74,2024-12-10 12:26:22.502131+00:00,2024-12-13 12:26:22.502131+00:00,2024-12-13 10:58:29.876750+00:00,0.0,median_energy_pkg,unit_test_energy,Sort_SortsListCorrectly
_result,74,2024-12-10 12:26:22.502131+00:00,2024-12-13 12:26:22.502131+00:00,2024-12-13 10:59:53.264043+00:00,0.0,median_energy_pkg,unit_test_energy,Sort_SortsListCorrectly
_result,74,2024-12-10 12:26:22.502131+00:00,2024-12-13 12:26:22.502131+00:00,2024-12-13 11:01:16.604627+00:00,0.0,median_energy_pkg,unit_test_energy,Sort_SortsListCorrectly
_result,74,2024-12-10 12:26:22.502131+00:00,2024-12-13 12:26:22.502131+00:00,2024-12-13 11:02:41.218060+00:00,0.0,median_energy_pkg,unit_test_energy,Sort_SortsListCorrectly
_result,74,2024-12-10 12:26:22.502131+00:00,2024-12-13 12:26:22.502131+00:00,2024-12-13 11:04:04.501298+00:00,0.0,median_energy_pkg,unit_test_energy,Sort_SortsListCorrectly
_result,74,2024-12-10 12:26:22.502131+00:00,2024-12-13 12:26:22.502131+00:00,2024-12-13 11:05:28.296518+00:00,0.0,median_energy_pkg,unit_test_energy,Sort_SortsListCorrectly
_result,74,2024-12-10 12:26:22.502131+00:00,2024-12-13 12:26:22.502131+00:00,2024-12-13 11:06:51.412223+00:00,0.0,median_energy_pkg,unit_test_energy,Sort_SortsListCorrectly
_result,74,2024-12-10 12:26:22.502131+00:00,2024-12-13 12:26:22.502131+00:00,2024-12-13 11:08:14.376635+00:00,0.0,median_energy_pkg,unit_test_energy,Sort_SortsListCorrectly
_result,74,2024-12-10 12:26:22.502131+00:00,2024-12-13 12:26:22.502131+00:00,2024-12-13 11:41:21.371206+00:00,0.0,median_energy_pkg,unit_test_energy,Sort_SortsListCorrectly
_result,74,2024-12-10 12:26:22.502131+00:00,2024-12-13 12:26:22.502131+00:00,2024-12-13 11:42:42.490637+00:00,0.0,median_energy_pkg,unit_test_energy,Sort_SortsListCorrectly
_result,74,2024-12-10 12:26:22.502131+00:00,2024-12-13 12:26:22.502131+00:00,2024-12-13 11:44:04.071379+00:00,0.0,median_energy_pkg,unit_test_energy,Sort_SortsListCorrectly
_result,74,2024-12-10 12:26:22.502131+00:00,2024-12-13 12:26:22.502131+00:00,2024-12-13 11:45:26.414491+00:00,0.0,median_energy_pkg,unit_test_energy,Sort_SortsListCorrectly
_result,74,2024-12-10 12:26:22.502131+00:00,2024-12-13 12:26:22.502131+00:00,2024-12-13 11:46:48.462796+00:00,0.0,median_energy_pkg,unit_test_energy,Sort_SortsListCorrectly
_result,74,2024-12-10 12:26:22.502131+00:00,2024-12-13 12:26:22.502131+00:00,2024-12-13 11:48:11.187761+00:00,0.0,median_energy_pkg,unit_test_energy,Sort_SortsListCorrectly
_result,74,2024-12-10 12:26:22.502131+00:00,2024-12-13 12:26:22.502131+00:00,2024-12-13 11:49:32.959771+00:00,0.0,median_energy_pkg,unit_test_energy,Sort_SortsListCorrectly
_result,74,2024-12-10 12:26:22.502131+00:00,2024-12-13 12:26:22.502131+00:00,2024-12-13 11:50:55.208863+00:00,0.0,median_energy_pkg,unit_test_energy,Sort_SortsListCorrectly
_result,74,2024-12-10 12:26:22.502131+00:00,2024-12-13 12:26:22.502131+00:00,2024-12-13 11:52:16.829084+00:00,0.0,median_energy_pkg,unit_test_energy,Sort_SortsListCorrectly
_result,74,2024-12-10 12:26:22.502131+00:00,2024-12-13 12:26:22.502131+00:00,2024-12-13 11:53:38.645731+00:00,0.0,median_energy_pkg,unit_test_energy,Sort_SortsListCorrectly
_result,74,2024-12-10 12:26:22.502131+00:00,2024-12-13 12:26:22.502131+00:00,2024-12-13 11:55:00.923378+00:00,0.0,median_energy_pkg,unit_test_energy,Sort_SortsListCorrectly
_result,74,2024-12-10 12:26:22.502131+00:00,2024-12-13 12:26:22.502131+00:00,2024-12-13 11:56:23.737518+00:00,0.0,median_energy_pkg,unit_test_energy,Sort_SortsListCorrectly
_result,74,2024-12-10 12:26:22.502131+00:00,2024-12-13 12:26:22.502131+00:00,2024-12-13 11:57:46.171352+00:00,0.0,median_energy_pkg,unit_test_energy,Sort_SortsListCorrectly
_result,74,2024-12-10 12:26:22.502131+00:00,2024-12-13 12:26:22.502131+00:00,2024-12-13 11:59:08.438748+00:00,0.0,median_energy_pkg,unit_test_energy,Sort_SortsListCorrectly
_result,74,2024-12-10 12:26:22.502131+00:00,2024-12-13 12:26:22.502131+00:00,2024-12-13 12:00:30.365433+00:00,0.0,median_energy_pkg,unit_test_energy,Sort_SortsListCorrectly
_result,74,2024-12-10 12:26:22.502131+00:00,2024-12-13 12:26:22.502131+00:00,2024-12-13 12:02:27.572928+00:00,0.0,median_energy_pkg,unit_test_energy,Sort_SortsListCorrectly
_result,74,2024-12-10 12:26:22.502131+00:00,2024-12-13 12:26:22.502131+00:00,2024-12-13 12:03:49.563794+00:00,0.0,median_energy_pkg,unit_test_energy,Sort_SortsListCorrectly
_result,74,2024-12-10 12:26:22.502131+00:00,2024-12-13 12:26:22.502131+00:00,2024-12-13 12:05:12.066431+00:00,0.0,median_energy_pkg,unit_test_energy,Sort_SortsListCorrectly
_result,74,2024-12-10 12:26:22.502131+00:00,2024-12-13 12:26:22.502131+00:00,2024-12-13 12:06:34.058824+00:00,0.0,median_energy_pkg,unit_test_energy,Sort_SortsListCorrectly
_result,74,2024-12-10 12:26:22.502131+00:00,2024-12-13 12:26:22.502131+00:00,2024-12-13 12:07:56.038706+00:00,0.0,median_energy_pkg,unit_test_energy,Sort_SortsListCorrectly
_result,74,2024-12-10 12:26:22.502131+00:00,2024-12-13 12:26:22.502131+00:00,2024-12-13 12:09:18.642096+00:00,0.0,median_energy_pkg,unit_test_energy,Sort_SortsListCorrectly
_result,74,2024-12-10 12:26:22.502131+00:00,2024-12-13 12:26:22.502131+00:00,2024-12-13 12:10:40.921533+00:00,0.0,median_energy_pkg,unit_test_energy,Sort_SortsListCorrectly
_result,74,2024-12-10 12:26:22.502131+00:00,2024-12-13 12:26:22.502131+00:00,2024-12-13 12:12:02.931043+00:00,0.0,median_energy_pkg,unit_test_energy,Sort_SortsListCorrectly
_result,74,2024-12-10 12:26:22.502131+00:00,2024-12-13 12:26:22.502131+00:00,2024-12-13 12:13:25.524900+00:00,0.0,median_energy_pkg,unit_test_energy,Sort_SortsListCorrectly
_result,74,2024-12-10 12:26:22.502131+00:00,2024-12-13 12:26:22.502131+00:00,2024-12-13 12:14:48.246812+00:00,0.0,median_energy_pkg,unit_test_energy,Sort_SortsListCorrectly
_result,74,2024-12-10 12:26:22.502131+00:00,2024-12-13 12:26:22.502131+00:00,2024-12-13 12:16:10.734388+00:00,0.0,median_energy_pkg,unit_test_energy,Sort_SortsListCorrectly
_result,74,2024-12-10 12:26:22.502131+00:00,2024-12-13 12:26:22.502131+00:00,2024-12-13 12:17:33.019677+00:00,0.0,median_energy_pkg,unit_test_energy,Sort_SortsListCorrectly
_result,74,2024-12-10 12:26:22.502131+00:00,2024-12-13 12:26:22.502131+00:00,2024-12-13 12:18:54.794556+00:00,0.0,median_energy_pkg,unit_test_energy,Sort_SortsListCorrectly
_result,74,2024-12-10 12:26:22.502131+00:00,2024-12-13 12:26:22.502131+00:00,2024-12-13 12:20:16.971961+00:00,0.0,median_energy_pkg,unit_test_energy,Sort_SortsListCorrectly
_result,74,2024-12-10 12:26:22.502131+00:00,2024-12-13 12:26:22.502131+00:00,2024-12-13 12:21:38.889979+00:00,0.0,median_energy_pkg,unit_test_energy,Sort_SortsListCorrectly
_result,75,2024-12-10 12:26:22.502131+00:00,2024-12-13 12:26:22.502131+00:00,2024-12-13 10:20:28.249209+00:00,0.2222,total_energy_dram,unit_test_energy,Sort_SortsListCorrectly
_result,75,2024-12-10 12:26:22.502131+00:00,2024-12-13 12:26:22.502131+00:00,2024-12-13 10:21:53.020735+00:00,0.2204,total_energy_dram,unit_test_energy,Sort_SortsListCorrectly
_result,75,2024-12-10 12:26:22.502131+00:00,2024-12-13 12:26:22.502131+00:00,2024-12-13 10:23:17.492908+00:00,0.1848,total_energy_dram,unit_test_energy,Sort_SortsListCorrectly
_result,75,2024-12-10 12:26:22.502131+00:00,2024-12-13 12:26:22.502131+00:00,2024-12-13 10:24:42.524502+00:00,0.2258,total_energy_dram,unit_test_energy,Sort_SortsListCorrectly
_result,75,2024-12-10 12:26:22.502131+00:00,2024-12-13 12:26:22.502131+00:00,2024-12-13 10:26:06.187320+00:00,0.1988,total_energy_dram,unit_test_energy,Sort_SortsListCorrectly
_result,75,2024-12-10 12:26:22.502131+00:00,2024-12-13 12:26:22.502131+00:00,2024-12-13 10:27:29.742357+00:00,0.1779,total_energy_dram,unit_test_energy,Sort_SortsListCorrectly
_result,75,2024-12-10 12:26:22.502131+00:00,2024-12-13 12:26:22.502131+00:00,2024-12-13 10:28:53.407361+00:00,0.2316,total_energy_dram,unit_test_energy,Sort_SortsListCorrectly
_result,75,2024-12-10 12:26:22.502131+00:00,2024-12-13 12:26:22.502131+00:00,2024-12-13 10:30:16.978541+00:00,0.2571,total_energy_dram,unit_test_energy,Sort_SortsListCorrectly
_result,75,2024-12-10 12:26:22.502131+00:00,2024-12-13 12:26:22.502131+00:00,2024-12-13 10:31:40.860115+00:00,0.2227,total_energy_dram,unit_test_energy,Sort_SortsListCorrectly
_result,75,2024-12-10 12:26:22.502131+00:00,2024-12-13 12:26:22.502131+00:00,2024-12-13 10:33:05.066990+00:00,0.1366,total_energy_dram,unit_test_energy,Sort_SortsListCorrectly
_result,75,2024-12-10 12:26:22.502131+00:00,2024-12-13 12:26:22.502131+00:00,2024-12-13 10:34:30.082205+00:00,0.2509,total_energy_dram,unit_test_energy,Sort_SortsListCorrectly
_result,75,2024-12-10 12:26:22.502131+00:00,2024-12-13 12:26:22.502131+00:00,2024-12-13 10:35:53.784733+00:00,0.1947,total_energy_dram,unit_test_energy,Sort_SortsListCorrectly
_result,75,2024-12-10 12:26:22.502131+00:00,2024-12-13 12:26:22.502131+00:00,2024-12-13 10:37:17.670349+00:00,0.22,total_energy_dram,unit_test_energy,Sort_SortsListCorrectly
_result,75,2024-12-10 12:26:22.502131+00:00,2024-12-13 12:26:22.502131+00:00,2024-12-13 10:38:40.678594+00:00,0.184,total_energy_dram,unit_test_energy,Sort_SortsListCorrectly
_result,75,2024-12-10 12:26:22.502131+00:00,2024-12-13 12:26:22.502131+00:00,2024-12-13 10:40:04.005968+00:00,0.1653,total_energy_dram,unit_test_energy,Sort_SortsListCorrectly
_result,75,2024-12-10 12:26:22.502131+00:00,2024-12-13 12:26:22.502131+00:00,2024-12-13 10:48:46.519599+00:00,0.1827,total_energy_dram,unit_test_energy,Sort_SortsListCorrectly
_result,75,2024-12-10 12:26:22.502131+00:00,2024-12-13 12:26:22.502131+00:00,2024-12-13 10:50:10.236698+00:00,0.1853,total_energy_dram,unit_test_energy,Sort_SortsListCorrectly
_result,75,2024-12-10 12:26:22.502131+00:00,2024-12-13 12:26:22.502131+00:00,2024-12-13 10:51:33.348283+00:00,0.1825,total_energy_dram,unit_test_energy,Sort_SortsListCorrectly
_result,75,2024-12-10 12:26:22.502131+00:00,2024-12-13 12:26:22.502131+00:00,2024-12-13 10:52:56.784457+00:00,0.1832,total_energy_dram,unit_test_energy,Sort_SortsListCorrectly
_result,75,2024-12-10 12:26:22.502131+00:00,2024-12-13 12:26:22.502131+00:00,2024-12-13 10:54:20.174886+00:00,0.1815,total_energy_dram,unit_test_energy,Sort_SortsListCorrectly
_result,75,2024-12-10 12:26:22.502131+00:00,2024-12-13 12:26:22.502131+00:00,2024-12-13 10:55:43.222326+00:00,0.1839,total_energy_dram,unit_test_energy,Sort_SortsListCorrectly
_result,75,2024-12-10 12:26:22.502131+00:00,2024-12-13 12:26:22.502131+00:00,2024-12-13 10:57:06.594357+00:00,0.2017,total_energy_dram,unit_test_energy,Sort_SortsListCorrectly
_result,75,2024-12-10 12:26:22.502131+00:00,2024-12-13 12:26:22.502131+00:00,2024-12-13 10:58:29.876750+00:00,0.1827,total_energy_dram,unit_test_energy,Sort_SortsListCorrectly
_result,75,2024-12-10 12:26:22.502131+00:00,2024-12-13 12:26:22.502131+00:00,2024-12-13 10:59:53.264043+00:00,0.1818,total_energy_dram,unit_test_energy,Sort_SortsListCorrectly
_result,75,2024-12-10 12:26:22.502131+00:00,2024-12-13 12:26:22.502131+00:00,2024-12-13 11:01:16.604627+00:00,0.3092,total_energy_dram,unit_test_energy,Sort_SortsListCorrectly
_result,75,2024-12-10 12:26:22.502131+00:00,2024-12-13 12:26:22.502131+00:00,2024-12-13 11:02:41.218060+00:00,0.1844,total_energy_dram,unit_test_energy,Sort_SortsListCorrectly
_result,75,2024-12-10 12:26:22.502131+00:00,2024-12-13 12:26:22.502131+00:00,2024-12-13 11:04:04.501298+00:00,0.1829,total_energy_dram,unit_test_energy,Sort_SortsListCorrectly
_result,75,2024-12-10 12:26:22.502131+00:00,2024-12-13 12:26:22.502131+00:00,2024-12-13 11:05:28.296518+00:00,0.2217,total_energy_dram,unit_test_energy,Sort_SortsListCorrectly
_result,75,2024-12-10 12:26:22.502131+00:00,2024-12-13 12:26:22.502131+00:00,2024-12-13 11:06:51.412223+00:00,0.203,total_energy_dram,unit_test_energy,Sort_SortsListCorrectly
_result,75,2024-12-10 12:26:22.502131+00:00,2024-12-13 12:26:22.502131+00:00,2024-12-13 11:08:14.376635+00:00,0.2253,total_energy_dram,unit_test_energy,Sort_SortsListCorrectly
_result,75,2024-12-10 12:26:22.502131+00:00,2024-12-13 12:26:22.502131+00:00,2024-12-13 11:41:21.371206+00:00,0.1979,total_energy_dram,unit_test_energy,Sort_SortsListCorrectly
_result,75,2024-12-10 12:26:22.502131+00:00,2024-12-13 12:26:22.502131+00:00,2024-12-13 11:42:42.490637+00:00,0.187,total_energy_dram,unit_test_energy,Sort_SortsListCorrectly
_result,75,2024-12-10 12:26:22.502131+00:00,2024-12-13 12:26:22.502131+00:00,2024-12-13 11:44:04.071379+00:00,0.2214,total_energy_dram,unit_test_energy,Sort_SortsListCorrectly
_result,75,2024-12-10 12:26:22.502131+00:00,2024-12-13 12:26:22.502131+00:00,2024-12-13 11:45:26.414491+00:00,0.2228,total_energy_dram,unit_test_energy,Sort_SortsListCorrectly
_result,75,2024-12-10 12:26:22.502131+00:00,2024-12-13 12:26:22.502131+00:00,2024-12-13 11:46:48.462796+00:00,0.1852,total_energy_dram,unit_test_energy,Sort_SortsListCorrectly
_result,75,2024-12-10 12:26:22.502131+00:00,2024-12-13 12:26:22.502131+00:00,2024-12-13 11:48:11.187761+00:00,0.1814,total_energy_dram,unit_test_energy,Sort_SortsListCorrectly
_result,75,2024-12-10 12:26:22.502131+00:00,2024-12-13 12:26:22.502131+00:00,2024-12-13 11:49:32.959771+00:00,0.1847,total_energy_dram,unit_test_energy,Sort_SortsListCorrectly
_result,75,2024-12-10 12:26:22.502131+00:00,2024-12-13 12:26:22.502131+00:00,2024-12-13 11:50:55.208863+00:00,0.2232,total_energy_dram,unit_test_energy,Sort_SortsListCorrectly
_result,75,2024-12-10 12:26:22.502131+00:00,2024-12-13 12:26:22.502131+00:00,2024-12-13 11:52:16.829084+00:00,0.2218,total_energy_dram,unit_test_energy,Sort_SortsListCorrectly
_result,75,2024-12-10 12:26:22.502131+00:00,2024-12-13 12:26:22.502131+00:00,2024-12-13 11:53:38.645731+00:00,0.2213,total_energy_dram,unit_test_energy,Sort_SortsListCorrectly
_result,75,2024-12-10 12:26:22.502131+00:00,2024-12-13 12:26:22.502131+00:00,2024-12-13 11:55:00.923378+00:00,0.1852,total_energy_dram,unit_test_energy,Sort_SortsListCorrectly
_result,75,2024-12-10 12:26:22.502131+00:00,2024-12-13 12:26:22.502131+00:00,2024-12-13 11:56:23.737518+00:00,0.2049,total_energy_dram,unit_test_energy,Sort_SortsListCorrectly
_result,75,2024-12-10 12:26:22.502131+00:00,2024-12-13 12:26:22.502131+00:00,2024-12-13 11:57:46.171352+00:00,0.2253,total_energy_dram,unit_test_energy,Sort_SortsListCorrectly
_result,75,2024-12-10 12:26:22.502131+00:00,2024-12-13 12:26:22.502131+00:00,2024-12-13 11:59:08.438748+00:00,0.2054,total_energy_dram,unit_test_energy,Sort_SortsListCorrectly
_result,75,2024-12-10 12:26:22.502131+00:00,2024-12-13 12:26:22.502131+00:00,2024-12-13 12:00:30.365433+00:00,0.2098,total_energy_dram,unit_test_energy,Sort_SortsListCorrectly
_result,75,2024-12-10 12:26:22.502131+00:00,2024-12-13 12:26:22.502131+00:00,2024-12-13 12:02:27.572928+00:00,0.2229,total_energy_dram,unit_test_energy,Sort_SortsListCorrectly
_result,75,2024-12-10 12:26:22.502131+00:00,2024-12-13 12:26:22.502131+00:00,2024-12-13 12:03:49.563794+00:00,0.2307,total_energy_dram,unit_test_energy,Sort_SortsListCorrectly
_result,75,2024-12-10 12:26:22.502131+00:00,2024-12-13 12:26:22.502131+00:00,2024-12-13 12:05:12.066431+00:00,0.1877,total_energy_dram,unit_test_energy,Sort_SortsListCorrectly
_result,75,2024-12-10 12:26:22.502131+00:00,2024-12-13 12:26:22.502131+00:00,2024-12-13 12:06:34.058824+00:00,0.2253,total_energy_dram,unit_test_energy,Sort_SortsListCorrectly
_result,75,2024-12-10 12:26:22.502131+00:00,2024-12-13 12:26:22.502131+00:00,2024-12-13 12:07:56.038706+00:00,0.2236,total_energy_dram,unit_test_energy,Sort_SortsListCorrectly
_result,75,2024-12-10 12:26:22.502131+00:00,2024-12-13 12:26:22.502131+00:00,2024-12-13 12:09:18.642096+00:00,0.2145,total_energy_dram,unit_test_energy,Sort_SortsListCorrectly
_result,75,2024-12-10 12:26:22.502131+00:00,2024-12-13 12:26:22.502131+00:00,2024-12-13 12:10:40.921533+00:00,0.2065,total_energy_dram,unit_test_energy,Sort_SortsListCorrectly
_result,75,2024-12-10 12:26:22.502131+00:00,2024-12-13 12:26:22.502131+00:00,2024-12-13 12:12:02.931043+00:00,0.2233,total_energy_dram,unit_test_energy,Sort_SortsListCorrectly
_result,75,2024-12-10 12:26:22.502131+00:00,2024-12-13 12:26:22.502131+00:00,2024-12-13 12:13:25.524900+00:00,0.2112,total_energy_dram,unit_test_energy,Sort_SortsListCorrectly
_result,75,2024-12-10 12:26:22.502131+00:00,2024-12-13 12:26:22.502131+00:00,2024-12-13 12:14:48.246812+00:00,0.2231,total_energy_dram,unit_test_energy,Sort_SortsListCorrectly
_result,75,2024-12-10 12:26:22.502131+00:00,2024-12-13 12:26:22.502131+00:00,2024-12-13 12:16:10.734388+00:00,0.2226,total_energy_dram,unit_test_energy,Sort_SortsListCorrectly
_result,75,2024-12-10 12:26:22.502131+00:00,2024-12-13 12:26:22.502131+00:00,2024-12-13 12:17:33.019677+00:00,0.4477,total_energy_dram,unit_test_energy,Sort_SortsListCorrectly
_result,75,2024-12-10 12:26:22.502131+00:00,2024-12-13 12:26:22.502131+00:00,2024-12-13 12:18:54.794556+00:00,0.2233,total_energy_dram,unit_test_energy,Sort_SortsListCorrectly
_result,75,2024-12-10 12:26:22.502131+00:00,2024-12-13 12:26:22.502131+00:00,2024-12-13 12:20:16.971961+00:00,0.2256,total_energy_dram,unit_test_energy,Sort_SortsListCorrectly
_result,75,2024-12-10 12:26:22.502131+00:00,2024-12-13 12:26:22.502131+00:00,2024-12-13 12:21:38.889979+00:00,0.2279,total_energy_dram,unit_test_energy,Sort_SortsListCorrectly
_result,76,2024-12-10 12:26:22.502131+00:00,2024-12-13 12:26:22.502131+00:00,2024-12-13 10:20:28.249209+00:00,0.5918,total_energy_pkg,unit_test_energy,Sort_SortsListCorrectly
_result,76,2024-12-10 12:26:22.502131+00:00,2024-12-13 12:26:22.502131+00:00,2024-12-13 10:21:53.020735+00:00,0.6295,total_energy_pkg,unit_test_energy,Sort_SortsListCorrectly
_result,76,2024-12-10 12:26:22.502131+00:00,2024-12-13 12:26:22.502131+00:00,2024-12-13 10:23:17.492908+00:00,0.5576,total_energy_pkg,unit_test_energy,Sort_SortsListCorrectly
_result,76,2024-12-10 12:26:22.502131+00:00,2024-12-13 12:26:22.502131+00:00,2024-12-13 10:24:42.524502+00:00,0.6481,total_energy_pkg,unit_test_energy,Sort_SortsListCorrectly
_result,76,2024-12-10 12:26:22.502131+00:00,2024-12-13 12:26:22.502131+00:00,2024-12-13 10:26:06.187320+00:00,0.5569,total_energy_pkg,unit_test_energy,Sort_SortsListCorrectly
_result,76,2024-12-10 12:26:22.502131+00:00,2024-12-13 12:26:22.502131+00:00,2024-12-13 10:27:29.742357+00:00,0.5363,total_energy_pkg,unit_test_energy,Sort_SortsListCorrectly
_result,76,2024-12-10 12:26:22.502131+00:00,2024-12-13 12:26:22.502131+00:00,2024-12-13 10:28:53.407361+00:00,0.7235,total_energy_pkg,unit_test_energy,Sort_SortsListCorrectly
_result,76,2024-12-10 12:26:22.502131+00:00,2024-12-13 12:26:22.502131+00:00,2024-12-13 10:30:16.978541+00:00,0.6832,total_energy_pkg,unit_test_energy,Sort_SortsListCorrectly
_result,76,2024-12-10 12:26:22.502131+00:00,2024-12-13 12:26:22.502131+00:00,2024-12-13 10:31:40.860115+00:00,0.6194,total_energy_pkg,unit_test_energy,Sort_SortsListCorrectly
_result,76,2024-12-10 12:26:22.502131+00:00,2024-12-13 12:26:22.502131+00:00,2024-12-13 10:33:05.066990+00:00,0.3887,total_energy_pkg,unit_test_energy,Sort_SortsListCorrectly
_result,76,2024-12-10 12:26:22.502131+00:00,2024-12-13 12:26:22.502131+00:00,2024-12-13 10:34:30.082205+00:00,0.7364,total_energy_pkg,unit_test_energy,Sort_SortsListCorrectly
_result,76,2024-12-10 12:26:22.502131+00:00,2024-12-13 12:26:22.502131+00:00,2024-12-13 10:35:53.784733+00:00,0.5677,total_energy_pkg,unit_test_energy,Sort_SortsListCorrectly
_result,76,2024-12-10 12:26:22.502131+00:00,2024-12-13 12:26:22.502131+00:00,2024-12-13 10:37:17.670349+00:00,0.418,total_energy_pkg,unit_test_energy,Sort_SortsListCorrectly
_result,76,2024-12-10 12:26:22.502131+00:00,2024-12-13 12:26:22.502131+00:00,2024-12-13 10:38:40.678594+00:00,0.3418,total_energy_pkg,unit_test_energy,Sort_SortsListCorrectly
_result,76,2024-12-10 12:26:22.502131+00:00,2024-12-13 12:26:22.502131+00:00,2024-12-13 10:40:04.005968+00:00,0.3077,total_energy_pkg,unit_test_energy,Sort_SortsListCorrectly
_result,76,2024-12-10 12:26:22.502131+00:00,2024-12-13 12:26:22.502131+00:00,2024-12-13 10:48:46.519599+00:00,0.3375,total_energy_pkg,unit_test_energy,Sort_SortsListCorrectly
_result,76,2024-12-10 12:26:22.502131+00:00,2024-12-13 12:26:22.502131+00:00,2024-12-13 10:50:10.236698+00:00,0.3493,total_energy_pkg,unit_test_energy,Sort_SortsListCorrectly
_result,76,2024-12-10 12:26:22.502131+00:00,2024-12-13 12:26:22.502131+00:00,2024-12-13 10:51:33.348283+00:00,0.3588,total_energy_pkg,unit_test_energy,Sort_SortsListCorrectly
_result,76,2024-12-10 12:26:22.502131+00:00,2024-12-13 12:26:22.502131+00:00,2024-12-13 10:52:56.784457+00:00,0.348,total_energy_pkg,unit_test_energy,Sort_SortsListCorrectly
_result,76,2024-12-10 12:26:22.502131+00:00,2024-12-13 12:26:22.502131+00:00,2024-12-13 10:54:20.174886+00:00,0.3065,total_energy_pkg,unit_test_energy,Sort_SortsListCorrectly
_result,76,2024-12-10 12:26:22.502131+00:00,2024-12-13 12:26:22.502131+00:00,2024-12-13 10:55:43.222326+00:00,0.3437,total_energy_pkg,unit_test_energy,Sort_SortsListCorrectly
_result,76,2024-12-10 12:26:22.502131+00:00,2024-12-13 12:26:22.502131+00:00,2024-12-13 10:57:06.594357+00:00,0.3857,total_energy_pkg,unit_test_energy,Sort_SortsListCorrectly
_result,76,2024-12-10 12:26:22.502131+00:00,2024-12-13 12:26:22.502131+00:00,2024-12-13 10:58:29.876750+00:00,0.3403,total_energy_pkg,unit_test_energy,Sort_SortsListCorrectly
_result,76,2024-12-10 12:26:22.502131+00:00,2024-12-13 12:26:22.502131+00:00,2024-12-13 10:59:53.264043+00:00,0.3472,total_energy_pkg,unit_test_energy,Sort_SortsListCorrectly
_result,76,2024-12-10 12:26:22.502131+00:00,2024-12-13 12:26:22.502131+00:00,2024-12-13 11:01:16.604627+00:00,0.5763,total_energy_pkg,unit_test_energy,Sort_SortsListCorrectly
_result,76,2024-12-10 12:26:22.502131+00:00,2024-12-13 12:26:22.502131+00:00,2024-12-13 11:02:41.218060+00:00,0.3427,total_energy_pkg,unit_test_energy,Sort_SortsListCorrectly
_result,76,2024-12-10 12:26:22.502131+00:00,2024-12-13 12:26:22.502131+00:00,2024-12-13 11:04:04.501298+00:00,0.3513,total_energy_pkg,unit_test_energy,Sort_SortsListCorrectly
_result,76,2024-12-10 12:26:22.502131+00:00,2024-12-13 12:26:22.502131+00:00,2024-12-13 11:05:28.296518+00:00,0.5891,total_energy_pkg,unit_test_energy,Sort_SortsListCorrectly
_result,76,2024-12-10 12:26:22.502131+00:00,2024-12-13 12:26:22.502131+00:00,2024-12-13 11:06:51.412223+00:00,0.3781,total_energy_pkg,unit_test_energy,Sort_SortsListCorrectly
_result,76,2024-12-10 12:26:22.502131+00:00,2024-12-13 12:26:22.502131+00:00,2024-12-13 11:08:14.376635+00:00,0.5885,total_energy_pkg,unit_test_energy,Sort_SortsListCorrectly
_result,76,2024-12-10 12:26:22.502131+00:00,2024-12-13 12:26:22.502131+00:00,2024-12-13 11:41:21.371206+00:00,0.5192,total_energy_pkg,unit_test_energy,Sort_SortsListCorrectly
_result,76,2024-12-10 12:26:22.502131+00:00,2024-12-13 12:26:22.502131+00:00,2024-12-13 11:42:42.490637+00:00,0.356,total_energy_pkg,unit_test_energy,Sort_SortsListCorrectly
_result,76,2024-12-10 12:26:22.502131+00:00,2024-12-13 12:26:22.502131+00:00,2024-12-13 11:44:04.071379+00:00,0.4191,total_energy_pkg,unit_test_energy,Sort_SortsListCorrectly
_result,76,2024-12-10 12:26:22.502131+00:00,2024-12-13 12:26:22.502131+00:00,2024-12-13 11:45:26.414491+00:00,0.4225,total_energy_pkg,unit_test_energy,Sort_SortsListCorrectly
_result,76,2024-12-10 12:26:22.502131+00:00,2024-12-13 12:26:22.502131+00:00,2024-12-13 11:46:48.462796+00:00,0.3477,total_energy_pkg,unit_test_energy,Sort_SortsListCorrectly
_result,76,2024-12-10 12:26:22.502131+00:00,2024-12-13 12:26:22.502131+00:00,2024-12-13 11:48:11.187761+00:00,0.3432,total_energy_pkg,unit_test_energy,Sort_SortsListCorrectly
_result,76,2024-12-10 12:26:22.502131+00:00,2024-12-13 12:26:22.502131+00:00,2024-12-13 11:49:32.959771+00:00,0.3449,total_energy_pkg,unit_test_energy,Sort_SortsListCorrectly
_result,76,2024-12-10 12:26:22.502131+00:00,2024-12-13 12:26:22.502131+00:00,2024-12-13 11:50:55.208863+00:00,0.425,total_energy_pkg,unit_test_energy,Sort_SortsListCorrectly
_result,76,2024-12-10 12:26:22.502131+00:00,2024-12-13 12:26:22.502131+00:00,2024-12-13 11:52:16.829084+00:00,0.4202,total_energy_pkg,unit_test_energy,Sort_SortsListCorrectly
_result,76,2024-12-10 12:26:22.502131+00:00,2024-12-13 12:26:22.502131+00:00,2024-12-13 11:53:38.645731+00:00,0.4259,total_energy_pkg,unit_test_energy,Sort_SortsListCorrectly
_result,76,2024-12-10 12:26:22.502131+00:00,2024-12-13 12:26:22.502131+00:00,2024-12-13 11:55:00.923378+00:00,0.3501,total_energy_pkg,unit_test_energy,Sort_SortsListCorrectly
_result,76,2024-12-10 12:26:22.502131+00:00,2024-12-13 12:26:22.502131+00:00,2024-12-13 11:56:23.737518+00:00,0.527,total_energy_pkg,unit_test_energy,Sort_SortsListCorrectly
_result,76,2024-12-10 12:26:22.502131+00:00,2024-12-13 12:26:22.502131+00:00,2024-12-13 11:57:46.171352+00:00,0.5889,total_energy_pkg,unit_test_energy,Sort_SortsListCorrectly
_result,76,2024-12-10 12:26:22.502131+00:00,2024-12-13 12:26:22.502131+00:00,2024-12-13 11:59:08.438748+00:00,0.5192,total_energy_pkg,unit_test_energy,Sort_SortsListCorrectly
_result,76,2024-12-10 12:26:22.502131+00:00,2024-12-13 12:26:22.502131+00:00,2024-12-13 12:00:30.365433+00:00,0.3938,total_energy_pkg,unit_test_energy,Sort_SortsListCorrectly
_result,76,2024-12-10 12:26:22.502131+00:00,2024-12-13 12:26:22.502131+00:00,2024-12-13 12:02:27.572928+00:00,0.6054,total_energy_pkg,unit_test_energy,Sort_SortsListCorrectly
_result,76,2024-12-10 12:26:22.502131+00:00,2024-12-13 12:26:22.502131+00:00,2024-12-13 12:03:49.563794+00:00,0.5623,total_energy_pkg,unit_test_energy,Sort_SortsListCorrectly
_result,76,2024-12-10 12:26:22.502131+00:00,2024-12-13 12:26:22.502131+00:00,2024-12-13 12:05:12.066431+00:00,0.4144,total_energy_pkg,unit_test_energy,Sort_SortsListCorrectly
_result,76,2024-12-10 12:26:22.502131+00:00,2024-12-13 12:26:22.502131+00:00,2024-12-13 12:06:34.058824+00:00,0.5964,total_energy_pkg,unit_test_energy,Sort_SortsListCorrectly
_result,76,2024-12-10 12:26:22.502131+00:00,2024-12-13 12:26:22.502131+00:00,2024-12-13 12:07:56.038706+00:00,0.591,total_energy_pkg,unit_test_energy,Sort_SortsListCorrectly
_result,76,2024-12-10 12:26:22.502131+00:00,2024-12-13 12:26:22.502131+00:00,2024-12-13 12:09:18.642096+00:00,0.5558,total_energy_pkg,unit_test_energy,Sort_SortsListCorrectly
_result,76,2024-12-10 12:26:22.502131+00:00,2024-12-13 12:26:22.502131+00:00,2024-12-13 12:10:40.921533+00:00,0.5302,total_energy_pkg,unit_test_energy,Sort_SortsListCorrectly
_result,76,2024-12-10 12:26:22.502131+00:00,2024-12-13 12:26:22.502131+00:00,2024-12-13 12:12:02.931043+00:00,0.5681,total_energy_pkg,unit_test_energy,Sort_SortsListCorrectly
_result,76,2024-12-10 12:26:22.502131+00:00,2024-12-13 12:26:22.502131+00:00,2024-12-13 12:13:25.524900+00:00,0.5507,total_energy_pkg,unit_test_energy,Sort_SortsListCorrectly
_result,76,2024-12-10 12:26:22.502131+00:00,2024-12-13 12:26:22.502131+00:00,2024-12-13 12:14:48.246812+00:00,0.5995,total_energy_pkg,unit_test_energy,Sort_SortsListCorrectly
_result,76,2024-12-10 12:26:22.502131+00:00,2024-12-13 12:26:22.502131+00:00,2024-12-13 12:16:10.734388+00:00,0.5546,total_energy_pkg,unit_test_energy,Sort_SortsListCorrectly
_result,76,2024-12-10 12:26:22.502131+00:00,2024-12-13 12:26:22.502131+00:00,2024-12-13 12:17:33.019677+00:00,0.8567,total_energy_pkg,unit_test_energy,Sort_SortsListCorrectly
_result,76,2024-12-10 12:26:22.502131+00:00,2024-12-13 12:26:22.502131+00:00,2024-12-13 12:18:54.794556+00:00,0.5683,total_energy_pkg,unit_test_energy,Sort_SortsListCorrectly
_result,76,2024-12-10 12:26:22.502131+00:00,2024-12-13 12:26:22.502131+00:00,2024-12-13 12:20:16.971961+00:00,0.5688,total_energy_pkg,unit_test_energy,Sort_SortsListCorrectly
_result,76,2024-12-10 12:26:22.502131+00:00,2024-12-13 12:26:22.502131+00:00,2024-12-13 12:21:38.889979+00:00,0.5947,total_energy_pkg,unit_test_energy,Sort_SortsListCorrectly
_result,77,2024-12-10 12:26:22.502131+00:00,2024-12-13 12:26:22.502131+00:00,2024-12-13 10:21:00.043848+00:00,51.909,avg_energy_dram,unit_test_energy,Sort_SortsListCorrectly4
_result,77,2024-12-10 12:26:22.502131+00:00,2024-12-13 12:26:22.502131+00:00,2024-12-13 10:22:24.093104+00:00,40.7763,avg_energy_dram,unit_test_energy,Sort_SortsListCorrectly4
_result,77,2024-12-10 12:26:22.502131+00:00,2024-12-13 12:26:22.502131+00:00,2024-12-13 10:23:49.398937+00:00,44.3465,avg_energy_dram,unit_test_energy,Sort_SortsListCorrectly4
_result,77,2024-12-10 12:26:22.502131+00:00,2024-12-13 12:26:22.502131+00:00,2024-12-13 10:25:13.232551+00:00,52.7098,avg_energy_dram,unit_test_energy,Sort_SortsListCorrectly4
_result,77,2024-12-10 12:26:22.502131+00:00,2024-12-13 12:26:22.502131+00:00,2024-12-13 10:26:36.856690+00:00,54.542,avg_energy_dram,unit_test_energy,Sort_SortsListCorrectly4
_result,77,2024-12-10 12:26:22.502131+00:00,2024-12-13 12:26:22.502131+00:00,2024-12-13 10:28:00.643679+00:00,39.2039,avg_energy_dram,unit_test_energy,Sort_SortsListCorrectly4
_result,77,2024-12-10 12:26:22.502131+00:00,2024-12-13 12:26:22.502131+00:00,2024-12-13 10:29:23.899276+00:00,45.4162,avg_energy_dram,unit_test_energy,Sort_SortsListCorrectly4
_result,77,2024-12-10 12:26:22.502131+00:00,2024-12-13 12:26:22.502131+00:00,2024-12-13 10:30:48.146401+00:00,50.1583,avg_energy_dram,unit_test_energy,Sort_SortsListCorrectly4
_result,77,2024-12-10 12:26:22.502131+00:00,2024-12-13 12:26:22.502131+00:00,2024-12-13 10:32:11.491397+00:00,48.1197,avg_energy_dram,unit_test_energy,Sort_SortsListCorrectly4
_result,77,2024-12-10 12:26:22.502131+00:00,2024-12-13 12:26:22.502131+00:00,2024-12-13 10:33:37.404197+00:00,44.8019,avg_energy_dram,unit_test_energy,Sort_SortsListCorrectly4
_result,77,2024-12-10 12:26:22.502131+00:00,2024-12-13 12:26:22.502131+00:00,2024-12-13 10:35:01.047309+00:00,45.5982,avg_energy_dram,unit_test_energy,Sort_SortsListCorrectly4
_result,77,2024-12-10 12:26:22.502131+00:00,2024-12-13 12:26:22.502131+00:00,2024-12-13 10:36:24.536190+00:00,59.8243,avg_energy_dram,unit_test_energy,Sort_SortsListCorrectly4
_result,77,2024-12-10 12:26:22.502131+00:00,2024-12-13 12:26:22.502131+00:00,2024-12-13 10:37:47.976950+00:00,35.5277,avg_energy_dram,unit_test_energy,Sort_SortsListCorrectly4
_result,77,2024-12-10 12:26:22.502131+00:00,2024-12-13 12:26:22.502131+00:00,2024-12-13 10:39:10.892807+00:00,36.1393,avg_energy_dram,unit_test_energy,Sort_SortsListCorrectly4
_result,77,2024-12-10 12:26:22.502131+00:00,2024-12-13 12:26:22.502131+00:00,2024-12-13 10:40:34.280651+00:00,36.2102,avg_energy_dram,unit_test_energy,Sort_SortsListCorrectly4
_result,77,2024-12-10 12:26:22.502131+00:00,2024-12-13 12:26:22.502131+00:00,2024-12-13 10:49:17.075453+00:00,35.9479,avg_energy_dram,unit_test_energy,Sort_SortsListCorrectly4
_result,77,2024-12-10 12:26:22.502131+00:00,2024-12-13 12:26:22.502131+00:00,2024-12-13 10:50:40.711570+00:00,36.0881,avg_energy_dram,unit_test_energy,Sort_SortsListCorrectly4
_result,77,2024-12-10 12:26:22.502131+00:00,2024-12-13 12:26:22.502131+00:00,2024-12-13 10:52:03.813988+00:00,38.6027,avg_energy_dram,unit_test_energy,Sort_SortsListCorrectly4
_result,77,2024-12-10 12:26:22.502131+00:00,2024-12-13 12:26:22.502131+00:00,2024-12-13 10:53:27.176141+00:00,36.1376,avg_energy_dram,unit_test_energy,Sort_SortsListCorrectly4
_result,77,2024-12-10 12:26:22.502131+00:00,2024-12-13 12:26:22.502131+00:00,2024-12-13 10:54:50.416976+00:00,36.6309,avg_energy_dram,unit_test_energy,Sort_SortsListCorrectly4
_result,77,2024-12-10 12:26:22.502131+00:00,2024-12-13 12:26:22.502131+00:00,2024-12-13 10:56:13.537372+00:00,47.902,avg_energy_dram,unit_test_energy,Sort_SortsListCorrectly4
_result,77,2024-12-10 12:26:22.502131+00:00,2024-12-13 12:26:22.502131+00:00,2024-12-13 10:57:36.780768+00:00,41.8874,avg_energy_dram,unit_test_energy,Sort_SortsListCorrectly4
_result,77,2024-12-10 12:26:22.502131+00:00,2024-12-13 12:26:22.502131+00:00,2024-12-13 10:59:00.273725+00:00,48.8907,avg_energy_dram,unit_test_energy,Sort_SortsListCorrectly4
_result,77,2024-12-10 12:26:22.502131+00:00,2024-12-13 12:26:22.502131+00:00,2024-12-13 11:00:23.702725+00:00,43.0793,avg_energy_dram,unit_test_energy,Sort_SortsListCorrectly4
_result,77,2024-12-10 12:26:22.502131+00:00,2024-12-13 12:26:22.502131+00:00,2024-12-13 11:01:47.063868+00:00,43.0046,avg_energy_dram,unit_test_energy,Sort_SortsListCorrectly4
_result,77,2024-12-10 12:26:22.502131+00:00,2024-12-13 12:26:22.502131+00:00,2024-12-13 11:03:11.410186+00:00,39.7017,avg_energy_dram,unit_test_energy,Sort_SortsListCorrectly4
_result,77,2024-12-10 12:26:22.502131+00:00,2024-12-13 12:26:22.502131+00:00,2024-12-13 11:04:35.010483+00:00,36.7955,avg_energy_dram,unit_test_energy,Sort_SortsListCorrectly4
_result,77,2024-12-10 12:26:22.502131+00:00,2024-12-13 12:26:22.502131+00:00,2024-12-13 11:05:58.868921+00:00,46.3044,avg_energy_dram,unit_test_energy,Sort_SortsListCorrectly4
_result,77,2024-12-10 12:26:22.502131+00:00,2024-12-13 12:26:22.502131+00:00,2024-12-13 11:07:21.595989+00:00,41.4908,avg_energy_dram,unit_test_energy,Sort_SortsListCorrectly4
_result,77,2024-12-10 12:26:22.502131+00:00,2024-12-13 12:26:22.502131+00:00,2024-12-13 11:08:44.654952+00:00,40.1298,avg_energy_dram,unit_test_energy,Sort_SortsListCorrectly4
_result,77,2024-12-10 12:26:22.502131+00:00,2024-12-13 12:26:22.502131+00:00,2024-12-13 11:41:26.400637+00:00,40.8501,avg_energy_dram,unit_test_energy,Sort_SortsListCorrectly4
_result,77,2024-12-10 12:26:22.502131+00:00,2024-12-13 12:26:22.502131+00:00,2024-12-13 11:42:47.533616+00:00,39.4328,avg_energy_dram,unit_test_energy,Sort_SortsListCorrectly4
_result,77,2024-12-10 12:26:22.502131+00:00,2024-12-13 12:26:22.502131+00:00,2024-12-13 11:44:09.101184+00:00,39.2699,avg_energy_dram,unit_test_energy,Sort_SortsListCorrectly4
_result,77,2024-12-10 12:26:22.502131+00:00,2024-12-13 12:26:22.502131+00:00,2024-12-13 11:45:31.447919+00:00,36.2523,avg_energy_dram,unit_test_energy,Sort_SortsListCorrectly4
_result,77,2024-12-10 12:26:22.502131+00:00,2024-12-13 12:26:22.502131+00:00,2024-12-13 11:46:53.493058+00:00,37.7567,avg_energy_dram,unit_test_energy,Sort_SortsListCorrectly4
_result,77,2024-12-10 12:26:22.502131+00:00,2024-12-13 12:26:22.502131+00:00,2024-12-13 11:48:16.217392+00:00,38.6492,avg_energy_dram,unit_test_energy,Sort_SortsListCorrectly4
_result,77,2024-12-10 12:26:22.502131+00:00,2024-12-13 12:26:22.502131+00:00,2024-12-13 11:49:37.989646+00:00,36.6367,avg_energy_dram,unit_test_energy,Sort_SortsListCorrectly4
_result,77,2024-12-10 12:26:22.502131+00:00,2024-12-13 12:26:22.502131+00:00,2024-12-13 11:51:00.238008+00:00,47.4231,avg_energy_dram,unit_test_energy,Sort_SortsListCorrectly4
_result,77,2024-12-10 12:26:22.502131+00:00,2024-12-13 12:26:22.502131+00:00,2024-12-13 11:52:21.861951+00:00,37.3213,avg_energy_dram,unit_test_energy,Sort_SortsListCorrectly4
_result,77,2024-12-10 12:26:22.502131+00:00,2024-12-13 12:26:22.502131+00:00,2024-12-13 11:53:43.678024+00:00,40.2588,avg_energy_dram,unit_test_energy,Sort_SortsListCorrectly4
_result,77,2024-12-10 12:26:22.502131+00:00,2024-12-13 12:26:22.502131+00:00,2024-12-13 11:55:05.956251+00:00,39.6293,avg_energy_dram,unit_test_energy,Sort_SortsListCorrectly4
_result,77,2024-12-10 12:26:22.502131+00:00,2024-12-13 12:26:22.502131+00:00,2024-12-13 11:56:28.765759+00:00,50.2708,avg_energy_dram,unit_test_energy,Sort_SortsListCorrectly4
_result,77,2024-12-10 12:26:22.502131+00:00,2024-12-13 12:26:22.502131+00:00,2024-12-13 11:57:51.200367+00:00,33.4586,avg_energy_dram,unit_test_energy,Sort_SortsListCorrectly4
_result,77,2024-12-10 12:26:22.502131+00:00,2024-12-13 12:26:22.502131+00:00,2024-12-13 11:59:13.468939+00:00,36.9666,avg_energy_dram,unit_test_energy,Sort_SortsListCorrectly4
_result,77,2024-12-10 12:26:22.502131+00:00,2024-12-13 12:26:22.502131+00:00,2024-12-13 12:00:35.393683+00:00,49.0045,avg_energy_dram,unit_test_energy,Sort_SortsListCorrectly4
_result,77,2024-12-10 12:26:22.502131+00:00,2024-12-13 12:26:22.502131+00:00,2024-12-13 12:02:32.604996+00:00,50.8237,avg_energy_dram,unit_test_energy,Sort_SortsListCorrectly4
_result,77,2024-12-10 12:26:22.502131+00:00,2024-12-13 12:26:22.502131+00:00,2024-12-13 12:03:54.593514+00:00,40.0809,avg_energy_dram,unit_test_energy,Sort_SortsListCorrectly4
_result,77,2024-12-10 12:26:22.502131+00:00,2024-12-13 12:26:22.502131+00:00,2024-12-13 12:05:17.095946+00:00,42.0801,avg_energy_dram,unit_test_energy,Sort_SortsListCorrectly4
_result,77,2024-12-10 12:26:22.502131+00:00,2024-12-13 12:26:22.502131+00:00,2024-12-13 12:06:39.088480+00:00,42.8267,avg_energy_dram,unit_test_energy,Sort_SortsListCorrectly4
_result,77,2024-12-10 12:26:22.502131+00:00,2024-12-13 12:26:22.502131+00:00,2024-12-13 12:08:01.068951+00:00,47.535,avg_energy_dram,unit_test_energy,Sort_SortsListCorrectly4
_result,77,2024-12-10 12:26:22.502131+00:00,2024-12-13 12:26:22.502131+00:00,2024-12-13 12:09:23.672266+00:00,50.4285,avg_energy_dram,unit_test_energy,Sort_SortsListCorrectly4
_result,77,2024-12-10 12:26:22.502131+00:00,2024-12-13 12:26:22.502131+00:00,2024-12-13 12:10:45.950632+00:00,41.1396,avg_energy_dram,unit_test_energy,Sort_SortsListCorrectly4
_result,77,2024-12-10 12:26:22.502131+00:00,2024-12-13 12:26:22.502131+00:00,2024-12-13 12:12:07.959587+00:00,39.4207,avg_energy_dram,unit_test_energy,Sort_SortsListCorrectly4
_result,77,2024-12-10 12:26:22.502131+00:00,2024-12-13 12:26:22.502131+00:00,2024-12-13 12:13:30.556901+00:00,46.8751,avg_energy_dram,unit_test_energy,Sort_SortsListCorrectly4
_result,77,2024-12-10 12:26:22.502131+00:00,2024-12-13 12:26:22.502131+00:00,2024-12-13 12:14:53.296061+00:00,57.5288,avg_energy_dram,unit_test_energy,Sort_SortsListCorrectly4
_result,77,2024-12-10 12:26:22.502131+00:00,2024-12-13 12:26:22.502131+00:00,2024-12-13 12:16:15.764582+00:00,39.4905,avg_energy_dram,unit_test_energy,Sort_SortsListCorrectly4
_result,77,2024-12-10 12:26:22.502131+00:00,2024-12-13 12:26:22.502131+00:00,2024-12-13 12:17:38.048999+00:00,49.5522,avg_energy_dram,unit_test_energy,Sort_SortsListCorrectly4
_result,77,2024-12-10 12:26:22.502131+00:00,2024-12-13 12:26:22.502131+00:00,2024-12-13 12:18:59.827644+00:00,44.3712,avg_energy_dram,unit_test_energy,Sort_SortsListCorrectly4
_result,77,2024-12-10 12:26:22.502131+00:00,2024-12-13 12:26:22.502131+00:00,2024-12-13 12:20:22.000877+00:00,42.0361,avg_energy_dram,unit_test_energy,Sort_SortsListCorrectly4
_result,77,2024-12-10 12:26:22.502131+00:00,2024-12-13 12:26:22.502131+00:00,2024-12-13 12:21:43.920671+00:00,51.0645,avg_energy_dram,unit_test_energy,Sort_SortsListCorrectly4
_result,78,2024-12-10 12:26:22.502131+00:00,2024-12-13 12:26:22.502131+00:00,2024-12-13 10:21:00.043848+00:00,134.292,avg_energy_pkg,unit_test_energy,Sort_SortsListCorrectly4
_result,78,2024-12-10 12:26:22.502131+00:00,2024-12-13 12:26:22.502131+00:00,2024-12-13 10:22:24.093104+00:00,125.7864,avg_energy_pkg,unit_test_energy,Sort_SortsListCorrectly4
_result,78,2024-12-10 12:26:22.502131+00:00,2024-12-13 12:26:22.502131+00:00,2024-12-13 10:23:49.398937+00:00,126.486,avg_energy_pkg,unit_test_energy,Sort_SortsListCorrectly4
_result,78,2024-12-10 12:26:22.502131+00:00,2024-12-13 12:26:22.502131+00:00,2024-12-13 10:25:13.232551+00:00,139.4791,avg_energy_pkg,unit_test_energy,Sort_SortsListCorrectly4
_result,78,2024-12-10 12:26:22.502131+00:00,2024-12-13 12:26:22.502131+00:00,2024-12-13 10:26:36.856690+00:00,149.9066,avg_energy_pkg,unit_test_energy,Sort_SortsListCorrectly4
_result,78,2024-12-10 12:26:22.502131+00:00,2024-12-13 12:26:22.502131+00:00,2024-12-13 10:28:00.643679+00:00,106.9541,avg_energy_pkg,unit_test_energy,Sort_SortsListCorrectly4
_result,78,2024-12-10 12:26:22.502131+00:00,2024-12-13 12:26:22.502131+00:00,2024-12-13 10:29:23.899276+00:00,117.3143,avg_energy_pkg,unit_test_energy,Sort_SortsListCorrectly4
_result,78,2024-12-10 12:26:22.502131+00:00,2024-12-13 12:26:22.502131+00:00,2024-12-13 10:30:48.146401+00:00,141.2728,avg_energy_pkg,unit_test_energy,Sort_SortsListCorrectly4
_result,78,2024-12-10 12:26:22.502131+00:00,2024-12-13 12:26:22.502131+00:00,2024-12-13 10:32:11.491397+00:00,132.5141,avg_energy_pkg,unit_test_energy,Sort_SortsListCorrectly4
_result,78,2024-12-10 12:26:22.502131+00:00,2024-12-13 12:26:22.502131+00:00,2024-12-13 10:33:37.404197+00:00,123.5472,avg_energy_pkg,unit_test_energy,Sort_SortsListCorrectly4
_result,78,2024-12-10 12:26:22.502131+00:00,2024-12-13 12:26:22.502131+00:00,2024-12-13 10:35:01.047309+00:00,88.693,avg_energy_pkg,unit_test_energy,Sort_SortsListCorrectly4
_result,78,2024-12-10 12:26:22.502131+00:00,2024-12-13 12:26:22.502131+00:00,2024-12-13 10:36:24.536190+00:00,152.3684,avg_energy_pkg,unit_test_energy,Sort_SortsListCorrectly4
_result,78,2024-12-10 12:26:22.502131+00:00,2024-12-13 12:26:22.502131+00:00,2024-12-13 10:37:47.976950+00:00,66.3823,avg_energy_pkg,unit_test_energy,Sort_SortsListCorrectly4
_result,78,2024-12-10 12:26:22.502131+00:00,2024-12-13 12:26:22.502131+00:00,2024-12-13 10:39:10.892807+00:00,67.7619,avg_energy_pkg,unit_test_energy,Sort_SortsListCorrectly4
_result,78,2024-12-10 12:26:22.502131+00:00,2024-12-13 12:26:22.502131+00:00,2024-12-13 10:40:34.280651+00:00,69.6369,avg_energy_pkg,unit_test_energy,Sort_SortsListCorrectly4
_result,78,2024-12-10 12:26:22.502131+00:00,2024-12-13 12:26:22.502131+00:00,2024-12-13 10:49:17.075453+00:00,71.9949,avg_energy_pkg,unit_test_energy,Sort_SortsListCorrectly4
_result,78,2024-12-10 12:26:22.502131+00:00,2024-12-13 12:26:22.502131+00:00,2024-12-13 10:50:40.711570+00:00,65.41,avg_energy_pkg,unit_test_energy,Sort_SortsListCorrectly4
_result,78,2024-12-10 12:26:22.502131+00:00,2024-12-13 12:26:22.502131+00:00,2024-12-13 10:52:03.813988+00:00,69.9938,avg_energy_pkg,unit_test_energy,Sort_SortsListCorrectly4
_result,78,2024-12-10 12:26:22.502131+00:00,2024-12-13 12:26:22.502131+00:00,2024-12-13 10:53:27.176141+00:00,67.5635,avg_energy_pkg,unit_test_energy,Sort_SortsListCorrectly4
_result,78,2024-12-10 12:26:22.502131+00:00,2024-12-13 12:26:22.502131+00:00,2024-12-13 10:54:50.416976+00:00,68.4537,avg_energy_pkg,unit_test_energy,Sort_SortsListCorrectly4
_result,78,2024-12-10 12:26:22.502131+00:00,2024-12-13 12:26:22.502131+00:00,2024-12-13 10:56:13.537372+00:00,89.0506,avg_energy_pkg,unit_test_energy,Sort_SortsListCorrectly4
_result,78,2024-12-10 12:26:22.502131+00:00,2024-12-13 12:26:22.502131+00:00,2024-12-13 10:57:36.780768+00:00,78.3309,avg_energy_pkg,unit_test_energy,Sort_SortsListCorrectly4
_result,78,2024-12-10 12:26:22.502131+00:00,2024-12-13 12:26:22.502131+00:00,2024-12-13 10:59:00.273725+00:00,91.28,avg_energy_pkg,unit_test_energy,Sort_SortsListCorrectly4
_result,78,2024-12-10 12:26:22.502131+00:00,2024-12-13 12:26:22.502131+00:00,2024-12-13 11:00:23.702725+00:00,81.0231,avg_energy_pkg,unit_test_energy,Sort_SortsListCorrectly4
_result,78,2024-12-10 12:26:22.502131+00:00,2024-12-13 12:26:22.502131+00:00,2024-12-13 11:01:47.063868+00:00,82.7286,avg_energy_pkg,unit_test_energy,Sort_SortsListCorrectly4
_result,78,2024-12-10 12:26:22.502131+00:00,2024-12-13 12:26:22.502131+00:00,2024-12-13 11:03:11.410186+00:00,74.3049,avg_energy_pkg,unit_test_energy,Sort_SortsListCorrectly4
_result,78,2024-12-10 12:26:22.502131+00:00,2024-12-13 12:26:22.502131+00:00,2024-12-13 11:04:35.010483+00:00,72.2245,avg_energy_pkg,unit_test_energy,Sort_SortsListCorrectly4
_result,78,2024-12-10 12:26:22.502131+00:00,2024-12-13 12:26:22.502131+00:00,2024-12-13 11:05:58.868921+00:00,125.9226,avg_energy_pkg,unit_test_energy,Sort_SortsListCorrectly4
_result,78,2024-12-10 12:26:22.502131+00:00,2024-12-13 12:26:22.502131+00:00,2024-12-13 11:07:21.595989+00:00,75.6516,avg_energy_pkg,unit_test_energy,Sort_SortsListCorrectly4
_result,78,2024-12-10 12:26:22.502131+00:00,2024-12-13 12:26:22.502131+00:00,2024-12-13 11:08:44.654952+00:00,100.1356,avg_energy_pkg,unit_test_energy,Sort_SortsListCorrectly4
_result,78,2024-12-10 12:26:22.502131+00:00,2024-12-13 12:26:22.502131+00:00,2024-12-13 11:41:26.400637+00:00,115.3702,avg_energy_pkg,unit_test_energy,Sort_SortsListCorrectly4
_result,78,2024-12-10 12:26:22.502131+00:00,2024-12-13 12:26:22.502131+00:00,2024-12-13 11:42:47.533616+00:00,73.4733,avg_energy_pkg,unit_test_energy,Sort_SortsListCorrectly4
_result,78,2024-12-10 12:26:22.502131+00:00,2024-12-13 12:26:22.502131+00:00,2024-12-13 11:44:09.101184+00:00,74.9769,avg_energy_pkg,unit_test_energy,Sort_SortsListCorrectly4
_result,78,2024-12-10 12:26:22.502131+00:00,2024-12-13 12:26:22.502131+00:00,2024-12-13 11:45:31.447919+00:00,72.7566,avg_energy_pkg,unit_test_energy,Sort_SortsListCorrectly4
_result,78,2024-12-10 12:26:22.502131+00:00,2024-12-13 12:26:22.502131+00:00,2024-12-13 11:46:53.493058+00:00,75.0249,avg_energy_pkg,unit_test_energy,Sort_SortsListCorrectly4
_result,78,2024-12-10 12:26:22.502131+00:00,2024-12-13 12:26:22.502131+00:00,2024-12-13 11:48:16.217392+00:00,73.5945,avg_energy_pkg,unit_test_energy,Sort_SortsListCorrectly4
_result,78,2024-12-10 12:26:22.502131+00:00,2024-12-13 12:26:22.502131+00:00,2024-12-13 11:49:37.989646+00:00,78.7874,avg_energy_pkg,unit_test_energy,Sort_SortsListCorrectly4
_result,78,2024-12-10 12:26:22.502131+00:00,2024-12-13 12:26:22.502131+00:00,2024-12-13 11:51:00.238008+00:00,90.3878,avg_energy_pkg,unit_test_energy,Sort_SortsListCorrectly4
_result,78,2024-12-10 12:26:22.502131+00:00,2024-12-13 12:26:22.502131+00:00,2024-12-13 11:52:21.861951+00:00,69.211,avg_energy_pkg,unit_test_energy,Sort_SortsListCorrectly4
_result,78,2024-12-10 12:26:22.502131+00:00,2024-12-13 12:26:22.502131+00:00,2024-12-13 11:53:43.678024+00:00,76.8799,avg_energy_pkg,unit_test_energy,Sort_SortsListCorrectly4
_result,78,2024-12-10 12:26:22.502131+00:00,2024-12-13 12:26:22.502131+00:00,2024-12-13 11:55:05.956251+00:00,82.5681,avg_energy_pkg,unit_test_energy,Sort_SortsListCorrectly4
_result,78,2024-12-10 12:26:22.502131+00:00,2024-12-13 12:26:22.502131+00:00,2024-12-13 11:56:28.765759+00:00,132.3182,avg_energy_pkg,unit_test_energy,Sort_SortsListCorrectly4
_result,78,2024-12-10 12:26:22.502131+00:00,2024-12-13 12:26:22.502131+00:00,2024-12-13 11:57:51.200367+00:00,87.3139,avg_energy_pkg,unit_test_energy,Sort_SortsListCorrectly4
_result,78,2024-12-10 12:26:22.502131+00:00,2024-12-13 12:26:22.502131+00:00,2024-12-13 11:59:13.468939+00:00,90.8871,avg_energy_pkg,unit_test_energy,Sort_SortsListCorrectly4
_result,78,2024-12-10 12:26:22.502131+00:00,2024-12-13 12:26:22.502131+00:00,2024-12-13 12:00:35.393683+00:00,123.5482,avg_energy_pkg,unit_test_energy,Sort_SortsListCorrectly4
_result,78,2024-12-10 12:26:22.502131+00:00,2024-12-13 12:26:22.502131+00:00,2024-12-13 12:02:32.604996+00:00,118.2068,avg_energy_pkg,unit_test_energy,Sort_SortsListCorrectly4
_result,78,2024-12-10 12:26:22.502131+00:00,2024-12-13 12:26:22.502131+00:00,2024-12-13 12:03:54.593514+00:00,79.771,avg_energy_pkg,unit_test_energy,Sort_SortsListCorrectly4
_result,78,2024-12-10 12:26:22.502131+00:00,2024-12-13 12:26:22.502131+00:00,2024-12-13 12:05:17.095946+00:00,115.1076,avg_energy_pkg,unit_test_energy,Sort_SortsListCorrectly4
_result,78,2024-12-10 12:26:22.502131+00:00,2024-12-13 12:26:22.502131+00:00,2024-12-13 12:06:39.088480+00:00,112.433,avg_energy_pkg,unit_test_energy,Sort_SortsListCorrectly4
_result,78,2024-12-10 12:26:22.502131+00:00,2024-12-13 12:26:22.502131+00:00,2024-12-13 12:08:01.068951+00:00,97.8369,avg_energy_pkg,unit_test_energy,Sort_SortsListCorrectly4
_result,78,2024-12-10 12:26:22.502131+00:00,2024-12-13 12:26:22.502131+00:00,2024-12-13 12:09:23.672266+00:00,135.5887,avg_energy_pkg,unit_test_energy,Sort_SortsListCorrectly4
_result,78,2024-12-10 12:26:22.502131+00:00,2024-12-13 12:26:22.502131+00:00,2024-12-13 12:10:45.950632+00:00,103.3756,avg_energy_pkg,unit_test_energy,Sort_SortsListCorrectly4
_result,78,2024-12-10 12:26:22.502131+00:00,2024-12-13 12:26:22.502131+00:00,2024-12-13 12:12:07.959587+00:00,104.1951,avg_energy_pkg,unit_test_energy,Sort_SortsListCorrectly4
_result,78,2024-12-10 12:26:22.502131+00:00,2024-12-13 12:26:22.502131+00:00,2024-12-13 12:13:30.556901+00:00,124.5983,avg_energy_pkg,unit_test_energy,Sort_SortsListCorrectly4
_result,78,2024-12-10 12:26:22.502131+00:00,2024-12-13 12:26:22.502131+00:00,2024-12-13 12:14:53.296061+00:00,139.9422,avg_energy_pkg,unit_test_energy,Sort_SortsListCorrectly4
_result,78,2024-12-10 12:26:22.502131+00:00,2024-12-13 12:26:22.502131+00:00,2024-12-13 12:16:15.764582+00:00,104.9509,avg_energy_pkg,unit_test_energy,Sort_SortsListCorrectly4
_result,78,2024-12-10 12:26:22.502131+00:00,2024-12-13 12:26:22.502131+00:00,2024-12-13 12:17:38.048999+00:00,131.7567,avg_energy_pkg,unit_test_energy,Sort_SortsListCorrectly4
_result,78,2024-12-10 12:26:22.502131+00:00,2024-12-13 12:26:22.502131+00:00,2024-12-13 12:18:59.827644+00:00,116.4839,avg_energy_pkg,unit_test_energy,Sort_SortsListCorrectly4
_result,78,2024-12-10 12:26:22.502131+00:00,2024-12-13 12:26:22.502131+00:00,2024-12-13 12:20:22.000877+00:00,87.8812,avg_energy_pkg,unit_test_energy,Sort_SortsListCorrectly4
_result,78,2024-12-10 12:26:22.502131+00:00,2024-12-13 12:26:22.502131+00:00,2024-12-13 12:21:43.920671+00:00,124.9927,avg_energy_pkg,unit_test_energy,Sort_SortsListCorrectly4
_result,79,2024-12-10 12:26:22.502131+00:00,2024-12-13 12:26:22.502131+00:00,2024-12-13 10:21:00.043848+00:00,0.003,duration,unit_test_energy,Sort_SortsListCorrectly4
_result,79,2024-12-10 12:26:22.502131+00:00,2024-12-13 12:26:22.502131+00:00,2024-12-13 10:22:24.093104+00:00,0.0033,duration,unit_test_energy,Sort_SortsListCorrectly4
_result,79,2024-12-10 12:26:22.502131+00:00,2024-12-13 12:26:22.502131+00:00,2024-12-13 10:23:49.398937+00:00,0.003,duration,unit_test_energy,Sort_SortsListCorrectly4
_result,79,2024-12-10 12:26:22.502131+00:00,2024-12-13 12:26:22.502131+00:00,2024-12-13 10:25:13.232551+00:00,0.003,duration,unit_test_energy,Sort_SortsListCorrectly4
_result,79,2024-12-10 12:26:22.502131+00:00,2024-12-13 12:26:22.502131+00:00,2024-12-13 10:26:36.856690+00:00,0.0033,duration,unit_test_energy,Sort_SortsListCorrectly4
_result,79,2024-12-10 12:26:22.502131+00:00,2024-12-13 12:26:22.502131+00:00,2024-12-13 10:28:00.643679+00:00,0.0029,duration,unit_test_energy,Sort_SortsListCorrectly4
_result,79,2024-12-10 12:26:22.502131+00:00,2024-12-13 12:26:22.502131+00:00,2024-12-13 10:29:23.899276+00:00,0.003,duration,unit_test_energy,Sort_SortsListCorrectly4
_result,79,2024-12-10 12:26:22.502131+00:00,2024-12-13 12:26:22.502131+00:00,2024-12-13 10:30:48.146401+00:00,0.0028,duration,unit_test_energy,Sort_SortsListCorrectly4
_result,79,2024-12-10 12:26:22.502131+00:00,2024-12-13 12:26:22.502131+00:00,2024-12-13 10:32:11.491397+00:00,0.0028,duration,unit_test_energy,Sort_SortsListCorrectly4
_result,79,2024-12-10 12:26:22.502131+00:00,2024-12-13 12:26:22.502131+00:00,2024-12-13 10:33:37.404197+00:00,0.003,duration,unit_test_energy,Sort_SortsListCorrectly4
_result,79,2024-12-10 12:26:22.502131+00:00,2024-12-13 12:26:22.502131+00:00,2024-12-13 10:35:01.047309+00:00,0.0031,duration,unit_test_energy,Sort_SortsListCorrectly4
_result,79,2024-12-10 12:26:22.502131+00:00,2024-12-13 12:26:22.502131+00:00,2024-12-13 10:36:24.536190+00:00,0.0033,duration,unit_test_energy,Sort_SortsListCorrectly4
_result,79,2024-12-10 12:26:22.502131+00:00,2024-12-13 12:26:22.502131+00:00,2024-12-13 10:37:47.976950+00:00,0.0031,duration,unit_test_energy,Sort_SortsListCorrectly4
_result,79,2024-12-10 12:26:22.502131+00:00,2024-12-13 12:26:22.502131+00:00,2024-12-13 10:39:10.892807+00:00,0.0031,duration,unit_test_energy,Sort_SortsListCorrectly4
_result,79,2024-12-10 12:26:22.502131+00:00,2024-12-13 12:26:22.502131+00:00,2024-12-13 10:40:34.280651+00:00,0.0031,duration,unit_test_energy,Sort_SortsListCorrectly4
_result,79,2024-12-10 12:26:22.502131+00:00,2024-12-13 12:26:22.502131+00:00,2024-12-13 10:49:17.075453+00:00,0.0031,duration,unit_test_energy,Sort_SortsListCorrectly4
_result,79,2024-12-10 12:26:22.502131+00:00,2024-12-13 12:26:22.502131+00:00,2024-12-13 10:50:40.711570+00:00,0.0031,duration,unit_test_energy,Sort_SortsListCorrectly4
_result,79,2024-12-10 12:26:22.502131+00:00,2024-12-13 12:26:22.502131+00:00,2024-12-13 10:52:03.813988+00:00,0.0034,duration,unit_test_energy,Sort_SortsListCorrectly4
_result,79,2024-12-10 12:26:22.502131+00:00,2024-12-13 12:26:22.502131+00:00,2024-12-13 10:53:27.176141+00:00,0.0031,duration,unit_test_energy,Sort_SortsListCorrectly4
_result,79,2024-12-10 12:26:22.502131+00:00,2024-12-13 12:26:22.502131+00:00,2024-12-13 10:54:50.416976+00:00,0.003,duration,unit_test_energy,Sort_SortsListCorrectly4
_result,79,2024-12-10 12:26:22.502131+00:00,2024-12-13 12:26:22.502131+00:00,2024-12-13 10:56:13.537372+00:00,0.0031,duration,unit_test_energy,Sort_SortsListCorrectly4
_result,79,2024-12-10 12:26:22.502131+00:00,2024-12-13 12:26:22.502131+00:00,2024-12-13 10:57:36.780768+00:00,0.0035,duration,unit_test_energy,Sort_SortsListCorrectly4
_result,79,2024-12-10 12:26:22.502131+00:00,2024-12-13 12:26:22.502131+00:00,2024-12-13 10:59:00.273725+00:00,0.003,duration,unit_test_energy,Sort_SortsListCorrectly4
_result,79,2024-12-10 12:26:22.502131+00:00,2024-12-13 12:26:22.502131+00:00,2024-12-13 11:00:23.702725+00:00,0.003,duration,unit_test_energy,Sort_SortsListCorrectly4
_result,79,2024-12-10 12:26:22.502131+00:00,2024-12-13 12:26:22.502131+00:00,2024-12-13 11:01:47.063868+00:00,0.0031,duration,unit_test_energy,Sort_SortsListCorrectly4
_result,79,2024-12-10 12:26:22.502131+00:00,2024-12-13 12:26:22.502131+00:00,2024-12-13 11:03:11.410186+00:00,0.0038,duration,unit_test_energy,Sort_SortsListCorrectly4
_result,79,2024-12-10 12:26:22.502131+00:00,2024-12-13 12:26:22.502131+00:00,2024-12-13 11:04:35.010483+00:00,0.003,duration,unit_test_energy,Sort_SortsListCorrectly4
_result,79,2024-12-10 12:26:22.502131+00:00,2024-12-13 12:26:22.502131+00:00,2024-12-13 11:05:58.868921+00:00,0.0029,duration,unit_test_energy,Sort_SortsListCorrectly4
_result,79,2024-12-10 12:26:22.502131+00:00,2024-12-13 12:26:22.502131+00:00,2024-12-13 11:07:21.595989+00:00,0.0037,duration,unit_test_energy,Sort_SortsListCorrectly4
_result,79,2024-12-10 12:26:22.502131+00:00,2024-12-13 12:26:22.502131+00:00,2024-12-13 11:08:44.654952+00:00,0.0029,duration,unit_test_energy,Sort_SortsListCorrectly4
_result,79,2024-12-10 12:26:22.502131+00:00,2024-12-13 12:26:22.502131+00:00,2024-12-13 11:41:26.400637+00:00,0.0026,duration,unit_test_energy,Sort_SortsListCorrectly4
_result,79,2024-12-10 12:26:22.502131+00:00,2024-12-13 12:26:22.502131+00:00,2024-12-13 11:42:47.533616+00:00,0.0056,duration,unit_test_energy,Sort_SortsListCorrectly4
_result,79,2024-12-10 12:26:22.502131+00:00,2024-12-13 12:26:22.502131+00:00,2024-12-13 11:44:09.101184+00:00,0.0029,duration,unit_test_energy,Sort_SortsListCorrectly4
_result,79,2024-12-10 12:26:22.502131+00:00,2024-12-13 12:26:22.502131+00:00,2024-12-13 11:45:31.447919+00:00,0.0056,duration,unit_test_energy,Sort_SortsListCorrectly4
_result,79,2024-12-10 12:26:22.502131+00:00,2024-12-13 12:26:22.502131+00:00,2024-12-13 11:46:53.493058+00:00,0.003,duration,unit_test_energy,Sort_SortsListCorrectly4
_result,79,2024-12-10 12:26:22.502131+00:00,2024-12-13 12:26:22.502131+00:00,2024-12-13 11:48:16.217392+00:00,0.0029,duration,unit_test_energy,Sort_SortsListCorrectly4
_result,79,2024-12-10 12:26:22.502131+00:00,2024-12-13 12:26:22.502131+00:00,2024-12-13 11:49:37.989646+00:00,0.003,duration,unit_test_energy,Sort_SortsListCorrectly4
_result,79,2024-12-10 12:26:22.502131+00:00,2024-12-13 12:26:22.502131+00:00,2024-12-13 11:51:00.238008+00:00,0.0032,duration,unit_test_energy,Sort_SortsListCorrectly4
_result,79,2024-12-10 12:26:22.502131+00:00,2024-12-13 12:26:22.502131+00:00,2024-12-13 11:52:21.861951+00:00,0.006,duration,unit_test_energy,Sort_SortsListCorrectly4
_result,79,2024-12-10 12:26:22.502131+00:00,2024-12-13 12:26:22.502131+00:00,2024-12-13 11:53:43.678024+00:00,0.0056,duration,unit_test_energy,Sort_SortsListCorrectly4
_result,79,2024-12-10 12:26:22.502131+00:00,2024-12-13 12:26:22.502131+00:00,2024-12-13 11:55:05.956251+00:00,0.0055,duration,unit_test_energy,Sort_SortsListCorrectly4
_result,79,2024-12-10 12:26:22.502131+00:00,2024-12-13 12:26:22.502131+00:00,2024-12-13 11:56:28.765759+00:00,0.0027,duration,unit_test_energy,Sort_SortsListCorrectly4
_result,79,2024-12-10 12:26:22.502131+00:00,2024-12-13 12:26:22.502131+00:00,2024-12-13 11:57:51.200367+00:00,0.0027,duration,unit_test_energy,Sort_SortsListCorrectly4
_result,79,2024-12-10 12:26:22.502131+00:00,2024-12-13 12:26:22.502131+00:00,2024-12-13 11:59:13.468939+00:00,0.0028,duration,unit_test_energy,Sort_SortsListCorrectly4
_result,79,2024-12-10 12:26:22.502131+00:00,2024-12-13 12:26:22.502131+00:00,2024-12-13 12:00:35.393683+00:00,0.0028,duration,unit_test_energy,Sort_SortsListCorrectly4
_result,79,2024-12-10 12:26:22.502131+00:00,2024-12-13 12:26:22.502131+00:00,2024-12-13 12:02:32.604996+00:00,0.0056,duration,unit_test_energy,Sort_SortsListCorrectly4
_result,79,2024-12-10 12:26:22.502131+00:00,2024-12-13 12:26:22.502131+00:00,2024-12-13 12:03:54.593514+00:00,0.0028,duration,unit_test_energy,Sort_SortsListCorrectly4
_result,79,2024-12-10 12:26:22.502131+00:00,2024-12-13 12:26:22.502131+00:00,2024-12-13 12:05:17.095946+00:00,0.0026,duration,unit_test_energy,Sort_SortsListCorrectly4
_result,79,2024-12-10 12:26:22.502131+00:00,2024-12-13 12:26:22.502131+00:00,2024-12-13 12:06:39.088480+00:00,0.0027,duration,unit_test_energy,Sort_SortsListCorrectly4
_result,79,2024-12-10 12:26:22.502131+00:00,2024-12-13 12:26:22.502131+00:00,2024-12-13 12:08:01.068951+00:00,0.0029,duration,unit_test_energy,Sort_SortsListCorrectly4
_result,79,2024-12-10 12:26:22.502131+00:00,2024-12-13 12:26:22.502131+00:00,2024-12-13 12:09:23.672266+00:00,0.0027,duration,unit_test_energy,Sort_SortsListCorrectly4
_result,79,2024-12-10 12:26:22.502131+00:00,2024-12-13 12:26:22.502131+00:00,2024-12-13 12:10:45.950632+00:00,0.0031,duration,unit_test_energy,Sort_SortsListCorrectly4
_result,79,2024-12-10 12:26:22.502131+00:00,2024-12-13 12:26:22.502131+00:00,2024-12-13 12:12:07.959587+00:00,0.0028,duration,unit_test_energy,Sort_SortsListCorrectly4
_result,79,2024-12-10 12:26:22.502131+00:00,2024-12-13 12:26:22.502131+00:00,2024-12-13 12:13:30.556901+00:00,0.0048,duration,unit_test_energy,Sort_SortsListCorrectly4
_result,79,2024-12-10 12:26:22.502131+00:00,2024-12-13 12:26:22.502131+00:00,2024-12-13 12:14:53.296061+00:00,0.0027,duration,unit_test_energy,Sort_SortsListCorrectly4
_result,79,2024-12-10 12:26:22.502131+00:00,2024-12-13 12:26:22.502131+00:00,2024-12-13 12:16:15.764582+00:00,0.0028,duration,unit_test_energy,Sort_SortsListCorrectly4
_result,79,2024-12-10 12:26:22.502131+00:00,2024-12-13 12:26:22.502131+00:00,2024-12-13 12:17:38.048999+00:00,0.0027,duration,unit_test_energy,Sort_SortsListCorrectly4
_result,79,2024-12-10 12:26:22.502131+00:00,2024-12-13 12:26:22.502131+00:00,2024-12-13 12:18:59.827644+00:00,0.0055,duration,unit_test_energy,Sort_SortsListCorrectly4
_result,79,2024-12-10 12:26:22.502131+00:00,2024-12-13 12:26:22.502131+00:00,2024-12-13 12:20:22.000877+00:00,0.0028,duration,unit_test_energy,Sort_SortsListCorrectly4
_result,79,2024-12-10 12:26:22.502131+00:00,2024-12-13 12:26:22.502131+00:00,2024-12-13 12:21:43.920671+00:00,0.0027,duration,unit_test_energy,Sort_SortsListCorrectly4
_result,80,2024-12-10 12:26:22.502131+00:00,2024-12-13 12:26:22.502131+00:00,2024-12-13 10:21:00.043848+00:00,0.0,median_energy_dram,unit_test_energy,Sort_SortsListCorrectly4
_result,80,2024-12-10 12:26:22.502131+00:00,2024-12-13 12:26:22.502131+00:00,2024-12-13 10:22:24.093104+00:00,0.0,median_energy_dram,unit_test_energy,Sort_SortsListCorrectly4
_result,80,2024-12-10 12:26:22.502131+00:00,2024-12-13 12:26:22.502131+00:00,2024-12-13 10:23:49.398937+00:00,0.0,median_energy_dram,unit_test_energy,Sort_SortsListCorrectly4
_result,80,2024-12-10 12:26:22.502131+00:00,2024-12-13 12:26:22.502131+00:00,2024-12-13 10:25:13.232551+00:00,0.0,median_energy_dram,unit_test_energy,Sort_SortsListCorrectly4
_result,80,2024-12-10 12:26:22.502131+00:00,2024-12-13 12:26:22.502131+00:00,2024-12-13 10:26:36.856690+00:00,0.0,median_energy_dram,unit_test_energy,Sort_SortsListCorrectly4
_result,80,2024-12-10 12:26:22.502131+00:00,2024-12-13 12:26:22.502131+00:00,2024-12-13 10:28:00.643679+00:00,0.0,median_energy_dram,unit_test_energy,Sort_SortsListCorrectly4
_result,80,2024-12-10 12:26:22.502131+00:00,2024-12-13 12:26:22.502131+00:00,2024-12-13 10:29:23.899276+00:00,0.0,median_energy_dram,unit_test_energy,Sort_SortsListCorrectly4
_result,80,2024-12-10 12:26:22.502131+00:00,2024-12-13 12:26:22.502131+00:00,2024-12-13 10:30:48.146401+00:00,0.0,median_energy_dram,unit_test_energy,Sort_SortsListCorrectly4
_result,80,2024-12-10 12:26:22.502131+00:00,2024-12-13 12:26:22.502131+00:00,2024-12-13 10:32:11.491397+00:00,0.0,median_energy_dram,unit_test_energy,Sort_SortsListCorrectly4
_result,80,2024-12-10 12:26:22.502131+00:00,2024-12-13 12:26:22.502131+00:00,2024-12-13 10:33:37.404197+00:00,0.0,median_energy_dram,unit_test_energy,Sort_SortsListCorrectly4
_result,80,2024-12-10 12:26:22.502131+00:00,2024-12-13 12:26:22.502131+00:00,2024-12-13 10:35:01.047309+00:00,0.0,median_energy_dram,unit_test_energy,Sort_SortsListCorrectly4
_result,80,2024-12-10 12:26:22.502131+00:00,2024-12-13 12:26:22.502131+00:00,2024-12-13 10:36:24.536190+00:00,0.0,median_energy_dram,unit_test_energy,Sort_SortsListCorrectly4
_result,80,2024-12-10 12:26:22.502131+00:00,2024-12-13 12:26:22.502131+00:00,2024-12-13 10:37:47.976950+00:00,0.0,median_energy_dram,unit_test_energy,Sort_SortsListCorrectly4
_result,80,2024-12-10 12:26:22.502131+00:00,2024-12-13 12:26:22.502131+00:00,2024-12-13 10:39:10.892807+00:00,0.0,median_energy_dram,unit_test_energy,Sort_SortsListCorrectly4
_result,80,2024-12-10 12:26:22.502131+00:00,2024-12-13 12:26:22.502131+00:00,2024-12-13 10:40:34.280651+00:00,0.0,median_energy_dram,unit_test_energy,Sort_SortsListCorrectly4
_result,80,2024-12-10 12:26:22.502131+00:00,2024-12-13 12:26:22.502131+00:00,2024-12-13 10:49:17.075453+00:00,0.0,median_energy_dram,unit_test_energy,Sort_SortsListCorrectly4
_result,80,2024-12-10 12:26:22.502131+00:00,2024-12-13 12:26:22.502131+00:00,2024-12-13 10:50:40.711570+00:00,0.0,median_energy_dram,unit_test_energy,Sort_SortsListCorrectly4
_result,80,2024-12-10 12:26:22.502131+00:00,2024-12-13 12:26:22.502131+00:00,2024-12-13 10:52:03.813988+00:00,0.0,median_energy_dram,unit_test_energy,Sort_SortsListCorrectly4
_result,80,2024-12-10 12:26:22.502131+00:00,2024-12-13 12:26:22.502131+00:00,2024-12-13 10:53:27.176141+00:00,0.0,median_energy_dram,unit_test_energy,Sort_SortsListCorrectly4
_result,80,2024-12-10 12:26:22.502131+00:00,2024-12-13 12:26:22.502131+00:00,2024-12-13 10:54:50.416976+00:00,0.0,median_energy_dram,unit_test_energy,Sort_SortsListCorrectly4
_result,80,2024-12-10 12:26:22.502131+00:00,2024-12-13 12:26:22.502131+00:00,2024-12-13 10:56:13.537372+00:00,0.0,median_energy_dram,unit_test_energy,Sort_SortsListCorrectly4
_result,80,2024-12-10 12:26:22.502131+00:00,2024-12-13 12:26:22.502131+00:00,2024-12-13 10:57:36.780768+00:00,0.0,median_energy_dram,unit_test_energy,Sort_SortsListCorrectly4
_result,80,2024-12-10 12:26:22.502131+00:00,2024-12-13 12:26:22.502131+00:00,2024-12-13 10:59:00.273725+00:00,0.0,median_energy_dram,unit_test_energy,Sort_SortsListCorrectly4
_result,80,2024-12-10 12:26:22.502131+00:00,2024-12-13 12:26:22.502131+00:00,2024-12-13 11:00:23.702725+00:00,0.0,median_energy_dram,unit_test_energy,Sort_SortsListCorrectly4
_result,80,2024-12-10 12:26:22.502131+00:00,2024-12-13 12:26:22.502131+00:00,2024-12-13 11:01:47.063868+00:00,0.0,median_energy_dram,unit_test_energy,Sort_SortsListCorrectly4
_result,80,2024-12-10 12:26:22.502131+00:00,2024-12-13 12:26:22.502131+00:00,2024-12-13 11:03:11.410186+00:00,0.0,median_energy_dram,unit_test_energy,Sort_SortsListCorrectly4
_result,80,2024-12-10 12:26:22.502131+00:00,2024-12-13 12:26:22.502131+00:00,2024-12-13 11:04:35.010483+00:00,0.0,median_energy_dram,unit_test_energy,Sort_SortsListCorrectly4
_result,80,2024-12-10 12:26:22.502131+00:00,2024-12-13 12:26:22.502131+00:00,2024-12-13 11:05:58.868921+00:00,0.0,median_energy_dram,unit_test_energy,Sort_SortsListCorrectly4
_result,80,2024-12-10 12:26:22.502131+00:00,2024-12-13 12:26:22.502131+00:00,2024-12-13 11:07:21.595989+00:00,0.0,median_energy_dram,unit_test_energy,Sort_SortsListCorrectly4
_result,80,2024-12-10 12:26:22.502131+00:00,2024-12-13 12:26:22.502131+00:00,2024-12-13 11:08:44.654952+00:00,0.0,median_energy_dram,unit_test_energy,Sort_SortsListCorrectly4
_result,80,2024-12-10 12:26:22.502131+00:00,2024-12-13 12:26:22.502131+00:00,2024-12-13 11:41:26.400637+00:00,0.0,median_energy_dram,unit_test_energy,Sort_SortsListCorrectly4
_result,80,2024-12-10 12:26:22.502131+00:00,2024-12-13 12:26:22.502131+00:00,2024-12-13 11:42:47.533616+00:00,0.0,median_energy_dram,unit_test_energy,Sort_SortsListCorrectly4
_result,80,2024-12-10 12:26:22.502131+00:00,2024-12-13 12:26:22.502131+00:00,2024-12-13 11:44:09.101184+00:00,0.0,median_energy_dram,unit_test_energy,Sort_SortsListCorrectly4
_result,80,2024-12-10 12:26:22.502131+00:00,2024-12-13 12:26:22.502131+00:00,2024-12-13 11:45:31.447919+00:00,0.0,median_energy_dram,unit_test_energy,Sort_SortsListCorrectly4
_result,80,2024-12-10 12:26:22.502131+00:00,2024-12-13 12:26:22.502131+00:00,2024-12-13 11:46:53.493058+00:00,0.0,median_energy_dram,unit_test_energy,Sort_SortsListCorrectly4
_result,80,2024-12-10 12:26:22.502131+00:00,2024-12-13 12:26:22.502131+00:00,2024-12-13 11:48:16.217392+00:00,0.0,median_energy_dram,unit_test_energy,Sort_SortsListCorrectly4
_result,80,2024-12-10 12:26:22.502131+00:00,2024-12-13 12:26:22.502131+00:00,2024-12-13 11:49:37.989646+00:00,0.0,median_energy_dram,unit_test_energy,Sort_SortsListCorrectly4
_result,80,2024-12-10 12:26:22.502131+00:00,2024-12-13 12:26:22.502131+00:00,2024-12-13 11:51:00.238008+00:00,0.0,median_energy_dram,unit_test_energy,Sort_SortsListCorrectly4
_result,80,2024-12-10 12:26:22.502131+00:00,2024-12-13 12:26:22.502131+00:00,2024-12-13 11:52:21.861951+00:00,0.0,median_energy_dram,unit_test_energy,Sort_SortsListCorrectly4
_result,80,2024-12-10 12:26:22.502131+00:00,2024-12-13 12:26:22.502131+00:00,2024-12-13 11:53:43.678024+00:00,0.0,median_energy_dram,unit_test_energy,Sort_SortsListCorrectly4
_result,80,2024-12-10 12:26:22.502131+00:00,2024-12-13 12:26:22.502131+00:00,2024-12-13 11:55:05.956251+00:00,0.0,median_energy_dram,unit_test_energy,Sort_SortsListCorrectly4
_result,80,2024-12-10 12:26:22.502131+00:00,2024-12-13 12:26:22.502131+00:00,2024-12-13 11:56:28.765759+00:00,0.0,median_energy_dram,unit_test_energy,Sort_SortsListCorrectly4
_result,80,2024-12-10 12:26:22.502131+00:00,2024-12-13 12:26:22.502131+00:00,2024-12-13 11:57:51.200367+00:00,0.0,median_energy_dram,unit_test_energy,Sort_SortsListCorrectly4
_result,80,2024-12-10 12:26:22.502131+00:00,2024-12-13 12:26:22.502131+00:00,2024-12-13 11:59:13.468939+00:00,0.0,median_energy_dram,unit_test_energy,Sort_SortsListCorrectly4
_result,80,2024-12-10 12:26:22.502131+00:00,2024-12-13 12:26:22.502131+00:00,2024-12-13 12:00:35.393683+00:00,0.0,median_energy_dram,unit_test_energy,Sort_SortsListCorrectly4
_result,80,2024-12-10 12:26:22.502131+00:00,2024-12-13 12:26:22.502131+00:00,2024-12-13 12:02:32.604996+00:00,0.0,median_energy_dram,unit_test_energy,Sort_SortsListCorrectly4
_result,80,2024-12-10 12:26:22.502131+00:00,2024-12-13 12:26:22.502131+00:00,2024-12-13 12:03:54.593514+00:00,0.0,median_energy_dram,unit_test_energy,Sort_SortsListCorrectly4
_result,80,2024-12-10 12:26:22.502131+00:00,2024-12-13 12:26:22.502131+00:00,2024-12-13 12:05:17.095946+00:00,0.0,median_energy_dram,unit_test_energy,Sort_SortsListCorrectly4
_result,80,2024-12-10 12:26:22.502131+00:00,2024-12-13 12:26:22.502131+00:00,2024-12-13 12:06:39.088480+00:00,0.0,median_energy_dram,unit_test_energy,Sort_SortsListCorrectly4
_result,80,2024-12-10 12:26:22.502131+00:00,2024-12-13 12:26:22.502131+00:00,2024-12-13 12:08:01.068951+00:00,0.0,median_energy_dram,unit_test_energy,Sort_SortsListCorrectly4
_result,80,2024-12-10 12:26:22.502131+00:00,2024-12-13 12:26:22.502131+00:00,2024-12-13 12:09:23.672266+00:00,0.0,median_energy_dram,unit_test_energy,Sort_SortsListCorrectly4
_result,80,2024-12-10 12:26:22.502131+00:00,2024-12-13 12:26:22.502131+00:00,2024-12-13 12:10:45.950632+00:00,0.0,median_energy_dram,unit_test_energy,Sort_SortsListCorrectly4
_result,80,2024-12-10 12:26:22.502131+00:00,2024-12-13 12:26:22.502131+00:00,2024-12-13 12:12:07.959587+00:00,0.0,median_energy_dram,unit_test_energy,Sort_SortsListCorrectly4
_result,80,2024-12-10 12:26:22.502131+00:00,2024-12-13 12:26:22.502131+00:00,2024-12-13 12:13:30.556901+00:00,0.0,median_energy_dram,unit_test_energy,Sort_SortsListCorrectly4
_result,80,2024-12-10 12:26:22.502131+00:00,2024-12-13 12:26:22.502131+00:00,2024-12-13 12:14:53.296061+00:00,0.0,median_energy_dram,unit_test_energy,Sort_SortsListCorrectly4
_result,80,2024-12-10 12:26:22.502131+00:00,2024-12-13 12:26:22.502131+00:00,2024-12-13 12:16:15.764582+00:00,0.0,median_energy_dram,unit_test_energy,Sort_SortsListCorrectly4
_result,80,2024-12-10 12:26:22.502131+00:00,2024-12-13 12:26:22.502131+00:00,2024-12-13 12:17:38.048999+00:00,0.0,median_energy_dram,unit_test_energy,Sort_SortsListCorrectly4
_result,80,2024-12-10 12:26:22.502131+00:00,2024-12-13 12:26:22.502131+00:00,2024-12-13 12:18:59.827644+00:00,0.0,median_energy_dram,unit_test_energy,Sort_SortsListCorrectly4
_result,80,2024-12-10 12:26:22.502131+00:00,2024-12-13 12:26:22.502131+00:00,2024-12-13 12:20:22.000877+00:00,0.0,median_energy_dram,unit_test_energy,Sort_SortsListCorrectly4
_result,80,2024-12-10 12:26:22.502131+00:00,2024-12-13 12:26:22.502131+00:00,2024-12-13 12:21:43.920671+00:00,0.0,median_energy_dram,unit_test_energy,Sort_SortsListCorrectly4
_result,81,2024-12-10 12:26:22.502131+00:00,2024-12-13 12:26:22.502131+00:00,2024-12-13 10:21:00.043848+00:00,0.0,median_energy_pkg,unit_test_energy,Sort_SortsListCorrectly4
_result,81,2024-12-10 12:26:22.502131+00:00,2024-12-13 12:26:22.502131+00:00,2024-12-13 10:22:24.093104+00:00,0.0,median_energy_pkg,unit_test_energy,Sort_SortsListCorrectly4
_result,81,2024-12-10 12:26:22.502131+00:00,2024-12-13 12:26:22.502131+00:00,2024-12-13 10:23:49.398937+00:00,0.0,median_energy_pkg,unit_test_energy,Sort_SortsListCorrectly4
_result,81,2024-12-10 12:26:22.502131+00:00,2024-12-13 12:26:22.502131+00:00,2024-12-13 10:25:13.232551+00:00,0.0,median_energy_pkg,unit_test_energy,Sort_SortsListCorrectly4
_result,81,2024-12-10 12:26:22.502131+00:00,2024-12-13 12:26:22.502131+00:00,2024-12-13 10:26:36.856690+00:00,0.0,median_energy_pkg,unit_test_energy,Sort_SortsListCorrectly4
_result,81,2024-12-10 12:26:22.502131+00:00,2024-12-13 12:26:22.502131+00:00,2024-12-13 10:28:00.643679+00:00,0.0,median_energy_pkg,unit_test_energy,Sort_SortsListCorrectly4
_result,81,2024-12-10 12:26:22.502131+00:00,2024-12-13 12:26:22.502131+00:00,2024-12-13 10:29:23.899276+00:00,0.0,median_energy_pkg,unit_test_energy,Sort_SortsListCorrectly4
_result,81,2024-12-10 12:26:22.502131+00:00,2024-12-13 12:26:22.502131+00:00,2024-12-13 10:30:48.146401+00:00,0.0,median_energy_pkg,unit_test_energy,Sort_SortsListCorrectly4
_result,81,2024-12-10 12:26:22.502131+00:00,2024-12-13 12:26:22.502131+00:00,2024-12-13 10:32:11.491397+00:00,0.0,median_energy_pkg,unit_test_energy,Sort_SortsListCorrectly4
_result,81,2024-12-10 12:26:22.502131+00:00,2024-12-13 12:26:22.502131+00:00,2024-12-13 10:33:37.404197+00:00,0.0,median_energy_pkg,unit_test_energy,Sort_SortsListCorrectly4
_result,81,2024-12-10 12:26:22.502131+00:00,2024-12-13 12:26:22.502131+00:00,2024-12-13 10:35:01.047309+00:00,0.0,median_energy_pkg,unit_test_energy,Sort_SortsListCorrectly4
_result,81,2024-12-10 12:26:22.502131+00:00,2024-12-13 12:26:22.502131+00:00,2024-12-13 10:36:24.536190+00:00,0.0,median_energy_pkg,unit_test_energy,Sort_SortsListCorrectly4
_result,81,2024-12-10 12:26:22.502131+00:00,2024-12-13 12:26:22.502131+00:00,2024-12-13 10:37:47.976950+00:00,0.0,median_energy_pkg,unit_test_energy,Sort_SortsListCorrectly4
_result,81,2024-12-10 12:26:22.502131+00:00,2024-12-13 12:26:22.502131+00:00,2024-12-13 10:39:10.892807+00:00,0.0,median_energy_pkg,unit_test_energy,Sort_SortsListCorrectly4
_result,81,2024-12-10 12:26:22.502131+00:00,2024-12-13 12:26:22.502131+00:00,2024-12-13 10:40:34.280651+00:00,0.0,median_energy_pkg,unit_test_energy,Sort_SortsListCorrectly4
_result,81,2024-12-10 12:26:22.502131+00:00,2024-12-13 12:26:22.502131+00:00,2024-12-13 10:49:17.075453+00:00,0.0,median_energy_pkg,unit_test_energy,Sort_SortsListCorrectly4
_result,81,2024-12-10 12:26:22.502131+00:00,2024-12-13 12:26:22.502131+00:00,2024-12-13 10:50:40.711570+00:00,0.0,median_energy_pkg,unit_test_energy,Sort_SortsListCorrectly4
_result,81,2024-12-10 12:26:22.502131+00:00,2024-12-13 12:26:22.502131+00:00,2024-12-13 10:52:03.813988+00:00,0.0,median_energy_pkg,unit_test_energy,Sort_SortsListCorrectly4
_result,81,2024-12-10 12:26:22.502131+00:00,2024-12-13 12:26:22.502131+00:00,2024-12-13 10:53:27.176141+00:00,0.0,median_energy_pkg,unit_test_energy,Sort_SortsListCorrectly4
_result,81,2024-12-10 12:26:22.502131+00:00,2024-12-13 12:26:22.502131+00:00,2024-12-13 10:54:50.416976+00:00,0.0,median_energy_pkg,unit_test_energy,Sort_SortsListCorrectly4
_result,81,2024-12-10 12:26:22.502131+00:00,2024-12-13 12:26:22.502131+00:00,2024-12-13 10:56:13.537372+00:00,0.0,median_energy_pkg,unit_test_energy,Sort_SortsListCorrectly4
_result,81,2024-12-10 12:26:22.502131+00:00,2024-12-13 12:26:22.502131+00:00,2024-12-13 10:57:36.780768+00:00,0.0,median_energy_pkg,unit_test_energy,Sort_SortsListCorrectly4
_result,81,2024-12-10 12:26:22.502131+00:00,2024-12-13 12:26:22.502131+00:00,2024-12-13 10:59:00.273725+00:00,0.0,median_energy_pkg,unit_test_energy,Sort_SortsListCorrectly4
_result,81,2024-12-10 12:26:22.502131+00:00,2024-12-13 12:26:22.502131+00:00,2024-12-13 11:00:23.702725+00:00,0.0,median_energy_pkg,unit_test_energy,Sort_SortsListCorrectly4
_result,81,2024-12-10 12:26:22.502131+00:00,2024-12-13 12:26:22.502131+00:00,2024-12-13 11:01:47.063868+00:00,0.0,median_energy_pkg,unit_test_energy,Sort_SortsListCorrectly4
_result,81,2024-12-10 12:26:22.502131+00:00,2024-12-13 12:26:22.502131+00:00,2024-12-13 11:03:11.410186+00:00,0.0,median_energy_pkg,unit_test_energy,Sort_SortsListCorrectly4
_result,81,2024-12-10 12:26:22.502131+00:00,2024-12-13 12:26:22.502131+00:00,2024-12-13 11:04:35.010483+00:00,0.0,median_energy_pkg,unit_test_energy,Sort_SortsListCorrectly4
_result,81,2024-12-10 12:26:22.502131+00:00,2024-12-13 12:26:22.502131+00:00,2024-12-13 11:05:58.868921+00:00,0.0,median_energy_pkg,unit_test_energy,Sort_SortsListCorrectly4
_result,81,2024-12-10 12:26:22.502131+00:00,2024-12-13 12:26:22.502131+00:00,2024-12-13 11:07:21.595989+00:00,0.0,median_energy_pkg,unit_test_energy,Sort_SortsListCorrectly4
_result,81,2024-12-10 12:26:22.502131+00:00,2024-12-13 12:26:22.502131+00:00,2024-12-13 11:08:44.654952+00:00,0.0,median_energy_pkg,unit_test_energy,Sort_SortsListCorrectly4
_result,81,2024-12-10 12:26:22.502131+00:00,2024-12-13 12:26:22.502131+00:00,2024-12-13 11:41:26.400637+00:00,0.0,median_energy_pkg,unit_test_energy,Sort_SortsListCorrectly4
_result,81,2024-12-10 12:26:22.502131+00:00,2024-12-13 12:26:22.502131+00:00,2024-12-13 11:42:47.533616+00:00,0.0,median_energy_pkg,unit_test_energy,Sort_SortsListCorrectly4
_result,81,2024-12-10 12:26:22.502131+00:00,2024-12-13 12:26:22.502131+00:00,2024-12-13 11:44:09.101184+00:00,0.0,median_energy_pkg,unit_test_energy,Sort_SortsListCorrectly4
_result,81,2024-12-10 12:26:22.502131+00:00,2024-12-13 12:26:22.502131+00:00,2024-12-13 11:45:31.447919+00:00,0.0,median_energy_pkg,unit_test_energy,Sort_SortsListCorrectly4
_result,81,2024-12-10 12:26:22.502131+00:00,2024-12-13 12:26:22.502131+00:00,2024-12-13 11:46:53.493058+00:00,0.0,median_energy_pkg,unit_test_energy,Sort_SortsListCorrectly4
_result,81,2024-12-10 12:26:22.502131+00:00,2024-12-13 12:26:22.502131+00:00,2024-12-13 11:48:16.217392+00:00,0.0,median_energy_pkg,unit_test_energy,Sort_SortsListCorrectly4
_result,81,2024-12-10 12:26:22.502131+00:00,2024-12-13 12:26:22.502131+00:00,2024-12-13 11:49:37.989646+00:00,0.0,median_energy_pkg,unit_test_energy,Sort_SortsListCorrectly4
_result,81,2024-12-10 12:26:22.502131+00:00,2024-12-13 12:26:22.502131+00:00,2024-12-13 11:51:00.238008+00:00,0.0,median_energy_pkg,unit_test_energy,Sort_SortsListCorrectly4
_result,81,2024-12-10 12:26:22.502131+00:00,2024-12-13 12:26:22.502131+00:00,2024-12-13 11:52:21.861951+00:00,0.0,median_energy_pkg,unit_test_energy,Sort_SortsListCorrectly4
_result,81,2024-12-10 12:26:22.502131+00:00,2024-12-13 12:26:22.502131+00:00,2024-12-13 11:53:43.678024+00:00,0.0,median_energy_pkg,unit_test_energy,Sort_SortsListCorrectly4
_result,81,2024-12-10 12:26:22.502131+00:00,2024-12-13 12:26:22.502131+00:00,2024-12-13 11:55:05.956251+00:00,0.0,median_energy_pkg,unit_test_energy,Sort_SortsListCorrectly4
_result,81,2024-12-10 12:26:22.502131+00:00,2024-12-13 12:26:22.502131+00:00,2024-12-13 11:56:28.765759+00:00,0.0,median_energy_pkg,unit_test_energy,Sort_SortsListCorrectly4
_result,81,2024-12-10 12:26:22.502131+00:00,2024-12-13 12:26:22.502131+00:00,2024-12-13 11:57:51.200367+00:00,0.0,median_energy_pkg,unit_test_energy,Sort_SortsListCorrectly4
_result,81,2024-12-10 12:26:22.502131+00:00,2024-12-13 12:26:22.502131+00:00,2024-12-13 11:59:13.468939+00:00,0.0,median_energy_pkg,unit_test_energy,Sort_SortsListCorrectly4
_result,81,2024-12-10 12:26:22.502131+00:00,2024-12-13 12:26:22.502131+00:00,2024-12-13 12:00:35.393683+00:00,0.0,median_energy_pkg,unit_test_energy,Sort_SortsListCorrectly4
_result,81,2024-12-10 12:26:22.502131+00:00,2024-12-13 12:26:22.502131+00:00,2024-12-13 12:02:32.604996+00:00,0.0,median_energy_pkg,unit_test_energy,Sort_SortsListCorrectly4
_result,81,2024-12-10 12:26:22.502131+00:00,2024-12-13 12:26:22.502131+00:00,2024-12-13 12:03:54.593514+00:00,0.0,median_energy_pkg,unit_test_energy,Sort_SortsListCorrectly4
_result,81,2024-12-10 12:26:22.502131+00:00,2024-12-13 12:26:22.502131+00:00,2024-12-13 12:05:17.095946+00:00,0.0,median_energy_pkg,unit_test_energy,Sort_SortsListCorrectly4
_result,81,2024-12-10 12:26:22.502131+00:00,2024-12-13 12:26:22.502131+00:00,2024-12-13 12:06:39.088480+00:00,0.0,median_energy_pkg,unit_test_energy,Sort_SortsListCorrectly4
_result,81,2024-12-10 12:26:22.502131+00:00,2024-12-13 12:26:22.502131+00:00,2024-12-13 12:08:01.068951+00:00,0.0,median_energy_pkg,unit_test_energy,Sort_SortsListCorrectly4
_result,81,2024-12-10 12:26:22.502131+00:00,2024-12-13 12:26:22.502131+00:00,2024-12-13 12:09:23.672266+00:00,0.0,median_energy_pkg,unit_test_energy,Sort_SortsListCorrectly4
_result,81,2024-12-10 12:26:22.502131+00:00,2024-12-13 12:26:22.502131+00:00,2024-12-13 12:10:45.950632+00:00,0.0,median_energy_pkg,unit_test_energy,Sort_SortsListCorrectly4
_result,81,2024-12-10 12:26:22.502131+00:00,2024-12-13 12:26:22.502131+00:00,2024-12-13 12:12:07.959587+00:00,0.0,median_energy_pkg,unit_test_energy,Sort_SortsListCorrectly4
_result,81,2024-12-10 12:26:22.502131+00:00,2024-12-13 12:26:22.502131+00:00,2024-12-13 12:13:30.556901+00:00,0.0,median_energy_pkg,unit_test_energy,Sort_SortsListCorrectly4
_result,81,2024-12-10 12:26:22.502131+00:00,2024-12-13 12:26:22.502131+00:00,2024-12-13 12:14:53.296061+00:00,0.0,median_energy_pkg,unit_test_energy,Sort_SortsListCorrectly4
_result,81,2024-12-10 12:26:22.502131+00:00,2024-12-13 12:26:22.502131+00:00,2024-12-13 12:16:15.764582+00:00,0.0,median_energy_pkg,unit_test_energy,Sort_SortsListCorrectly4
_result,81,2024-12-10 12:26:22.502131+00:00,2024-12-13 12:26:22.502131+00:00,2024-12-13 12:17:38.048999+00:00,0.0,median_energy_pkg,unit_test_energy,Sort_SortsListCorrectly4
_result,81,2024-12-10 12:26:22.502131+00:00,2024-12-13 12:26:22.502131+00:00,2024-12-13 12:18:59.827644+00:00,0.0,median_energy_pkg,unit_test_energy,Sort_SortsListCorrectly4
_result,81,2024-12-10 12:26:22.502131+00:00,2024-12-13 12:26:22.502131+00:00,2024-12-13 12:20:22.000877+00:00,0.0,median_energy_pkg,unit_test_energy,Sort_SortsListCorrectly4
_result,81,2024-12-10 12:26:22.502131+00:00,2024-12-13 12:26:22.502131+00:00,2024-12-13 12:21:43.920671+00:00,0.0,median_energy_pkg,unit_test_energy,Sort_SortsListCorrectly4
_result,82,2024-12-10 12:26:22.502131+00:00,2024-12-13 12:26:22.502131+00:00,2024-12-13 10:21:00.043848+00:00,0.1534,total_energy_dram,unit_test_energy,Sort_SortsListCorrectly4
_result,82,2024-12-10 12:26:22.502131+00:00,2024-12-13 12:26:22.502131+00:00,2024-12-13 10:22:24.093104+00:00,0.1337,total_energy_dram,unit_test_energy,Sort_SortsListCorrectly4
_result,82,2024-12-10 12:26:22.502131+00:00,2024-12-13 12:26:22.502131+00:00,2024-12-13 10:23:49.398937+00:00,0.1345,total_energy_dram,unit_test_energy,Sort_SortsListCorrectly4
_result,82,2024-12-10 12:26:22.502131+00:00,2024-12-13 12:26:22.502131+00:00,2024-12-13 10:25:13.232551+00:00,0.1559,total_energy_dram,unit_test_energy,Sort_SortsListCorrectly4
_result,82,2024-12-10 12:26:22.502131+00:00,2024-12-13 12:26:22.502131+00:00,2024-12-13 10:26:36.856690+00:00,0.1813,total_energy_dram,unit_test_energy,Sort_SortsListCorrectly4
_result,82,2024-12-10 12:26:22.502131+00:00,2024-12-13 12:26:22.502131+00:00,2024-12-13 10:28:00.643679+00:00,0.1135,total_energy_dram,unit_test_energy,Sort_SortsListCorrectly4
_result,82,2024-12-10 12:26:22.502131+00:00,2024-12-13 12:26:22.502131+00:00,2024-12-13 10:29:23.899276+00:00,0.1383,total_energy_dram,unit_test_energy,Sort_SortsListCorrectly4
_result,82,2024-12-10 12:26:22.502131+00:00,2024-12-13 12:26:22.502131+00:00,2024-12-13 10:30:48.146401+00:00,0.1417,total_energy_dram,unit_test_energy,Sort_SortsListCorrectly4
_result,82,2024-12-10 12:26:22.502131+00:00,2024-12-13 12:26:22.502131+00:00,2024-12-13 10:32:11.491397+00:00,0.133,total_energy_dram,unit_test_energy,Sort_SortsListCorrectly4
_result,82,2024-12-10 12:26:22.502131+00:00,2024-12-13 12:26:22.502131+00:00,2024-12-13 10:33:37.404197+00:00,0.1344,total_energy_dram,unit_test_energy,Sort_SortsListCorrectly4
_result,82,2024-12-10 12:26:22.502131+00:00,2024-12-13 12:26:22.502131+00:00,2024-12-13 10:35:01.047309+00:00,0.1401,total_energy_dram,unit_test_energy,Sort_SortsListCorrectly4
_result,82,2024-12-10 12:26:22.502131+00:00,2024-12-13 12:26:22.502131+00:00,2024-12-13 10:36:24.536190+00:00,0.1952,total_energy_dram,unit_test_energy,Sort_SortsListCorrectly4
_result,82,2024-12-10 12:26:22.502131+00:00,2024-12-13 12:26:22.502131+00:00,2024-12-13 10:37:47.976950+00:00,0.1109,total_energy_dram,unit_test_energy,Sort_SortsListCorrectly4
_result,82,2024-12-10 12:26:22.502131+00:00,2024-12-13 12:26:22.502131+00:00,2024-12-13 10:39:10.892807+00:00,0.1126,total_energy_dram,unit_test_energy,Sort_SortsListCorrectly4
_result,82,2024-12-10 12:26:22.502131+00:00,2024-12-13 12:26:22.502131+00:00,2024-12-13 10:40:34.280651+00:00,0.1116,total_energy_dram,unit_test_energy,Sort_SortsListCorrectly4
_result,82,2024-12-10 12:26:22.502131+00:00,2024-12-13 12:26:22.502131+00:00,2024-12-13 10:49:17.075453+00:00,0.1108,total_energy_dram,unit_test_energy,Sort_SortsListCorrectly4
_result,82,2024-12-10 12:26:22.502131+00:00,2024-12-13 12:26:22.502131+00:00,2024-12-13 10:50:40.711570+00:00,0.1125,total_energy_dram,unit_test_energy,Sort_SortsListCorrectly4
_result,82,2024-12-10 12:26:22.502131+00:00,2024-12-13 12:26:22.502131+00:00,2024-12-13 10:52:03.813988+00:00,0.131,total_energy_dram,unit_test_energy,Sort_SortsListCorrectly4
_result,82,2024-12-10 12:26:22.502131+00:00,2024-12-13 12:26:22.502131+00:00,2024-12-13 10:53:27.176141+00:00,0.1116,total_energy_dram,unit_test_energy,Sort_SortsListCorrectly4
_result,82,2024-12-10 12:26:22.502131+00:00,2024-12-13 12:26:22.502131+00:00,2024-12-13 10:54:50.416976+00:00,0.1116,total_energy_dram,unit_test_energy,Sort_SortsListCorrectly4
_result,82,2024-12-10 12:26:22.502131+00:00,2024-12-13 12:26:22.502131+00:00,2024-12-13 10:56:13.537372+00:00,0.1489,total_energy_dram,unit_test_energy,Sort_SortsListCorrectly4
_result,82,2024-12-10 12:26:22.502131+00:00,2024-12-13 12:26:22.502131+00:00,2024-12-13 10:57:36.780768+00:00,0.1486,total_energy_dram,unit_test_energy,Sort_SortsListCorrectly4
_result,82,2024-12-10 12:26:22.502131+00:00,2024-12-13 12:26:22.502131+00:00,2024-12-13 10:59:00.273725+00:00,0.1485,total_energy_dram,unit_test_energy,Sort_SortsListCorrectly4
_result,82,2024-12-10 12:26:22.502131+00:00,2024-12-13 12:26:22.502131+00:00,2024-12-13 11:00:23.702725+00:00,0.1308,total_energy_dram,unit_test_energy,Sort_SortsListCorrectly4
_result,82,2024-12-10 12:26:22.502131+00:00,2024-12-13 12:26:22.502131+00:00,2024-12-13 11:01:47.063868+00:00,0.132,total_energy_dram,unit_test_energy,Sort_SortsListCorrectly4
_result,82,2024-12-10 12:26:22.502131+00:00,2024-12-13 12:26:22.502131+00:00,2024-12-13 11:03:11.410186+00:00,0.149,total_energy_dram,unit_test_energy,Sort_SortsListCorrectly4
_result,82,2024-12-10 12:26:22.502131+00:00,2024-12-13 12:26:22.502131+00:00,2024-12-13 11:04:35.010483+00:00,0.1118,total_energy_dram,unit_test_energy,Sort_SortsListCorrectly4
_result,82,2024-12-10 12:26:22.502131+00:00,2024-12-13 12:26:22.502131+00:00,2024-12-13 11:05:58.868921+00:00,0.1341,total_energy_dram,unit_test_energy,Sort_SortsListCorrectly4
_result,82,2024-12-10 12:26:22.502131+00:00,2024-12-13 12:26:22.502131+00:00,2024-12-13 11:07:21.595989+00:00,0.1518,total_energy_dram,unit_test_energy,Sort_SortsListCorrectly4
_result,82,2024-12-10 12:26:22.502131+00:00,2024-12-13 12:26:22.502131+00:00,2024-12-13 11:08:44.654952+00:00,0.115,total_energy_dram,unit_test_energy,Sort_SortsListCorrectly4
_result,82,2024-12-10 12:26:22.502131+00:00,2024-12-13 12:26:22.502131+00:00,2024-12-13 11:41:26.400637+00:00,0.1073,total_energy_dram,unit_test_energy,Sort_SortsListCorrectly4
_result,82,2024-12-10 12:26:22.502131+00:00,2024-12-13 12:26:22.502131+00:00,2024-12-13 11:42:47.533616+00:00,0.2227,total_energy_dram,unit_test_energy,Sort_SortsListCorrectly4
_result,82,2024-12-10 12:26:22.502131+00:00,2024-12-13 12:26:22.502131+00:00,2024-12-13 11:44:09.101184+00:00,0.114,total_energy_dram,unit_test_energy,Sort_SortsListCorrectly4
_result,82,2024-12-10 12:26:22.502131+00:00,2024-12-13 12:26:22.502131+00:00,2024-12-13 11:45:31.447919+00:00,0.202,total_energy_dram,unit_test_energy,Sort_SortsListCorrectly4
_result,82,2024-12-10 12:26:22.502131+00:00,2024-12-13 12:26:22.502131+00:00,2024-12-13 11:46:53.493058+00:00,0.1132,total_energy_dram,unit_test_energy,Sort_SortsListCorrectly4
_result,82,2024-12-10 12:26:22.502131+00:00,2024-12-13 12:26:22.502131+00:00,2024-12-13 11:48:16.217392+00:00,0.1124,total_energy_dram,unit_test_energy,Sort_SortsListCorrectly4
_result,82,2024-12-10 12:26:22.502131+00:00,2024-12-13 12:26:22.502131+00:00,2024-12-13 11:49:37.989646+00:00,0.1095,total_energy_dram,unit_test_energy,Sort_SortsListCorrectly4
_result,82,2024-12-10 12:26:22.502131+00:00,2024-12-13 12:26:22.502131+00:00,2024-12-13 11:51:00.238008+00:00,0.1496,total_energy_dram,unit_test_energy,Sort_SortsListCorrectly4
_result,82,2024-12-10 12:26:22.502131+00:00,2024-12-13 12:26:22.502131+00:00,2024-12-13 11:52:21.861951+00:00,0.2237,total_energy_dram,unit_test_energy,Sort_SortsListCorrectly4
_result,82,2024-12-10 12:26:22.502131+00:00,2024-12-13 12:26:22.502131+00:00,2024-12-13 11:53:43.678024+00:00,0.227,total_energy_dram,unit_test_energy,Sort_SortsListCorrectly4
_result,82,2024-12-10 12:26:22.502131+00:00,2024-12-13 12:26:22.502131+00:00,2024-12-13 11:55:05.956251+00:00,0.2182,total_energy_dram,unit_test_energy,Sort_SortsListCorrectly4
_result,82,2024-12-10 12:26:22.502131+00:00,2024-12-13 12:26:22.502131+00:00,2024-12-13 11:56:28.765759+00:00,0.136,total_energy_dram,unit_test_energy,Sort_SortsListCorrectly4
_result,82,2024-12-10 12:26:22.502131+00:00,2024-12-13 12:26:22.502131+00:00,2024-12-13 11:57:51.200367+00:00,0.0899,total_energy_dram,unit_test_energy,Sort_SortsListCorrectly4
_result,82,2024-12-10 12:26:22.502131+00:00,2024-12-13 12:26:22.502131+00:00,2024-12-13 11:59:13.468939+00:00,0.1033,total_energy_dram,unit_test_energy,Sort_SortsListCorrectly4
_result,82,2024-12-10 12:26:22.502131+00:00,2024-12-13 12:26:22.502131+00:00,2024-12-13 12:00:35.393683+00:00,0.1359,total_energy_dram,unit_test_energy,Sort_SortsListCorrectly4
_result,82,2024-12-10 12:26:22.502131+00:00,2024-12-13 12:26:22.502131+00:00,2024-12-13 12:02:32.604996+00:00,0.2824,total_energy_dram,unit_test_energy,Sort_SortsListCorrectly4
_result,82,2024-12-10 12:26:22.502131+00:00,2024-12-13 12:26:22.502131+00:00,2024-12-13 12:03:54.593514+00:00,0.1127,total_energy_dram,unit_test_energy,Sort_SortsListCorrectly4
_result,82,2024-12-10 12:26:22.502131+00:00,2024-12-13 12:26:22.502131+00:00,2024-12-13 12:05:17.095946+00:00,0.11,total_energy_dram,unit_test_energy,Sort_SortsListCorrectly4
_result,82,2024-12-10 12:26:22.502131+00:00,2024-12-13 12:26:22.502131+00:00,2024-12-13 12:06:39.088480+00:00,0.1146,total_energy_dram,unit_test_energy,Sort_SortsListCorrectly4
_result,82,2024-12-10 12:26:22.502131+00:00,2024-12-13 12:26:22.502131+00:00,2024-12-13 12:08:01.068951+00:00,0.1389,total_energy_dram,unit_test_energy,Sort_SortsListCorrectly4
_result,82,2024-12-10 12:26:22.502131+00:00,2024-12-13 12:26:22.502131+00:00,2024-12-13 12:09:23.672266+00:00,0.1365,total_energy_dram,unit_test_energy,Sort_SortsListCorrectly4
_result,82,2024-12-10 12:26:22.502131+00:00,2024-12-13 12:26:22.502131+00:00,2024-12-13 12:10:45.950632+00:00,0.1269,total_energy_dram,unit_test_energy,Sort_SortsListCorrectly4
_result,82,2024-12-10 12:26:22.502131+00:00,2024-12-13 12:26:22.502131+00:00,2024-12-13 12:12:07.959587+00:00,0.1099,total_energy_dram,unit_test_energy,Sort_SortsListCorrectly4
_result,82,2024-12-10 12:26:22.502131+00:00,2024-12-13 12:26:22.502131+00:00,2024-12-13 12:13:30.556901+00:00,0.2231,total_energy_dram,unit_test_energy,Sort_SortsListCorrectly4
_result,82,2024-12-10 12:26:22.502131+00:00,2024-12-13 12:26:22.502131+00:00,2024-12-13 12:14:53.296061+00:00,0.1575,total_energy_dram,unit_test_energy,Sort_SortsListCorrectly4
_result,82,2024-12-10 12:26:22.502131+00:00,2024-12-13 12:26:22.502131+00:00,2024-12-13 12:16:15.764582+00:00,0.1102,total_energy_dram,unit_test_energy,Sort_SortsListCorrectly4
_result,82,2024-12-10 12:26:22.502131+00:00,2024-12-13 12:26:22.502131+00:00,2024-12-13 12:17:38.048999+00:00,0.1344,total_energy_dram,unit_test_energy,Sort_SortsListCorrectly4
_result,82,2024-12-10 12:26:22.502131+00:00,2024-12-13 12:26:22.502131+00:00,2024-12-13 12:18:59.827644+00:00,0.2434,total_energy_dram,unit_test_energy,Sort_SortsListCorrectly4
_result,82,2024-12-10 12:26:22.502131+00:00,2024-12-13 12:26:22.502131+00:00,2024-12-13 12:20:22.000877+00:00,0.1169,total_energy_dram,unit_test_energy,Sort_SortsListCorrectly4
_result,82,2024-12-10 12:26:22.502131+00:00,2024-12-13 12:26:22.502131+00:00,2024-12-13 12:21:43.920671+00:00,0.1358,total_energy_dram,unit_test_energy,Sort_SortsListCorrectly4
_result,83,2024-12-10 12:26:22.502131+00:00,2024-12-13 12:26:22.502131+00:00,2024-12-13 10:21:00.043848+00:00,0.3967,total_energy_pkg,unit_test_energy,Sort_SortsListCorrectly4
_result,83,2024-12-10 12:26:22.502131+00:00,2024-12-13 12:26:22.502131+00:00,2024-12-13 10:22:24.093104+00:00,0.4125,total_energy_pkg,unit_test_energy,Sort_SortsListCorrectly4
_result,83,2024-12-10 12:26:22.502131+00:00,2024-12-13 12:26:22.502131+00:00,2024-12-13 10:23:49.398937+00:00,0.3837,total_energy_pkg,unit_test_energy,Sort_SortsListCorrectly4
_result,83,2024-12-10 12:26:22.502131+00:00,2024-12-13 12:26:22.502131+00:00,2024-12-13 10:25:13.232551+00:00,0.4124,total_energy_pkg,unit_test_energy,Sort_SortsListCorrectly4
_result,83,2024-12-10 12:26:22.502131+00:00,2024-12-13 12:26:22.502131+00:00,2024-12-13 10:26:36.856690+00:00,0.4984,total_energy_pkg,unit_test_energy,Sort_SortsListCorrectly4
_result,83,2024-12-10 12:26:22.502131+00:00,2024-12-13 12:26:22.502131+00:00,2024-12-13 10:28:00.643679+00:00,0.3096,total_energy_pkg,unit_test_energy,Sort_SortsListCorrectly4
_result,83,2024-12-10 12:26:22.502131+00:00,2024-12-13 12:26:22.502131+00:00,2024-12-13 10:29:23.899276+00:00,0.3572,total_energy_pkg,unit_test_energy,Sort_SortsListCorrectly4
_result,83,2024-12-10 12:26:22.502131+00:00,2024-12-13 12:26:22.502131+00:00,2024-12-13 10:30:48.146401+00:00,0.3992,total_energy_pkg,unit_test_energy,Sort_SortsListCorrectly4
_result,83,2024-12-10 12:26:22.502131+00:00,2024-12-13 12:26:22.502131+00:00,2024-12-13 10:32:11.491397+00:00,0.3663,total_energy_pkg,unit_test_energy,Sort_SortsListCorrectly4
_result,83,2024-12-10 12:26:22.502131+00:00,2024-12-13 12:26:22.502131+00:00,2024-12-13 10:33:37.404197+00:00,0.3707,total_energy_pkg,unit_test_energy,Sort_SortsListCorrectly4
_result,83,2024-12-10 12:26:22.502131+00:00,2024-12-13 12:26:22.502131+00:00,2024-12-13 10:35:01.047309+00:00,0.2725,total_energy_pkg,unit_test_energy,Sort_SortsListCorrectly4
_result,83,2024-12-10 12:26:22.502131+00:00,2024-12-13 12:26:22.502131+00:00,2024-12-13 10:36:24.536190+00:00,0.4973,total_energy_pkg,unit_test_energy,Sort_SortsListCorrectly4
_result,83,2024-12-10 12:26:22.502131+00:00,2024-12-13 12:26:22.502131+00:00,2024-12-13 10:37:47.976950+00:00,0.2072,total_energy_pkg,unit_test_energy,Sort_SortsListCorrectly4
_result,83,2024-12-10 12:26:22.502131+00:00,2024-12-13 12:26:22.502131+00:00,2024-12-13 10:39:10.892807+00:00,0.2111,total_energy_pkg,unit_test_energy,Sort_SortsListCorrectly4
_result,83,2024-12-10 12:26:22.502131+00:00,2024-12-13 12:26:22.502131+00:00,2024-12-13 10:40:34.280651+00:00,0.2145,total_energy_pkg,unit_test_energy,Sort_SortsListCorrectly4
_result,83,2024-12-10 12:26:22.502131+00:00,2024-12-13 12:26:22.502131+00:00,2024-12-13 10:49:17.075453+00:00,0.2219,total_energy_pkg,unit_test_energy,Sort_SortsListCorrectly4
_result,83,2024-12-10 12:26:22.502131+00:00,2024-12-13 12:26:22.502131+00:00,2024-12-13 10:50:40.711570+00:00,0.2039,total_energy_pkg,unit_test_energy,Sort_SortsListCorrectly4
_result,83,2024-12-10 12:26:22.502131+00:00,2024-12-13 12:26:22.502131+00:00,2024-12-13 10:52:03.813988+00:00,0.2375,total_energy_pkg,unit_test_energy,Sort_SortsListCorrectly4
_result,83,2024-12-10 12:26:22.502131+00:00,2024-12-13 12:26:22.502131+00:00,2024-12-13 10:53:27.176141+00:00,0.2087,total_energy_pkg,unit_test_energy,Sort_SortsListCorrectly4
_result,83,2024-12-10 12:26:22.502131+00:00,2024-12-13 12:26:22.502131+00:00,2024-12-13 10:54:50.416976+00:00,0.2086,total_energy_pkg,unit_test_energy,Sort_SortsListCorrectly4
_result,83,2024-12-10 12:26:22.502131+00:00,2024-12-13 12:26:22.502131+00:00,2024-12-13 10:56:13.537372+00:00,0.2769,total_energy_pkg,unit_test_energy,Sort_SortsListCorrectly4
_result,83,2024-12-10 12:26:22.502131+00:00,2024-12-13 12:26:22.502131+00:00,2024-12-13 10:57:36.780768+00:00,0.278,total_energy_pkg,unit_test_energy,Sort_SortsListCorrectly4
_result,83,2024-12-10 12:26:22.502131+00:00,2024-12-13 12:26:22.502131+00:00,2024-12-13 10:59:00.273725+00:00,0.2772,total_energy_pkg,unit_test_energy,Sort_SortsListCorrectly4
_result,83,2024-12-10 12:26:22.502131+00:00,2024-12-13 12:26:22.502131+00:00,2024-12-13 11:00:23.702725+00:00,0.246,total_energy_pkg,unit_test_energy,Sort_SortsListCorrectly4
_result,83,2024-12-10 12:26:22.502131+00:00,2024-12-13 12:26:22.502131+00:00,2024-12-13 11:01:47.063868+00:00,0.254,total_energy_pkg,unit_test_energy,Sort_SortsListCorrectly4
_result,83,2024-12-10 12:26:22.502131+00:00,2024-12-13 12:26:22.502131+00:00,2024-12-13 11:03:11.410186+00:00,0.2789,total_energy_pkg,unit_test_energy,Sort_SortsListCorrectly4
_result,83,2024-12-10 12:26:22.502131+00:00,2024-12-13 12:26:22.502131+00:00,2024-12-13 11:04:35.010483+00:00,0.2194,total_energy_pkg,unit_test_energy,Sort_SortsListCorrectly4
_result,83,2024-12-10 12:26:22.502131+00:00,2024-12-13 12:26:22.502131+00:00,2024-12-13 11:05:58.868921+00:00,0.3647,total_energy_pkg,unit_test_energy,Sort_SortsListCorrectly4
_result,83,2024-12-10 12:26:22.502131+00:00,2024-12-13 12:26:22.502131+00:00,2024-12-13 11:07:21.595989+00:00,0.2769,total_energy_pkg,unit_test_energy,Sort_SortsListCorrectly4
_result,83,2024-12-10 12:26:22.502131+00:00,2024-12-13 12:26:22.502131+00:00,2024-12-13 11:08:44.654952+00:00,0.287,total_energy_pkg,unit_test_energy,Sort_SortsListCorrectly4
_result,83,2024-12-10 12:26:22.502131+00:00,2024-12-13 12:26:22.502131+00:00,2024-12-13 11:41:26.400637+00:00,0.303,total_energy_pkg,unit_test_energy,Sort_SortsListCorrectly4
_result,83,2024-12-10 12:26:22.502131+00:00,2024-12-13 12:26:22.502131+00:00,2024-12-13 11:42:47.533616+00:00,0.415,total_energy_pkg,unit_test_energy,Sort_SortsListCorrectly4
_result,83,2024-12-10 12:26:22.502131+00:00,2024-12-13 12:26:22.502131+00:00,2024-12-13 11:44:09.101184+00:00,0.2177,total_energy_pkg,unit_test_energy,Sort_SortsListCorrectly4
_result,83,2024-12-10 12:26:22.502131+00:00,2024-12-13 12:26:22.502131+00:00,2024-12-13 11:45:31.447919+00:00,0.4053,total_energy_pkg,unit_test_energy,Sort_SortsListCorrectly4
_result,83,2024-12-10 12:26:22.502131+00:00,2024-12-13 12:26:22.502131+00:00,2024-12-13 11:46:53.493058+00:00,0.225,total_energy_pkg,unit_test_energy,Sort_SortsListCorrectly4
_result,83,2024-12-10 12:26:22.502131+00:00,2024-12-13 12:26:22.502131+00:00,2024-12-13 11:48:16.217392+00:00,0.2141,total_energy_pkg,unit_test_energy,Sort_SortsListCorrectly4
_result,83,2024-12-10 12:26:22.502131+00:00,2024-12-13 12:26:22.502131+00:00,2024-12-13 11:49:37.989646+00:00,0.2355,total_energy_pkg,unit_test_energy,Sort_SortsListCorrectly4
_result,83,2024-12-10 12:26:22.502131+00:00,2024-12-13 12:26:22.502131+00:00,2024-12-13 11:51:00.238008+00:00,0.2852,total_energy_pkg,unit_test_energy,Sort_SortsListCorrectly4
_result,83,2024-12-10 12:26:22.502131+00:00,2024-12-13 12:26:22.502131+00:00,2024-12-13 11:52:21.861951+00:00,0.4149,total_energy_pkg,unit_test_energy,Sort_SortsListCorrectly4
_result,83,2024-12-10 12:26:22.502131+00:00,2024-12-13 12:26:22.502131+00:00,2024-12-13 11:53:43.678024+00:00,0.4334,total_energy_pkg,unit_test_energy,Sort_SortsListCorrectly4
_result,83,2024-12-10 12:26:22.502131+00:00,2024-12-13 12:26:22.502131+00:00,2024-12-13 11:55:05.956251+00:00,0.4545,total_energy_pkg,unit_test_energy,Sort_SortsListCorrectly4
_result,83,2024-12-10 12:26:22.502131+00:00,2024-12-13 12:26:22.502131+00:00,2024-12-13 11:56:28.765759+00:00,0.358,total_energy_pkg,unit_test_energy,Sort_SortsListCorrectly4
_result,83,2024-12-10 12:26:22.502131+00:00,2024-12-13 12:26:22.502131+00:00,2024-12-13 11:57:51.200367+00:00,0.2345,total_energy_pkg,unit_test_energy,Sort_SortsListCorrectly4
_result,83,2024-12-10 12:26:22.502131+00:00,2024-12-13 12:26:22.502131+00:00,2024-12-13 11:59:13.468939+00:00,0.2539,total_energy_pkg,unit_test_energy,Sort_SortsListCorrectly4
_result,83,2024-12-10 12:26:22.502131+00:00,2024-12-13 12:26:22.502131+00:00,2024-12-13 12:00:35.393683+00:00,0.3427,total_energy_pkg,unit_test_energy,Sort_SortsListCorrectly4
_result,83,2024-12-10 12:26:22.502131+00:00,2024-12-13 12:26:22.502131+00:00,2024-12-13 12:02:32.604996+00:00,0.6568,total_energy_pkg,unit_test_energy,Sort_SortsListCorrectly4
_result,83,2024-12-10 12:26:22.502131+00:00,2024-12-13 12:26:22.502131+00:00,2024-12-13 12:03:54.593514+00:00,0.2242,total_energy_pkg,unit_test_energy,Sort_SortsListCorrectly4
_result,83,2024-12-10 12:26:22.502131+00:00,2024-12-13 12:26:22.502131+00:00,2024-12-13 12:05:17.095946+00:00,0.301,total_energy_pkg,unit_test_energy,Sort_SortsListCorrectly4
_result,83,2024-12-10 12:26:22.502131+00:00,2024-12-13 12:26:22.502131+00:00,2024-12-13 12:06:39.088480+00:00,0.3008,total_energy_pkg,unit_test_energy,Sort_SortsListCorrectly4
_result,83,2024-12-10 12:26:22.502131+00:00,2024-12-13 12:26:22.502131+00:00,2024-12-13 12:08:01.068951+00:00,0.2859,total_energy_pkg,unit_test_energy,Sort_SortsListCorrectly4
_result,83,2024-12-10 12:26:22.502131+00:00,2024-12-13 12:26:22.502131+00:00,2024-12-13 12:09:23.672266+00:00,0.3669,total_energy_pkg,unit_test_energy,Sort_SortsListCorrectly4
_result,83,2024-12-10 12:26:22.502131+00:00,2024-12-13 12:26:22.502131+00:00,2024-12-13 12:10:45.950632+00:00,0.319,total_energy_pkg,unit_test_energy,Sort_SortsListCorrectly4
_result,83,2024-12-10 12:26:22.502131+00:00,2024-12-13 12:26:22.502131+00:00,2024-12-13 12:12:07.959587+00:00,0.2905,total_energy_pkg,unit_test_energy,Sort_SortsListCorrectly4
_result,83,2024-12-10 12:26:22.502131+00:00,2024-12-13 12:26:22.502131+00:00,2024-12-13 12:13:30.556901+00:00,0.5929,total_energy_pkg,unit_test_energy,Sort_SortsListCorrectly4
_result,83,2024-12-10 12:26:22.502131+00:00,2024-12-13 12:26:22.502131+00:00,2024-12-13 12:14:53.296061+00:00,0.3831,total_energy_pkg,unit_test_energy,Sort_SortsListCorrectly4
_result,83,2024-12-10 12:26:22.502131+00:00,2024-12-13 12:26:22.502131+00:00,2024-12-13 12:16:15.764582+00:00,0.2929,total_energy_pkg,unit_test_energy,Sort_SortsListCorrectly4
_result,83,2024-12-10 12:26:22.502131+00:00,2024-12-13 12:26:22.502131+00:00,2024-12-13 12:17:38.048999+00:00,0.3574,total_energy_pkg,unit_test_energy,Sort_SortsListCorrectly4
_result,83,2024-12-10 12:26:22.502131+00:00,2024-12-13 12:26:22.502131+00:00,2024-12-13 12:18:59.827644+00:00,0.639,total_energy_pkg,unit_test_energy,Sort_SortsListCorrectly4
_result,83,2024-12-10 12:26:22.502131+00:00,2024-12-13 12:26:22.502131+00:00,2024-12-13 12:20:22.000877+00:00,0.2443,total_energy_pkg,unit_test_energy,Sort_SortsListCorrectly4
_result,83,2024-12-10 12:26:22.502131+00:00,2024-12-13 12:26:22.502131+00:00,2024-12-13 12:21:43.920671+00:00,0.3323,total_energy_pkg,unit_test_energy,Sort_SortsListCorrectly4
