result,table,_start,_stop,_time,_value,_field,_measurement,test_name
_result,0,2024-11-26 15:08:35.089462+00:00,2024-11-29 15:08:35.089462+00:00,2024-11-27 15:04:07.967254+00:00,50.1736,avg_energy_dram,unit_test_energy,BubbleSort_SortsListCorrectly
_result,0,2024-11-26 15:08:35.089462+00:00,2024-11-29 15:08:35.089462+00:00,2024-11-27 15:05:29.542417+00:00,51.5504,avg_energy_dram,unit_test_energy,BubbleSort_SortsListCorrectly
_result,0,2024-11-26 15:08:35.089462+00:00,2024-11-29 15:08:35.089462+00:00,2024-11-27 15:06:51.370445+00:00,51.5434,avg_energy_dram,unit_test_energy,BubbleSort_SortsListCorrectly
_result,0,2024-11-26 15:08:35.089462+00:00,2024-11-29 15:08:35.089462+00:00,2024-11-27 15:08:13.524654+00:00,44.6686,avg_energy_dram,unit_test_energy,BubbleSort_SortsListCorrectly
_result,0,2024-11-26 15:08:35.089462+00:00,2024-11-29 15:08:35.089462+00:00,2024-11-27 15:09:35.371360+00:00,50.925,avg_energy_dram,unit_test_energy,BubbleSort_SortsListCorrectly
_result,0,2024-11-26 15:08:35.089462+00:00,2024-11-29 15:08:35.089462+00:00,2024-11-27 15:10:57.030897+00:00,51.514,avg_energy_dram,unit_test_energy,BubbleSort_SortsListCorrectly
_result,0,2024-11-26 15:08:35.089462+00:00,2024-11-29 15:08:35.089462+00:00,2024-11-27 15:12:19.096826+00:00,51.5432,avg_energy_dram,unit_test_energy,BubbleSort_SortsListCorrectly
_result,0,2024-11-26 15:08:35.089462+00:00,2024-11-29 15:08:35.089462+00:00,2024-11-27 15:13:40.718935+00:00,51.538,avg_energy_dram,unit_test_energy,BubbleSort_SortsListCorrectly
_result,0,2024-11-26 15:08:35.089462+00:00,2024-11-29 15:08:35.089462+00:00,2024-11-27 15:15:02.812608+00:00,51.5518,avg_energy_dram,unit_test_energy,BubbleSort_SortsListCorrectly
_result,0,2024-11-26 15:08:35.089462+00:00,2024-11-29 15:08:35.089462+00:00,2024-11-27 15:16:24.248693+00:00,51.5187,avg_energy_dram,unit_test_energy,BubbleSort_SortsListCorrectly
_result,0,2024-11-26 15:08:35.089462+00:00,2024-11-29 15:08:35.089462+00:00,2024-11-27 15:17:46.371641+00:00,46.216,avg_energy_dram,unit_test_energy,BubbleSort_SortsListCorrectly
_result,0,2024-11-26 15:08:35.089462+00:00,2024-11-29 15:08:35.089462+00:00,2024-11-27 15:19:07.977808+00:00,51.4985,avg_energy_dram,unit_test_energy,BubbleSort_SortsListCorrectly
_result,0,2024-11-26 15:08:35.089462+00:00,2024-11-29 15:08:35.089462+00:00,2024-11-27 15:20:29.722183+00:00,51.5028,avg_energy_dram,unit_test_energy,BubbleSort_SortsListCorrectly
_result,0,2024-11-26 15:08:35.089462+00:00,2024-11-29 15:08:35.089462+00:00,2024-11-27 15:21:51.368688+00:00,51.8994,avg_energy_dram,unit_test_energy,BubbleSort_SortsListCorrectly
_result,0,2024-11-26 15:08:35.089462+00:00,2024-11-29 15:08:35.089462+00:00,2024-11-27 15:23:12.719141+00:00,50.4635,avg_energy_dram,unit_test_energy,BubbleSort_SortsListCorrectly
_result,0,2024-11-26 15:08:35.089462+00:00,2024-11-29 15:08:35.089462+00:00,2024-11-27 15:26:15.870346+00:00,51.8841,avg_energy_dram,unit_test_energy,BubbleSort_SortsListCorrectly
_result,0,2024-11-26 15:08:35.089462+00:00,2024-11-29 15:08:35.089462+00:00,2024-11-27 15:27:37.707129+00:00,51.6119,avg_energy_dram,unit_test_energy,BubbleSort_SortsListCorrectly
_result,0,2024-11-26 15:08:35.089462+00:00,2024-11-29 15:08:35.089462+00:00,2024-11-27 15:28:59.169315+00:00,51.5549,avg_energy_dram,unit_test_energy,BubbleSort_SortsListCorrectly
_result,0,2024-11-26 15:08:35.089462+00:00,2024-11-29 15:08:35.089462+00:00,2024-11-27 15:30:20.270525+00:00,51.5864,avg_energy_dram,unit_test_energy,BubbleSort_SortsListCorrectly
_result,0,2024-11-26 15:08:35.089462+00:00,2024-11-29 15:08:35.089462+00:00,2024-11-27 15:31:41.612983+00:00,51.6212,avg_energy_dram,unit_test_energy,BubbleSort_SortsListCorrectly
_result,0,2024-11-26 15:08:35.089462+00:00,2024-11-29 15:08:35.089462+00:00,2024-11-27 15:33:03.055424+00:00,51.743,avg_energy_dram,unit_test_energy,BubbleSort_SortsListCorrectly
_result,0,2024-11-26 15:08:35.089462+00:00,2024-11-29 15:08:35.089462+00:00,2024-11-27 15:34:24.417616+00:00,51.8887,avg_energy_dram,unit_test_energy,BubbleSort_SortsListCorrectly
_result,0,2024-11-26 15:08:35.089462+00:00,2024-11-29 15:08:35.089462+00:00,2024-11-27 15:35:45.931242+00:00,48.7869,avg_energy_dram,unit_test_energy,BubbleSort_SortsListCorrectly
_result,0,2024-11-26 15:08:35.089462+00:00,2024-11-29 15:08:35.089462+00:00,2024-11-27 15:37:08.073911+00:00,51.9012,avg_energy_dram,unit_test_energy,BubbleSort_SortsListCorrectly
_result,0,2024-11-26 15:08:35.089462+00:00,2024-11-29 15:08:35.089462+00:00,2024-11-27 15:38:29.229549+00:00,51.9132,avg_energy_dram,unit_test_energy,BubbleSort_SortsListCorrectly
_result,0,2024-11-26 15:08:35.089462+00:00,2024-11-29 15:08:35.089462+00:00,2024-11-27 15:39:50.617145+00:00,51.8977,avg_energy_dram,unit_test_energy,BubbleSort_SortsListCorrectly
_result,0,2024-11-26 15:08:35.089462+00:00,2024-11-29 15:08:35.089462+00:00,2024-11-27 15:41:11.753837+00:00,51.9136,avg_energy_dram,unit_test_energy,BubbleSort_SortsListCorrectly
_result,0,2024-11-26 15:08:35.089462+00:00,2024-11-29 15:08:35.089462+00:00,2024-11-27 15:42:33.061836+00:00,51.8982,avg_energy_dram,unit_test_energy,BubbleSort_SortsListCorrectly
_result,0,2024-11-26 15:08:35.089462+00:00,2024-11-29 15:08:35.089462+00:00,2024-11-27 15:43:55.047327+00:00,51.8925,avg_energy_dram,unit_test_energy,BubbleSort_SortsListCorrectly
_result,0,2024-11-26 15:08:35.089462+00:00,2024-11-29 15:08:35.089462+00:00,2024-11-27 15:45:16.311194+00:00,51.916,avg_energy_dram,unit_test_energy,BubbleSort_SortsListCorrectly
_result,1,2024-11-26 15:08:35.089462+00:00,2024-11-29 15:08:35.089462+00:00,2024-11-27 15:04:07.967254+00:00,126.3066,avg_energy_pkg,unit_test_energy,BubbleSort_SortsListCorrectly
_result,1,2024-11-26 15:08:35.089462+00:00,2024-11-29 15:08:35.089462+00:00,2024-11-27 15:05:29.542417+00:00,128.2475,avg_energy_pkg,unit_test_energy,BubbleSort_SortsListCorrectly
_result,1,2024-11-26 15:08:35.089462+00:00,2024-11-29 15:08:35.089462+00:00,2024-11-27 15:06:51.370445+00:00,127.9789,avg_energy_pkg,unit_test_energy,BubbleSort_SortsListCorrectly
_result,1,2024-11-26 15:08:35.089462+00:00,2024-11-29 15:08:35.089462+00:00,2024-11-27 15:08:13.524654+00:00,120.9439,avg_energy_pkg,unit_test_energy,BubbleSort_SortsListCorrectly
_result,1,2024-11-26 15:08:35.089462+00:00,2024-11-29 15:08:35.089462+00:00,2024-11-27 15:09:35.371360+00:00,127.2951,avg_energy_pkg,unit_test_energy,BubbleSort_SortsListCorrectly
_result,1,2024-11-26 15:08:35.089462+00:00,2024-11-29 15:08:35.089462+00:00,2024-11-27 15:10:57.030897+00:00,128.2403,avg_energy_pkg,unit_test_energy,BubbleSort_SortsListCorrectly
_result,1,2024-11-26 15:08:35.089462+00:00,2024-11-29 15:08:35.089462+00:00,2024-11-27 15:12:19.096826+00:00,128.5254,avg_energy_pkg,unit_test_energy,BubbleSort_SortsListCorrectly
_result,1,2024-11-26 15:08:35.089462+00:00,2024-11-29 15:08:35.089462+00:00,2024-11-27 15:13:40.718935+00:00,128.511,avg_energy_pkg,unit_test_energy,BubbleSort_SortsListCorrectly
_result,1,2024-11-26 15:08:35.089462+00:00,2024-11-29 15:08:35.089462+00:00,2024-11-27 15:15:02.812608+00:00,128.4647,avg_energy_pkg,unit_test_energy,BubbleSort_SortsListCorrectly
_result,1,2024-11-26 15:08:35.089462+00:00,2024-11-29 15:08:35.089462+00:00,2024-11-27 15:16:24.248693+00:00,127.9146,avg_energy_pkg,unit_test_energy,BubbleSort_SortsListCorrectly
_result,1,2024-11-26 15:08:35.089462+00:00,2024-11-29 15:08:35.089462+00:00,2024-11-27 15:17:46.371641+00:00,124.0738,avg_energy_pkg,unit_test_energy,BubbleSort_SortsListCorrectly
_result,1,2024-11-26 15:08:35.089462+00:00,2024-11-29 15:08:35.089462+00:00,2024-11-27 15:19:07.977808+00:00,128.1146,avg_energy_pkg,unit_test_energy,BubbleSort_SortsListCorrectly
_result,1,2024-11-26 15:08:35.089462+00:00,2024-11-29 15:08:35.089462+00:00,2024-11-27 15:20:29.722183+00:00,127.662,avg_energy_pkg,unit_test_energy,BubbleSort_SortsListCorrectly
_result,1,2024-11-26 15:08:35.089462+00:00,2024-11-29 15:08:35.089462+00:00,2024-11-27 15:21:51.368688+00:00,127.9726,avg_energy_pkg,unit_test_energy,BubbleSort_SortsListCorrectly
_result,1,2024-11-26 15:08:35.089462+00:00,2024-11-29 15:08:35.089462+00:00,2024-11-27 15:23:12.719141+00:00,126.8612,avg_energy_pkg,unit_test_energy,BubbleSort_SortsListCorrectly
_result,1,2024-11-26 15:08:35.089462+00:00,2024-11-29 15:08:35.089462+00:00,2024-11-27 15:26:15.870346+00:00,127.8394,avg_energy_pkg,unit_test_energy,BubbleSort_SortsListCorrectly
_result,1,2024-11-26 15:08:35.089462+00:00,2024-11-29 15:08:35.089462+00:00,2024-11-27 15:27:37.707129+00:00,127.984,avg_energy_pkg,unit_test_energy,BubbleSort_SortsListCorrectly
_result,1,2024-11-26 15:08:35.089462+00:00,2024-11-29 15:08:35.089462+00:00,2024-11-27 15:28:59.169315+00:00,128.4096,avg_energy_pkg,unit_test_energy,BubbleSort_SortsListCorrectly
_result,1,2024-11-26 15:08:35.089462+00:00,2024-11-29 15:08:35.089462+00:00,2024-11-27 15:30:20.270525+00:00,128.4214,avg_energy_pkg,unit_test_energy,BubbleSort_SortsListCorrectly
_result,1,2024-11-26 15:08:35.089462+00:00,2024-11-29 15:08:35.089462+00:00,2024-11-27 15:31:41.612983+00:00,128.1317,avg_energy_pkg,unit_test_energy,BubbleSort_SortsListCorrectly
_result,1,2024-11-26 15:08:35.089462+00:00,2024-11-29 15:08:35.089462+00:00,2024-11-27 15:33:03.055424+00:00,128.3839,avg_energy_pkg,unit_test_energy,BubbleSort_SortsListCorrectly
_result,1,2024-11-26 15:08:35.089462+00:00,2024-11-29 15:08:35.089462+00:00,2024-11-27 15:34:24.417616+00:00,128.3988,avg_energy_pkg,unit_test_energy,BubbleSort_SortsListCorrectly
_result,1,2024-11-26 15:08:35.089462+00:00,2024-11-29 15:08:35.089462+00:00,2024-11-27 15:35:45.931242+00:00,125.7586,avg_energy_pkg,unit_test_energy,BubbleSort_SortsListCorrectly
_result,1,2024-11-26 15:08:35.089462+00:00,2024-11-29 15:08:35.089462+00:00,2024-11-27 15:37:08.073911+00:00,127.7776,avg_energy_pkg,unit_test_energy,BubbleSort_SortsListCorrectly
_result,1,2024-11-26 15:08:35.089462+00:00,2024-11-29 15:08:35.089462+00:00,2024-11-27 15:38:29.229549+00:00,127.9891,avg_energy_pkg,unit_test_energy,BubbleSort_SortsListCorrectly
_result,1,2024-11-26 15:08:35.089462+00:00,2024-11-29 15:08:35.089462+00:00,2024-11-27 15:39:50.617145+00:00,128.2899,avg_energy_pkg,unit_test_energy,BubbleSort_SortsListCorrectly
_result,1,2024-11-26 15:08:35.089462+00:00,2024-11-29 15:08:35.089462+00:00,2024-11-27 15:41:11.753837+00:00,128.0035,avg_energy_pkg,unit_test_energy,BubbleSort_SortsListCorrectly
_result,1,2024-11-26 15:08:35.089462+00:00,2024-11-29 15:08:35.089462+00:00,2024-11-27 15:42:33.061836+00:00,127.8712,avg_energy_pkg,unit_test_energy,BubbleSort_SortsListCorrectly
_result,1,2024-11-26 15:08:35.089462+00:00,2024-11-29 15:08:35.089462+00:00,2024-11-27 15:43:55.047327+00:00,127.9818,avg_energy_pkg,unit_test_energy,BubbleSort_SortsListCorrectly
_result,1,2024-11-26 15:08:35.089462+00:00,2024-11-29 15:08:35.089462+00:00,2024-11-27 15:45:16.311194+00:00,128.0059,avg_energy_pkg,unit_test_energy,BubbleSort_SortsListCorrectly
_result,2,2024-11-26 15:08:35.089462+00:00,2024-11-29 15:08:35.089462+00:00,2024-11-27 15:04:07.967254+00:00,18.5051,duration,unit_test_energy,BubbleSort_SortsListCorrectly
_result,2,2024-11-26 15:08:35.089462+00:00,2024-11-29 15:08:35.089462+00:00,2024-11-27 15:05:29.542417+00:00,18.2591,duration,unit_test_energy,BubbleSort_SortsListCorrectly
_result,2,2024-11-26 15:08:35.089462+00:00,2024-11-29 15:08:35.089462+00:00,2024-11-27 15:06:51.370445+00:00,18.6574,duration,unit_test_energy,BubbleSort_SortsListCorrectly
_result,2,2024-11-26 15:08:35.089462+00:00,2024-11-29 15:08:35.089462+00:00,2024-11-27 15:08:13.524654+00:00,19.2057,duration,unit_test_energy,BubbleSort_SortsListCorrectly
_result,2,2024-11-26 15:08:35.089462+00:00,2024-11-29 15:08:35.089462+00:00,2024-11-27 15:09:35.371360+00:00,18.898,duration,unit_test_energy,BubbleSort_SortsListCorrectly
_result,2,2024-11-26 15:08:35.089462+00:00,2024-11-29 15:08:35.089462+00:00,2024-11-27 15:10:57.030897+00:00,18.3094,duration,unit_test_energy,BubbleSort_SortsListCorrectly
_result,2,2024-11-26 15:08:35.089462+00:00,2024-11-29 15:08:35.089462+00:00,2024-11-27 15:12:19.096826+00:00,18.5464,duration,unit_test_energy,BubbleSort_SortsListCorrectly
_result,2,2024-11-26 15:08:35.089462+00:00,2024-11-29 15:08:35.089462+00:00,2024-11-27 15:13:40.718935+00:00,18.7364,duration,unit_test_energy,BubbleSort_SortsListCorrectly
_result,2,2024-11-26 15:08:35.089462+00:00,2024-11-29 15:08:35.089462+00:00,2024-11-27 15:15:02.812608+00:00,18.4354,duration,unit_test_energy,BubbleSort_SortsListCorrectly
_result,2,2024-11-26 15:08:35.089462+00:00,2024-11-29 15:08:35.089462+00:00,2024-11-27 15:16:24.248693+00:00,18.3591,duration,unit_test_energy,BubbleSort_SortsListCorrectly
_result,2,2024-11-26 15:08:35.089462+00:00,2024-11-29 15:08:35.089462+00:00,2024-11-27 15:17:46.371641+00:00,18.4297,duration,unit_test_energy,BubbleSort_SortsListCorrectly
_result,2,2024-11-26 15:08:35.089462+00:00,2024-11-29 15:08:35.089462+00:00,2024-11-27 15:19:07.977808+00:00,18.6201,duration,unit_test_energy,BubbleSort_SortsListCorrectly
_result,2,2024-11-26 15:08:35.089462+00:00,2024-11-29 15:08:35.089462+00:00,2024-11-27 15:20:29.722183+00:00,18.2443,duration,unit_test_energy,BubbleSort_SortsListCorrectly
_result,2,2024-11-26 15:08:35.089462+00:00,2024-11-29 15:08:35.089462+00:00,2024-11-27 15:21:51.368688+00:00,18.194,duration,unit_test_energy,BubbleSort_SortsListCorrectly
_result,2,2024-11-26 15:08:35.089462+00:00,2024-11-29 15:08:35.089462+00:00,2024-11-27 15:23:12.719141+00:00,18.3482,duration,unit_test_energy,BubbleSort_SortsListCorrectly
_result,2,2024-11-26 15:08:35.089462+00:00,2024-11-29 15:08:35.089462+00:00,2024-11-27 15:26:15.870346+00:00,18.429,duration,unit_test_energy,BubbleSort_SortsListCorrectly
_result,2,2024-11-26 15:08:35.089462+00:00,2024-11-29 15:08:35.089462+00:00,2024-11-27 15:27:37.707129+00:00,18.3616,duration,unit_test_energy,BubbleSort_SortsListCorrectly
_result,2,2024-11-26 15:08:35.089462+00:00,2024-11-29 15:08:35.089462+00:00,2024-11-27 15:28:59.169315+00:00,18.2117,duration,unit_test_energy,BubbleSort_SortsListCorrectly
_result,2,2024-11-26 15:08:35.089462+00:00,2024-11-29 15:08:35.089462+00:00,2024-11-27 15:30:20.270525+00:00,18.2531,duration,unit_test_energy,BubbleSort_SortsListCorrectly
_result,2,2024-11-26 15:08:35.089462+00:00,2024-11-29 15:08:35.089462+00:00,2024-11-27 15:31:41.612983+00:00,18.2588,duration,unit_test_energy,BubbleSort_SortsListCorrectly
_result,2,2024-11-26 15:08:35.089462+00:00,2024-11-29 15:08:35.089462+00:00,2024-11-27 15:33:03.055424+00:00,18.1661,duration,unit_test_energy,BubbleSort_SortsListCorrectly
_result,2,2024-11-26 15:08:35.089462+00:00,2024-11-29 15:08:35.089462+00:00,2024-11-27 15:34:24.417616+00:00,18.3118,duration,unit_test_energy,BubbleSort_SortsListCorrectly
_result,2,2024-11-26 15:08:35.089462+00:00,2024-11-29 15:08:35.089462+00:00,2024-11-27 15:35:45.931242+00:00,18.2794,duration,unit_test_energy,BubbleSort_SortsListCorrectly
_result,2,2024-11-26 15:08:35.089462+00:00,2024-11-29 15:08:35.089462+00:00,2024-11-27 15:37:08.073911+00:00,18.2663,duration,unit_test_energy,BubbleSort_SortsListCorrectly
_result,2,2024-11-26 15:08:35.089462+00:00,2024-11-29 15:08:35.089462+00:00,2024-11-27 15:38:29.229549+00:00,18.1348,duration,unit_test_energy,BubbleSort_SortsListCorrectly
_result,2,2024-11-26 15:08:35.089462+00:00,2024-11-29 15:08:35.089462+00:00,2024-11-27 15:39:50.617145+00:00,18.2428,duration,unit_test_energy,BubbleSort_SortsListCorrectly
_result,2,2024-11-26 15:08:35.089462+00:00,2024-11-29 15:08:35.089462+00:00,2024-11-27 15:41:11.753837+00:00,18.1085,duration,unit_test_energy,BubbleSort_SortsListCorrectly
_result,2,2024-11-26 15:08:35.089462+00:00,2024-11-29 15:08:35.089462+00:00,2024-11-27 15:42:33.061836+00:00,18.2755,duration,unit_test_energy,BubbleSort_SortsListCorrectly
_result,2,2024-11-26 15:08:35.089462+00:00,2024-11-29 15:08:35.089462+00:00,2024-11-27 15:43:55.047327+00:00,18.5659,duration,unit_test_energy,BubbleSort_SortsListCorrectly
_result,2,2024-11-26 15:08:35.089462+00:00,2024-11-29 15:08:35.089462+00:00,2024-11-27 15:45:16.311194+00:00,18.2175,duration,unit_test_energy,BubbleSort_SortsListCorrectly
_result,3,2024-11-26 15:08:35.089462+00:00,2024-11-29 15:08:35.089462+00:00,2024-11-27 15:04:07.967254+00:00,50.105,median_energy_dram,unit_test_energy,BubbleSort_SortsListCorrectly
_result,3,2024-11-26 15:08:35.089462+00:00,2024-11-29 15:08:35.089462+00:00,2024-11-27 15:05:29.542417+00:00,50.9108,median_energy_dram,unit_test_energy,BubbleSort_SortsListCorrectly
_result,3,2024-11-26 15:08:35.089462+00:00,2024-11-29 15:08:35.089462+00:00,2024-11-27 15:06:51.370445+00:00,51.6278,median_energy_dram,unit_test_energy,BubbleSort_SortsListCorrectly
_result,3,2024-11-26 15:08:35.089462+00:00,2024-11-29 15:08:35.089462+00:00,2024-11-27 15:08:13.524654+00:00,44.7208,median_energy_dram,unit_test_energy,BubbleSort_SortsListCorrectly
_result,3,2024-11-26 15:08:35.089462+00:00,2024-11-29 15:08:35.089462+00:00,2024-11-27 15:09:35.371360+00:00,51.5794,median_energy_dram,unit_test_energy,BubbleSort_SortsListCorrectly
_result,3,2024-11-26 15:08:35.089462+00:00,2024-11-29 15:08:35.089462+00:00,2024-11-27 15:10:57.030897+00:00,51.6016,median_energy_dram,unit_test_energy,BubbleSort_SortsListCorrectly
_result,3,2024-11-26 15:08:35.089462+00:00,2024-11-29 15:08:35.089462+00:00,2024-11-27 15:12:19.096826+00:00,51.6129,median_energy_dram,unit_test_energy,BubbleSort_SortsListCorrectly
_result,3,2024-11-26 15:08:35.089462+00:00,2024-11-29 15:08:35.089462+00:00,2024-11-27 15:13:40.718935+00:00,51.5884,median_energy_dram,unit_test_energy,BubbleSort_SortsListCorrectly
_result,3,2024-11-26 15:08:35.089462+00:00,2024-11-29 15:08:35.089462+00:00,2024-11-27 15:15:02.812608+00:00,50.6589,median_energy_dram,unit_test_energy,BubbleSort_SortsListCorrectly
_result,3,2024-11-26 15:08:35.089462+00:00,2024-11-29 15:08:35.089462+00:00,2024-11-27 15:16:24.248693+00:00,51.203,median_energy_dram,unit_test_energy,BubbleSort_SortsListCorrectly
_result,3,2024-11-26 15:08:35.089462+00:00,2024-11-29 15:08:35.089462+00:00,2024-11-27 15:17:46.371641+00:00,45.1123,median_energy_dram,unit_test_energy,BubbleSort_SortsListCorrectly
_result,3,2024-11-26 15:08:35.089462+00:00,2024-11-29 15:08:35.089462+00:00,2024-11-27 15:19:07.977808+00:00,50.7214,median_energy_dram,unit_test_energy,BubbleSort_SortsListCorrectly
_result,3,2024-11-26 15:08:35.089462+00:00,2024-11-29 15:08:35.089462+00:00,2024-11-27 15:20:29.722183+00:00,50.7016,median_energy_dram,unit_test_energy,BubbleSort_SortsListCorrectly
_result,3,2024-11-26 15:08:35.089462+00:00,2024-11-29 15:08:35.089462+00:00,2024-11-27 15:21:51.368688+00:00,51.6216,median_energy_dram,unit_test_energy,BubbleSort_SortsListCorrectly
_result,3,2024-11-26 15:08:35.089462+00:00,2024-11-29 15:08:35.089462+00:00,2024-11-27 15:23:12.719141+00:00,50.0418,median_energy_dram,unit_test_energy,BubbleSort_SortsListCorrectly
_result,3,2024-11-26 15:08:35.089462+00:00,2024-11-29 15:08:35.089462+00:00,2024-11-27 15:26:15.870346+00:00,51.0709,median_energy_dram,unit_test_energy,BubbleSort_SortsListCorrectly
_result,3,2024-11-26 15:08:35.089462+00:00,2024-11-29 15:08:35.089462+00:00,2024-11-27 15:27:37.707129+00:00,51.286,median_energy_dram,unit_test_energy,BubbleSort_SortsListCorrectly
_result,3,2024-11-26 15:08:35.089462+00:00,2024-11-29 15:08:35.089462+00:00,2024-11-27 15:28:59.169315+00:00,50.9927,median_energy_dram,unit_test_energy,BubbleSort_SortsListCorrectly
_result,3,2024-11-26 15:08:35.089462+00:00,2024-11-29 15:08:35.089462+00:00,2024-11-27 15:30:20.270525+00:00,51.2683,median_energy_dram,unit_test_energy,BubbleSort_SortsListCorrectly
_result,3,2024-11-26 15:08:35.089462+00:00,2024-11-29 15:08:35.089462+00:00,2024-11-27 15:31:41.612983+00:00,51.0533,median_energy_dram,unit_test_energy,BubbleSort_SortsListCorrectly
_result,3,2024-11-26 15:08:35.089462+00:00,2024-11-29 15:08:35.089462+00:00,2024-11-27 15:33:03.055424+00:00,51.7177,median_energy_dram,unit_test_energy,BubbleSort_SortsListCorrectly
_result,3,2024-11-26 15:08:35.089462+00:00,2024-11-29 15:08:35.089462+00:00,2024-11-27 15:34:24.417616+00:00,52.0218,median_energy_dram,unit_test_energy,BubbleSort_SortsListCorrectly
_result,3,2024-11-26 15:08:35.089462+00:00,2024-11-29 15:08:35.089462+00:00,2024-11-27 15:35:45.931242+00:00,49.5142,median_energy_dram,unit_test_energy,BubbleSort_SortsListCorrectly
_result,3,2024-11-26 15:08:35.089462+00:00,2024-11-29 15:08:35.089462+00:00,2024-11-27 15:37:08.073911+00:00,51.5359,median_energy_dram,unit_test_energy,BubbleSort_SortsListCorrectly
_result,3,2024-11-26 15:08:35.089462+00:00,2024-11-29 15:08:35.089462+00:00,2024-11-27 15:38:29.229549+00:00,51.0553,median_energy_dram,unit_test_energy,BubbleSort_SortsListCorrectly
_result,3,2024-11-26 15:08:35.089462+00:00,2024-11-29 15:08:35.089462+00:00,2024-11-27 15:39:50.617145+00:00,51.0809,median_energy_dram,unit_test_energy,BubbleSort_SortsListCorrectly
_result,3,2024-11-26 15:08:35.089462+00:00,2024-11-29 15:08:35.089462+00:00,2024-11-27 15:41:11.753837+00:00,51.0544,median_energy_dram,unit_test_energy,BubbleSort_SortsListCorrectly
_result,3,2024-11-26 15:08:35.089462+00:00,2024-11-29 15:08:35.089462+00:00,2024-11-27 15:42:33.061836+00:00,51.0339,median_energy_dram,unit_test_energy,BubbleSort_SortsListCorrectly
_result,3,2024-11-26 15:08:35.089462+00:00,2024-11-29 15:08:35.089462+00:00,2024-11-27 15:43:55.047327+00:00,51.4494,median_energy_dram,unit_test_energy,BubbleSort_SortsListCorrectly
_result,3,2024-11-26 15:08:35.089462+00:00,2024-11-29 15:08:35.089462+00:00,2024-11-27 15:45:16.311194+00:00,51.0214,median_energy_dram,unit_test_energy,BubbleSort_SortsListCorrectly
_result,4,2024-11-26 15:08:35.089462+00:00,2024-11-29 15:08:35.089462+00:00,2024-11-27 15:04:07.967254+00:00,125.2576,median_energy_pkg,unit_test_energy,BubbleSort_SortsListCorrectly
_result,4,2024-11-26 15:08:35.089462+00:00,2024-11-29 15:08:35.089462+00:00,2024-11-27 15:05:29.542417+00:00,127.0453,median_energy_pkg,unit_test_energy,BubbleSort_SortsListCorrectly
_result,4,2024-11-26 15:08:35.089462+00:00,2024-11-29 15:08:35.089462+00:00,2024-11-27 15:06:51.370445+00:00,128.1317,median_energy_pkg,unit_test_energy,BubbleSort_SortsListCorrectly
_result,4,2024-11-26 15:08:35.089462+00:00,2024-11-29 15:08:35.089462+00:00,2024-11-27 15:08:13.524654+00:00,121.1609,median_energy_pkg,unit_test_energy,BubbleSort_SortsListCorrectly
_result,4,2024-11-26 15:08:35.089462+00:00,2024-11-29 15:08:35.089462+00:00,2024-11-27 15:09:35.371360+00:00,127.7863,median_energy_pkg,unit_test_energy,BubbleSort_SortsListCorrectly
_result,4,2024-11-26 15:08:35.089462+00:00,2024-11-29 15:08:35.089462+00:00,2024-11-27 15:10:57.030897+00:00,128.3118,median_energy_pkg,unit_test_energy,BubbleSort_SortsListCorrectly
_result,4,2024-11-26 15:08:35.089462+00:00,2024-11-29 15:08:35.089462+00:00,2024-11-27 15:12:19.096826+00:00,128.6182,median_energy_pkg,unit_test_energy,BubbleSort_SortsListCorrectly
_result,4,2024-11-26 15:08:35.089462+00:00,2024-11-29 15:08:35.089462+00:00,2024-11-27 15:13:40.718935+00:00,128.5669,median_energy_pkg,unit_test_energy,BubbleSort_SortsListCorrectly
_result,4,2024-11-26 15:08:35.089462+00:00,2024-11-29 15:08:35.089462+00:00,2024-11-27 15:15:02.812608+00:00,126.4087,median_energy_pkg,unit_test_energy,BubbleSort_SortsListCorrectly
_result,4,2024-11-26 15:08:35.089462+00:00,2024-11-29 15:08:35.089462+00:00,2024-11-27 15:16:24.248693+00:00,127.3816,median_energy_pkg,unit_test_energy,BubbleSort_SortsListCorrectly
_result,4,2024-11-26 15:08:35.089462+00:00,2024-11-29 15:08:35.089462+00:00,2024-11-27 15:17:46.371641+00:00,123.5559,median_energy_pkg,unit_test_energy,BubbleSort_SortsListCorrectly
_result,4,2024-11-26 15:08:35.089462+00:00,2024-11-29 15:08:35.089462+00:00,2024-11-27 15:19:07.977808+00:00,126.1707,median_energy_pkg,unit_test_energy,BubbleSort_SortsListCorrectly
_result,4,2024-11-26 15:08:35.089462+00:00,2024-11-29 15:08:35.089462+00:00,2024-11-27 15:20:29.722183+00:00,125.8032,median_energy_pkg,unit_test_energy,BubbleSort_SortsListCorrectly
_result,4,2024-11-26 15:08:35.089462+00:00,2024-11-29 15:08:35.089462+00:00,2024-11-27 15:21:51.368688+00:00,127.3041,median_energy_pkg,unit_test_energy,BubbleSort_SortsListCorrectly
_result,4,2024-11-26 15:08:35.089462+00:00,2024-11-29 15:08:35.089462+00:00,2024-11-27 15:23:12.719141+00:00,125.3918,median_energy_pkg,unit_test_energy,BubbleSort_SortsListCorrectly
_result,4,2024-11-26 15:08:35.089462+00:00,2024-11-29 15:08:35.089462+00:00,2024-11-27 15:26:15.870346+00:00,126.5942,median_energy_pkg,unit_test_energy,BubbleSort_SortsListCorrectly
_result,4,2024-11-26 15:08:35.089462+00:00,2024-11-29 15:08:35.089462+00:00,2024-11-27 15:27:37.707129+00:00,126.6919,median_energy_pkg,unit_test_energy,BubbleSort_SortsListCorrectly
_result,4,2024-11-26 15:08:35.089462+00:00,2024-11-29 15:08:35.089462+00:00,2024-11-27 15:28:59.169315+00:00,126.4417,median_energy_pkg,unit_test_energy,BubbleSort_SortsListCorrectly
_result,4,2024-11-26 15:08:35.089462+00:00,2024-11-29 15:08:35.089462+00:00,2024-11-27 15:30:20.270525+00:00,127.3932,median_energy_pkg,unit_test_energy,BubbleSort_SortsListCorrectly
_result,4,2024-11-26 15:08:35.089462+00:00,2024-11-29 15:08:35.089462+00:00,2024-11-27 15:31:41.612983+00:00,126.5106,median_energy_pkg,unit_test_energy,BubbleSort_SortsListCorrectly
_result,4,2024-11-26 15:08:35.089462+00:00,2024-11-29 15:08:35.089462+00:00,2024-11-27 15:33:03.055424+00:00,128.5474,median_energy_pkg,unit_test_energy,BubbleSort_SortsListCorrectly
_result,4,2024-11-26 15:08:35.089462+00:00,2024-11-29 15:08:35.089462+00:00,2024-11-27 15:34:24.417616+00:00,128.6182,median_energy_pkg,unit_test_energy,BubbleSort_SortsListCorrectly
_result,4,2024-11-26 15:08:35.089462+00:00,2024-11-29 15:08:35.089462+00:00,2024-11-27 15:35:45.931242+00:00,125.1276,median_energy_pkg,unit_test_energy,BubbleSort_SortsListCorrectly
_result,4,2024-11-26 15:08:35.089462+00:00,2024-11-29 15:08:35.089462+00:00,2024-11-27 15:37:08.073911+00:00,127.1185,median_energy_pkg,unit_test_energy,BubbleSort_SortsListCorrectly
_result,4,2024-11-26 15:08:35.089462+00:00,2024-11-29 15:08:35.089462+00:00,2024-11-27 15:38:29.229549+00:00,126.1389,median_energy_pkg,unit_test_energy,BubbleSort_SortsListCorrectly
_result,4,2024-11-26 15:08:35.089462+00:00,2024-11-29 15:08:35.089462+00:00,2024-11-27 15:39:50.617145+00:00,127.24,median_energy_pkg,unit_test_energy,BubbleSort_SortsListCorrectly
_result,4,2024-11-26 15:08:35.089462+00:00,2024-11-29 15:08:35.089462+00:00,2024-11-27 15:41:11.753837+00:00,125.9888,median_energy_pkg,unit_test_energy,BubbleSort_SortsListCorrectly
_result,4,2024-11-26 15:08:35.089462+00:00,2024-11-29 15:08:35.089462+00:00,2024-11-27 15:42:33.061836+00:00,126.0345,median_energy_pkg,unit_test_energy,BubbleSort_SortsListCorrectly
_result,4,2024-11-26 15:08:35.089462+00:00,2024-11-29 15:08:35.089462+00:00,2024-11-27 15:43:55.047327+00:00,126.9183,median_energy_pkg,unit_test_energy,BubbleSort_SortsListCorrectly
_result,4,2024-11-26 15:08:35.089462+00:00,2024-11-29 15:08:35.089462+00:00,2024-11-27 15:45:16.311194+00:00,125.8582,median_energy_pkg,unit_test_energy,BubbleSort_SortsListCorrectly
_result,5,2024-11-26 15:08:35.089462+00:00,2024-11-29 15:08:35.089462+00:00,2024-11-27 15:04:07.967254+00:00,928.4656,total_energy_dram,unit_test_energy,BubbleSort_SortsListCorrectly
_result,5,2024-11-26 15:08:35.089462+00:00,2024-11-29 15:08:35.089462+00:00,2024-11-27 15:05:29.542417+00:00,941.2655,total_energy_dram,unit_test_energy,BubbleSort_SortsListCorrectly
_result,5,2024-11-26 15:08:35.089462+00:00,2024-11-29 15:08:35.089462+00:00,2024-11-27 15:06:51.370445+00:00,961.6642,total_energy_dram,unit_test_energy,BubbleSort_SortsListCorrectly
_result,5,2024-11-26 15:08:35.089462+00:00,2024-11-29 15:08:35.089462+00:00,2024-11-27 15:08:13.524654+00:00,857.89,total_energy_dram,unit_test_energy,BubbleSort_SortsListCorrectly
_result,5,2024-11-26 15:08:35.089462+00:00,2024-11-29 15:08:35.089462+00:00,2024-11-27 15:09:35.371360+00:00,962.3835,total_energy_dram,unit_test_energy,BubbleSort_SortsListCorrectly
_result,5,2024-11-26 15:08:35.089462+00:00,2024-11-29 15:08:35.089462+00:00,2024-11-27 15:10:57.030897+00:00,943.1886,total_energy_dram,unit_test_energy,BubbleSort_SortsListCorrectly
_result,5,2024-11-26 15:08:35.089462+00:00,2024-11-29 15:08:35.089462+00:00,2024-11-27 15:12:19.096826+00:00,955.9419,total_energy_dram,unit_test_energy,BubbleSort_SortsListCorrectly
_result,5,2024-11-26 15:08:35.089462+00:00,2024-11-29 15:08:35.089462+00:00,2024-11-27 15:13:40.718935+00:00,965.6368,total_energy_dram,unit_test_energy,BubbleSort_SortsListCorrectly
_result,5,2024-11-26 15:08:35.089462+00:00,2024-11-29 15:08:35.089462+00:00,2024-11-27 15:15:02.812608+00:00,950.3767,total_energy_dram,unit_test_energy,BubbleSort_SortsListCorrectly
_result,5,2024-11-26 15:08:35.089462+00:00,2024-11-29 15:08:35.089462+00:00,2024-11-27 15:16:24.248693+00:00,945.8356,total_energy_dram,unit_test_energy,BubbleSort_SortsListCorrectly
_result,5,2024-11-26 15:08:35.089462+00:00,2024-11-29 15:08:35.089462+00:00,2024-11-27 15:17:46.371641+00:00,851.7473,total_energy_dram,unit_test_energy,BubbleSort_SortsListCorrectly
_result,5,2024-11-26 15:08:35.089462+00:00,2024-11-29 15:08:35.089462+00:00,2024-11-27 15:19:07.977808+00:00,958.9064,total_energy_dram,unit_test_energy,BubbleSort_SortsListCorrectly
_result,5,2024-11-26 15:08:35.089462+00:00,2024-11-29 15:08:35.089462+00:00,2024-11-27 15:20:29.722183+00:00,939.6336,total_energy_dram,unit_test_energy,BubbleSort_SortsListCorrectly
_result,5,2024-11-26 15:08:35.089462+00:00,2024-11-29 15:08:35.089462+00:00,2024-11-27 15:21:51.368688+00:00,944.2574,total_energy_dram,unit_test_energy,BubbleSort_SortsListCorrectly
_result,5,2024-11-26 15:08:35.089462+00:00,2024-11-29 15:08:35.089462+00:00,2024-11-27 15:23:12.719141+00:00,925.915,total_energy_dram,unit_test_energy,BubbleSort_SortsListCorrectly
_result,5,2024-11-26 15:08:35.089462+00:00,2024-11-29 15:08:35.089462+00:00,2024-11-27 15:26:15.870346+00:00,956.1693,total_energy_dram,unit_test_energy,BubbleSort_SortsListCorrectly
_result,5,2024-11-26 15:08:35.089462+00:00,2024-11-29 15:08:35.089462+00:00,2024-11-27 15:27:37.707129+00:00,947.6768,total_energy_dram,unit_test_energy,BubbleSort_SortsListCorrectly
_result,5,2024-11-26 15:08:35.089462+00:00,2024-11-29 15:08:35.089462+00:00,2024-11-27 15:28:59.169315+00:00,938.9007,total_energy_dram,unit_test_energy,BubbleSort_SortsListCorrectly
_result,5,2024-11-26 15:08:35.089462+00:00,2024-11-29 15:08:35.089462+00:00,2024-11-27 15:30:20.270525+00:00,941.6146,total_energy_dram,unit_test_energy,BubbleSort_SortsListCorrectly
_result,5,2024-11-26 15:08:35.089462+00:00,2024-11-29 15:08:35.089462+00:00,2024-11-27 15:31:41.612983+00:00,942.541,total_energy_dram,unit_test_energy,BubbleSort_SortsListCorrectly
_result,5,2024-11-26 15:08:35.089462+00:00,2024-11-29 15:08:35.089462+00:00,2024-11-27 15:33:03.055424+00:00,939.9664,total_energy_dram,unit_test_energy,BubbleSort_SortsListCorrectly
_result,5,2024-11-26 15:08:35.089462+00:00,2024-11-29 15:08:35.089462+00:00,2024-11-27 15:34:24.417616+00:00,950.1765,total_energy_dram,unit_test_energy,BubbleSort_SortsListCorrectly
_result,5,2024-11-26 15:08:35.089462+00:00,2024-11-29 15:08:35.089462+00:00,2024-11-27 15:35:45.931242+00:00,891.7961,total_energy_dram,unit_test_energy,BubbleSort_SortsListCorrectly
_result,5,2024-11-26 15:08:35.089462+00:00,2024-11-29 15:08:35.089462+00:00,2024-11-27 15:37:08.073911+00:00,948.0414,total_energy_dram,unit_test_energy,BubbleSort_SortsListCorrectly
_result,5,2024-11-26 15:08:35.089462+00:00,2024-11-29 15:08:35.089462+00:00,2024-11-27 15:38:29.229549+00:00,941.4342,total_energy_dram,unit_test_energy,BubbleSort_SortsListCorrectly
_result,5,2024-11-26 15:08:35.089462+00:00,2024-11-29 15:08:35.089462+00:00,2024-11-27 15:39:50.617145+00:00,946.7607,total_energy_dram,unit_test_energy,BubbleSort_SortsListCorrectly
_result,5,2024-11-26 15:08:35.089462+00:00,2024-11-29 15:08:35.089462+00:00,2024-11-27 15:41:11.753837+00:00,940.0785,total_energy_dram,unit_test_energy,BubbleSort_SortsListCorrectly
_result,5,2024-11-26 15:08:35.089462+00:00,2024-11-29 15:08:35.089462+00:00,2024-11-27 15:42:33.061836+00:00,948.4646,total_energy_dram,unit_test_energy,BubbleSort_SortsListCorrectly
_result,5,2024-11-26 15:08:35.089462+00:00,2024-11-29 15:08:35.089462+00:00,2024-11-27 15:43:55.047327+00:00,963.4333,total_energy_dram,unit_test_energy,BubbleSort_SortsListCorrectly
_result,5,2024-11-26 15:08:35.089462+00:00,2024-11-29 15:08:35.089462+00:00,2024-11-27 15:45:16.311194+00:00,945.779,total_energy_dram,unit_test_energy,BubbleSort_SortsListCorrectly
_result,6,2024-11-26 15:08:35.089462+00:00,2024-11-29 15:08:35.089462+00:00,2024-11-27 15:04:07.967254+00:00,2337.3111,total_energy_pkg,unit_test_energy,BubbleSort_SortsListCorrectly
_result,6,2024-11-26 15:08:35.089462+00:00,2024-11-29 15:08:35.089462+00:00,2024-11-27 15:05:29.542417+00:00,2341.6909,total_energy_pkg,unit_test_energy,BubbleSort_SortsListCorrectly
_result,6,2024-11-26 15:08:35.089462+00:00,2024-11-29 15:08:35.089462+00:00,2024-11-27 15:06:51.370445+00:00,2387.751,total_energy_pkg,unit_test_energy,BubbleSort_SortsListCorrectly
_result,6,2024-11-26 15:08:35.089462+00:00,2024-11-29 15:08:35.089462+00:00,2024-11-27 15:08:13.524654+00:00,2322.8074,total_energy_pkg,unit_test_energy,BubbleSort_SortsListCorrectly
_result,6,2024-11-26 15:08:35.089462+00:00,2024-11-29 15:08:35.089462+00:00,2024-11-27 15:09:35.371360+00:00,2405.6288,total_energy_pkg,unit_test_energy,BubbleSort_SortsListCorrectly
_result,6,2024-11-26 15:08:35.089462+00:00,2024-11-29 15:08:35.089462+00:00,2024-11-27 15:10:57.030897+00:00,2348.0004,total_energy_pkg,unit_test_energy,BubbleSort_SortsListCorrectly
_result,6,2024-11-26 15:08:35.089462+00:00,2024-11-29 15:08:35.089462+00:00,2024-11-27 15:12:19.096826+00:00,2383.6874,total_energy_pkg,unit_test_energy,BubbleSort_SortsListCorrectly
_result,6,2024-11-26 15:08:35.089462+00:00,2024-11-29 15:08:35.089462+00:00,2024-11-27 15:13:40.718935+00:00,2407.8318,total_energy_pkg,unit_test_energy,BubbleSort_SortsListCorrectly
_result,6,2024-11-26 15:08:35.089462+00:00,2024-11-29 15:08:35.089462+00:00,2024-11-27 15:15:02.812608+00:00,2368.2938,total_energy_pkg,unit_test_energy,BubbleSort_SortsListCorrectly
_result,6,2024-11-26 15:08:35.089462+00:00,2024-11-29 15:08:35.089462+00:00,2024-11-27 15:16:24.248693+00:00,2348.3926,total_energy_pkg,unit_test_energy,BubbleSort_SortsListCorrectly
_result,6,2024-11-26 15:08:35.089462+00:00,2024-11-29 15:08:35.089462+00:00,2024-11-27 15:17:46.371641+00:00,2286.6458,total_energy_pkg,unit_test_energy,BubbleSort_SortsListCorrectly
_result,6,2024-11-26 15:08:35.089462+00:00,2024-11-29 15:08:35.089462+00:00,2024-11-27 15:19:07.977808+00:00,2385.5027,total_energy_pkg,unit_test_energy,BubbleSort_SortsListCorrectly
_result,6,2024-11-26 15:08:35.089462+00:00,2024-11-29 15:08:35.089462+00:00,2024-11-27 15:20:29.722183+00:00,2329.1091,total_energy_pkg,unit_test_energy,BubbleSort_SortsListCorrectly
_result,6,2024-11-26 15:08:35.089462+00:00,2024-11-29 15:08:35.089462+00:00,2024-11-27 15:21:51.368688+00:00,2328.3317,total_energy_pkg,unit_test_energy,BubbleSort_SortsListCorrectly
_result,6,2024-11-26 15:08:35.089462+00:00,2024-11-29 15:08:35.089462+00:00,2024-11-27 15:23:12.719141+00:00,2327.6766,total_energy_pkg,unit_test_energy,BubbleSort_SortsListCorrectly
_result,6,2024-11-26 15:08:35.089462+00:00,2024-11-29 15:08:35.089462+00:00,2024-11-27 15:26:15.870346+00:00,2355.9471,total_energy_pkg,unit_test_energy,BubbleSort_SortsListCorrectly
_result,6,2024-11-26 15:08:35.089462+00:00,2024-11-29 15:08:35.089462+00:00,2024-11-27 15:27:37.707129+00:00,2349.989,total_energy_pkg,unit_test_energy,BubbleSort_SortsListCorrectly
_result,6,2024-11-26 15:08:35.089462+00:00,2024-11-29 15:08:35.089462+00:00,2024-11-27 15:28:59.169315+00:00,2338.5516,total_energy_pkg,unit_test_energy,BubbleSort_SortsListCorrectly
_result,6,2024-11-26 15:08:35.089462+00:00,2024-11-29 15:08:35.089462+00:00,2024-11-27 15:30:20.270525+00:00,2344.0942,total_energy_pkg,unit_test_energy,BubbleSort_SortsListCorrectly
_result,6,2024-11-26 15:08:35.089462+00:00,2024-11-29 15:08:35.089462+00:00,2024-11-27 15:31:41.612983+00:00,2339.5322,total_energy_pkg,unit_test_energy,BubbleSort_SortsListCorrectly
_result,6,2024-11-26 15:08:35.089462+00:00,2024-11-29 15:08:35.089462+00:00,2024-11-27 15:33:03.055424+00:00,2332.23,total_energy_pkg,unit_test_energy,BubbleSort_SortsListCorrectly
_result,6,2024-11-26 15:08:35.089462+00:00,2024-11-29 15:08:35.089462+00:00,2024-11-27 15:34:24.417616+00:00,2351.2141,total_energy_pkg,unit_test_energy,BubbleSort_SortsListCorrectly
_result,6,2024-11-26 15:08:35.089462+00:00,2024-11-29 15:08:35.089462+00:00,2024-11-27 15:35:45.931242+00:00,2298.7952,total_energy_pkg,unit_test_energy,BubbleSort_SortsListCorrectly
_result,6,2024-11-26 15:08:35.089462+00:00,2024-11-29 15:08:35.089462+00:00,2024-11-27 15:37:08.073911+00:00,2334.02,total_energy_pkg,unit_test_energy,BubbleSort_SortsListCorrectly
_result,6,2024-11-26 15:08:35.089462+00:00,2024-11-29 15:08:35.089462+00:00,2024-11-27 15:38:29.229549+00:00,2321.0551,total_energy_pkg,unit_test_energy,BubbleSort_SortsListCorrectly
_result,6,2024-11-26 15:08:35.089462+00:00,2024-11-29 15:08:35.089462+00:00,2024-11-27 15:39:50.617145+00:00,2340.3682,total_energy_pkg,unit_test_energy,BubbleSort_SortsListCorrectly
_result,6,2024-11-26 15:08:35.089462+00:00,2024-11-29 15:08:35.089462+00:00,2024-11-27 15:41:11.753837+00:00,2317.9522,total_energy_pkg,unit_test_energy,BubbleSort_SortsListCorrectly
_result,6,2024-11-26 15:08:35.089462+00:00,2024-11-29 15:08:35.089462+00:00,2024-11-27 15:42:33.061836+00:00,2336.9093,total_energy_pkg,unit_test_energy,BubbleSort_SortsListCorrectly
_result,6,2024-11-26 15:08:35.089462+00:00,2024-11-29 15:08:35.089462+00:00,2024-11-27 15:43:55.047327+00:00,2376.1005,total_energy_pkg,unit_test_energy,BubbleSort_SortsListCorrectly
_result,6,2024-11-26 15:08:35.089462+00:00,2024-11-29 15:08:35.089462+00:00,2024-11-27 15:45:16.311194+00:00,2331.9465,total_energy_pkg,unit_test_energy,BubbleSort_SortsListCorrectly
_result,7,2024-11-26 15:08:35.089462+00:00,2024-11-29 15:08:35.089462+00:00,2024-11-27 15:03:44.436262+00:00,45.1896,avg_energy_dram,unit_test_energy,BuiltInSort_SortsListCorrectly
_result,7,2024-11-26 15:08:35.089462+00:00,2024-11-29 15:08:35.089462+00:00,2024-11-27 15:05:06.257166+00:00,45.0136,avg_energy_dram,unit_test_energy,BuiltInSort_SortsListCorrectly
_result,7,2024-11-26 15:08:35.089462+00:00,2024-11-29 15:08:35.089462+00:00,2024-11-27 15:06:27.686991+00:00,45.3598,avg_energy_dram,unit_test_energy,BuiltInSort_SortsListCorrectly
_result,7,2024-11-26 15:08:35.089462+00:00,2024-11-29 15:08:35.089462+00:00,2024-11-27 15:07:49.293724+00:00,45.1511,avg_energy_dram,unit_test_energy,BuiltInSort_SortsListCorrectly
_result,7,2024-11-26 15:08:35.089462+00:00,2024-11-29 15:08:35.089462+00:00,2024-11-27 15:09:11.446274+00:00,45.2552,avg_energy_dram,unit_test_energy,BuiltInSort_SortsListCorrectly
_result,7,2024-11-26 15:08:35.089462+00:00,2024-11-29 15:08:35.089462+00:00,2024-11-27 15:10:33.695182+00:00,45.3966,avg_energy_dram,unit_test_energy,BuiltInSort_SortsListCorrectly
_result,7,2024-11-26 15:08:35.089462+00:00,2024-11-29 15:08:35.089462+00:00,2024-11-27 15:11:55.525461+00:00,45.0491,avg_energy_dram,unit_test_energy,BuiltInSort_SortsListCorrectly
_result,7,2024-11-26 15:08:35.089462+00:00,2024-11-29 15:08:35.089462+00:00,2024-11-27 15:13:16.957882+00:00,44.8777,avg_energy_dram,unit_test_energy,BuiltInSort_SortsListCorrectly
_result,7,2024-11-26 15:08:35.089462+00:00,2024-11-29 15:08:35.089462+00:00,2024-11-27 15:14:39.350891+00:00,45.0023,avg_energy_dram,unit_test_energy,BuiltInSort_SortsListCorrectly
_result,7,2024-11-26 15:08:35.089462+00:00,2024-11-29 15:08:35.089462+00:00,2024-11-27 15:16:00.863740+00:00,44.9724,avg_energy_dram,unit_test_energy,BuiltInSort_SortsListCorrectly
_result,7,2024-11-26 15:08:35.089462+00:00,2024-11-29 15:08:35.089462+00:00,2024-11-27 15:17:22.915541+00:00,44.2925,avg_energy_dram,unit_test_energy,BuiltInSort_SortsListCorrectly
_result,7,2024-11-26 15:08:35.089462+00:00,2024-11-29 15:08:35.089462+00:00,2024-11-27 15:18:44.330569+00:00,45.0805,avg_energy_dram,unit_test_energy,BuiltInSort_SortsListCorrectly
_result,7,2024-11-26 15:08:35.089462+00:00,2024-11-29 15:08:35.089462+00:00,2024-11-27 15:20:06.451720+00:00,45.2458,avg_energy_dram,unit_test_energy,BuiltInSort_SortsListCorrectly
_result,7,2024-11-26 15:08:35.089462+00:00,2024-11-29 15:08:35.089462+00:00,2024-11-27 15:21:28.149126+00:00,44.5508,avg_energy_dram,unit_test_energy,BuiltInSort_SortsListCorrectly
_result,7,2024-11-26 15:08:35.089462+00:00,2024-11-29 15:08:35.089462+00:00,2024-11-27 15:22:49.346021+00:00,43.9659,avg_energy_dram,unit_test_energy,BuiltInSort_SortsListCorrectly
_result,7,2024-11-26 15:08:35.089462+00:00,2024-11-29 15:08:35.089462+00:00,2024-11-27 15:25:52.414228+00:00,44.3424,avg_energy_dram,unit_test_energy,BuiltInSort_SortsListCorrectly
_result,7,2024-11-26 15:08:35.089462+00:00,2024-11-29 15:08:35.089462+00:00,2024-11-27 15:27:14.318189+00:00,44.4697,avg_energy_dram,unit_test_energy,BuiltInSort_SortsListCorrectly
_result,7,2024-11-26 15:08:35.089462+00:00,2024-11-29 15:08:35.089462+00:00,2024-11-27 15:28:35.931640+00:00,43.9565,avg_energy_dram,unit_test_energy,BuiltInSort_SortsListCorrectly
_result,7,2024-11-26 15:08:35.089462+00:00,2024-11-29 15:08:35.089462+00:00,2024-11-27 15:29:56.991021+00:00,43.8901,avg_energy_dram,unit_test_energy,BuiltInSort_SortsListCorrectly
_result,7,2024-11-26 15:08:35.089462+00:00,2024-11-29 15:08:35.089462+00:00,2024-11-27 15:31:18.328201+00:00,44.7603,avg_energy_dram,unit_test_energy,BuiltInSort_SortsListCorrectly
_result,7,2024-11-26 15:08:35.089462+00:00,2024-11-29 15:08:35.089462+00:00,2024-11-27 15:32:39.863277+00:00,44.0066,avg_energy_dram,unit_test_energy,BuiltInSort_SortsListCorrectly
_result,7,2024-11-26 15:08:35.089462+00:00,2024-11-29 15:08:35.089462+00:00,2024-11-27 15:34:01.079164+00:00,44.2639,avg_energy_dram,unit_test_energy,BuiltInSort_SortsListCorrectly
_result,7,2024-11-26 15:08:35.089462+00:00,2024-11-29 15:08:35.089462+00:00,2024-11-27 15:35:22.625462+00:00,44.941,avg_energy_dram,unit_test_energy,BuiltInSort_SortsListCorrectly
_result,7,2024-11-26 15:08:35.089462+00:00,2024-11-29 15:08:35.089462+00:00,2024-11-27 15:36:44.778575+00:00,44.2977,avg_energy_dram,unit_test_energy,BuiltInSort_SortsListCorrectly
_result,7,2024-11-26 15:08:35.089462+00:00,2024-11-29 15:08:35.089462+00:00,2024-11-27 15:38:06.069977+00:00,44.298,avg_energy_dram,unit_test_energy,BuiltInSort_SortsListCorrectly
_result,7,2024-11-26 15:08:35.089462+00:00,2024-11-29 15:08:35.089462+00:00,2024-11-27 15:39:27.348675+00:00,44.3897,avg_energy_dram,unit_test_energy,BuiltInSort_SortsListCorrectly
_result,7,2024-11-26 15:08:35.089462+00:00,2024-11-29 15:08:35.089462+00:00,2024-11-27 15:40:48.619448+00:00,44.4043,avg_energy_dram,unit_test_energy,BuiltInSort_SortsListCorrectly
_result,7,2024-11-26 15:08:35.089462+00:00,2024-11-29 15:08:35.089462+00:00,2024-11-27 15:42:09.760304+00:00,43.8701,avg_energy_dram,unit_test_energy,BuiltInSort_SortsListCorrectly
_result,7,2024-11-26 15:08:35.089462+00:00,2024-11-29 15:08:35.089462+00:00,2024-11-27 15:43:31.455109+00:00,43.9699,avg_energy_dram,unit_test_energy,BuiltInSort_SortsListCorrectly
_result,7,2024-11-26 15:08:35.089462+00:00,2024-11-29 15:08:35.089462+00:00,2024-11-27 15:44:53.067565+00:00,43.9866,avg_energy_dram,unit_test_energy,BuiltInSort_SortsListCorrectly
_result,8,2024-11-26 15:08:35.089462+00:00,2024-11-29 15:08:35.089462+00:00,2024-11-27 15:03:44.436262+00:00,116.2423,avg_energy_pkg,unit_test_energy,BuiltInSort_SortsListCorrectly
_result,8,2024-11-26 15:08:35.089462+00:00,2024-11-29 15:08:35.089462+00:00,2024-11-27 15:05:06.257166+00:00,116.2531,avg_energy_pkg,unit_test_energy,BuiltInSort_SortsListCorrectly
_result,8,2024-11-26 15:08:35.089462+00:00,2024-11-29 15:08:35.089462+00:00,2024-11-27 15:06:27.686991+00:00,117.374,avg_energy_pkg,unit_test_energy,BuiltInSort_SortsListCorrectly
_result,8,2024-11-26 15:08:35.089462+00:00,2024-11-29 15:08:35.089462+00:00,2024-11-27 15:07:49.293724+00:00,116.5222,avg_energy_pkg,unit_test_energy,BuiltInSort_SortsListCorrectly
_result,8,2024-11-26 15:08:35.089462+00:00,2024-11-29 15:08:35.089462+00:00,2024-11-27 15:09:11.446274+00:00,117.1029,avg_energy_pkg,unit_test_energy,BuiltInSort_SortsListCorrectly
_result,8,2024-11-26 15:08:35.089462+00:00,2024-11-29 15:08:35.089462+00:00,2024-11-27 15:10:33.695182+00:00,115.968,avg_energy_pkg,unit_test_energy,BuiltInSort_SortsListCorrectly
_result,8,2024-11-26 15:08:35.089462+00:00,2024-11-29 15:08:35.089462+00:00,2024-11-27 15:11:55.525461+00:00,116.3392,avg_energy_pkg,unit_test_energy,BuiltInSort_SortsListCorrectly
_result,8,2024-11-26 15:08:35.089462+00:00,2024-11-29 15:08:35.089462+00:00,2024-11-27 15:13:16.957882+00:00,115.7954,avg_energy_pkg,unit_test_energy,BuiltInSort_SortsListCorrectly
_result,8,2024-11-26 15:08:35.089462+00:00,2024-11-29 15:08:35.089462+00:00,2024-11-27 15:14:39.350891+00:00,116.9205,avg_energy_pkg,unit_test_energy,BuiltInSort_SortsListCorrectly
_result,8,2024-11-26 15:08:35.089462+00:00,2024-11-29 15:08:35.089462+00:00,2024-11-27 15:16:00.863740+00:00,116.6767,avg_energy_pkg,unit_test_energy,BuiltInSort_SortsListCorrectly
_result,8,2024-11-26 15:08:35.089462+00:00,2024-11-29 15:08:35.089462+00:00,2024-11-27 15:17:22.915541+00:00,115.4099,avg_energy_pkg,unit_test_energy,BuiltInSort_SortsListCorrectly
_result,8,2024-11-26 15:08:35.089462+00:00,2024-11-29 15:08:35.089462+00:00,2024-11-27 15:18:44.330569+00:00,116.2287,avg_energy_pkg,unit_test_energy,BuiltInSort_SortsListCorrectly
_result,8,2024-11-26 15:08:35.089462+00:00,2024-11-29 15:08:35.089462+00:00,2024-11-27 15:20:06.451720+00:00,117.0616,avg_energy_pkg,unit_test_energy,BuiltInSort_SortsListCorrectly
_result,8,2024-11-26 15:08:35.089462+00:00,2024-11-29 15:08:35.089462+00:00,2024-11-27 15:21:28.149126+00:00,115.5589,avg_energy_pkg,unit_test_energy,BuiltInSort_SortsListCorrectly
_result,8,2024-11-26 15:08:35.089462+00:00,2024-11-29 15:08:35.089462+00:00,2024-11-27 15:22:49.346021+00:00,114.5959,avg_energy_pkg,unit_test_energy,BuiltInSort_SortsListCorrectly
_result,8,2024-11-26 15:08:35.089462+00:00,2024-11-29 15:08:35.089462+00:00,2024-11-27 15:25:52.414228+00:00,114.2991,avg_energy_pkg,unit_test_energy,BuiltInSort_SortsListCorrectly
_result,8,2024-11-26 15:08:35.089462+00:00,2024-11-29 15:08:35.089462+00:00,2024-11-27 15:27:14.318189+00:00,114.6345,avg_energy_pkg,unit_test_energy,BuiltInSort_SortsListCorrectly
_result,8,2024-11-26 15:08:35.089462+00:00,2024-11-29 15:08:35.089462+00:00,2024-11-27 15:28:35.931640+00:00,115.2097,avg_energy_pkg,unit_test_energy,BuiltInSort_SortsListCorrectly
_result,8,2024-11-26 15:08:35.089462+00:00,2024-11-29 15:08:35.089462+00:00,2024-11-27 15:29:56.991021+00:00,114.1431,avg_energy_pkg,unit_test_energy,BuiltInSort_SortsListCorrectly
_result,8,2024-11-26 15:08:35.089462+00:00,2024-11-29 15:08:35.089462+00:00,2024-11-27 15:31:18.328201+00:00,114.9069,avg_energy_pkg,unit_test_energy,BuiltInSort_SortsListCorrectly
_result,8,2024-11-26 15:08:35.089462+00:00,2024-11-29 15:08:35.089462+00:00,2024-11-27 15:32:39.863277+00:00,114.6961,avg_energy_pkg,unit_test_energy,BuiltInSort_SortsListCorrectly
_result,8,2024-11-26 15:08:35.089462+00:00,2024-11-29 15:08:35.089462+00:00,2024-11-27 15:34:01.079164+00:00,115.5167,avg_energy_pkg,unit_test_energy,BuiltInSort_SortsListCorrectly
_result,8,2024-11-26 15:08:35.089462+00:00,2024-11-29 15:08:35.089462+00:00,2024-11-27 15:35:22.625462+00:00,115.9679,avg_energy_pkg,unit_test_energy,BuiltInSort_SortsListCorrectly
_result,8,2024-11-26 15:08:35.089462+00:00,2024-11-29 15:08:35.089462+00:00,2024-11-27 15:36:44.778575+00:00,115.0702,avg_energy_pkg,unit_test_energy,BuiltInSort_SortsListCorrectly
_result,8,2024-11-26 15:08:35.089462+00:00,2024-11-29 15:08:35.089462+00:00,2024-11-27 15:38:06.069977+00:00,115.0058,avg_energy_pkg,unit_test_energy,BuiltInSort_SortsListCorrectly
_result,8,2024-11-26 15:08:35.089462+00:00,2024-11-29 15:08:35.089462+00:00,2024-11-27 15:39:27.348675+00:00,113.6829,avg_energy_pkg,unit_test_energy,BuiltInSort_SortsListCorrectly
_result,8,2024-11-26 15:08:35.089462+00:00,2024-11-29 15:08:35.089462+00:00,2024-11-27 15:40:48.619448+00:00,115.3044,avg_energy_pkg,unit_test_energy,BuiltInSort_SortsListCorrectly
_result,8,2024-11-26 15:08:35.089462+00:00,2024-11-29 15:08:35.089462+00:00,2024-11-27 15:42:09.760304+00:00,113.6893,avg_energy_pkg,unit_test_energy,BuiltInSort_SortsListCorrectly
_result,8,2024-11-26 15:08:35.089462+00:00,2024-11-29 15:08:35.089462+00:00,2024-11-27 15:43:31.455109+00:00,114.8188,avg_energy_pkg,unit_test_energy,BuiltInSort_SortsListCorrectly
_result,8,2024-11-26 15:08:35.089462+00:00,2024-11-29 15:08:35.089462+00:00,2024-11-27 15:44:53.067565+00:00,114.347,avg_energy_pkg,unit_test_energy,BuiltInSort_SortsListCorrectly
_result,9,2024-11-26 15:08:35.089462+00:00,2024-11-29 15:08:35.089462+00:00,2024-11-27 15:03:44.436262+00:00,0.0748,duration,unit_test_energy,BuiltInSort_SortsListCorrectly
_result,9,2024-11-26 15:08:35.089462+00:00,2024-11-29 15:08:35.089462+00:00,2024-11-27 15:05:06.257166+00:00,0.0809,duration,unit_test_energy,BuiltInSort_SortsListCorrectly
_result,9,2024-11-26 15:08:35.089462+00:00,2024-11-29 15:08:35.089462+00:00,2024-11-27 15:06:27.686991+00:00,0.0627,duration,unit_test_energy,BuiltInSort_SortsListCorrectly
_result,9,2024-11-26 15:08:35.089462+00:00,2024-11-29 15:08:35.089462+00:00,2024-11-27 15:07:49.293724+00:00,0.0608,duration,unit_test_energy,BuiltInSort_SortsListCorrectly
_result,9,2024-11-26 15:08:35.089462+00:00,2024-11-29 15:08:35.089462+00:00,2024-11-27 15:09:11.446274+00:00,0.0653,duration,unit_test_energy,BuiltInSort_SortsListCorrectly
_result,9,2024-11-26 15:08:35.089462+00:00,2024-11-29 15:08:35.089462+00:00,2024-11-27 15:10:33.695182+00:00,0.0741,duration,unit_test_energy,BuiltInSort_SortsListCorrectly
_result,9,2024-11-26 15:08:35.089462+00:00,2024-11-29 15:08:35.089462+00:00,2024-11-27 15:11:55.525461+00:00,0.0726,duration,unit_test_energy,BuiltInSort_SortsListCorrectly
_result,9,2024-11-26 15:08:35.089462+00:00,2024-11-29 15:08:35.089462+00:00,2024-11-27 15:13:16.957882+00:00,0.0763,duration,unit_test_energy,BuiltInSort_SortsListCorrectly
_result,9,2024-11-26 15:08:35.089462+00:00,2024-11-29 15:08:35.089462+00:00,2024-11-27 15:14:39.350891+00:00,0.0661,duration,unit_test_energy,BuiltInSort_SortsListCorrectly
_result,9,2024-11-26 15:08:35.089462+00:00,2024-11-29 15:08:35.089462+00:00,2024-11-27 15:16:00.863740+00:00,0.0627,duration,unit_test_energy,BuiltInSort_SortsListCorrectly
_result,9,2024-11-26 15:08:35.089462+00:00,2024-11-29 15:08:35.089462+00:00,2024-11-27 15:17:22.915541+00:00,0.0613,duration,unit_test_energy,BuiltInSort_SortsListCorrectly
_result,9,2024-11-26 15:08:35.089462+00:00,2024-11-29 15:08:35.089462+00:00,2024-11-27 15:18:44.330569+00:00,0.0734,duration,unit_test_energy,BuiltInSort_SortsListCorrectly
_result,9,2024-11-26 15:08:35.089462+00:00,2024-11-29 15:08:35.089462+00:00,2024-11-27 15:20:06.451720+00:00,0.0632,duration,unit_test_energy,BuiltInSort_SortsListCorrectly
_result,9,2024-11-26 15:08:35.089462+00:00,2024-11-29 15:08:35.089462+00:00,2024-11-27 15:21:28.149126+00:00,0.0666,duration,unit_test_energy,BuiltInSort_SortsListCorrectly
_result,9,2024-11-26 15:08:35.089462+00:00,2024-11-29 15:08:35.089462+00:00,2024-11-27 15:22:49.346021+00:00,0.0732,duration,unit_test_energy,BuiltInSort_SortsListCorrectly
_result,9,2024-11-26 15:08:35.089462+00:00,2024-11-29 15:08:35.089462+00:00,2024-11-27 15:25:52.414228+00:00,0.0772,duration,unit_test_energy,BuiltInSort_SortsListCorrectly
_result,9,2024-11-26 15:08:35.089462+00:00,2024-11-29 15:08:35.089462+00:00,2024-11-27 15:27:14.318189+00:00,0.0616,duration,unit_test_energy,BuiltInSort_SortsListCorrectly
_result,9,2024-11-26 15:08:35.089462+00:00,2024-11-29 15:08:35.089462+00:00,2024-11-27 15:28:35.931640+00:00,0.0627,duration,unit_test_energy,BuiltInSort_SortsListCorrectly
_result,9,2024-11-26 15:08:35.089462+00:00,2024-11-29 15:08:35.089462+00:00,2024-11-27 15:29:56.991021+00:00,0.0637,duration,unit_test_energy,BuiltInSort_SortsListCorrectly
_result,9,2024-11-26 15:08:35.089462+00:00,2024-11-29 15:08:35.089462+00:00,2024-11-27 15:31:18.328201+00:00,0.0655,duration,unit_test_energy,BuiltInSort_SortsListCorrectly
_result,9,2024-11-26 15:08:35.089462+00:00,2024-11-29 15:08:35.089462+00:00,2024-11-27 15:32:39.863277+00:00,0.0731,duration,unit_test_energy,BuiltInSort_SortsListCorrectly
_result,9,2024-11-26 15:08:35.089462+00:00,2024-11-29 15:08:35.089462+00:00,2024-11-27 15:34:01.079164+00:00,0.0778,duration,unit_test_energy,BuiltInSort_SortsListCorrectly
_result,9,2024-11-26 15:08:35.089462+00:00,2024-11-29 15:08:35.089462+00:00,2024-11-27 15:35:22.625462+00:00,0.0634,duration,unit_test_energy,BuiltInSort_SortsListCorrectly
_result,9,2024-11-26 15:08:35.089462+00:00,2024-11-29 15:08:35.089462+00:00,2024-11-27 15:36:44.778575+00:00,0.062,duration,unit_test_energy,BuiltInSort_SortsListCorrectly
_result,9,2024-11-26 15:08:35.089462+00:00,2024-11-29 15:08:35.089462+00:00,2024-11-27 15:38:06.069977+00:00,0.065,duration,unit_test_energy,BuiltInSort_SortsListCorrectly
_result,9,2024-11-26 15:08:35.089462+00:00,2024-11-29 15:08:35.089462+00:00,2024-11-27 15:39:27.348675+00:00,0.0645,duration,unit_test_energy,BuiltInSort_SortsListCorrectly
_result,9,2024-11-26 15:08:35.089462+00:00,2024-11-29 15:08:35.089462+00:00,2024-11-27 15:40:48.619448+00:00,0.0746,duration,unit_test_energy,BuiltInSort_SortsListCorrectly
_result,9,2024-11-26 15:08:35.089462+00:00,2024-11-29 15:08:35.089462+00:00,2024-11-27 15:42:09.760304+00:00,0.0657,duration,unit_test_energy,BuiltInSort_SortsListCorrectly
_result,9,2024-11-26 15:08:35.089462+00:00,2024-11-29 15:08:35.089462+00:00,2024-11-27 15:43:31.455109+00:00,0.0737,duration,unit_test_energy,BuiltInSort_SortsListCorrectly
_result,9,2024-11-26 15:08:35.089462+00:00,2024-11-29 15:08:35.089462+00:00,2024-11-27 15:44:53.067565+00:00,0.0713,duration,unit_test_energy,BuiltInSort_SortsListCorrectly
_result,10,2024-11-26 15:08:35.089462+00:00,2024-11-29 15:08:35.089462+00:00,2024-11-27 15:03:44.436262+00:00,45.9128,median_energy_dram,unit_test_energy,BuiltInSort_SortsListCorrectly
_result,10,2024-11-26 15:08:35.089462+00:00,2024-11-29 15:08:35.089462+00:00,2024-11-27 15:05:06.257166+00:00,48.1668,median_energy_dram,unit_test_energy,BuiltInSort_SortsListCorrectly
_result,10,2024-11-26 15:08:35.089462+00:00,2024-11-29 15:08:35.089462+00:00,2024-11-27 15:06:27.686991+00:00,47.8091,median_energy_dram,unit_test_energy,BuiltInSort_SortsListCorrectly
_result,10,2024-11-26 15:08:35.089462+00:00,2024-11-29 15:08:35.089462+00:00,2024-11-27 15:07:49.293724+00:00,45.8847,median_energy_dram,unit_test_energy,BuiltInSort_SortsListCorrectly
_result,10,2024-11-26 15:08:35.089462+00:00,2024-11-29 15:08:35.089462+00:00,2024-11-27 15:09:11.446274+00:00,45.8905,median_energy_dram,unit_test_energy,BuiltInSort_SortsListCorrectly
_result,10,2024-11-26 15:08:35.089462+00:00,2024-11-29 15:08:35.089462+00:00,2024-11-27 15:10:33.695182+00:00,45.972,median_energy_dram,unit_test_energy,BuiltInSort_SortsListCorrectly
_result,10,2024-11-26 15:08:35.089462+00:00,2024-11-29 15:08:35.089462+00:00,2024-11-27 15:11:55.525461+00:00,45.9286,median_energy_dram,unit_test_energy,BuiltInSort_SortsListCorrectly
_result,10,2024-11-26 15:08:35.089462+00:00,2024-11-29 15:08:35.089462+00:00,2024-11-27 15:13:16.957882+00:00,45.8771,median_energy_dram,unit_test_energy,BuiltInSort_SortsListCorrectly
_result,10,2024-11-26 15:08:35.089462+00:00,2024-11-29 15:08:35.089462+00:00,2024-11-27 15:14:39.350891+00:00,44.9997,median_energy_dram,unit_test_energy,BuiltInSort_SortsListCorrectly
_result,10,2024-11-26 15:08:35.089462+00:00,2024-11-29 15:08:35.089462+00:00,2024-11-27 15:16:00.863740+00:00,45.4977,median_energy_dram,unit_test_energy,BuiltInSort_SortsListCorrectly
_result,10,2024-11-26 15:08:35.089462+00:00,2024-11-29 15:08:35.089462+00:00,2024-11-27 15:17:22.915541+00:00,45.0647,median_energy_dram,unit_test_energy,BuiltInSort_SortsListCorrectly
_result,10,2024-11-26 15:08:35.089462+00:00,2024-11-29 15:08:35.089462+00:00,2024-11-27 15:18:44.330569+00:00,45.8374,median_energy_dram,unit_test_energy,BuiltInSort_SortsListCorrectly
_result,10,2024-11-26 15:08:35.089462+00:00,2024-11-29 15:08:35.089462+00:00,2024-11-27 15:20:06.451720+00:00,47.6187,median_energy_dram,unit_test_energy,BuiltInSort_SortsListCorrectly
_result,10,2024-11-26 15:08:35.089462+00:00,2024-11-29 15:08:35.089462+00:00,2024-11-27 15:21:28.149126+00:00,45.1294,median_energy_dram,unit_test_energy,BuiltInSort_SortsListCorrectly
_result,10,2024-11-26 15:08:35.089462+00:00,2024-11-29 15:08:35.089462+00:00,2024-11-27 15:22:49.346021+00:00,44.9161,median_energy_dram,unit_test_energy,BuiltInSort_SortsListCorrectly
_result,10,2024-11-26 15:08:35.089462+00:00,2024-11-29 15:08:35.089462+00:00,2024-11-27 15:25:52.414228+00:00,45.1236,median_energy_dram,unit_test_energy,BuiltInSort_SortsListCorrectly
_result,10,2024-11-26 15:08:35.089462+00:00,2024-11-29 15:08:35.089462+00:00,2024-11-27 15:27:14.318189+00:00,46.7685,median_energy_dram,unit_test_energy,BuiltInSort_SortsListCorrectly
_result,10,2024-11-26 15:08:35.089462+00:00,2024-11-29 15:08:35.089462+00:00,2024-11-27 15:28:35.931640+00:00,44.9902,median_energy_dram,unit_test_energy,BuiltInSort_SortsListCorrectly
_result,10,2024-11-26 15:08:35.089462+00:00,2024-11-29 15:08:35.089462+00:00,2024-11-27 15:29:56.991021+00:00,46.9717,median_energy_dram,unit_test_energy,BuiltInSort_SortsListCorrectly
_result,10,2024-11-26 15:08:35.089462+00:00,2024-11-29 15:08:35.089462+00:00,2024-11-27 15:31:18.328201+00:00,45.4544,median_energy_dram,unit_test_energy,BuiltInSort_SortsListCorrectly
_result,10,2024-11-26 15:08:35.089462+00:00,2024-11-29 15:08:35.089462+00:00,2024-11-27 15:32:39.863277+00:00,44.2554,median_energy_dram,unit_test_energy,BuiltInSort_SortsListCorrectly
_result,10,2024-11-26 15:08:35.089462+00:00,2024-11-29 15:08:35.089462+00:00,2024-11-27 15:34:01.079164+00:00,44.9622,median_energy_dram,unit_test_energy,BuiltInSort_SortsListCorrectly
_result,10,2024-11-26 15:08:35.089462+00:00,2024-11-29 15:08:35.089462+00:00,2024-11-27 15:35:22.625462+00:00,45.2228,median_energy_dram,unit_test_energy,BuiltInSort_SortsListCorrectly
_result,10,2024-11-26 15:08:35.089462+00:00,2024-11-29 15:08:35.089462+00:00,2024-11-27 15:36:44.778575+00:00,46.4194,median_energy_dram,unit_test_energy,BuiltInSort_SortsListCorrectly
_result,10,2024-11-26 15:08:35.089462+00:00,2024-11-29 15:08:35.089462+00:00,2024-11-27 15:38:06.069977+00:00,44.6643,median_energy_dram,unit_test_energy,BuiltInSort_SortsListCorrectly
_result,10,2024-11-26 15:08:35.089462+00:00,2024-11-29 15:08:35.089462+00:00,2024-11-27 15:39:27.348675+00:00,47.2559,median_energy_dram,unit_test_energy,BuiltInSort_SortsListCorrectly
_result,10,2024-11-26 15:08:35.089462+00:00,2024-11-29 15:08:35.089462+00:00,2024-11-27 15:40:48.619448+00:00,44.9548,median_energy_dram,unit_test_energy,BuiltInSort_SortsListCorrectly
_result,10,2024-11-26 15:08:35.089462+00:00,2024-11-29 15:08:35.089462+00:00,2024-11-27 15:42:09.760304+00:00,42.4847,median_energy_dram,unit_test_energy,BuiltInSort_SortsListCorrectly
_result,10,2024-11-26 15:08:35.089462+00:00,2024-11-29 15:08:35.089462+00:00,2024-11-27 15:43:31.455109+00:00,44.4135,median_energy_dram,unit_test_energy,BuiltInSort_SortsListCorrectly
_result,10,2024-11-26 15:08:35.089462+00:00,2024-11-29 15:08:35.089462+00:00,2024-11-27 15:44:53.067565+00:00,46.7783,median_energy_dram,unit_test_energy,BuiltInSort_SortsListCorrectly
_result,11,2024-11-26 15:08:35.089462+00:00,2024-11-29 15:08:35.089462+00:00,2024-11-27 15:03:44.436262+00:00,118.0994,median_energy_pkg,unit_test_energy,BuiltInSort_SortsListCorrectly
_result,11,2024-11-26 15:08:35.089462+00:00,2024-11-29 15:08:35.089462+00:00,2024-11-27 15:05:06.257166+00:00,123.9478,median_energy_pkg,unit_test_energy,BuiltInSort_SortsListCorrectly
_result,11,2024-11-26 15:08:35.089462+00:00,2024-11-29 15:08:35.089462+00:00,2024-11-27 15:06:27.686991+00:00,123.8232,median_energy_pkg,unit_test_energy,BuiltInSort_SortsListCorrectly
_result,11,2024-11-26 15:08:35.089462+00:00,2024-11-29 15:08:35.089462+00:00,2024-11-27 15:07:49.293724+00:00,118.5242,median_energy_pkg,unit_test_energy,BuiltInSort_SortsListCorrectly
_result,11,2024-11-26 15:08:35.089462+00:00,2024-11-29 15:08:35.089462+00:00,2024-11-27 15:09:11.446274+00:00,118.9661,median_energy_pkg,unit_test_energy,BuiltInSort_SortsListCorrectly
_result,11,2024-11-26 15:08:35.089462+00:00,2024-11-29 15:08:35.089462+00:00,2024-11-27 15:10:33.695182+00:00,117.3242,median_energy_pkg,unit_test_energy,BuiltInSort_SortsListCorrectly
_result,11,2024-11-26 15:08:35.089462+00:00,2024-11-29 15:08:35.089462+00:00,2024-11-27 15:11:55.525461+00:00,118.4644,median_energy_pkg,unit_test_energy,BuiltInSort_SortsListCorrectly
_result,11,2024-11-26 15:08:35.089462+00:00,2024-11-29 15:08:35.089462+00:00,2024-11-27 15:13:16.957882+00:00,118.2678,median_energy_pkg,unit_test_energy,BuiltInSort_SortsListCorrectly
_result,11,2024-11-26 15:08:35.089462+00:00,2024-11-29 15:08:35.089462+00:00,2024-11-27 15:14:39.350891+00:00,117.0972,median_energy_pkg,unit_test_energy,BuiltInSort_SortsListCorrectly
_result,11,2024-11-26 15:08:35.089462+00:00,2024-11-29 15:08:35.089462+00:00,2024-11-27 15:16:00.863740+00:00,118.2349,median_energy_pkg,unit_test_energy,BuiltInSort_SortsListCorrectly
_result,11,2024-11-26 15:08:35.089462+00:00,2024-11-29 15:08:35.089462+00:00,2024-11-27 15:17:22.915541+00:00,117.5928,median_energy_pkg,unit_test_energy,BuiltInSort_SortsListCorrectly
_result,11,2024-11-26 15:08:35.089462+00:00,2024-11-29 15:08:35.089462+00:00,2024-11-27 15:18:44.330569+00:00,118.092,median_energy_pkg,unit_test_energy,BuiltInSort_SortsListCorrectly
_result,11,2024-11-26 15:08:35.089462+00:00,2024-11-29 15:08:35.089462+00:00,2024-11-27 15:20:06.451720+00:00,123.2922,median_energy_pkg,unit_test_energy,BuiltInSort_SortsListCorrectly
_result,11,2024-11-26 15:08:35.089462+00:00,2024-11-29 15:08:35.089462+00:00,2024-11-27 15:21:28.149126+00:00,117.1838,median_energy_pkg,unit_test_energy,BuiltInSort_SortsListCorrectly
_result,11,2024-11-26 15:08:35.089462+00:00,2024-11-29 15:08:35.089462+00:00,2024-11-27 15:22:49.346021+00:00,117.1472,median_energy_pkg,unit_test_energy,BuiltInSort_SortsListCorrectly
_result,11,2024-11-26 15:08:35.089462+00:00,2024-11-29 15:08:35.089462+00:00,2024-11-27 15:25:52.414228+00:00,116.6907,median_energy_pkg,unit_test_energy,BuiltInSort_SortsListCorrectly
_result,11,2024-11-26 15:08:35.089462+00:00,2024-11-29 15:08:35.089462+00:00,2024-11-27 15:27:14.318189+00:00,120.7251,median_energy_pkg,unit_test_energy,BuiltInSort_SortsListCorrectly
_result,11,2024-11-26 15:08:35.089462+00:00,2024-11-29 15:08:35.089462+00:00,2024-11-27 15:28:35.931640+00:00,118.2092,median_energy_pkg,unit_test_energy,BuiltInSort_SortsListCorrectly
_result,11,2024-11-26 15:08:35.089462+00:00,2024-11-29 15:08:35.089462+00:00,2024-11-27 15:29:56.991021+00:00,122.5317,median_energy_pkg,unit_test_energy,BuiltInSort_SortsListCorrectly
_result,11,2024-11-26 15:08:35.089462+00:00,2024-11-29 15:08:35.089462+00:00,2024-11-27 15:31:18.328201+00:00,117.0752,median_energy_pkg,unit_test_energy,BuiltInSort_SortsListCorrectly
_result,11,2024-11-26 15:08:35.089462+00:00,2024-11-29 15:08:35.089462+00:00,2024-11-27 15:32:39.863277+00:00,115.6152,median_energy_pkg,unit_test_energy,BuiltInSort_SortsListCorrectly
_result,11,2024-11-26 15:08:35.089462+00:00,2024-11-29 15:08:35.089462+00:00,2024-11-27 15:34:01.079164+00:00,117.4353,median_energy_pkg,unit_test_energy,BuiltInSort_SortsListCorrectly
_result,11,2024-11-26 15:08:35.089462+00:00,2024-11-29 15:08:35.089462+00:00,2024-11-27 15:35:22.625462+00:00,116.9031,median_energy_pkg,unit_test_energy,BuiltInSort_SortsListCorrectly
_result,11,2024-11-26 15:08:35.089462+00:00,2024-11-29 15:08:35.089462+00:00,2024-11-27 15:36:44.778575+00:00,120.6946,median_energy_pkg,unit_test_energy,BuiltInSort_SortsListCorrectly
_result,11,2024-11-26 15:08:35.089462+00:00,2024-11-29 15:08:35.089462+00:00,2024-11-27 15:38:06.069977+00:00,116.167,median_energy_pkg,unit_test_energy,BuiltInSort_SortsListCorrectly
_result,11,2024-11-26 15:08:35.089462+00:00,2024-11-29 15:08:35.089462+00:00,2024-11-27 15:39:27.348675+00:00,121.3623,median_energy_pkg,unit_test_energy,BuiltInSort_SortsListCorrectly
_result,11,2024-11-26 15:08:35.089462+00:00,2024-11-29 15:08:35.089462+00:00,2024-11-27 15:40:48.619448+00:00,117.0007,median_energy_pkg,unit_test_energy,BuiltInSort_SortsListCorrectly
_result,11,2024-11-26 15:08:35.089462+00:00,2024-11-29 15:08:35.089462+00:00,2024-11-27 15:42:09.760304+00:00,110.0684,median_energy_pkg,unit_test_energy,BuiltInSort_SortsListCorrectly
_result,11,2024-11-26 15:08:35.089462+00:00,2024-11-29 15:08:35.089462+00:00,2024-11-27 15:43:31.455109+00:00,116.1438,median_energy_pkg,unit_test_energy,BuiltInSort_SortsListCorrectly
_result,11,2024-11-26 15:08:35.089462+00:00,2024-11-29 15:08:35.089462+00:00,2024-11-27 15:44:53.067565+00:00,121.7139,median_energy_pkg,unit_test_energy,BuiltInSort_SortsListCorrectly
_result,12,2024-11-26 15:08:35.089462+00:00,2024-11-29 15:08:35.089462+00:00,2024-11-27 15:03:44.436262+00:00,3.3819,total_energy_dram,unit_test_energy,BuiltInSort_SortsListCorrectly
_result,12,2024-11-26 15:08:35.089462+00:00,2024-11-29 15:08:35.089462+00:00,2024-11-27 15:05:06.257166+00:00,3.641,total_energy_dram,unit_test_energy,BuiltInSort_SortsListCorrectly
_result,12,2024-11-26 15:08:35.089462+00:00,2024-11-29 15:08:35.089462+00:00,2024-11-27 15:06:27.686991+00:00,2.8438,total_energy_dram,unit_test_energy,BuiltInSort_SortsListCorrectly
_result,12,2024-11-26 15:08:35.089462+00:00,2024-11-29 15:08:35.089462+00:00,2024-11-27 15:07:49.293724+00:00,2.7459,total_energy_dram,unit_test_energy,BuiltInSort_SortsListCorrectly
_result,12,2024-11-26 15:08:35.089462+00:00,2024-11-29 15:08:35.089462+00:00,2024-11-27 15:09:11.446274+00:00,2.9539,total_energy_dram,unit_test_energy,BuiltInSort_SortsListCorrectly
_result,12,2024-11-26 15:08:35.089462+00:00,2024-11-29 15:08:35.089462+00:00,2024-11-27 15:10:33.695182+00:00,3.3618,total_energy_dram,unit_test_energy,BuiltInSort_SortsListCorrectly
_result,12,2024-11-26 15:08:35.089462+00:00,2024-11-29 15:08:35.089462+00:00,2024-11-27 15:11:55.525461+00:00,3.269,total_energy_dram,unit_test_energy,BuiltInSort_SortsListCorrectly
_result,12,2024-11-26 15:08:35.089462+00:00,2024-11-29 15:08:35.089462+00:00,2024-11-27 15:13:16.957882+00:00,3.4227,total_energy_dram,unit_test_energy,BuiltInSort_SortsListCorrectly
_result,12,2024-11-26 15:08:35.089462+00:00,2024-11-29 15:08:35.089462+00:00,2024-11-27 15:14:39.350891+00:00,2.9743,total_energy_dram,unit_test_energy,BuiltInSort_SortsListCorrectly
_result,12,2024-11-26 15:08:35.089462+00:00,2024-11-29 15:08:35.089462+00:00,2024-11-27 15:16:00.863740+00:00,2.8203,total_energy_dram,unit_test_energy,BuiltInSort_SortsListCorrectly
_result,12,2024-11-26 15:08:35.089462+00:00,2024-11-29 15:08:35.089462+00:00,2024-11-27 15:17:22.915541+00:00,2.7167,total_energy_dram,unit_test_energy,BuiltInSort_SortsListCorrectly
_result,12,2024-11-26 15:08:35.089462+00:00,2024-11-29 15:08:35.089462+00:00,2024-11-27 15:18:44.330569+00:00,3.3111,total_energy_dram,unit_test_energy,BuiltInSort_SortsListCorrectly
_result,12,2024-11-26 15:08:35.089462+00:00,2024-11-29 15:08:35.089462+00:00,2024-11-27 15:20:06.451720+00:00,2.8592,total_energy_dram,unit_test_energy,BuiltInSort_SortsListCorrectly
_result,12,2024-11-26 15:08:35.089462+00:00,2024-11-29 15:08:35.089462+00:00,2024-11-27 15:21:28.149126+00:00,2.968,total_energy_dram,unit_test_energy,BuiltInSort_SortsListCorrectly
_result,12,2024-11-26 15:08:35.089462+00:00,2024-11-29 15:08:35.089462+00:00,2024-11-27 15:22:49.346021+00:00,3.2191,total_energy_dram,unit_test_energy,BuiltInSort_SortsListCorrectly
_result,12,2024-11-26 15:08:35.089462+00:00,2024-11-29 15:08:35.089462+00:00,2024-11-27 15:25:52.414228+00:00,3.4213,total_energy_dram,unit_test_energy,BuiltInSort_SortsListCorrectly
_result,12,2024-11-26 15:08:35.089462+00:00,2024-11-29 15:08:35.089462+00:00,2024-11-27 15:27:14.318189+00:00,2.7393,total_energy_dram,unit_test_energy,BuiltInSort_SortsListCorrectly
_result,12,2024-11-26 15:08:35.089462+00:00,2024-11-29 15:08:35.089462+00:00,2024-11-27 15:28:35.931640+00:00,2.7574,total_energy_dram,unit_test_energy,BuiltInSort_SortsListCorrectly
_result,12,2024-11-26 15:08:35.089462+00:00,2024-11-29 15:08:35.089462+00:00,2024-11-27 15:29:56.991021+00:00,2.7947,total_energy_dram,unit_test_energy,BuiltInSort_SortsListCorrectly
_result,12,2024-11-26 15:08:35.089462+00:00,2024-11-29 15:08:35.089462+00:00,2024-11-27 15:31:18.328201+00:00,2.9317,total_energy_dram,unit_test_energy,BuiltInSort_SortsListCorrectly
_result,12,2024-11-26 15:08:35.089462+00:00,2024-11-29 15:08:35.089462+00:00,2024-11-27 15:32:39.863277+00:00,3.2179,total_energy_dram,unit_test_energy,BuiltInSort_SortsListCorrectly
_result,12,2024-11-26 15:08:35.089462+00:00,2024-11-29 15:08:35.089462+00:00,2024-11-27 15:34:01.079164+00:00,3.4436,total_energy_dram,unit_test_energy,BuiltInSort_SortsListCorrectly
_result,12,2024-11-26 15:08:35.089462+00:00,2024-11-29 15:08:35.089462+00:00,2024-11-27 15:35:22.625462+00:00,2.8476,total_energy_dram,unit_test_energy,BuiltInSort_SortsListCorrectly
_result,12,2024-11-26 15:08:35.089462+00:00,2024-11-29 15:08:35.089462+00:00,2024-11-27 15:36:44.778575+00:00,2.7478,total_energy_dram,unit_test_energy,BuiltInSort_SortsListCorrectly
_result,12,2024-11-26 15:08:35.089462+00:00,2024-11-29 15:08:35.089462+00:00,2024-11-27 15:38:06.069977+00:00,2.8779,total_energy_dram,unit_test_energy,BuiltInSort_SortsListCorrectly
_result,12,2024-11-26 15:08:35.089462+00:00,2024-11-29 15:08:35.089462+00:00,2024-11-27 15:39:27.348675+00:00,2.8615,total_energy_dram,unit_test_energy,BuiltInSort_SortsListCorrectly
_result,12,2024-11-26 15:08:35.089462+00:00,2024-11-29 15:08:35.089462+00:00,2024-11-27 15:40:48.619448+00:00,3.3119,total_energy_dram,unit_test_energy,BuiltInSort_SortsListCorrectly
_result,12,2024-11-26 15:08:35.089462+00:00,2024-11-29 15:08:35.089462+00:00,2024-11-27 15:42:09.760304+00:00,2.8827,total_energy_dram,unit_test_energy,BuiltInSort_SortsListCorrectly
_result,12,2024-11-26 15:08:35.089462+00:00,2024-11-29 15:08:35.089462+00:00,2024-11-27 15:43:31.455109+00:00,3.2393,total_energy_dram,unit_test_energy,BuiltInSort_SortsListCorrectly
_result,12,2024-11-26 15:08:35.089462+00:00,2024-11-29 15:08:35.089462+00:00,2024-11-27 15:44:53.067565+00:00,3.1364,total_energy_dram,unit_test_energy,BuiltInSort_SortsListCorrectly
_result,13,2024-11-26 15:08:35.089462+00:00,2024-11-29 15:08:35.089462+00:00,2024-11-27 15:03:44.436262+00:00,8.6992,total_energy_pkg,unit_test_energy,BuiltInSort_SortsListCorrectly
_result,13,2024-11-26 15:08:35.089462+00:00,2024-11-29 15:08:35.089462+00:00,2024-11-27 15:05:06.257166+00:00,9.4033,total_energy_pkg,unit_test_energy,BuiltInSort_SortsListCorrectly
_result,13,2024-11-26 15:08:35.089462+00:00,2024-11-29 15:08:35.089462+00:00,2024-11-27 15:06:27.686991+00:00,7.3587,total_energy_pkg,unit_test_energy,BuiltInSort_SortsListCorrectly
_result,13,2024-11-26 15:08:35.089462+00:00,2024-11-29 15:08:35.089462+00:00,2024-11-27 15:07:49.293724+00:00,7.0865,total_energy_pkg,unit_test_energy,BuiltInSort_SortsListCorrectly
_result,13,2024-11-26 15:08:35.089462+00:00,2024-11-29 15:08:35.089462+00:00,2024-11-27 15:09:11.446274+00:00,7.6437,total_energy_pkg,unit_test_energy,BuiltInSort_SortsListCorrectly
_result,13,2024-11-26 15:08:35.089462+00:00,2024-11-29 15:08:35.089462+00:00,2024-11-27 15:10:33.695182+00:00,8.5879,total_energy_pkg,unit_test_energy,BuiltInSort_SortsListCorrectly
_result,13,2024-11-26 15:08:35.089462+00:00,2024-11-29 15:08:35.089462+00:00,2024-11-27 15:11:55.525461+00:00,8.4421,total_energy_pkg,unit_test_energy,BuiltInSort_SortsListCorrectly
_result,13,2024-11-26 15:08:35.089462+00:00,2024-11-29 15:08:35.089462+00:00,2024-11-27 15:13:16.957882+00:00,8.8314,total_energy_pkg,unit_test_energy,BuiltInSort_SortsListCorrectly
_result,13,2024-11-26 15:08:35.089462+00:00,2024-11-29 15:08:35.089462+00:00,2024-11-27 15:14:39.350891+00:00,7.7275,total_energy_pkg,unit_test_energy,BuiltInSort_SortsListCorrectly
_result,13,2024-11-26 15:08:35.089462+00:00,2024-11-29 15:08:35.089462+00:00,2024-11-27 15:16:00.863740+00:00,7.317,total_energy_pkg,unit_test_energy,BuiltInSort_SortsListCorrectly
_result,13,2024-11-26 15:08:35.089462+00:00,2024-11-29 15:08:35.089462+00:00,2024-11-27 15:17:22.915541+00:00,7.0787,total_energy_pkg,unit_test_energy,BuiltInSort_SortsListCorrectly
_result,13,2024-11-26 15:08:35.089462+00:00,2024-11-29 15:08:35.089462+00:00,2024-11-27 15:18:44.330569+00:00,8.5369,total_energy_pkg,unit_test_energy,BuiltInSort_SortsListCorrectly
_result,13,2024-11-26 15:08:35.089462+00:00,2024-11-29 15:08:35.089462+00:00,2024-11-27 15:20:06.451720+00:00,7.3974,total_energy_pkg,unit_test_energy,BuiltInSort_SortsListCorrectly
_result,13,2024-11-26 15:08:35.089462+00:00,2024-11-29 15:08:35.089462+00:00,2024-11-27 15:21:28.149126+00:00,7.6986,total_energy_pkg,unit_test_energy,BuiltInSort_SortsListCorrectly
_result,13,2024-11-26 15:08:35.089462+00:00,2024-11-29 15:08:35.089462+00:00,2024-11-27 15:22:49.346021+00:00,8.3906,total_energy_pkg,unit_test_energy,BuiltInSort_SortsListCorrectly
_result,13,2024-11-26 15:08:35.089462+00:00,2024-11-29 15:08:35.089462+00:00,2024-11-27 15:25:52.414228+00:00,8.819,total_energy_pkg,unit_test_energy,BuiltInSort_SortsListCorrectly
_result,13,2024-11-26 15:08:35.089462+00:00,2024-11-29 15:08:35.089462+00:00,2024-11-27 15:27:14.318189+00:00,7.0615,total_energy_pkg,unit_test_energy,BuiltInSort_SortsListCorrectly
_result,13,2024-11-26 15:08:35.089462+00:00,2024-11-29 15:08:35.089462+00:00,2024-11-27 15:28:35.931640+00:00,7.2271,total_energy_pkg,unit_test_energy,BuiltInSort_SortsListCorrectly
_result,13,2024-11-26 15:08:35.089462+00:00,2024-11-29 15:08:35.089462+00:00,2024-11-27 15:29:56.991021+00:00,7.268,total_energy_pkg,unit_test_energy,BuiltInSort_SortsListCorrectly
_result,13,2024-11-26 15:08:35.089462+00:00,2024-11-29 15:08:35.089462+00:00,2024-11-27 15:31:18.328201+00:00,7.5262,total_energy_pkg,unit_test_energy,BuiltInSort_SortsListCorrectly
_result,13,2024-11-26 15:08:35.089462+00:00,2024-11-29 15:08:35.089462+00:00,2024-11-27 15:32:39.863277+00:00,8.3868,total_energy_pkg,unit_test_energy,BuiltInSort_SortsListCorrectly
_result,13,2024-11-26 15:08:35.089462+00:00,2024-11-29 15:08:35.089462+00:00,2024-11-27 15:34:01.079164+00:00,8.9869,total_energy_pkg,unit_test_energy,BuiltInSort_SortsListCorrectly
_result,13,2024-11-26 15:08:35.089462+00:00,2024-11-29 15:08:35.089462+00:00,2024-11-27 15:35:22.625462+00:00,7.3481,total_energy_pkg,unit_test_energy,BuiltInSort_SortsListCorrectly
_result,13,2024-11-26 15:08:35.089462+00:00,2024-11-29 15:08:35.089462+00:00,2024-11-27 15:36:44.778575+00:00,7.1379,total_energy_pkg,unit_test_energy,BuiltInSort_SortsListCorrectly
_result,13,2024-11-26 15:08:35.089462+00:00,2024-11-29 15:08:35.089462+00:00,2024-11-27 15:38:06.069977+00:00,7.4714,total_energy_pkg,unit_test_energy,BuiltInSort_SortsListCorrectly
_result,13,2024-11-26 15:08:35.089462+00:00,2024-11-29 15:08:35.089462+00:00,2024-11-27 15:39:27.348675+00:00,7.3284,total_energy_pkg,unit_test_energy,BuiltInSort_SortsListCorrectly
_result,13,2024-11-26 15:08:35.089462+00:00,2024-11-29 15:08:35.089462+00:00,2024-11-27 15:40:48.619448+00:00,8.6,total_energy_pkg,unit_test_energy,BuiltInSort_SortsListCorrectly
_result,13,2024-11-26 15:08:35.089462+00:00,2024-11-29 15:08:35.089462+00:00,2024-11-27 15:42:09.760304+00:00,7.4705,total_energy_pkg,unit_test_energy,BuiltInSort_SortsListCorrectly
_result,13,2024-11-26 15:08:35.089462+00:00,2024-11-29 15:08:35.089462+00:00,2024-11-27 15:43:31.455109+00:00,8.4588,total_energy_pkg,unit_test_energy,BuiltInSort_SortsListCorrectly
_result,13,2024-11-26 15:08:35.089462+00:00,2024-11-29 15:08:35.089462+00:00,2024-11-27 15:44:53.067565+00:00,8.1534,total_energy_pkg,unit_test_energy,BuiltInSort_SortsListCorrectly
_result,14,2024-11-26 15:08:35.089462+00:00,2024-11-29 15:08:35.089462+00:00,2024-11-27 15:03:24.098086+00:00,49.481,avg_energy_dram,unit_test_energy,InsertionSort_SortsListCorrectly
_result,14,2024-11-26 15:08:35.089462+00:00,2024-11-29 15:08:35.089462+00:00,2024-11-27 15:04:45.920011+00:00,51.5366,avg_energy_dram,unit_test_energy,InsertionSort_SortsListCorrectly
_result,14,2024-11-26 15:08:35.089462+00:00,2024-11-29 15:08:35.089462+00:00,2024-11-27 15:06:07.372397+00:00,51.2721,avg_energy_dram,unit_test_energy,InsertionSort_SortsListCorrectly
_result,14,2024-11-26 15:08:35.089462+00:00,2024-11-29 15:08:35.089462+00:00,2024-11-27 15:07:28.963158+00:00,51.5264,avg_energy_dram,unit_test_energy,InsertionSort_SortsListCorrectly
_result,14,2024-11-26 15:08:35.089462+00:00,2024-11-29 15:08:35.089462+00:00,2024-11-27 15:08:51.128400+00:00,51.4891,avg_energy_dram,unit_test_energy,InsertionSort_SortsListCorrectly
_result,14,2024-11-26 15:08:35.089462+00:00,2024-11-29 15:08:35.089462+00:00,2024-11-27 15:10:13.373722+00:00,51.4847,avg_energy_dram,unit_test_energy,InsertionSort_SortsListCorrectly
_result,14,2024-11-26 15:08:35.089462+00:00,2024-11-29 15:08:35.089462+00:00,2024-11-27 15:11:35.199574+00:00,51.4528,avg_energy_dram,unit_test_energy,InsertionSort_SortsListCorrectly
_result,14,2024-11-26 15:08:35.089462+00:00,2024-11-29 15:08:35.089462+00:00,2024-11-27 15:12:56.624718+00:00,51.5004,avg_energy_dram,unit_test_energy,InsertionSort_SortsListCorrectly
_result,14,2024-11-26 15:08:35.089462+00:00,2024-11-29 15:08:35.089462+00:00,2024-11-27 15:14:19.028927+00:00,51.5177,avg_energy_dram,unit_test_energy,InsertionSort_SortsListCorrectly
_result,14,2024-11-26 15:08:35.089462+00:00,2024-11-29 15:08:35.089462+00:00,2024-11-27 15:15:40.548219+00:00,51.5004,avg_energy_dram,unit_test_energy,InsertionSort_SortsListCorrectly
_result,14,2024-11-26 15:08:35.089462+00:00,2024-11-29 15:08:35.089462+00:00,2024-11-27 15:17:02.586242+00:00,51.4625,avg_energy_dram,unit_test_energy,InsertionSort_SortsListCorrectly
_result,14,2024-11-26 15:08:35.089462+00:00,2024-11-29 15:08:35.089462+00:00,2024-11-27 15:18:23.999024+00:00,51.5094,avg_energy_dram,unit_test_energy,InsertionSort_SortsListCorrectly
_result,14,2024-11-26 15:08:35.089462+00:00,2024-11-29 15:08:35.089462+00:00,2024-11-27 15:19:46.124674+00:00,51.4804,avg_energy_dram,unit_test_energy,InsertionSort_SortsListCorrectly
_result,14,2024-11-26 15:08:35.089462+00:00,2024-11-29 15:08:35.089462+00:00,2024-11-27 15:21:07.816251+00:00,51.8764,avg_energy_dram,unit_test_energy,InsertionSort_SortsListCorrectly
_result,14,2024-11-26 15:08:35.089462+00:00,2024-11-29 15:08:35.089462+00:00,2024-11-27 15:22:29.015872+00:00,51.4933,avg_energy_dram,unit_test_energy,InsertionSort_SortsListCorrectly
_result,14,2024-11-26 15:08:35.089462+00:00,2024-11-29 15:08:35.089462+00:00,2024-11-27 15:25:32.084663+00:00,51.5376,avg_energy_dram,unit_test_energy,InsertionSort_SortsListCorrectly
_result,14,2024-11-26 15:08:35.089462+00:00,2024-11-29 15:08:35.089462+00:00,2024-11-27 15:26:53.994498+00:00,51.4529,avg_energy_dram,unit_test_energy,InsertionSort_SortsListCorrectly
_result,14,2024-11-26 15:08:35.089462+00:00,2024-11-29 15:08:35.089462+00:00,2024-11-27 15:28:15.606522+00:00,51.8836,avg_energy_dram,unit_test_energy,InsertionSort_SortsListCorrectly
_result,14,2024-11-26 15:08:35.089462+00:00,2024-11-29 15:08:35.089462+00:00,2024-11-27 15:29:36.668427+00:00,51.8476,avg_energy_dram,unit_test_energy,InsertionSort_SortsListCorrectly
_result,14,2024-11-26 15:08:35.089462+00:00,2024-11-29 15:08:35.089462+00:00,2024-11-27 15:30:58.002720+00:00,51.5614,avg_energy_dram,unit_test_energy,InsertionSort_SortsListCorrectly
_result,14,2024-11-26 15:08:35.089462+00:00,2024-11-29 15:08:35.089462+00:00,2024-11-27 15:32:19.519091+00:00,51.6747,avg_energy_dram,unit_test_energy,InsertionSort_SortsListCorrectly
_result,14,2024-11-26 15:08:35.089462+00:00,2024-11-29 15:08:35.089462+00:00,2024-11-27 15:33:40.715553+00:00,51.5867,avg_energy_dram,unit_test_energy,InsertionSort_SortsListCorrectly
_result,14,2024-11-26 15:08:35.089462+00:00,2024-11-29 15:08:35.089462+00:00,2024-11-27 15:35:02.298380+00:00,44.7791,avg_energy_dram,unit_test_energy,InsertionSort_SortsListCorrectly
_result,14,2024-11-26 15:08:35.089462+00:00,2024-11-29 15:08:35.089462+00:00,2024-11-27 15:36:24.442549+00:00,51.883,avg_energy_dram,unit_test_energy,InsertionSort_SortsListCorrectly
_result,14,2024-11-26 15:08:35.089462+00:00,2024-11-29 15:08:35.089462+00:00,2024-11-27 15:37:45.734320+00:00,51.5661,avg_energy_dram,unit_test_energy,InsertionSort_SortsListCorrectly
_result,14,2024-11-26 15:08:35.089462+00:00,2024-11-29 15:08:35.089462+00:00,2024-11-27 15:39:07.022741+00:00,51.8632,avg_energy_dram,unit_test_energy,InsertionSort_SortsListCorrectly
_result,14,2024-11-26 15:08:35.089462+00:00,2024-11-29 15:08:35.089462+00:00,2024-11-27 15:40:28.249212+00:00,51.5595,avg_energy_dram,unit_test_energy,InsertionSort_SortsListCorrectly
_result,14,2024-11-26 15:08:35.089462+00:00,2024-11-29 15:08:35.089462+00:00,2024-11-27 15:41:49.417545+00:00,51.4846,avg_energy_dram,unit_test_energy,InsertionSort_SortsListCorrectly
_result,14,2024-11-26 15:08:35.089462+00:00,2024-11-29 15:08:35.089462+00:00,2024-11-27 15:43:11.114147+00:00,51.7298,avg_energy_dram,unit_test_energy,InsertionSort_SortsListCorrectly
_result,14,2024-11-26 15:08:35.089462+00:00,2024-11-29 15:08:35.089462+00:00,2024-11-27 15:44:32.726182+00:00,51.1974,avg_energy_dram,unit_test_energy,InsertionSort_SortsListCorrectly
_result,15,2024-11-26 15:08:35.089462+00:00,2024-11-29 15:08:35.089462+00:00,2024-11-27 15:03:24.098086+00:00,126.3617,avg_energy_pkg,unit_test_energy,InsertionSort_SortsListCorrectly
_result,15,2024-11-26 15:08:35.089462+00:00,2024-11-29 15:08:35.089462+00:00,2024-11-27 15:04:45.920011+00:00,128.2788,avg_energy_pkg,unit_test_energy,InsertionSort_SortsListCorrectly
_result,15,2024-11-26 15:08:35.089462+00:00,2024-11-29 15:08:35.089462+00:00,2024-11-27 15:06:07.372397+00:00,128.1616,avg_energy_pkg,unit_test_energy,InsertionSort_SortsListCorrectly
_result,15,2024-11-26 15:08:35.089462+00:00,2024-11-29 15:08:35.089462+00:00,2024-11-27 15:07:28.963158+00:00,127.8799,avg_energy_pkg,unit_test_energy,InsertionSort_SortsListCorrectly
_result,15,2024-11-26 15:08:35.089462+00:00,2024-11-29 15:08:35.089462+00:00,2024-11-27 15:08:51.128400+00:00,128.1019,avg_energy_pkg,unit_test_energy,InsertionSort_SortsListCorrectly
_result,15,2024-11-26 15:08:35.089462+00:00,2024-11-29 15:08:35.089462+00:00,2024-11-27 15:10:13.373722+00:00,127.9649,avg_energy_pkg,unit_test_energy,InsertionSort_SortsListCorrectly
_result,15,2024-11-26 15:08:35.089462+00:00,2024-11-29 15:08:35.089462+00:00,2024-11-27 15:11:35.199574+00:00,128.4815,avg_energy_pkg,unit_test_energy,InsertionSort_SortsListCorrectly
_result,15,2024-11-26 15:08:35.089462+00:00,2024-11-29 15:08:35.089462+00:00,2024-11-27 15:12:56.624718+00:00,128.3274,avg_energy_pkg,unit_test_energy,InsertionSort_SortsListCorrectly
_result,15,2024-11-26 15:08:35.089462+00:00,2024-11-29 15:08:35.089462+00:00,2024-11-27 15:14:19.028927+00:00,128.6437,avg_energy_pkg,unit_test_energy,InsertionSort_SortsListCorrectly
_result,15,2024-11-26 15:08:35.089462+00:00,2024-11-29 15:08:35.089462+00:00,2024-11-27 15:15:40.548219+00:00,128.6932,avg_energy_pkg,unit_test_energy,InsertionSort_SortsListCorrectly
_result,15,2024-11-26 15:08:35.089462+00:00,2024-11-29 15:08:35.089462+00:00,2024-11-27 15:17:02.586242+00:00,128.5073,avg_energy_pkg,unit_test_energy,InsertionSort_SortsListCorrectly
_result,15,2024-11-26 15:08:35.089462+00:00,2024-11-29 15:08:35.089462+00:00,2024-11-27 15:18:23.999024+00:00,128.1521,avg_energy_pkg,unit_test_energy,InsertionSort_SortsListCorrectly
_result,15,2024-11-26 15:08:35.089462+00:00,2024-11-29 15:08:35.089462+00:00,2024-11-27 15:19:46.124674+00:00,128.5512,avg_energy_pkg,unit_test_energy,InsertionSort_SortsListCorrectly
_result,15,2024-11-26 15:08:35.089462+00:00,2024-11-29 15:08:35.089462+00:00,2024-11-27 15:21:07.816251+00:00,128.3673,avg_energy_pkg,unit_test_energy,InsertionSort_SortsListCorrectly
_result,15,2024-11-26 15:08:35.089462+00:00,2024-11-29 15:08:35.089462+00:00,2024-11-27 15:22:29.015872+00:00,128.6129,avg_energy_pkg,unit_test_energy,InsertionSort_SortsListCorrectly
_result,15,2024-11-26 15:08:35.089462+00:00,2024-11-29 15:08:35.089462+00:00,2024-11-27 15:25:32.084663+00:00,128.0256,avg_energy_pkg,unit_test_energy,InsertionSort_SortsListCorrectly
_result,15,2024-11-26 15:08:35.089462+00:00,2024-11-29 15:08:35.089462+00:00,2024-11-27 15:26:53.994498+00:00,128.0138,avg_energy_pkg,unit_test_energy,InsertionSort_SortsListCorrectly
_result,15,2024-11-26 15:08:35.089462+00:00,2024-11-29 15:08:35.089462+00:00,2024-11-27 15:28:15.606522+00:00,128.6731,avg_energy_pkg,unit_test_energy,InsertionSort_SortsListCorrectly
_result,15,2024-11-26 15:08:35.089462+00:00,2024-11-29 15:08:35.089462+00:00,2024-11-27 15:29:36.668427+00:00,128.7515,avg_energy_pkg,unit_test_energy,InsertionSort_SortsListCorrectly
_result,15,2024-11-26 15:08:35.089462+00:00,2024-11-29 15:08:35.089462+00:00,2024-11-27 15:30:58.002720+00:00,128.6346,avg_energy_pkg,unit_test_energy,InsertionSort_SortsListCorrectly
_result,15,2024-11-26 15:08:35.089462+00:00,2024-11-29 15:08:35.089462+00:00,2024-11-27 15:32:19.519091+00:00,128.6738,avg_energy_pkg,unit_test_energy,InsertionSort_SortsListCorrectly
_result,15,2024-11-26 15:08:35.089462+00:00,2024-11-29 15:08:35.089462+00:00,2024-11-27 15:33:40.715553+00:00,128.6833,avg_energy_pkg,unit_test_energy,InsertionSort_SortsListCorrectly
_result,15,2024-11-26 15:08:35.089462+00:00,2024-11-29 15:08:35.089462+00:00,2024-11-27 15:35:02.298380+00:00,123.3546,avg_energy_pkg,unit_test_energy,InsertionSort_SortsListCorrectly
_result,15,2024-11-26 15:08:35.089462+00:00,2024-11-29 15:08:35.089462+00:00,2024-11-27 15:36:24.442549+00:00,127.6293,avg_energy_pkg,unit_test_energy,InsertionSort_SortsListCorrectly
_result,15,2024-11-26 15:08:35.089462+00:00,2024-11-29 15:08:35.089462+00:00,2024-11-27 15:37:45.734320+00:00,128.1242,avg_energy_pkg,unit_test_energy,InsertionSort_SortsListCorrectly
_result,15,2024-11-26 15:08:35.089462+00:00,2024-11-29 15:08:35.089462+00:00,2024-11-27 15:39:07.022741+00:00,128.4108,avg_energy_pkg,unit_test_energy,InsertionSort_SortsListCorrectly
_result,15,2024-11-26 15:08:35.089462+00:00,2024-11-29 15:08:35.089462+00:00,2024-11-27 15:40:28.249212+00:00,128.3421,avg_energy_pkg,unit_test_energy,InsertionSort_SortsListCorrectly
_result,15,2024-11-26 15:08:35.089462+00:00,2024-11-29 15:08:35.089462+00:00,2024-11-27 15:41:49.417545+00:00,128.0762,avg_energy_pkg,unit_test_energy,InsertionSort_SortsListCorrectly
_result,15,2024-11-26 15:08:35.089462+00:00,2024-11-29 15:08:35.089462+00:00,2024-11-27 15:43:11.114147+00:00,128.3183,avg_energy_pkg,unit_test_energy,InsertionSort_SortsListCorrectly
_result,15,2024-11-26 15:08:35.089462+00:00,2024-11-29 15:08:35.089462+00:00,2024-11-27 15:44:32.726182+00:00,128.0089,avg_energy_pkg,unit_test_energy,InsertionSort_SortsListCorrectly
_result,16,2024-11-26 15:08:35.089462+00:00,2024-11-29 15:08:35.089462+00:00,2024-11-27 15:03:24.098086+00:00,5.3606,duration,unit_test_energy,InsertionSort_SortsListCorrectly
_result,16,2024-11-26 15:08:35.089462+00:00,2024-11-29 15:08:35.089462+00:00,2024-11-27 15:04:45.920011+00:00,5.1134,duration,unit_test_energy,InsertionSort_SortsListCorrectly
_result,16,2024-11-26 15:08:35.089462+00:00,2024-11-29 15:08:35.089462+00:00,2024-11-27 15:06:07.372397+00:00,5.1762,duration,unit_test_energy,InsertionSort_SortsListCorrectly
_result,16,2024-11-26 15:08:35.089462+00:00,2024-11-29 15:08:35.089462+00:00,2024-11-27 15:07:28.963158+00:00,5.103,duration,unit_test_energy,InsertionSort_SortsListCorrectly
_result,16,2024-11-26 15:08:35.089462+00:00,2024-11-29 15:08:35.089462+00:00,2024-11-27 15:08:51.128400+00:00,5.1427,duration,unit_test_energy,InsertionSort_SortsListCorrectly
_result,16,2024-11-26 15:08:35.089462+00:00,2024-11-29 15:08:35.089462+00:00,2024-11-27 15:10:13.373722+00:00,5.1293,duration,unit_test_energy,InsertionSort_SortsListCorrectly
_result,16,2024-11-26 15:08:35.089462+00:00,2024-11-29 15:08:35.089462+00:00,2024-11-27 15:11:35.199574+00:00,5.2311,duration,unit_test_energy,InsertionSort_SortsListCorrectly
_result,16,2024-11-26 15:08:35.089462+00:00,2024-11-29 15:08:35.089462+00:00,2024-11-27 15:12:56.624718+00:00,5.1289,duration,unit_test_energy,InsertionSort_SortsListCorrectly
_result,16,2024-11-26 15:08:35.089462+00:00,2024-11-29 15:08:35.089462+00:00,2024-11-27 15:14:19.028927+00:00,5.4051,duration,unit_test_energy,InsertionSort_SortsListCorrectly
_result,16,2024-11-26 15:08:35.089462+00:00,2024-11-29 15:08:35.089462+00:00,2024-11-27 15:15:40.548219+00:00,5.1251,duration,unit_test_energy,InsertionSort_SortsListCorrectly
_result,16,2024-11-26 15:08:35.089462+00:00,2024-11-29 15:08:35.089462+00:00,2024-11-27 15:17:02.586242+00:00,5.1809,duration,unit_test_energy,InsertionSort_SortsListCorrectly
_result,16,2024-11-26 15:08:35.089462+00:00,2024-11-29 15:08:35.089462+00:00,2024-11-27 15:18:23.999024+00:00,5.1016,duration,unit_test_energy,InsertionSort_SortsListCorrectly
_result,16,2024-11-26 15:08:35.089462+00:00,2024-11-29 15:08:35.089462+00:00,2024-11-27 15:19:46.124674+00:00,5.1438,duration,unit_test_energy,InsertionSort_SortsListCorrectly
_result,16,2024-11-26 15:08:35.089462+00:00,2024-11-29 15:08:35.089462+00:00,2024-11-27 15:21:07.816251+00:00,5.0722,duration,unit_test_energy,InsertionSort_SortsListCorrectly
_result,16,2024-11-26 15:08:35.089462+00:00,2024-11-29 15:08:35.089462+00:00,2024-11-27 15:22:29.015872+00:00,5.1087,duration,unit_test_energy,InsertionSort_SortsListCorrectly
_result,16,2024-11-26 15:08:35.089462+00:00,2024-11-29 15:08:35.089462+00:00,2024-11-27 15:25:32.084663+00:00,5.0476,duration,unit_test_energy,InsertionSort_SortsListCorrectly
_result,16,2024-11-26 15:08:35.089462+00:00,2024-11-29 15:08:35.089462+00:00,2024-11-27 15:26:53.994498+00:00,5.2697,duration,unit_test_energy,InsertionSort_SortsListCorrectly
_result,16,2024-11-26 15:08:35.089462+00:00,2024-11-29 15:08:35.089462+00:00,2024-11-27 15:28:15.606522+00:00,5.0751,duration,unit_test_energy,InsertionSort_SortsListCorrectly
_result,16,2024-11-26 15:08:35.089462+00:00,2024-11-29 15:08:35.089462+00:00,2024-11-27 15:29:36.668427+00:00,5.0863,duration,unit_test_energy,InsertionSort_SortsListCorrectly
_result,16,2024-11-26 15:08:35.089462+00:00,2024-11-29 15:08:35.089462+00:00,2024-11-27 15:30:58.002720+00:00,5.086,duration,unit_test_energy,InsertionSort_SortsListCorrectly
_result,16,2024-11-26 15:08:35.089462+00:00,2024-11-29 15:08:35.089462+00:00,2024-11-27 15:32:19.519091+00:00,5.0853,duration,unit_test_energy,InsertionSort_SortsListCorrectly
_result,16,2024-11-26 15:08:35.089462+00:00,2024-11-29 15:08:35.089462+00:00,2024-11-27 15:33:40.715553+00:00,5.1096,duration,unit_test_energy,InsertionSort_SortsListCorrectly
_result,16,2024-11-26 15:08:35.089462+00:00,2024-11-29 15:08:35.089462+00:00,2024-11-27 15:35:02.298380+00:00,5.1194,duration,unit_test_energy,InsertionSort_SortsListCorrectly
_result,16,2024-11-26 15:08:35.089462+00:00,2024-11-29 15:08:35.089462+00:00,2024-11-27 15:36:24.442549+00:00,5.77,duration,unit_test_energy,InsertionSort_SortsListCorrectly
_result,16,2024-11-26 15:08:35.089462+00:00,2024-11-29 15:08:35.089462+00:00,2024-11-27 15:37:45.734320+00:00,5.042,duration,unit_test_energy,InsertionSort_SortsListCorrectly
_result,16,2024-11-26 15:08:35.089462+00:00,2024-11-29 15:08:35.089462+00:00,2024-11-27 15:39:07.022741+00:00,5.0651,duration,unit_test_energy,InsertionSort_SortsListCorrectly
_result,16,2024-11-26 15:08:35.089462+00:00,2024-11-29 15:08:35.089462+00:00,2024-11-27 15:40:28.249212+00:00,5.0583,duration,unit_test_energy,InsertionSort_SortsListCorrectly
_result,16,2024-11-26 15:08:35.089462+00:00,2024-11-29 15:08:35.089462+00:00,2024-11-27 15:41:49.417545+00:00,5.0984,duration,unit_test_energy,InsertionSort_SortsListCorrectly
_result,16,2024-11-26 15:08:35.089462+00:00,2024-11-29 15:08:35.089462+00:00,2024-11-27 15:43:11.114147+00:00,5.0708,duration,unit_test_energy,InsertionSort_SortsListCorrectly
_result,16,2024-11-26 15:08:35.089462+00:00,2024-11-29 15:08:35.089462+00:00,2024-11-27 15:44:32.726182+00:00,5.1618,duration,unit_test_energy,InsertionSort_SortsListCorrectly
_result,17,2024-11-26 15:08:35.089462+00:00,2024-11-29 15:08:35.089462+00:00,2024-11-27 15:03:24.098086+00:00,49.8735,median_energy_dram,unit_test_energy,InsertionSort_SortsListCorrectly
_result,17,2024-11-26 15:08:35.089462+00:00,2024-11-29 15:08:35.089462+00:00,2024-11-27 15:04:45.920011+00:00,50.7422,median_energy_dram,unit_test_energy,InsertionSort_SortsListCorrectly
_result,17,2024-11-26 15:08:35.089462+00:00,2024-11-29 15:08:35.089462+00:00,2024-11-27 15:06:07.372397+00:00,50.6209,median_energy_dram,unit_test_energy,InsertionSort_SortsListCorrectly
_result,17,2024-11-26 15:08:35.089462+00:00,2024-11-29 15:08:35.089462+00:00,2024-11-27 15:07:28.963158+00:00,50.712,median_energy_dram,unit_test_energy,InsertionSort_SortsListCorrectly
_result,17,2024-11-26 15:08:35.089462+00:00,2024-11-29 15:08:35.089462+00:00,2024-11-27 15:08:51.128400+00:00,50.6293,median_energy_dram,unit_test_energy,InsertionSort_SortsListCorrectly
_result,17,2024-11-26 15:08:35.089462+00:00,2024-11-29 15:08:35.089462+00:00,2024-11-27 15:10:13.373722+00:00,50.6375,median_energy_dram,unit_test_energy,InsertionSort_SortsListCorrectly
_result,17,2024-11-26 15:08:35.089462+00:00,2024-11-29 15:08:35.089462+00:00,2024-11-27 15:11:35.199574+00:00,50.6573,median_energy_dram,unit_test_energy,InsertionSort_SortsListCorrectly
_result,17,2024-11-26 15:08:35.089462+00:00,2024-11-29 15:08:35.089462+00:00,2024-11-27 15:12:56.624718+00:00,50.6909,median_energy_dram,unit_test_energy,InsertionSort_SortsListCorrectly
_result,17,2024-11-26 15:08:35.089462+00:00,2024-11-29 15:08:35.089462+00:00,2024-11-27 15:14:19.028927+00:00,50.6522,median_energy_dram,unit_test_energy,InsertionSort_SortsListCorrectly
_result,17,2024-11-26 15:08:35.089462+00:00,2024-11-29 15:08:35.089462+00:00,2024-11-27 15:15:40.548219+00:00,50.6131,median_energy_dram,unit_test_energy,InsertionSort_SortsListCorrectly
_result,17,2024-11-26 15:08:35.089462+00:00,2024-11-29 15:08:35.089462+00:00,2024-11-27 15:17:02.586242+00:00,51.1145,median_energy_dram,unit_test_energy,InsertionSort_SortsListCorrectly
_result,17,2024-11-26 15:08:35.089462+00:00,2024-11-29 15:08:35.089462+00:00,2024-11-27 15:18:23.999024+00:00,50.6573,median_energy_dram,unit_test_energy,InsertionSort_SortsListCorrectly
_result,17,2024-11-26 15:08:35.089462+00:00,2024-11-29 15:08:35.089462+00:00,2024-11-27 15:19:46.124674+00:00,50.5948,median_energy_dram,unit_test_energy,InsertionSort_SortsListCorrectly
_result,17,2024-11-26 15:08:35.089462+00:00,2024-11-29 15:08:35.089462+00:00,2024-11-27 15:21:07.816251+00:00,51.4464,median_energy_dram,unit_test_energy,InsertionSort_SortsListCorrectly
_result,17,2024-11-26 15:08:35.089462+00:00,2024-11-29 15:08:35.089462+00:00,2024-11-27 15:22:29.015872+00:00,50.6131,median_energy_dram,unit_test_energy,InsertionSort_SortsListCorrectly
_result,17,2024-11-26 15:08:35.089462+00:00,2024-11-29 15:08:35.089462+00:00,2024-11-27 15:25:32.084663+00:00,50.6699,median_energy_dram,unit_test_energy,InsertionSort_SortsListCorrectly
_result,17,2024-11-26 15:08:35.089462+00:00,2024-11-29 15:08:35.089462+00:00,2024-11-27 15:26:53.994498+00:00,51.0547,median_energy_dram,unit_test_energy,InsertionSort_SortsListCorrectly
_result,17,2024-11-26 15:08:35.089462+00:00,2024-11-29 15:08:35.089462+00:00,2024-11-27 15:28:15.606522+00:00,51.5224,median_energy_dram,unit_test_energy,InsertionSort_SortsListCorrectly
_result,17,2024-11-26 15:08:35.089462+00:00,2024-11-29 15:08:35.089462+00:00,2024-11-27 15:29:36.668427+00:00,51.4098,median_energy_dram,unit_test_energy,InsertionSort_SortsListCorrectly
_result,17,2024-11-26 15:08:35.089462+00:00,2024-11-29 15:08:35.089462+00:00,2024-11-27 15:30:58.002720+00:00,51.1336,median_energy_dram,unit_test_energy,InsertionSort_SortsListCorrectly
_result,17,2024-11-26 15:08:35.089462+00:00,2024-11-29 15:08:35.089462+00:00,2024-11-27 15:32:19.519091+00:00,51.2912,median_energy_dram,unit_test_energy,InsertionSort_SortsListCorrectly
_result,17,2024-11-26 15:08:35.089462+00:00,2024-11-29 15:08:35.089462+00:00,2024-11-27 15:33:40.715553+00:00,51.1072,median_energy_dram,unit_test_energy,InsertionSort_SortsListCorrectly
_result,17,2024-11-26 15:08:35.089462+00:00,2024-11-29 15:08:35.089462+00:00,2024-11-27 15:35:02.298380+00:00,43.8531,median_energy_dram,unit_test_energy,InsertionSort_SortsListCorrectly
_result,17,2024-11-26 15:08:35.089462+00:00,2024-11-29 15:08:35.089462+00:00,2024-11-27 15:36:24.442549+00:00,51.425,median_energy_dram,unit_test_energy,InsertionSort_SortsListCorrectly
_result,17,2024-11-26 15:08:35.089462+00:00,2024-11-29 15:08:35.089462+00:00,2024-11-27 15:37:45.734320+00:00,50.679,median_energy_dram,unit_test_energy,InsertionSort_SortsListCorrectly
_result,17,2024-11-26 15:08:35.089462+00:00,2024-11-29 15:08:35.089462+00:00,2024-11-27 15:39:07.022741+00:00,51.3806,median_energy_dram,unit_test_energy,InsertionSort_SortsListCorrectly
_result,17,2024-11-26 15:08:35.089462+00:00,2024-11-29 15:08:35.089462+00:00,2024-11-27 15:40:28.249212+00:00,51.2628,median_energy_dram,unit_test_energy,InsertionSort_SortsListCorrectly
_result,17,2024-11-26 15:08:35.089462+00:00,2024-11-29 15:08:35.089462+00:00,2024-11-27 15:41:49.417545+00:00,50.9283,median_energy_dram,unit_test_energy,InsertionSort_SortsListCorrectly
_result,17,2024-11-26 15:08:35.089462+00:00,2024-11-29 15:08:35.089462+00:00,2024-11-27 15:43:11.114147+00:00,51.293,median_energy_dram,unit_test_energy,InsertionSort_SortsListCorrectly
_result,17,2024-11-26 15:08:35.089462+00:00,2024-11-29 15:08:35.089462+00:00,2024-11-27 15:44:32.726182+00:00,50.9911,median_energy_dram,unit_test_energy,InsertionSort_SortsListCorrectly
_result,18,2024-11-26 15:08:35.089462+00:00,2024-11-29 15:08:35.089462+00:00,2024-11-27 15:03:24.098086+00:00,125.2734,median_energy_pkg,unit_test_energy,InsertionSort_SortsListCorrectly
_result,18,2024-11-26 15:08:35.089462+00:00,2024-11-29 15:08:35.089462+00:00,2024-11-27 15:04:45.920011+00:00,127.5171,median_energy_pkg,unit_test_energy,InsertionSort_SortsListCorrectly
_result,18,2024-11-26 15:08:35.089462+00:00,2024-11-29 15:08:35.089462+00:00,2024-11-27 15:06:07.372397+00:00,126.6974,median_energy_pkg,unit_test_energy,InsertionSort_SortsListCorrectly
_result,18,2024-11-26 15:08:35.089462+00:00,2024-11-29 15:08:35.089462+00:00,2024-11-27 15:07:28.963158+00:00,127.4243,median_energy_pkg,unit_test_energy,InsertionSort_SortsListCorrectly
_result,18,2024-11-26 15:08:35.089462+00:00,2024-11-29 15:08:35.089462+00:00,2024-11-27 15:08:51.128400+00:00,127.7539,median_energy_pkg,unit_test_energy,InsertionSort_SortsListCorrectly
_result,18,2024-11-26 15:08:35.089462+00:00,2024-11-29 15:08:35.089462+00:00,2024-11-27 15:10:13.373722+00:00,127.3804,median_energy_pkg,unit_test_energy,InsertionSort_SortsListCorrectly
_result,18,2024-11-26 15:08:35.089462+00:00,2024-11-29 15:08:35.089462+00:00,2024-11-27 15:11:35.199574+00:00,126.6296,median_energy_pkg,unit_test_energy,InsertionSort_SortsListCorrectly
_result,18,2024-11-26 15:08:35.089462+00:00,2024-11-29 15:08:35.089462+00:00,2024-11-27 15:12:56.624718+00:00,128.2202,median_energy_pkg,unit_test_energy,InsertionSort_SortsListCorrectly
_result,18,2024-11-26 15:08:35.089462+00:00,2024-11-29 15:08:35.089462+00:00,2024-11-27 15:14:19.028927+00:00,128.6218,median_energy_pkg,unit_test_energy,InsertionSort_SortsListCorrectly
_result,18,2024-11-26 15:08:35.089462+00:00,2024-11-29 15:08:35.089462+00:00,2024-11-27 15:15:40.548219+00:00,128.6096,median_energy_pkg,unit_test_energy,InsertionSort_SortsListCorrectly
_result,18,2024-11-26 15:08:35.089462+00:00,2024-11-29 15:08:35.089462+00:00,2024-11-27 15:17:02.586242+00:00,128.5992,median_energy_pkg,unit_test_energy,InsertionSort_SortsListCorrectly
_result,18,2024-11-26 15:08:35.089462+00:00,2024-11-29 15:08:35.089462+00:00,2024-11-27 15:18:23.999024+00:00,128.2629,median_energy_pkg,unit_test_energy,InsertionSort_SortsListCorrectly
_result,18,2024-11-26 15:08:35.089462+00:00,2024-11-29 15:08:35.089462+00:00,2024-11-27 15:19:46.124674+00:00,128.4546,median_energy_pkg,unit_test_energy,InsertionSort_SortsListCorrectly
_result,18,2024-11-26 15:08:35.089462+00:00,2024-11-29 15:08:35.089462+00:00,2024-11-27 15:21:07.816251+00:00,128.194,median_energy_pkg,unit_test_energy,InsertionSort_SortsListCorrectly
_result,18,2024-11-26 15:08:35.089462+00:00,2024-11-29 15:08:35.089462+00:00,2024-11-27 15:22:29.015872+00:00,128.6658,median_energy_pkg,unit_test_energy,InsertionSort_SortsListCorrectly
_result,18,2024-11-26 15:08:35.089462+00:00,2024-11-29 15:08:35.089462+00:00,2024-11-27 15:25:32.084663+00:00,127.7966,median_energy_pkg,unit_test_energy,InsertionSort_SortsListCorrectly
_result,18,2024-11-26 15:08:35.089462+00:00,2024-11-29 15:08:35.089462+00:00,2024-11-27 15:26:53.994498+00:00,127.9694,median_energy_pkg,unit_test_energy,InsertionSort_SortsListCorrectly
_result,18,2024-11-26 15:08:35.089462+00:00,2024-11-29 15:08:35.089462+00:00,2024-11-27 15:28:15.606522+00:00,128.6218,median_energy_pkg,unit_test_energy,InsertionSort_SortsListCorrectly
_result,18,2024-11-26 15:08:35.089462+00:00,2024-11-29 15:08:35.089462+00:00,2024-11-27 15:29:36.668427+00:00,128.562,median_energy_pkg,unit_test_energy,InsertionSort_SortsListCorrectly
_result,18,2024-11-26 15:08:35.089462+00:00,2024-11-29 15:08:35.089462+00:00,2024-11-27 15:30:58.002720+00:00,128.6243,median_energy_pkg,unit_test_energy,InsertionSort_SortsListCorrectly
_result,18,2024-11-26 15:08:35.089462+00:00,2024-11-29 15:08:35.089462+00:00,2024-11-27 15:32:19.519091+00:00,128.5663,median_energy_pkg,unit_test_energy,InsertionSort_SortsListCorrectly
_result,18,2024-11-26 15:08:35.089462+00:00,2024-11-29 15:08:35.089462+00:00,2024-11-27 15:33:40.715553+00:00,127.7612,median_energy_pkg,unit_test_energy,InsertionSort_SortsListCorrectly
_result,18,2024-11-26 15:08:35.089462+00:00,2024-11-29 15:08:35.089462+00:00,2024-11-27 15:35:02.298380+00:00,123.7195,median_energy_pkg,unit_test_energy,InsertionSort_SortsListCorrectly
_result,18,2024-11-26 15:08:35.089462+00:00,2024-11-29 15:08:35.089462+00:00,2024-11-27 15:36:24.442549+00:00,127.5128,median_energy_pkg,unit_test_energy,InsertionSort_SortsListCorrectly
_result,18,2024-11-26 15:08:35.089462+00:00,2024-11-29 15:08:35.089462+00:00,2024-11-27 15:37:45.734320+00:00,127.9626,median_energy_pkg,unit_test_energy,InsertionSort_SortsListCorrectly
_result,18,2024-11-26 15:08:35.089462+00:00,2024-11-29 15:08:35.089462+00:00,2024-11-27 15:39:07.022741+00:00,128.2465,median_energy_pkg,unit_test_energy,InsertionSort_SortsListCorrectly
_result,18,2024-11-26 15:08:35.089462+00:00,2024-11-29 15:08:35.089462+00:00,2024-11-27 15:40:28.249212+00:00,128.2135,median_energy_pkg,unit_test_energy,InsertionSort_SortsListCorrectly
_result,18,2024-11-26 15:08:35.089462+00:00,2024-11-29 15:08:35.089462+00:00,2024-11-27 15:41:49.417545+00:00,127.2156,median_energy_pkg,unit_test_energy,InsertionSort_SortsListCorrectly
_result,18,2024-11-26 15:08:35.089462+00:00,2024-11-29 15:08:35.089462+00:00,2024-11-27 15:43:11.114147+00:00,128.1012,median_energy_pkg,unit_test_energy,InsertionSort_SortsListCorrectly
_result,18,2024-11-26 15:08:35.089462+00:00,2024-11-29 15:08:35.089462+00:00,2024-11-27 15:44:32.726182+00:00,127.1503,median_energy_pkg,unit_test_energy,InsertionSort_SortsListCorrectly
_result,19,2024-11-26 15:08:35.089462+00:00,2024-11-29 15:08:35.089462+00:00,2024-11-27 15:03:24.098086+00:00,265.2461,total_energy_dram,unit_test_energy,InsertionSort_SortsListCorrectly
_result,19,2024-11-26 15:08:35.089462+00:00,2024-11-29 15:08:35.089462+00:00,2024-11-27 15:04:45.920011+00:00,263.5278,total_energy_dram,unit_test_energy,InsertionSort_SortsListCorrectly
_result,19,2024-11-26 15:08:35.089462+00:00,2024-11-29 15:08:35.089462+00:00,2024-11-27 15:06:07.372397+00:00,265.3938,total_energy_dram,unit_test_energy,InsertionSort_SortsListCorrectly
_result,19,2024-11-26 15:08:35.089462+00:00,2024-11-29 15:08:35.089462+00:00,2024-11-27 15:07:28.963158+00:00,262.9381,total_energy_dram,unit_test_energy,InsertionSort_SortsListCorrectly
_result,19,2024-11-26 15:08:35.089462+00:00,2024-11-29 15:08:35.089462+00:00,2024-11-27 15:08:51.128400+00:00,264.7956,total_energy_dram,unit_test_energy,InsertionSort_SortsListCorrectly
_result,19,2024-11-26 15:08:35.089462+00:00,2024-11-29 15:08:35.089462+00:00,2024-11-27 15:10:13.373722+00:00,264.0787,total_energy_dram,unit_test_energy,InsertionSort_SortsListCorrectly
_result,19,2024-11-26 15:08:35.089462+00:00,2024-11-29 15:08:35.089462+00:00,2024-11-27 15:11:35.199574+00:00,269.1532,total_energy_dram,unit_test_energy,InsertionSort_SortsListCorrectly
_result,19,2024-11-26 15:08:35.089462+00:00,2024-11-29 15:08:35.089462+00:00,2024-11-27 15:12:56.624718+00:00,264.1421,total_energy_dram,unit_test_energy,InsertionSort_SortsListCorrectly
_result,19,2024-11-26 15:08:35.089462+00:00,2024-11-29 15:08:35.089462+00:00,2024-11-27 15:14:19.028927+00:00,278.4605,total_energy_dram,unit_test_energy,InsertionSort_SortsListCorrectly
_result,19,2024-11-26 15:08:35.089462+00:00,2024-11-29 15:08:35.089462+00:00,2024-11-27 15:15:40.548219+00:00,263.9423,total_energy_dram,unit_test_energy,InsertionSort_SortsListCorrectly
_result,19,2024-11-26 15:08:35.089462+00:00,2024-11-29 15:08:35.089462+00:00,2024-11-27 15:17:02.586242+00:00,266.624,total_energy_dram,unit_test_energy,InsertionSort_SortsListCorrectly
_result,19,2024-11-26 15:08:35.089462+00:00,2024-11-29 15:08:35.089462+00:00,2024-11-27 15:18:23.999024+00:00,262.7788,total_energy_dram,unit_test_energy,InsertionSort_SortsListCorrectly
_result,19,2024-11-26 15:08:35.089462+00:00,2024-11-29 15:08:35.089462+00:00,2024-11-27 15:19:46.124674+00:00,264.8042,total_energy_dram,unit_test_energy,InsertionSort_SortsListCorrectly
_result,19,2024-11-26 15:08:35.089462+00:00,2024-11-29 15:08:35.089462+00:00,2024-11-27 15:21:07.816251+00:00,263.1294,total_energy_dram,unit_test_energy,InsertionSort_SortsListCorrectly
_result,19,2024-11-26 15:08:35.089462+00:00,2024-11-29 15:08:35.089462+00:00,2024-11-27 15:22:29.015872+00:00,263.0652,total_energy_dram,unit_test_energy,InsertionSort_SortsListCorrectly
_result,19,2024-11-26 15:08:35.089462+00:00,2024-11-29 15:08:35.089462+00:00,2024-11-27 15:25:32.084663+00:00,260.1423,total_energy_dram,unit_test_energy,InsertionSort_SortsListCorrectly
_result,19,2024-11-26 15:08:35.089462+00:00,2024-11-29 15:08:35.089462+00:00,2024-11-27 15:26:53.994498+00:00,271.1393,total_energy_dram,unit_test_energy,InsertionSort_SortsListCorrectly
_result,19,2024-11-26 15:08:35.089462+00:00,2024-11-29 15:08:35.089462+00:00,2024-11-27 15:28:15.606522+00:00,263.3148,total_energy_dram,unit_test_energy,InsertionSort_SortsListCorrectly
_result,19,2024-11-26 15:08:35.089462+00:00,2024-11-29 15:08:35.089462+00:00,2024-11-27 15:29:36.668427+00:00,263.7099,total_energy_dram,unit_test_energy,InsertionSort_SortsListCorrectly
_result,19,2024-11-26 15:08:35.089462+00:00,2024-11-29 15:08:35.089462+00:00,2024-11-27 15:30:58.002720+00:00,262.2397,total_energy_dram,unit_test_energy,InsertionSort_SortsListCorrectly
_result,19,2024-11-26 15:08:35.089462+00:00,2024-11-29 15:08:35.089462+00:00,2024-11-27 15:32:19.519091+00:00,262.7797,total_energy_dram,unit_test_energy,InsertionSort_SortsListCorrectly
_result,19,2024-11-26 15:08:35.089462+00:00,2024-11-29 15:08:35.089462+00:00,2024-11-27 15:33:40.715553+00:00,263.5886,total_energy_dram,unit_test_energy,InsertionSort_SortsListCorrectly
_result,19,2024-11-26 15:08:35.089462+00:00,2024-11-29 15:08:35.089462+00:00,2024-11-27 15:35:02.298380+00:00,229.2409,total_energy_dram,unit_test_energy,InsertionSort_SortsListCorrectly
_result,19,2024-11-26 15:08:35.089462+00:00,2024-11-29 15:08:35.089462+00:00,2024-11-27 15:36:24.442549+00:00,299.3673,total_energy_dram,unit_test_energy,InsertionSort_SortsListCorrectly
_result,19,2024-11-26 15:08:35.089462+00:00,2024-11-29 15:08:35.089462+00:00,2024-11-27 15:37:45.734320+00:00,259.9989,total_energy_dram,unit_test_energy,InsertionSort_SortsListCorrectly
_result,19,2024-11-26 15:08:35.089462+00:00,2024-11-29 15:08:35.089462+00:00,2024-11-27 15:39:07.022741+00:00,262.6912,total_energy_dram,unit_test_energy,InsertionSort_SortsListCorrectly
_result,19,2024-11-26 15:08:35.089462+00:00,2024-11-29 15:08:35.089462+00:00,2024-11-27 15:40:28.249212+00:00,260.8028,total_energy_dram,unit_test_energy,InsertionSort_SortsListCorrectly
_result,19,2024-11-26 15:08:35.089462+00:00,2024-11-29 15:08:35.089462+00:00,2024-11-27 15:41:49.417545+00:00,262.4904,total_energy_dram,unit_test_energy,InsertionSort_SortsListCorrectly
_result,19,2024-11-26 15:08:35.089462+00:00,2024-11-29 15:08:35.089462+00:00,2024-11-27 15:43:11.114147+00:00,262.3117,total_energy_dram,unit_test_energy,InsertionSort_SortsListCorrectly
_result,19,2024-11-26 15:08:35.089462+00:00,2024-11-29 15:08:35.089462+00:00,2024-11-27 15:44:32.726182+00:00,264.2703,total_energy_dram,unit_test_energy,InsertionSort_SortsListCorrectly
_result,20,2024-11-26 15:08:35.089462+00:00,2024-11-29 15:08:35.089462+00:00,2024-11-27 15:03:24.098086+00:00,677.3702,total_energy_pkg,unit_test_energy,InsertionSort_SortsListCorrectly
_result,20,2024-11-26 15:08:35.089462+00:00,2024-11-29 15:08:35.089462+00:00,2024-11-27 15:04:45.920011+00:00,655.9428,total_energy_pkg,unit_test_energy,InsertionSort_SortsListCorrectly
_result,20,2024-11-26 15:08:35.089462+00:00,2024-11-29 15:08:35.089462+00:00,2024-11-27 15:06:07.372397+00:00,663.3877,total_energy_pkg,unit_test_energy,InsertionSort_SortsListCorrectly
_result,20,2024-11-26 15:08:35.089462+00:00,2024-11-29 15:08:35.089462+00:00,2024-11-27 15:07:28.963158+00:00,652.5688,total_energy_pkg,unit_test_energy,InsertionSort_SortsListCorrectly
_result,20,2024-11-26 15:08:35.089462+00:00,2024-11-29 15:08:35.089462+00:00,2024-11-27 15:08:51.128400+00:00,658.7958,total_energy_pkg,unit_test_energy,InsertionSort_SortsListCorrectly
_result,20,2024-11-26 15:08:35.089462+00:00,2024-11-29 15:08:35.089462+00:00,2024-11-27 15:10:13.373722+00:00,656.3663,total_energy_pkg,unit_test_energy,InsertionSort_SortsListCorrectly
_result,20,2024-11-26 15:08:35.089462+00:00,2024-11-29 15:08:35.089462+00:00,2024-11-27 15:11:35.199574+00:00,672.0958,total_energy_pkg,unit_test_energy,InsertionSort_SortsListCorrectly
_result,20,2024-11-26 15:08:35.089462+00:00,2024-11-29 15:08:35.089462+00:00,2024-11-27 15:12:56.624718+00:00,658.1822,total_energy_pkg,unit_test_energy,InsertionSort_SortsListCorrectly
_result,20,2024-11-26 15:08:35.089462+00:00,2024-11-29 15:08:35.089462+00:00,2024-11-27 15:14:19.028927+00:00,695.3379,total_energy_pkg,unit_test_energy,InsertionSort_SortsListCorrectly
_result,20,2024-11-26 15:08:35.089462+00:00,2024-11-29 15:08:35.089462+00:00,2024-11-27 15:15:40.548219+00:00,659.5593,total_energy_pkg,unit_test_energy,InsertionSort_SortsListCorrectly
_result,20,2024-11-26 15:08:35.089462+00:00,2024-11-29 15:08:35.089462+00:00,2024-11-27 15:17:02.586242+00:00,665.7882,total_energy_pkg,unit_test_energy,InsertionSort_SortsListCorrectly
_result,20,2024-11-26 15:08:35.089462+00:00,2024-11-29 15:08:35.089462+00:00,2024-11-27 15:18:23.999024+00:00,653.7769,total_energy_pkg,unit_test_energy,InsertionSort_SortsListCorrectly
_result,20,2024-11-26 15:08:35.089462+00:00,2024-11-29 15:08:35.089462+00:00,2024-11-27 15:19:46.124674+00:00,661.24,total_energy_pkg,unit_test_energy,InsertionSort_SortsListCorrectly
_result,20,2024-11-26 15:08:35.089462+00:00,2024-11-29 15:08:35.089462+00:00,2024-11-27 15:21:07.816251+00:00,651.1092,total_energy_pkg,unit_test_energy,InsertionSort_SortsListCorrectly
_result,20,2024-11-26 15:08:35.089462+00:00,2024-11-29 15:08:35.089462+00:00,2024-11-27 15:22:29.015872+00:00,657.0485,total_energy_pkg,unit_test_energy,InsertionSort_SortsListCorrectly
_result,20,2024-11-26 15:08:35.089462+00:00,2024-11-29 15:08:35.089462+00:00,2024-11-27 15:25:32.084663+00:00,646.2252,total_energy_pkg,unit_test_energy,InsertionSort_SortsListCorrectly
_result,20,2024-11-26 15:08:35.089462+00:00,2024-11-29 15:08:35.089462+00:00,2024-11-27 15:26:53.994498+00:00,674.5884,total_energy_pkg,unit_test_energy,InsertionSort_SortsListCorrectly
_result,20,2024-11-26 15:08:35.089462+00:00,2024-11-29 15:08:35.089462+00:00,2024-11-27 15:28:15.606522+00:00,653.0291,total_energy_pkg,unit_test_energy,InsertionSort_SortsListCorrectly
_result,20,2024-11-26 15:08:35.089462+00:00,2024-11-29 15:08:35.089462+00:00,2024-11-27 15:29:36.668427+00:00,654.8627,total_energy_pkg,unit_test_energy,InsertionSort_SortsListCorrectly
_result,20,2024-11-26 15:08:35.089462+00:00,2024-11-29 15:08:35.089462+00:00,2024-11-27 15:30:58.002720+00:00,654.2318,total_energy_pkg,unit_test_energy,InsertionSort_SortsListCorrectly
_result,20,2024-11-26 15:08:35.089462+00:00,2024-11-29 15:08:35.089462+00:00,2024-11-27 15:32:19.519091+00:00,654.3402,total_energy_pkg,unit_test_energy,InsertionSort_SortsListCorrectly
_result,20,2024-11-26 15:08:35.089462+00:00,2024-11-29 15:08:35.089462+00:00,2024-11-27 15:33:40.715553+00:00,657.5231,total_energy_pkg,unit_test_energy,InsertionSort_SortsListCorrectly
_result,20,2024-11-26 15:08:35.089462+00:00,2024-11-29 15:08:35.089462+00:00,2024-11-27 15:35:02.298380+00:00,631.499,total_energy_pkg,unit_test_energy,InsertionSort_SortsListCorrectly
_result,20,2024-11-26 15:08:35.089462+00:00,2024-11-29 15:08:35.089462+00:00,2024-11-27 15:36:24.442549+00:00,736.4266,total_energy_pkg,unit_test_energy,InsertionSort_SortsListCorrectly
_result,20,2024-11-26 15:08:35.089462+00:00,2024-11-29 15:08:35.089462+00:00,2024-11-27 15:37:45.734320+00:00,646.0085,total_energy_pkg,unit_test_energy,InsertionSort_SortsListCorrectly
_result,20,2024-11-26 15:08:35.089462+00:00,2024-11-29 15:08:35.089462+00:00,2024-11-27 15:39:07.022741+00:00,650.411,total_energy_pkg,unit_test_energy,InsertionSort_SortsListCorrectly
_result,20,2024-11-26 15:08:35.089462+00:00,2024-11-29 15:08:35.089462+00:00,2024-11-27 15:40:28.249212+00:00,649.1918,total_energy_pkg,unit_test_energy,InsertionSort_SortsListCorrectly
_result,20,2024-11-26 15:08:35.089462+00:00,2024-11-29 15:08:35.089462+00:00,2024-11-27 15:41:49.417545+00:00,652.9876,total_energy_pkg,unit_test_energy,InsertionSort_SortsListCorrectly
_result,20,2024-11-26 15:08:35.089462+00:00,2024-11-29 15:08:35.089462+00:00,2024-11-27 15:43:11.114147+00:00,650.6767,total_energy_pkg,unit_test_energy,InsertionSort_SortsListCorrectly
_result,20,2024-11-26 15:08:35.089462+00:00,2024-11-29 15:08:35.089462+00:00,2024-11-27 15:44:32.726182+00:00,660.7551,total_energy_pkg,unit_test_energy,InsertionSort_SortsListCorrectly
_result,21,2024-11-26 15:08:35.089462+00:00,2024-11-29 15:08:35.089462+00:00,2024-11-27 15:03:29.269822+00:00,46.8167,avg_energy_dram,unit_test_energy,MergeSort_SortsListCorrectly
_result,21,2024-11-26 15:08:35.089462+00:00,2024-11-29 15:08:35.089462+00:00,2024-11-27 15:04:51.078427+00:00,46.7946,avg_energy_dram,unit_test_energy,MergeSort_SortsListCorrectly
_result,21,2024-11-26 15:08:35.089462+00:00,2024-11-29 15:08:35.089462+00:00,2024-11-27 15:06:12.530549+00:00,47.233,avg_energy_dram,unit_test_energy,MergeSort_SortsListCorrectly
_result,21,2024-11-26 15:08:35.089462+00:00,2024-11-29 15:08:35.089462+00:00,2024-11-27 15:07:34.136268+00:00,44.9782,avg_energy_dram,unit_test_energy,MergeSort_SortsListCorrectly
_result,21,2024-11-26 15:08:35.089462+00:00,2024-11-29 15:08:35.089462+00:00,2024-11-27 15:08:56.286904+00:00,47.0277,avg_energy_dram,unit_test_energy,MergeSort_SortsListCorrectly
_result,21,2024-11-26 15:08:35.089462+00:00,2024-11-29 15:08:35.089462+00:00,2024-11-27 15:10:18.525755+00:00,47.0963,avg_energy_dram,unit_test_energy,MergeSort_SortsListCorrectly
_result,21,2024-11-26 15:08:35.089462+00:00,2024-11-29 15:08:35.089462+00:00,2024-11-27 15:11:40.360974+00:00,47.1249,avg_energy_dram,unit_test_energy,MergeSort_SortsListCorrectly
_result,21,2024-11-26 15:08:35.089462+00:00,2024-11-29 15:08:35.089462+00:00,2024-11-27 15:13:01.789767+00:00,47.2142,avg_energy_dram,unit_test_energy,MergeSort_SortsListCorrectly
_result,21,2024-11-26 15:08:35.089462+00:00,2024-11-29 15:08:35.089462+00:00,2024-11-27 15:14:24.191073+00:00,47.057,avg_energy_dram,unit_test_energy,MergeSort_SortsListCorrectly
_result,21,2024-11-26 15:08:35.089462+00:00,2024-11-29 15:08:35.089462+00:00,2024-11-27 15:15:45.707215+00:00,47.3347,avg_energy_dram,unit_test_energy,MergeSort_SortsListCorrectly
_result,21,2024-11-26 15:08:35.089462+00:00,2024-11-29 15:08:35.089462+00:00,2024-11-27 15:17:07.755521+00:00,51.8536,avg_energy_dram,unit_test_energy,MergeSort_SortsListCorrectly
_result,21,2024-11-26 15:08:35.089462+00:00,2024-11-29 15:08:35.089462+00:00,2024-11-27 15:18:29.166123+00:00,47.1569,avg_energy_dram,unit_test_energy,MergeSort_SortsListCorrectly
_result,21,2024-11-26 15:08:35.089462+00:00,2024-11-29 15:08:35.089462+00:00,2024-11-27 15:19:51.285324+00:00,47.1679,avg_energy_dram,unit_test_energy,MergeSort_SortsListCorrectly
_result,21,2024-11-26 15:08:35.089462+00:00,2024-11-29 15:08:35.089462+00:00,2024-11-27 15:21:12.986165+00:00,45.8599,avg_energy_dram,unit_test_energy,MergeSort_SortsListCorrectly
_result,21,2024-11-26 15:08:35.089462+00:00,2024-11-29 15:08:35.089462+00:00,2024-11-27 15:22:34.177791+00:00,47.0085,avg_energy_dram,unit_test_energy,MergeSort_SortsListCorrectly
_result,21,2024-11-26 15:08:35.089462+00:00,2024-11-29 15:08:35.089462+00:00,2024-11-27 15:25:37.240819+00:00,47.0728,avg_energy_dram,unit_test_energy,MergeSort_SortsListCorrectly
_result,21,2024-11-26 15:08:35.089462+00:00,2024-11-29 15:08:35.089462+00:00,2024-11-27 15:26:59.159747+00:00,46.7659,avg_energy_dram,unit_test_energy,MergeSort_SortsListCorrectly
_result,21,2024-11-26 15:08:35.089462+00:00,2024-11-29 15:08:35.089462+00:00,2024-11-27 15:28:20.777211+00:00,45.387,avg_energy_dram,unit_test_energy,MergeSort_SortsListCorrectly
_result,21,2024-11-26 15:08:35.089462+00:00,2024-11-29 15:08:35.089462+00:00,2024-11-27 15:29:41.828865+00:00,46.9497,avg_energy_dram,unit_test_energy,MergeSort_SortsListCorrectly
_result,21,2024-11-26 15:08:35.089462+00:00,2024-11-29 15:08:35.089462+00:00,2024-11-27 15:31:03.168684+00:00,46.2899,avg_energy_dram,unit_test_energy,MergeSort_SortsListCorrectly
_result,21,2024-11-26 15:08:35.089462+00:00,2024-11-29 15:08:35.089462+00:00,2024-11-27 15:32:24.696140+00:00,45.3867,avg_energy_dram,unit_test_energy,MergeSort_SortsListCorrectly
_result,21,2024-11-26 15:08:35.089462+00:00,2024-11-29 15:08:35.089462+00:00,2024-11-27 15:33:45.908480+00:00,49.0287,avg_energy_dram,unit_test_energy,MergeSort_SortsListCorrectly
_result,21,2024-11-26 15:08:35.089462+00:00,2024-11-29 15:08:35.089462+00:00,2024-11-27 15:35:07.467822+00:00,44.9445,avg_energy_dram,unit_test_energy,MergeSort_SortsListCorrectly
_result,21,2024-11-26 15:08:35.089462+00:00,2024-11-29 15:08:35.089462+00:00,2024-11-27 15:36:29.615302+00:00,46.8657,avg_energy_dram,unit_test_energy,MergeSort_SortsListCorrectly
_result,21,2024-11-26 15:08:35.089462+00:00,2024-11-29 15:08:35.089462+00:00,2024-11-27 15:37:50.913973+00:00,44.5914,avg_energy_dram,unit_test_energy,MergeSort_SortsListCorrectly
_result,21,2024-11-26 15:08:35.089462+00:00,2024-11-29 15:08:35.089462+00:00,2024-11-27 15:39:12.187317+00:00,46.0219,avg_energy_dram,unit_test_energy,MergeSort_SortsListCorrectly
_result,21,2024-11-26 15:08:35.089462+00:00,2024-11-29 15:08:35.089462+00:00,2024-11-27 15:40:33.450469+00:00,48.3709,avg_energy_dram,unit_test_energy,MergeSort_SortsListCorrectly
_result,21,2024-11-26 15:08:35.089462+00:00,2024-11-29 15:08:35.089462+00:00,2024-11-27 15:41:54.601085+00:00,50.5207,avg_energy_dram,unit_test_energy,MergeSort_SortsListCorrectly
_result,21,2024-11-26 15:08:35.089462+00:00,2024-11-29 15:08:35.089462+00:00,2024-11-27 15:43:16.284186+00:00,45.9963,avg_energy_dram,unit_test_energy,MergeSort_SortsListCorrectly
_result,21,2024-11-26 15:08:35.089462+00:00,2024-11-29 15:08:35.089462+00:00,2024-11-27 15:44:37.896860+00:00,46.3878,avg_energy_dram,unit_test_energy,MergeSort_SortsListCorrectly
_result,22,2024-11-26 15:08:35.089462+00:00,2024-11-29 15:08:35.089462+00:00,2024-11-27 15:03:29.269822+00:00,119.2457,avg_energy_pkg,unit_test_energy,MergeSort_SortsListCorrectly
_result,22,2024-11-26 15:08:35.089462+00:00,2024-11-29 15:08:35.089462+00:00,2024-11-27 15:04:51.078427+00:00,118.7876,avg_energy_pkg,unit_test_energy,MergeSort_SortsListCorrectly
_result,22,2024-11-26 15:08:35.089462+00:00,2024-11-29 15:08:35.089462+00:00,2024-11-27 15:06:12.530549+00:00,119.9961,avg_energy_pkg,unit_test_energy,MergeSort_SortsListCorrectly
_result,22,2024-11-26 15:08:35.089462+00:00,2024-11-29 15:08:35.089462+00:00,2024-11-27 15:07:34.136268+00:00,117.2507,avg_energy_pkg,unit_test_energy,MergeSort_SortsListCorrectly
_result,22,2024-11-26 15:08:35.089462+00:00,2024-11-29 15:08:35.089462+00:00,2024-11-27 15:08:56.286904+00:00,119.2505,avg_energy_pkg,unit_test_energy,MergeSort_SortsListCorrectly
_result,22,2024-11-26 15:08:35.089462+00:00,2024-11-29 15:08:35.089462+00:00,2024-11-27 15:10:18.525755+00:00,119.0098,avg_energy_pkg,unit_test_energy,MergeSort_SortsListCorrectly
_result,22,2024-11-26 15:08:35.089462+00:00,2024-11-29 15:08:35.089462+00:00,2024-11-27 15:11:40.360974+00:00,120.2516,avg_energy_pkg,unit_test_energy,MergeSort_SortsListCorrectly
_result,22,2024-11-26 15:08:35.089462+00:00,2024-11-29 15:08:35.089462+00:00,2024-11-27 15:13:01.789767+00:00,120.1167,avg_energy_pkg,unit_test_energy,MergeSort_SortsListCorrectly
_result,22,2024-11-26 15:08:35.089462+00:00,2024-11-29 15:08:35.089462+00:00,2024-11-27 15:14:24.191073+00:00,120.1999,avg_energy_pkg,unit_test_energy,MergeSort_SortsListCorrectly
_result,22,2024-11-26 15:08:35.089462+00:00,2024-11-29 15:08:35.089462+00:00,2024-11-27 15:15:45.707215+00:00,120.3286,avg_energy_pkg,unit_test_energy,MergeSort_SortsListCorrectly
_result,22,2024-11-26 15:08:35.089462+00:00,2024-11-29 15:08:35.089462+00:00,2024-11-27 15:17:07.755521+00:00,125.4381,avg_energy_pkg,unit_test_energy,MergeSort_SortsListCorrectly
_result,22,2024-11-26 15:08:35.089462+00:00,2024-11-29 15:08:35.089462+00:00,2024-11-27 15:18:29.166123+00:00,119.9133,avg_energy_pkg,unit_test_energy,MergeSort_SortsListCorrectly
_result,22,2024-11-26 15:08:35.089462+00:00,2024-11-29 15:08:35.089462+00:00,2024-11-27 15:19:51.285324+00:00,119.9871,avg_energy_pkg,unit_test_energy,MergeSort_SortsListCorrectly
_result,22,2024-11-26 15:08:35.089462+00:00,2024-11-29 15:08:35.089462+00:00,2024-11-27 15:21:12.986165+00:00,117.3187,avg_energy_pkg,unit_test_energy,MergeSort_SortsListCorrectly
_result,22,2024-11-26 15:08:35.089462+00:00,2024-11-29 15:08:35.089462+00:00,2024-11-27 15:22:34.177791+00:00,119.5748,avg_energy_pkg,unit_test_energy,MergeSort_SortsListCorrectly
_result,22,2024-11-26 15:08:35.089462+00:00,2024-11-29 15:08:35.089462+00:00,2024-11-27 15:25:37.240819+00:00,119.1482,avg_energy_pkg,unit_test_energy,MergeSort_SortsListCorrectly
_result,22,2024-11-26 15:08:35.089462+00:00,2024-11-29 15:08:35.089462+00:00,2024-11-27 15:26:59.159747+00:00,119.2286,avg_energy_pkg,unit_test_energy,MergeSort_SortsListCorrectly
_result,22,2024-11-26 15:08:35.089462+00:00,2024-11-29 15:08:35.089462+00:00,2024-11-27 15:28:20.777211+00:00,116.2495,avg_energy_pkg,unit_test_energy,MergeSort_SortsListCorrectly
_result,22,2024-11-26 15:08:35.089462+00:00,2024-11-29 15:08:35.089462+00:00,2024-11-27 15:29:41.828865+00:00,119.2944,avg_energy_pkg,unit_test_energy,MergeSort_SortsListCorrectly
_result,22,2024-11-26 15:08:35.089462+00:00,2024-11-29 15:08:35.089462+00:00,2024-11-27 15:31:03.168684+00:00,118.2086,avg_energy_pkg,unit_test_energy,MergeSort_SortsListCorrectly
_result,22,2024-11-26 15:08:35.089462+00:00,2024-11-29 15:08:35.089462+00:00,2024-11-27 15:32:24.696140+00:00,116.5878,avg_energy_pkg,unit_test_energy,MergeSort_SortsListCorrectly
_result,22,2024-11-26 15:08:35.089462+00:00,2024-11-29 15:08:35.089462+00:00,2024-11-27 15:33:45.908480+00:00,123.2659,avg_energy_pkg,unit_test_energy,MergeSort_SortsListCorrectly
_result,22,2024-11-26 15:08:35.089462+00:00,2024-11-29 15:08:35.089462+00:00,2024-11-27 15:35:07.467822+00:00,117.7239,avg_energy_pkg,unit_test_energy,MergeSort_SortsListCorrectly
_result,22,2024-11-26 15:08:35.089462+00:00,2024-11-29 15:08:35.089462+00:00,2024-11-27 15:36:29.615302+00:00,118.9471,avg_energy_pkg,unit_test_energy,MergeSort_SortsListCorrectly
_result,22,2024-11-26 15:08:35.089462+00:00,2024-11-29 15:08:35.089462+00:00,2024-11-27 15:37:50.913973+00:00,115.0762,avg_energy_pkg,unit_test_energy,MergeSort_SortsListCorrectly
_result,22,2024-11-26 15:08:35.089462+00:00,2024-11-29 15:08:35.089462+00:00,2024-11-27 15:39:12.187317+00:00,117.6517,avg_energy_pkg,unit_test_energy,MergeSort_SortsListCorrectly
_result,22,2024-11-26 15:08:35.089462+00:00,2024-11-29 15:08:35.089462+00:00,2024-11-27 15:40:33.450469+00:00,121.5298,avg_energy_pkg,unit_test_energy,MergeSort_SortsListCorrectly
_result,22,2024-11-26 15:08:35.089462+00:00,2024-11-29 15:08:35.089462+00:00,2024-11-27 15:41:54.601085+00:00,125.4095,avg_energy_pkg,unit_test_energy,MergeSort_SortsListCorrectly
_result,22,2024-11-26 15:08:35.089462+00:00,2024-11-29 15:08:35.089462+00:00,2024-11-27 15:43:16.284186+00:00,117.1756,avg_energy_pkg,unit_test_energy,MergeSort_SortsListCorrectly
_result,22,2024-11-26 15:08:35.089462+00:00,2024-11-29 15:08:35.089462+00:00,2024-11-27 15:44:37.896860+00:00,118.4516,avg_energy_pkg,unit_test_energy,MergeSort_SortsListCorrectly
_result,23,2024-11-26 15:08:35.089462+00:00,2024-11-29 15:08:35.089462+00:00,2024-11-27 15:03:29.269822+00:00,0.1311,duration,unit_test_energy,MergeSort_SortsListCorrectly
_result,23,2024-11-26 15:08:35.089462+00:00,2024-11-29 15:08:35.089462+00:00,2024-11-27 15:04:51.078427+00:00,0.1209,duration,unit_test_energy,MergeSort_SortsListCorrectly
_result,23,2024-11-26 15:08:35.089462+00:00,2024-11-29 15:08:35.089462+00:00,2024-11-27 15:06:12.530549+00:00,0.1198,duration,unit_test_energy,MergeSort_SortsListCorrectly
_result,23,2024-11-26 15:08:35.089462+00:00,2024-11-29 15:08:35.089462+00:00,2024-11-27 15:07:34.136268+00:00,0.1332,duration,unit_test_energy,MergeSort_SortsListCorrectly
_result,23,2024-11-26 15:08:35.089462+00:00,2024-11-29 15:08:35.089462+00:00,2024-11-27 15:08:56.286904+00:00,0.1215,duration,unit_test_energy,MergeSort_SortsListCorrectly
_result,23,2024-11-26 15:08:35.089462+00:00,2024-11-29 15:08:35.089462+00:00,2024-11-27 15:10:18.525755+00:00,0.1138,duration,unit_test_energy,MergeSort_SortsListCorrectly
_result,23,2024-11-26 15:08:35.089462+00:00,2024-11-29 15:08:35.089462+00:00,2024-11-27 15:11:40.360974+00:00,0.1227,duration,unit_test_energy,MergeSort_SortsListCorrectly
_result,23,2024-11-26 15:08:35.089462+00:00,2024-11-29 15:08:35.089462+00:00,2024-11-27 15:13:01.789767+00:00,0.1267,duration,unit_test_energy,MergeSort_SortsListCorrectly
_result,23,2024-11-26 15:08:35.089462+00:00,2024-11-29 15:08:35.089462+00:00,2024-11-27 15:14:24.191073+00:00,0.1243,duration,unit_test_energy,MergeSort_SortsListCorrectly
_result,23,2024-11-26 15:08:35.089462+00:00,2024-11-29 15:08:35.089462+00:00,2024-11-27 15:15:45.707215+00:00,0.1206,duration,unit_test_energy,MergeSort_SortsListCorrectly
_result,23,2024-11-26 15:08:35.089462+00:00,2024-11-29 15:08:35.089462+00:00,2024-11-27 15:17:07.755521+00:00,0.1307,duration,unit_test_energy,MergeSort_SortsListCorrectly
_result,23,2024-11-26 15:08:35.089462+00:00,2024-11-29 15:08:35.089462+00:00,2024-11-27 15:18:29.166123+00:00,0.1276,duration,unit_test_energy,MergeSort_SortsListCorrectly
_result,23,2024-11-26 15:08:35.089462+00:00,2024-11-29 15:08:35.089462+00:00,2024-11-27 15:19:51.285324+00:00,0.123,duration,unit_test_energy,MergeSort_SortsListCorrectly
_result,23,2024-11-26 15:08:35.089462+00:00,2024-11-29 15:08:35.089462+00:00,2024-11-27 15:21:12.986165+00:00,0.129,duration,unit_test_energy,MergeSort_SortsListCorrectly
_result,23,2024-11-26 15:08:35.089462+00:00,2024-11-29 15:08:35.089462+00:00,2024-11-27 15:22:34.177791+00:00,0.1225,duration,unit_test_energy,MergeSort_SortsListCorrectly
_result,23,2024-11-26 15:08:35.089462+00:00,2024-11-29 15:08:35.089462+00:00,2024-11-27 15:25:37.240819+00:00,0.1192,duration,unit_test_energy,MergeSort_SortsListCorrectly
_result,23,2024-11-26 15:08:35.089462+00:00,2024-11-29 15:08:35.089462+00:00,2024-11-27 15:26:59.159747+00:00,0.1257,duration,unit_test_energy,MergeSort_SortsListCorrectly
_result,23,2024-11-26 15:08:35.089462+00:00,2024-11-29 15:08:35.089462+00:00,2024-11-27 15:28:20.777211+00:00,0.1322,duration,unit_test_energy,MergeSort_SortsListCorrectly
_result,23,2024-11-26 15:08:35.089462+00:00,2024-11-29 15:08:35.089462+00:00,2024-11-27 15:29:41.828865+00:00,0.1167,duration,unit_test_energy,MergeSort_SortsListCorrectly
_result,23,2024-11-26 15:08:35.089462+00:00,2024-11-29 15:08:35.089462+00:00,2024-11-27 15:31:03.168684+00:00,0.1262,duration,unit_test_energy,MergeSort_SortsListCorrectly
_result,23,2024-11-26 15:08:35.089462+00:00,2024-11-29 15:08:35.089462+00:00,2024-11-27 15:32:24.696140+00:00,0.136,duration,unit_test_energy,MergeSort_SortsListCorrectly
_result,23,2024-11-26 15:08:35.089462+00:00,2024-11-29 15:08:35.089462+00:00,2024-11-27 15:33:45.908480+00:00,0.1025,duration,unit_test_energy,MergeSort_SortsListCorrectly
_result,23,2024-11-26 15:08:35.089462+00:00,2024-11-29 15:08:35.089462+00:00,2024-11-27 15:35:07.467822+00:00,0.1313,duration,unit_test_energy,MergeSort_SortsListCorrectly
_result,23,2024-11-26 15:08:35.089462+00:00,2024-11-29 15:08:35.089462+00:00,2024-11-27 15:36:29.615302+00:00,0.123,duration,unit_test_energy,MergeSort_SortsListCorrectly
_result,23,2024-11-26 15:08:35.089462+00:00,2024-11-29 15:08:35.089462+00:00,2024-11-27 15:37:50.913973+00:00,0.1425,duration,unit_test_energy,MergeSort_SortsListCorrectly
_result,23,2024-11-26 15:08:35.089462+00:00,2024-11-29 15:08:35.089462+00:00,2024-11-27 15:39:12.187317+00:00,0.1271,duration,unit_test_energy,MergeSort_SortsListCorrectly
_result,23,2024-11-26 15:08:35.089462+00:00,2024-11-29 15:08:35.089462+00:00,2024-11-27 15:40:33.450469+00:00,0.1091,duration,unit_test_energy,MergeSort_SortsListCorrectly
_result,23,2024-11-26 15:08:35.089462+00:00,2024-11-29 15:08:35.089462+00:00,2024-11-27 15:41:54.601085+00:00,0.0932,duration,unit_test_energy,MergeSort_SortsListCorrectly
_result,23,2024-11-26 15:08:35.089462+00:00,2024-11-29 15:08:35.089462+00:00,2024-11-27 15:43:16.284186+00:00,0.1305,duration,unit_test_energy,MergeSort_SortsListCorrectly
_result,23,2024-11-26 15:08:35.089462+00:00,2024-11-29 15:08:35.089462+00:00,2024-11-27 15:44:37.896860+00:00,0.1258,duration,unit_test_energy,MergeSort_SortsListCorrectly
_result,24,2024-11-26 15:08:35.089462+00:00,2024-11-29 15:08:35.089462+00:00,2024-11-27 15:03:29.269822+00:00,43.4537,median_energy_dram,unit_test_energy,MergeSort_SortsListCorrectly
_result,24,2024-11-26 15:08:35.089462+00:00,2024-11-29 15:08:35.089462+00:00,2024-11-27 15:04:51.078427+00:00,45.0827,median_energy_dram,unit_test_energy,MergeSort_SortsListCorrectly
_result,24,2024-11-26 15:08:35.089462+00:00,2024-11-29 15:08:35.089462+00:00,2024-11-27 15:06:12.530549+00:00,46.6711,median_energy_dram,unit_test_energy,MergeSort_SortsListCorrectly
_result,24,2024-11-26 15:08:35.089462+00:00,2024-11-29 15:08:35.089462+00:00,2024-11-27 15:07:34.136268+00:00,43.627,median_energy_dram,unit_test_energy,MergeSort_SortsListCorrectly
_result,24,2024-11-26 15:08:35.089462+00:00,2024-11-29 15:08:35.089462+00:00,2024-11-27 15:08:56.286904+00:00,45.7346,median_energy_dram,unit_test_energy,MergeSort_SortsListCorrectly
_result,24,2024-11-26 15:08:35.089462+00:00,2024-11-29 15:08:35.089462+00:00,2024-11-27 15:10:18.525755+00:00,47.2293,median_energy_dram,unit_test_energy,MergeSort_SortsListCorrectly
_result,24,2024-11-26 15:08:35.089462+00:00,2024-11-29 15:08:35.089462+00:00,2024-11-27 15:11:40.360974+00:00,44.6207,median_energy_dram,unit_test_energy,MergeSort_SortsListCorrectly
_result,24,2024-11-26 15:08:35.089462+00:00,2024-11-29 15:08:35.089462+00:00,2024-11-27 15:13:01.789767+00:00,45.3799,median_energy_dram,unit_test_energy,MergeSort_SortsListCorrectly
_result,24,2024-11-26 15:08:35.089462+00:00,2024-11-29 15:08:35.089462+00:00,2024-11-27 15:14:24.191073+00:00,44.631,median_energy_dram,unit_test_energy,MergeSort_SortsListCorrectly
_result,24,2024-11-26 15:08:35.089462+00:00,2024-11-29 15:08:35.089462+00:00,2024-11-27 15:15:45.707215+00:00,45.2908,median_energy_dram,unit_test_energy,MergeSort_SortsListCorrectly
_result,24,2024-11-26 15:08:35.089462+00:00,2024-11-29 15:08:35.089462+00:00,2024-11-27 15:17:07.755521+00:00,49.6738,median_energy_dram,unit_test_energy,MergeSort_SortsListCorrectly
_result,24,2024-11-26 15:08:35.089462+00:00,2024-11-29 15:08:35.089462+00:00,2024-11-27 15:18:29.166123+00:00,44.2596,median_energy_dram,unit_test_energy,MergeSort_SortsListCorrectly
_result,24,2024-11-26 15:08:35.089462+00:00,2024-11-29 15:08:35.089462+00:00,2024-11-27 15:19:51.285324+00:00,46.1655,median_energy_dram,unit_test_energy,MergeSort_SortsListCorrectly
_result,24,2024-11-26 15:08:35.089462+00:00,2024-11-29 15:08:35.089462+00:00,2024-11-27 15:21:12.986165+00:00,42.9666,median_energy_dram,unit_test_energy,MergeSort_SortsListCorrectly
_result,24,2024-11-26 15:08:35.089462+00:00,2024-11-29 15:08:35.089462+00:00,2024-11-27 15:22:34.177791+00:00,46.4441,median_energy_dram,unit_test_energy,MergeSort_SortsListCorrectly
_result,24,2024-11-26 15:08:35.089462+00:00,2024-11-29 15:08:35.089462+00:00,2024-11-27 15:25:37.240819+00:00,45.6689,median_energy_dram,unit_test_energy,MergeSort_SortsListCorrectly
_result,24,2024-11-26 15:08:35.089462+00:00,2024-11-29 15:08:35.089462+00:00,2024-11-27 15:26:59.159747+00:00,43.5168,median_energy_dram,unit_test_energy,MergeSort_SortsListCorrectly
_result,24,2024-11-26 15:08:35.089462+00:00,2024-11-29 15:08:35.089462+00:00,2024-11-27 15:28:20.777211+00:00,44.4656,median_energy_dram,unit_test_energy,MergeSort_SortsListCorrectly
_result,24,2024-11-26 15:08:35.089462+00:00,2024-11-29 15:08:35.089462+00:00,2024-11-27 15:29:41.828865+00:00,46.8469,median_energy_dram,unit_test_energy,MergeSort_SortsListCorrectly
_result,24,2024-11-26 15:08:35.089462+00:00,2024-11-29 15:08:35.089462+00:00,2024-11-27 15:31:03.168684+00:00,43.5333,median_energy_dram,unit_test_energy,MergeSort_SortsListCorrectly
_result,24,2024-11-26 15:08:35.089462+00:00,2024-11-29 15:08:35.089462+00:00,2024-11-27 15:32:24.696140+00:00,42.991,median_energy_dram,unit_test_energy,MergeSort_SortsListCorrectly
_result,24,2024-11-26 15:08:35.089462+00:00,2024-11-29 15:08:35.089462+00:00,2024-11-27 15:33:45.908480+00:00,50.2051,median_energy_dram,unit_test_energy,MergeSort_SortsListCorrectly
_result,24,2024-11-26 15:08:35.089462+00:00,2024-11-29 15:08:35.089462+00:00,2024-11-27 15:35:07.467822+00:00,43.3072,median_energy_dram,unit_test_energy,MergeSort_SortsListCorrectly
_result,24,2024-11-26 15:08:35.089462+00:00,2024-11-29 15:08:35.089462+00:00,2024-11-27 15:36:29.615302+00:00,45.8997,median_energy_dram,unit_test_energy,MergeSort_SortsListCorrectly
_result,24,2024-11-26 15:08:35.089462+00:00,2024-11-29 15:08:35.089462+00:00,2024-11-27 15:37:50.913973+00:00,43.3228,median_energy_dram,unit_test_energy,MergeSort_SortsListCorrectly
_result,24,2024-11-26 15:08:35.089462+00:00,2024-11-29 15:08:35.089462+00:00,2024-11-27 15:39:12.187317+00:00,42.9495,median_energy_dram,unit_test_energy,MergeSort_SortsListCorrectly
_result,24,2024-11-26 15:08:35.089462+00:00,2024-11-29 15:08:35.089462+00:00,2024-11-27 15:40:33.450469+00:00,50.3757,median_energy_dram,unit_test_energy,MergeSort_SortsListCorrectly
_result,24,2024-11-26 15:08:35.089462+00:00,2024-11-29 15:08:35.089462+00:00,2024-11-27 15:41:54.601085+00:00,51.5472,median_energy_dram,unit_test_energy,MergeSort_SortsListCorrectly
_result,24,2024-11-26 15:08:35.089462+00:00,2024-11-29 15:08:35.089462+00:00,2024-11-27 15:43:16.284186+00:00,43.1335,median_energy_dram,unit_test_energy,MergeSort_SortsListCorrectly
_result,24,2024-11-26 15:08:35.089462+00:00,2024-11-29 15:08:35.089462+00:00,2024-11-27 15:44:37.896860+00:00,44.7113,median_energy_dram,unit_test_energy,MergeSort_SortsListCorrectly
_result,25,2024-11-26 15:08:35.089462+00:00,2024-11-29 15:08:35.089462+00:00,2024-11-27 15:03:29.269822+00:00,112.3242,median_energy_pkg,unit_test_energy,MergeSort_SortsListCorrectly
_result,25,2024-11-26 15:08:35.089462+00:00,2024-11-29 15:08:35.089462+00:00,2024-11-27 15:04:51.078427+00:00,113.9551,median_energy_pkg,unit_test_energy,MergeSort_SortsListCorrectly
_result,25,2024-11-26 15:08:35.089462+00:00,2024-11-29 15:08:35.089462+00:00,2024-11-27 15:06:12.530549+00:00,118.2874,median_energy_pkg,unit_test_energy,MergeSort_SortsListCorrectly
_result,25,2024-11-26 15:08:35.089462+00:00,2024-11-29 15:08:35.089462+00:00,2024-11-27 15:07:34.136268+00:00,111.637,median_energy_pkg,unit_test_energy,MergeSort_SortsListCorrectly
_result,25,2024-11-26 15:08:35.089462+00:00,2024-11-29 15:08:35.089462+00:00,2024-11-27 15:08:56.286904+00:00,116.0657,median_energy_pkg,unit_test_energy,MergeSort_SortsListCorrectly
_result,25,2024-11-26 15:08:35.089462+00:00,2024-11-29 15:08:35.089462+00:00,2024-11-27 15:10:18.525755+00:00,117.8979,median_energy_pkg,unit_test_energy,MergeSort_SortsListCorrectly
_result,25,2024-11-26 15:08:35.089462+00:00,2024-11-29 15:08:35.089462+00:00,2024-11-27 15:11:40.360974+00:00,114.3591,median_energy_pkg,unit_test_energy,MergeSort_SortsListCorrectly
_result,25,2024-11-26 15:08:35.089462+00:00,2024-11-29 15:08:35.089462+00:00,2024-11-27 15:13:01.789767+00:00,115.3357,median_energy_pkg,unit_test_energy,MergeSort_SortsListCorrectly
_result,25,2024-11-26 15:08:35.089462+00:00,2024-11-29 15:08:35.089462+00:00,2024-11-27 15:14:24.191073+00:00,114.5703,median_energy_pkg,unit_test_energy,MergeSort_SortsListCorrectly
_result,25,2024-11-26 15:08:35.089462+00:00,2024-11-29 15:08:35.089462+00:00,2024-11-27 15:15:45.707215+00:00,114.7412,median_energy_pkg,unit_test_energy,MergeSort_SortsListCorrectly
_result,25,2024-11-26 15:08:35.089462+00:00,2024-11-29 15:08:35.089462+00:00,2024-11-27 15:17:07.755521+00:00,119.0601,median_energy_pkg,unit_test_energy,MergeSort_SortsListCorrectly
_result,25,2024-11-26 15:08:35.089462+00:00,2024-11-29 15:08:35.089462+00:00,2024-11-27 15:18:29.166123+00:00,113.3752,median_energy_pkg,unit_test_energy,MergeSort_SortsListCorrectly
_result,25,2024-11-26 15:08:35.089462+00:00,2024-11-29 15:08:35.089462+00:00,2024-11-27 15:19:51.285324+00:00,116.9849,median_energy_pkg,unit_test_energy,MergeSort_SortsListCorrectly
_result,25,2024-11-26 15:08:35.089462+00:00,2024-11-29 15:08:35.089462+00:00,2024-11-27 15:21:12.986165+00:00,111.6687,median_energy_pkg,unit_test_energy,MergeSort_SortsListCorrectly
_result,25,2024-11-26 15:08:35.089462+00:00,2024-11-29 15:08:35.089462+00:00,2024-11-27 15:22:34.177791+00:00,117.9602,median_energy_pkg,unit_test_energy,MergeSort_SortsListCorrectly
_result,25,2024-11-26 15:08:35.089462+00:00,2024-11-29 15:08:35.089462+00:00,2024-11-27 15:25:37.240819+00:00,115.2295,median_energy_pkg,unit_test_energy,MergeSort_SortsListCorrectly
_result,25,2024-11-26 15:08:35.089462+00:00,2024-11-29 15:08:35.089462+00:00,2024-11-27 15:26:59.159747+00:00,112.2522,median_energy_pkg,unit_test_energy,MergeSort_SortsListCorrectly
_result,25,2024-11-26 15:08:35.089462+00:00,2024-11-29 15:08:35.089462+00:00,2024-11-27 15:28:20.777211+00:00,112.4487,median_energy_pkg,unit_test_energy,MergeSort_SortsListCorrectly
_result,25,2024-11-26 15:08:35.089462+00:00,2024-11-29 15:08:35.089462+00:00,2024-11-27 15:29:41.828865+00:00,117.9285,median_energy_pkg,unit_test_energy,MergeSort_SortsListCorrectly
_result,25,2024-11-26 15:08:35.089462+00:00,2024-11-29 15:08:35.089462+00:00,2024-11-27 15:31:03.168684+00:00,112.1375,median_energy_pkg,unit_test_energy,MergeSort_SortsListCorrectly
_result,25,2024-11-26 15:08:35.089462+00:00,2024-11-29 15:08:35.089462+00:00,2024-11-27 15:32:24.696140+00:00,111.98,median_energy_pkg,unit_test_energy,MergeSort_SortsListCorrectly
_result,25,2024-11-26 15:08:35.089462+00:00,2024-11-29 15:08:35.089462+00:00,2024-11-27 15:33:45.908480+00:00,125.0293,median_energy_pkg,unit_test_energy,MergeSort_SortsListCorrectly
_result,25,2024-11-26 15:08:35.089462+00:00,2024-11-29 15:08:35.089462+00:00,2024-11-27 15:35:07.467822+00:00,112.0508,median_energy_pkg,unit_test_energy,MergeSort_SortsListCorrectly
_result,25,2024-11-26 15:08:35.089462+00:00,2024-11-29 15:08:35.089462+00:00,2024-11-27 15:36:29.615302+00:00,115.8997,median_energy_pkg,unit_test_energy,MergeSort_SortsListCorrectly
_result,25,2024-11-26 15:08:35.089462+00:00,2024-11-29 15:08:35.089462+00:00,2024-11-27 15:37:50.913973+00:00,112.3413,median_energy_pkg,unit_test_energy,MergeSort_SortsListCorrectly
_result,25,2024-11-26 15:08:35.089462+00:00,2024-11-29 15:08:35.089462+00:00,2024-11-27 15:39:12.187317+00:00,110.9155,median_energy_pkg,unit_test_energy,MergeSort_SortsListCorrectly
_result,25,2024-11-26 15:08:35.089462+00:00,2024-11-29 15:08:35.089462+00:00,2024-11-27 15:40:33.450469+00:00,123.8037,median_energy_pkg,unit_test_energy,MergeSort_SortsListCorrectly
_result,25,2024-11-26 15:08:35.089462+00:00,2024-11-29 15:08:35.089462+00:00,2024-11-27 15:41:54.601085+00:00,128.0408,median_energy_pkg,unit_test_energy,MergeSort_SortsListCorrectly
_result,25,2024-11-26 15:08:35.089462+00:00,2024-11-29 15:08:35.089462+00:00,2024-11-27 15:43:16.284186+00:00,111.5002,median_energy_pkg,unit_test_energy,MergeSort_SortsListCorrectly
_result,25,2024-11-26 15:08:35.089462+00:00,2024-11-29 15:08:35.089462+00:00,2024-11-27 15:44:37.896860+00:00,114.7278,median_energy_pkg,unit_test_energy,MergeSort_SortsListCorrectly
_result,26,2024-11-26 15:08:35.089462+00:00,2024-11-29 15:08:35.089462+00:00,2024-11-27 15:03:29.269822+00:00,6.136,total_energy_dram,unit_test_energy,MergeSort_SortsListCorrectly
_result,26,2024-11-26 15:08:35.089462+00:00,2024-11-29 15:08:35.089462+00:00,2024-11-27 15:04:51.078427+00:00,5.6558,total_energy_dram,unit_test_energy,MergeSort_SortsListCorrectly
_result,26,2024-11-26 15:08:35.089462+00:00,2024-11-29 15:08:35.089462+00:00,2024-11-27 15:06:12.530549+00:00,5.6575,total_energy_dram,unit_test_energy,MergeSort_SortsListCorrectly
_result,26,2024-11-26 15:08:35.089462+00:00,2024-11-29 15:08:35.089462+00:00,2024-11-27 15:07:34.136268+00:00,5.9898,total_energy_dram,unit_test_energy,MergeSort_SortsListCorrectly
_result,26,2024-11-26 15:08:35.089462+00:00,2024-11-29 15:08:35.089462+00:00,2024-11-27 15:08:56.286904+00:00,5.7119,total_energy_dram,unit_test_energy,MergeSort_SortsListCorrectly
_result,26,2024-11-26 15:08:35.089462+00:00,2024-11-29 15:08:35.089462+00:00,2024-11-27 15:10:18.525755+00:00,5.3603,total_energy_dram,unit_test_energy,MergeSort_SortsListCorrectly
_result,26,2024-11-26 15:08:35.089462+00:00,2024-11-29 15:08:35.089462+00:00,2024-11-27 15:11:40.360974+00:00,5.7831,total_energy_dram,unit_test_energy,MergeSort_SortsListCorrectly
_result,26,2024-11-26 15:08:35.089462+00:00,2024-11-29 15:08:35.089462+00:00,2024-11-27 15:13:01.789767+00:00,5.9821,total_energy_dram,unit_test_energy,MergeSort_SortsListCorrectly
_result,26,2024-11-26 15:08:35.089462+00:00,2024-11-29 15:08:35.089462+00:00,2024-11-27 15:14:24.191073+00:00,5.8481,total_energy_dram,unit_test_energy,MergeSort_SortsListCorrectly
_result,26,2024-11-26 15:08:35.089462+00:00,2024-11-29 15:08:35.089462+00:00,2024-11-27 15:15:45.707215+00:00,5.7107,total_energy_dram,unit_test_energy,MergeSort_SortsListCorrectly
_result,26,2024-11-26 15:08:35.089462+00:00,2024-11-29 15:08:35.089462+00:00,2024-11-27 15:17:07.755521+00:00,6.7789,total_energy_dram,unit_test_energy,MergeSort_SortsListCorrectly
_result,26,2024-11-26 15:08:35.089462+00:00,2024-11-29 15:08:35.089462+00:00,2024-11-27 15:18:29.166123+00:00,6.0169,total_energy_dram,unit_test_energy,MergeSort_SortsListCorrectly
_result,26,2024-11-26 15:08:35.089462+00:00,2024-11-29 15:08:35.089462+00:00,2024-11-27 15:19:51.285324+00:00,5.802,total_energy_dram,unit_test_energy,MergeSort_SortsListCorrectly
_result,26,2024-11-26 15:08:35.089462+00:00,2024-11-29 15:08:35.089462+00:00,2024-11-27 15:21:12.986165+00:00,5.915,total_energy_dram,unit_test_energy,MergeSort_SortsListCorrectly
_result,26,2024-11-26 15:08:35.089462+00:00,2024-11-29 15:08:35.089462+00:00,2024-11-27 15:22:34.177791+00:00,5.7591,total_energy_dram,unit_test_energy,MergeSort_SortsListCorrectly
_result,26,2024-11-26 15:08:35.089462+00:00,2024-11-29 15:08:35.089462+00:00,2024-11-27 15:25:37.240819+00:00,5.6126,total_energy_dram,unit_test_energy,MergeSort_SortsListCorrectly
_result,26,2024-11-26 15:08:35.089462+00:00,2024-11-29 15:08:35.089462+00:00,2024-11-27 15:26:59.159747+00:00,5.8769,total_energy_dram,unit_test_energy,MergeSort_SortsListCorrectly
_result,26,2024-11-26 15:08:35.089462+00:00,2024-11-29 15:08:35.089462+00:00,2024-11-27 15:28:20.777211+00:00,5.9993,total_energy_dram,unit_test_energy,MergeSort_SortsListCorrectly
_result,26,2024-11-26 15:08:35.089462+00:00,2024-11-29 15:08:35.089462+00:00,2024-11-27 15:29:41.828865+00:00,5.4784,total_energy_dram,unit_test_energy,MergeSort_SortsListCorrectly
_result,26,2024-11-26 15:08:35.089462+00:00,2024-11-29 15:08:35.089462+00:00,2024-11-27 15:31:03.168684+00:00,5.8437,total_energy_dram,unit_test_energy,MergeSort_SortsListCorrectly
_result,26,2024-11-26 15:08:35.089462+00:00,2024-11-29 15:08:35.089462+00:00,2024-11-27 15:32:24.696140+00:00,6.1727,total_energy_dram,unit_test_energy,MergeSort_SortsListCorrectly
_result,26,2024-11-26 15:08:35.089462+00:00,2024-11-29 15:08:35.089462+00:00,2024-11-27 15:33:45.908480+00:00,5.0278,total_energy_dram,unit_test_energy,MergeSort_SortsListCorrectly
_result,26,2024-11-26 15:08:35.089462+00:00,2024-11-29 15:08:35.089462+00:00,2024-11-27 15:35:07.467822+00:00,5.9019,total_energy_dram,unit_test_energy,MergeSort_SortsListCorrectly
_result,26,2024-11-26 15:08:35.089462+00:00,2024-11-29 15:08:35.089462+00:00,2024-11-27 15:36:29.615302+00:00,5.7647,total_energy_dram,unit_test_energy,MergeSort_SortsListCorrectly
_result,26,2024-11-26 15:08:35.089462+00:00,2024-11-29 15:08:35.089462+00:00,2024-11-27 15:37:50.913973+00:00,6.3541,total_energy_dram,unit_test_energy,MergeSort_SortsListCorrectly
_result,26,2024-11-26 15:08:35.089462+00:00,2024-11-29 15:08:35.089462+00:00,2024-11-27 15:39:12.187317+00:00,5.8496,total_energy_dram,unit_test_energy,MergeSort_SortsListCorrectly
_result,26,2024-11-26 15:08:35.089462+00:00,2024-11-29 15:08:35.089462+00:00,2024-11-27 15:40:33.450469+00:00,5.2796,total_energy_dram,unit_test_energy,MergeSort_SortsListCorrectly
_result,26,2024-11-26 15:08:35.089462+00:00,2024-11-29 15:08:35.089462+00:00,2024-11-27 15:41:54.601085+00:00,4.707,total_energy_dram,unit_test_energy,MergeSort_SortsListCorrectly
_result,26,2024-11-26 15:08:35.089462+00:00,2024-11-29 15:08:35.089462+00:00,2024-11-27 15:43:16.284186+00:00,6.0024,total_energy_dram,unit_test_energy,MergeSort_SortsListCorrectly
_result,26,2024-11-26 15:08:35.089462+00:00,2024-11-29 15:08:35.089462+00:00,2024-11-27 15:44:37.896860+00:00,5.8353,total_energy_dram,unit_test_energy,MergeSort_SortsListCorrectly
_result,27,2024-11-26 15:08:35.089462+00:00,2024-11-29 15:08:35.089462+00:00,2024-11-27 15:03:29.269822+00:00,15.6288,total_energy_pkg,unit_test_energy,MergeSort_SortsListCorrectly
_result,27,2024-11-26 15:08:35.089462+00:00,2024-11-29 15:08:35.089462+00:00,2024-11-27 15:04:51.078427+00:00,14.3573,total_energy_pkg,unit_test_energy,MergeSort_SortsListCorrectly
_result,27,2024-11-26 15:08:35.089462+00:00,2024-11-29 15:08:35.089462+00:00,2024-11-27 15:06:12.530549+00:00,14.3729,total_energy_pkg,unit_test_energy,MergeSort_SortsListCorrectly
_result,27,2024-11-26 15:08:35.089462+00:00,2024-11-29 15:08:35.089462+00:00,2024-11-27 15:07:34.136268+00:00,15.6143,total_energy_pkg,unit_test_energy,MergeSort_SortsListCorrectly
_result,27,2024-11-26 15:08:35.089462+00:00,2024-11-29 15:08:35.089462+00:00,2024-11-27 15:08:56.286904+00:00,14.4839,total_energy_pkg,unit_test_energy,MergeSort_SortsListCorrectly
_result,27,2024-11-26 15:08:35.089462+00:00,2024-11-29 15:08:35.089462+00:00,2024-11-27 15:10:18.525755+00:00,13.5452,total_energy_pkg,unit_test_energy,MergeSort_SortsListCorrectly
_result,27,2024-11-26 15:08:35.089462+00:00,2024-11-29 15:08:35.089462+00:00,2024-11-27 15:11:40.360974+00:00,14.7572,total_energy_pkg,unit_test_energy,MergeSort_SortsListCorrectly
_result,27,2024-11-26 15:08:35.089462+00:00,2024-11-29 15:08:35.089462+00:00,2024-11-27 15:13:01.789767+00:00,15.2188,total_energy_pkg,unit_test_energy,MergeSort_SortsListCorrectly
_result,27,2024-11-26 15:08:35.089462+00:00,2024-11-29 15:08:35.089462+00:00,2024-11-27 15:14:24.191073+00:00,14.9382,total_energy_pkg,unit_test_energy,MergeSort_SortsListCorrectly
_result,27,2024-11-26 15:08:35.089462+00:00,2024-11-29 15:08:35.089462+00:00,2024-11-27 15:15:45.707215+00:00,14.517,total_energy_pkg,unit_test_energy,MergeSort_SortsListCorrectly
_result,27,2024-11-26 15:08:35.089462+00:00,2024-11-29 15:08:35.089462+00:00,2024-11-27 15:17:07.755521+00:00,16.3987,total_energy_pkg,unit_test_energy,MergeSort_SortsListCorrectly
_result,27,2024-11-26 15:08:35.089462+00:00,2024-11-29 15:08:35.089462+00:00,2024-11-27 15:18:29.166123+00:00,15.3002,total_energy_pkg,unit_test_energy,MergeSort_SortsListCorrectly
_result,27,2024-11-26 15:08:35.089462+00:00,2024-11-29 15:08:35.089462+00:00,2024-11-27 15:19:51.285324+00:00,14.7593,total_energy_pkg,unit_test_energy,MergeSort_SortsListCorrectly
_result,27,2024-11-26 15:08:35.089462+00:00,2024-11-29 15:08:35.089462+00:00,2024-11-27 15:21:12.986165+00:00,15.1318,total_energy_pkg,unit_test_energy,MergeSort_SortsListCorrectly
_result,27,2024-11-26 15:08:35.089462+00:00,2024-11-29 15:08:35.089462+00:00,2024-11-27 15:22:34.177791+00:00,14.6492,total_energy_pkg,unit_test_energy,MergeSort_SortsListCorrectly
_result,27,2024-11-26 15:08:35.089462+00:00,2024-11-29 15:08:35.089462+00:00,2024-11-27 15:25:37.240819+00:00,14.2062,total_energy_pkg,unit_test_energy,MergeSort_SortsListCorrectly
_result,27,2024-11-26 15:08:35.089462+00:00,2024-11-29 15:08:35.089462+00:00,2024-11-27 15:26:59.159747+00:00,14.9831,total_energy_pkg,unit_test_energy,MergeSort_SortsListCorrectly
_result,27,2024-11-26 15:08:35.089462+00:00,2024-11-29 15:08:35.089462+00:00,2024-11-27 15:28:20.777211+00:00,15.3658,total_energy_pkg,unit_test_energy,MergeSort_SortsListCorrectly
_result,27,2024-11-26 15:08:35.089462+00:00,2024-11-29 15:08:35.089462+00:00,2024-11-27 15:29:41.828865+00:00,13.92,total_energy_pkg,unit_test_energy,MergeSort_SortsListCorrectly
_result,27,2024-11-26 15:08:35.089462+00:00,2024-11-29 15:08:35.089462+00:00,2024-11-27 15:31:03.168684+00:00,14.9229,total_energy_pkg,unit_test_energy,MergeSort_SortsListCorrectly
_result,27,2024-11-26 15:08:35.089462+00:00,2024-11-29 15:08:35.089462+00:00,2024-11-27 15:32:24.696140+00:00,15.8562,total_energy_pkg,unit_test_energy,MergeSort_SortsListCorrectly
_result,27,2024-11-26 15:08:35.089462+00:00,2024-11-29 15:08:35.089462+00:00,2024-11-27 15:33:45.908480+00:00,12.6407,total_energy_pkg,unit_test_energy,MergeSort_SortsListCorrectly
_result,27,2024-11-26 15:08:35.089462+00:00,2024-11-29 15:08:35.089462+00:00,2024-11-27 15:35:07.467822+00:00,15.459,total_energy_pkg,unit_test_energy,MergeSort_SortsListCorrectly
_result,27,2024-11-26 15:08:35.089462+00:00,2024-11-29 15:08:35.089462+00:00,2024-11-27 15:36:29.615302+00:00,14.6312,total_energy_pkg,unit_test_energy,MergeSort_SortsListCorrectly
_result,27,2024-11-26 15:08:35.089462+00:00,2024-11-29 15:08:35.089462+00:00,2024-11-27 15:37:50.913973+00:00,16.3979,total_energy_pkg,unit_test_energy,MergeSort_SortsListCorrectly
_result,27,2024-11-26 15:08:35.089462+00:00,2024-11-29 15:08:35.089462+00:00,2024-11-27 15:39:12.187317+00:00,14.9541,total_energy_pkg,unit_test_energy,MergeSort_SortsListCorrectly
_result,27,2024-11-26 15:08:35.089462+00:00,2024-11-29 15:08:35.089462+00:00,2024-11-27 15:40:33.450469+00:00,13.2647,total_energy_pkg,unit_test_energy,MergeSort_SortsListCorrectly
_result,27,2024-11-26 15:08:35.089462+00:00,2024-11-29 15:08:35.089462+00:00,2024-11-27 15:41:54.601085+00:00,11.6844,total_energy_pkg,unit_test_energy,MergeSort_SortsListCorrectly
_result,27,2024-11-26 15:08:35.089462+00:00,2024-11-29 15:08:35.089462+00:00,2024-11-27 15:43:16.284186+00:00,15.2912,total_energy_pkg,unit_test_energy,MergeSort_SortsListCorrectly
_result,27,2024-11-26 15:08:35.089462+00:00,2024-11-29 15:08:35.089462+00:00,2024-11-27 15:44:37.896860+00:00,14.9004,total_energy_pkg,unit_test_energy,MergeSort_SortsListCorrectly
_result,28,2024-11-26 15:08:35.089462+00:00,2024-11-29 15:08:35.089462+00:00,2024-11-27 15:03:13.658583+00:00,49.1446,avg_energy_dram,unit_test_energy,SelectionSort_SortsListCorrectly
_result,28,2024-11-26 15:08:35.089462+00:00,2024-11-29 15:08:35.089462+00:00,2024-11-27 15:04:35.733828+00:00,46.8779,avg_energy_dram,unit_test_energy,SelectionSort_SortsListCorrectly
_result,28,2024-11-26 15:08:35.089462+00:00,2024-11-29 15:08:35.089462+00:00,2024-11-27 15:05:57.123392+00:00,51.4712,avg_energy_dram,unit_test_energy,SelectionSort_SortsListCorrectly
_result,28,2024-11-26 15:08:35.089462+00:00,2024-11-29 15:08:35.089462+00:00,2024-11-27 15:07:18.787106+00:00,47.5485,avg_energy_dram,unit_test_energy,SelectionSort_SortsListCorrectly
_result,28,2024-11-26 15:08:35.089462+00:00,2024-11-29 15:08:35.089462+00:00,2024-11-27 15:08:40.912157+00:00,46.6427,avg_energy_dram,unit_test_energy,SelectionSort_SortsListCorrectly
_result,28,2024-11-26 15:08:35.089462+00:00,2024-11-29 15:08:35.089462+00:00,2024-11-27 15:10:03.172621+00:00,45.4942,avg_energy_dram,unit_test_energy,SelectionSort_SortsListCorrectly
_result,28,2024-11-26 15:08:35.089462+00:00,2024-11-29 15:08:35.089462+00:00,2024-11-27 15:11:24.893690+00:00,51.4285,avg_energy_dram,unit_test_energy,SelectionSort_SortsListCorrectly
_result,28,2024-11-26 15:08:35.089462+00:00,2024-11-29 15:08:35.089462+00:00,2024-11-27 15:12:46.423951+00:00,51.533,avg_energy_dram,unit_test_energy,SelectionSort_SortsListCorrectly
_result,28,2024-11-26 15:08:35.089462+00:00,2024-11-29 15:08:35.089462+00:00,2024-11-27 15:14:08.550359+00:00,51.4615,avg_energy_dram,unit_test_energy,SelectionSort_SortsListCorrectly
_result,28,2024-11-26 15:08:35.089462+00:00,2024-11-29 15:08:35.089462+00:00,2024-11-27 15:15:30.349238+00:00,51.4692,avg_energy_dram,unit_test_energy,SelectionSort_SortsListCorrectly
_result,28,2024-11-26 15:08:35.089462+00:00,2024-11-29 15:08:35.089462+00:00,2024-11-27 15:16:52.331146+00:00,46.7528,avg_energy_dram,unit_test_energy,SelectionSort_SortsListCorrectly
_result,28,2024-11-26 15:08:35.089462+00:00,2024-11-29 15:08:35.089462+00:00,2024-11-27 15:18:13.824696+00:00,48.8447,avg_energy_dram,unit_test_energy,SelectionSort_SortsListCorrectly
_result,28,2024-11-26 15:08:35.089462+00:00,2024-11-29 15:08:35.089462+00:00,2024-11-27 15:19:35.907845+00:00,46.8639,avg_energy_dram,unit_test_energy,SelectionSort_SortsListCorrectly
_result,28,2024-11-26 15:08:35.089462+00:00,2024-11-29 15:08:35.089462+00:00,2024-11-27 15:20:57.668723+00:00,51.4668,avg_energy_dram,unit_test_energy,SelectionSort_SortsListCorrectly
_result,28,2024-11-26 15:08:35.089462+00:00,2024-11-29 15:08:35.089462+00:00,2024-11-27 15:22:18.830846+00:00,51.6271,avg_energy_dram,unit_test_energy,SelectionSort_SortsListCorrectly
_result,28,2024-11-26 15:08:35.089462+00:00,2024-11-29 15:08:35.089462+00:00,2024-11-27 15:25:21.961011+00:00,51.3427,avg_energy_dram,unit_test_energy,SelectionSort_SortsListCorrectly
_result,28,2024-11-26 15:08:35.089462+00:00,2024-11-29 15:08:35.089462+00:00,2024-11-27 15:26:43.652140+00:00,51.5534,avg_energy_dram,unit_test_energy,SelectionSort_SortsListCorrectly
_result,28,2024-11-26 15:08:35.089462+00:00,2024-11-29 15:08:35.089462+00:00,2024-11-27 15:28:05.455659+00:00,50.8366,avg_energy_dram,unit_test_energy,SelectionSort_SortsListCorrectly
_result,28,2024-11-26 15:08:35.089462+00:00,2024-11-29 15:08:35.089462+00:00,2024-11-27 15:29:26.509742+00:00,51.5194,avg_energy_dram,unit_test_energy,SelectionSort_SortsListCorrectly
_result,28,2024-11-26 15:08:35.089462+00:00,2024-11-29 15:08:35.089462+00:00,2024-11-27 15:30:47.842005+00:00,51.6149,avg_energy_dram,unit_test_energy,SelectionSort_SortsListCorrectly
_result,28,2024-11-26 15:08:35.089462+00:00,2024-11-29 15:08:35.089462+00:00,2024-11-27 15:32:09.360210+00:00,51.5236,avg_energy_dram,unit_test_energy,SelectionSort_SortsListCorrectly
_result,28,2024-11-26 15:08:35.089462+00:00,2024-11-29 15:08:35.089462+00:00,2024-11-27 15:33:30.559184+00:00,51.6294,avg_energy_dram,unit_test_energy,SelectionSort_SortsListCorrectly
_result,28,2024-11-26 15:08:35.089462+00:00,2024-11-29 15:08:35.089462+00:00,2024-11-27 15:34:52.104534+00:00,46.8908,avg_energy_dram,unit_test_energy,SelectionSort_SortsListCorrectly
_result,28,2024-11-26 15:08:35.089462+00:00,2024-11-29 15:08:35.089462+00:00,2024-11-27 15:36:13.577303+00:00,51.3575,avg_energy_dram,unit_test_energy,SelectionSort_SortsListCorrectly
_result,28,2024-11-26 15:08:35.089462+00:00,2024-11-29 15:08:35.089462+00:00,2024-11-27 15:37:35.616338+00:00,50.854,avg_energy_dram,unit_test_energy,SelectionSort_SortsListCorrectly
_result,28,2024-11-26 15:08:35.089462+00:00,2024-11-29 15:08:35.089462+00:00,2024-11-27 15:38:56.885512+00:00,51.1371,avg_energy_dram,unit_test_energy,SelectionSort_SortsListCorrectly
_result,28,2024-11-26 15:08:35.089462+00:00,2024-11-29 15:08:35.089462+00:00,2024-11-27 15:40:18.142655+00:00,51.2779,avg_energy_dram,unit_test_energy,SelectionSort_SortsListCorrectly
_result,28,2024-11-26 15:08:35.089462+00:00,2024-11-29 15:08:35.089462+00:00,2024-11-27 15:41:39.269727+00:00,51.5911,avg_energy_dram,unit_test_energy,SelectionSort_SortsListCorrectly
_result,28,2024-11-26 15:08:35.089462+00:00,2024-11-29 15:08:35.089462+00:00,2024-11-27 15:43:00.969766+00:00,51.5756,avg_energy_dram,unit_test_energy,SelectionSort_SortsListCorrectly
_result,28,2024-11-26 15:08:35.089462+00:00,2024-11-29 15:08:35.089462+00:00,2024-11-27 15:44:22.486891+00:00,51.5228,avg_energy_dram,unit_test_energy,SelectionSort_SortsListCorrectly
_result,29,2024-11-26 15:08:35.089462+00:00,2024-11-29 15:08:35.089462+00:00,2024-11-27 15:03:13.658583+00:00,127.7352,avg_energy_pkg,unit_test_energy,SelectionSort_SortsListCorrectly
_result,29,2024-11-26 15:08:35.089462+00:00,2024-11-29 15:08:35.089462+00:00,2024-11-27 15:04:35.733828+00:00,122.6585,avg_energy_pkg,unit_test_energy,SelectionSort_SortsListCorrectly
_result,29,2024-11-26 15:08:35.089462+00:00,2024-11-29 15:08:35.089462+00:00,2024-11-27 15:05:57.123392+00:00,128.3665,avg_energy_pkg,unit_test_energy,SelectionSort_SortsListCorrectly
_result,29,2024-11-26 15:08:35.089462+00:00,2024-11-29 15:08:35.089462+00:00,2024-11-27 15:07:18.787106+00:00,124.1674,avg_energy_pkg,unit_test_energy,SelectionSort_SortsListCorrectly
_result,29,2024-11-26 15:08:35.089462+00:00,2024-11-29 15:08:35.089462+00:00,2024-11-27 15:08:40.912157+00:00,124.6921,avg_energy_pkg,unit_test_energy,SelectionSort_SortsListCorrectly
_result,29,2024-11-26 15:08:35.089462+00:00,2024-11-29 15:08:35.089462+00:00,2024-11-27 15:10:03.172621+00:00,121.4336,avg_energy_pkg,unit_test_energy,SelectionSort_SortsListCorrectly
_result,29,2024-11-26 15:08:35.089462+00:00,2024-11-29 15:08:35.089462+00:00,2024-11-27 15:11:24.893690+00:00,128.3376,avg_energy_pkg,unit_test_energy,SelectionSort_SortsListCorrectly
_result,29,2024-11-26 15:08:35.089462+00:00,2024-11-29 15:08:35.089462+00:00,2024-11-27 15:12:46.423951+00:00,128.5203,avg_energy_pkg,unit_test_energy,SelectionSort_SortsListCorrectly
_result,29,2024-11-26 15:08:35.089462+00:00,2024-11-29 15:08:35.089462+00:00,2024-11-27 15:14:08.550359+00:00,128.5467,avg_energy_pkg,unit_test_energy,SelectionSort_SortsListCorrectly
_result,29,2024-11-26 15:08:35.089462+00:00,2024-11-29 15:08:35.089462+00:00,2024-11-27 15:15:30.349238+00:00,128.4469,avg_energy_pkg,unit_test_energy,SelectionSort_SortsListCorrectly
_result,29,2024-11-26 15:08:35.089462+00:00,2024-11-29 15:08:35.089462+00:00,2024-11-27 15:16:52.331146+00:00,122.7634,avg_energy_pkg,unit_test_energy,SelectionSort_SortsListCorrectly
_result,29,2024-11-26 15:08:35.089462+00:00,2024-11-29 15:08:35.089462+00:00,2024-11-27 15:18:13.824696+00:00,125.805,avg_energy_pkg,unit_test_energy,SelectionSort_SortsListCorrectly
_result,29,2024-11-26 15:08:35.089462+00:00,2024-11-29 15:08:35.089462+00:00,2024-11-27 15:19:35.907845+00:00,123.0225,avg_energy_pkg,unit_test_energy,SelectionSort_SortsListCorrectly
_result,29,2024-11-26 15:08:35.089462+00:00,2024-11-29 15:08:35.089462+00:00,2024-11-27 15:20:57.668723+00:00,127.8644,avg_energy_pkg,unit_test_energy,SelectionSort_SortsListCorrectly
_result,29,2024-11-26 15:08:35.089462+00:00,2024-11-29 15:08:35.089462+00:00,2024-11-27 15:22:18.830846+00:00,128.2874,avg_energy_pkg,unit_test_energy,SelectionSort_SortsListCorrectly
_result,29,2024-11-26 15:08:35.089462+00:00,2024-11-29 15:08:35.089462+00:00,2024-11-27 15:25:21.961011+00:00,127.8633,avg_energy_pkg,unit_test_energy,SelectionSort_SortsListCorrectly
_result,29,2024-11-26 15:08:35.089462+00:00,2024-11-29 15:08:35.089462+00:00,2024-11-27 15:26:43.652140+00:00,128.2083,avg_energy_pkg,unit_test_energy,SelectionSort_SortsListCorrectly
_result,29,2024-11-26 15:08:35.089462+00:00,2024-11-29 15:08:35.089462+00:00,2024-11-27 15:28:05.455659+00:00,127.879,avg_energy_pkg,unit_test_energy,SelectionSort_SortsListCorrectly
_result,29,2024-11-26 15:08:35.089462+00:00,2024-11-29 15:08:35.089462+00:00,2024-11-27 15:29:26.509742+00:00,128.6522,avg_energy_pkg,unit_test_energy,SelectionSort_SortsListCorrectly
_result,29,2024-11-26 15:08:35.089462+00:00,2024-11-29 15:08:35.089462+00:00,2024-11-27 15:30:47.842005+00:00,128.0293,avg_energy_pkg,unit_test_energy,SelectionSort_SortsListCorrectly
_result,29,2024-11-26 15:08:35.089462+00:00,2024-11-29 15:08:35.089462+00:00,2024-11-27 15:32:09.360210+00:00,128.1525,avg_energy_pkg,unit_test_energy,SelectionSort_SortsListCorrectly
_result,29,2024-11-26 15:08:35.089462+00:00,2024-11-29 15:08:35.089462+00:00,2024-11-27 15:33:30.559184+00:00,129.5517,avg_energy_pkg,unit_test_energy,SelectionSort_SortsListCorrectly
_result,29,2024-11-26 15:08:35.089462+00:00,2024-11-29 15:08:35.089462+00:00,2024-11-27 15:34:52.104534+00:00,125.0337,avg_energy_pkg,unit_test_energy,SelectionSort_SortsListCorrectly
_result,29,2024-11-26 15:08:35.089462+00:00,2024-11-29 15:08:35.089462+00:00,2024-11-27 15:36:13.577303+00:00,127.9676,avg_energy_pkg,unit_test_energy,SelectionSort_SortsListCorrectly
_result,29,2024-11-26 15:08:35.089462+00:00,2024-11-29 15:08:35.089462+00:00,2024-11-27 15:37:35.616338+00:00,127.6241,avg_energy_pkg,unit_test_energy,SelectionSort_SortsListCorrectly
_result,29,2024-11-26 15:08:35.089462+00:00,2024-11-29 15:08:35.089462+00:00,2024-11-27 15:38:56.885512+00:00,128.1889,avg_energy_pkg,unit_test_energy,SelectionSort_SortsListCorrectly
_result,29,2024-11-26 15:08:35.089462+00:00,2024-11-29 15:08:35.089462+00:00,2024-11-27 15:40:18.142655+00:00,128.0733,avg_energy_pkg,unit_test_energy,SelectionSort_SortsListCorrectly
_result,29,2024-11-26 15:08:35.089462+00:00,2024-11-29 15:08:35.089462+00:00,2024-11-27 15:41:39.269727+00:00,128.3937,avg_energy_pkg,unit_test_energy,SelectionSort_SortsListCorrectly
_result,29,2024-11-26 15:08:35.089462+00:00,2024-11-29 15:08:35.089462+00:00,2024-11-27 15:43:00.969766+00:00,128.1092,avg_energy_pkg,unit_test_energy,SelectionSort_SortsListCorrectly
_result,29,2024-11-26 15:08:35.089462+00:00,2024-11-29 15:08:35.089462+00:00,2024-11-27 15:44:22.486891+00:00,128.5387,avg_energy_pkg,unit_test_energy,SelectionSort_SortsListCorrectly
_result,30,2024-11-26 15:08:35.089462+00:00,2024-11-29 15:08:35.089462+00:00,2024-11-27 15:03:13.658583+00:00,9.0125,duration,unit_test_energy,SelectionSort_SortsListCorrectly
_result,30,2024-11-26 15:08:35.089462+00:00,2024-11-29 15:08:35.089462+00:00,2024-11-27 15:04:35.733828+00:00,9.1922,duration,unit_test_energy,SelectionSort_SortsListCorrectly
_result,30,2024-11-26 15:08:35.089462+00:00,2024-11-29 15:08:35.089462+00:00,2024-11-27 15:05:57.123392+00:00,9.0757,duration,unit_test_energy,SelectionSort_SortsListCorrectly
_result,30,2024-11-26 15:08:35.089462+00:00,2024-11-29 15:08:35.089462+00:00,2024-11-27 15:07:18.787106+00:00,8.694,duration,unit_test_energy,SelectionSort_SortsListCorrectly
_result,30,2024-11-26 15:08:35.089462+00:00,2024-11-29 15:08:35.089462+00:00,2024-11-27 15:08:40.912157+00:00,8.5899,duration,unit_test_energy,SelectionSort_SortsListCorrectly
_result,30,2024-11-26 15:08:35.089462+00:00,2024-11-29 15:08:35.089462+00:00,2024-11-27 15:10:03.172621+00:00,9.189,duration,unit_test_energy,SelectionSort_SortsListCorrectly
_result,30,2024-11-26 15:08:35.089462+00:00,2024-11-29 15:08:35.089462+00:00,2024-11-27 15:11:24.893690+00:00,9.1442,duration,unit_test_energy,SelectionSort_SortsListCorrectly
_result,30,2024-11-26 15:08:35.089462+00:00,2024-11-29 15:08:35.089462+00:00,2024-11-27 15:12:46.423951+00:00,8.7635,duration,unit_test_energy,SelectionSort_SortsListCorrectly
_result,30,2024-11-26 15:08:35.089462+00:00,2024-11-29 15:08:35.089462+00:00,2024-11-27 15:14:08.550359+00:00,8.9895,duration,unit_test_energy,SelectionSort_SortsListCorrectly
_result,30,2024-11-26 15:08:35.089462+00:00,2024-11-29 15:08:35.089462+00:00,2024-11-27 15:15:30.349238+00:00,8.663,duration,unit_test_energy,SelectionSort_SortsListCorrectly
_result,30,2024-11-26 15:08:35.089462+00:00,2024-11-29 15:08:35.089462+00:00,2024-11-27 15:16:52.331146+00:00,9.187,duration,unit_test_energy,SelectionSort_SortsListCorrectly
_result,30,2024-11-26 15:08:35.089462+00:00,2024-11-29 15:08:35.089462+00:00,2024-11-27 15:18:13.824696+00:00,8.8434,duration,unit_test_energy,SelectionSort_SortsListCorrectly
_result,30,2024-11-26 15:08:35.089462+00:00,2024-11-29 15:08:35.089462+00:00,2024-11-27 15:19:35.907845+00:00,9.15,duration,unit_test_energy,SelectionSort_SortsListCorrectly
_result,30,2024-11-26 15:08:35.089462+00:00,2024-11-29 15:08:35.089462+00:00,2024-11-27 15:20:57.668723+00:00,9.0589,duration,unit_test_energy,SelectionSort_SortsListCorrectly
_result,30,2024-11-26 15:08:35.089462+00:00,2024-11-29 15:08:35.089462+00:00,2024-11-27 15:22:18.830846+00:00,8.7592,duration,unit_test_energy,SelectionSort_SortsListCorrectly
_result,30,2024-11-26 15:08:35.089462+00:00,2024-11-29 15:08:35.089462+00:00,2024-11-27 15:25:21.961011+00:00,8.7523,duration,unit_test_energy,SelectionSort_SortsListCorrectly
_result,30,2024-11-26 15:08:35.089462+00:00,2024-11-29 15:08:35.089462+00:00,2024-11-27 15:26:43.652140+00:00,8.9902,duration,unit_test_energy,SelectionSort_SortsListCorrectly
_result,30,2024-11-26 15:08:35.089462+00:00,2024-11-29 15:08:35.089462+00:00,2024-11-27 15:28:05.455659+00:00,9.0779,duration,unit_test_energy,SelectionSort_SortsListCorrectly
_result,30,2024-11-26 15:08:35.089462+00:00,2024-11-29 15:08:35.089462+00:00,2024-11-27 15:29:26.509742+00:00,8.6802,duration,unit_test_energy,SelectionSort_SortsListCorrectly
_result,30,2024-11-26 15:08:35.089462+00:00,2024-11-29 15:08:35.089462+00:00,2024-11-27 15:30:47.842005+00:00,8.9042,duration,unit_test_energy,SelectionSort_SortsListCorrectly
_result,30,2024-11-26 15:08:35.089462+00:00,2024-11-29 15:08:35.089462+00:00,2024-11-27 15:32:09.360210+00:00,8.9399,duration,unit_test_energy,SelectionSort_SortsListCorrectly
_result,30,2024-11-26 15:08:35.089462+00:00,2024-11-29 15:08:35.089462+00:00,2024-11-27 15:33:30.559184+00:00,8.6464,duration,unit_test_energy,SelectionSort_SortsListCorrectly
_result,30,2024-11-26 15:08:35.089462+00:00,2024-11-29 15:08:35.089462+00:00,2024-11-27 15:34:52.104534+00:00,9.0136,duration,unit_test_energy,SelectionSort_SortsListCorrectly
_result,30,2024-11-26 15:08:35.089462+00:00,2024-11-29 15:08:35.089462+00:00,2024-11-27 15:36:13.577303+00:00,8.8798,duration,unit_test_energy,SelectionSort_SortsListCorrectly
_result,30,2024-11-26 15:08:35.089462+00:00,2024-11-29 15:08:35.089462+00:00,2024-11-27 15:37:35.616338+00:00,8.8631,duration,unit_test_energy,SelectionSort_SortsListCorrectly
_result,30,2024-11-26 15:08:35.089462+00:00,2024-11-29 15:08:35.089462+00:00,2024-11-27 15:38:56.885512+00:00,8.9315,duration,unit_test_energy,SelectionSort_SortsListCorrectly
_result,30,2024-11-26 15:08:35.089462+00:00,2024-11-29 15:08:35.089462+00:00,2024-11-27 15:40:18.142655+00:00,8.7006,duration,unit_test_energy,SelectionSort_SortsListCorrectly
_result,30,2024-11-26 15:08:35.089462+00:00,2024-11-29 15:08:35.089462+00:00,2024-11-27 15:41:39.269727+00:00,8.6729,duration,unit_test_energy,SelectionSort_SortsListCorrectly
_result,30,2024-11-26 15:08:35.089462+00:00,2024-11-29 15:08:35.089462+00:00,2024-11-27 15:43:00.969766+00:00,9.0088,duration,unit_test_energy,SelectionSort_SortsListCorrectly
_result,30,2024-11-26 15:08:35.089462+00:00,2024-11-29 15:08:35.089462+00:00,2024-11-27 15:44:22.486891+00:00,8.674,duration,unit_test_energy,SelectionSort_SortsListCorrectly
_result,31,2024-11-26 15:08:35.089462+00:00,2024-11-29 15:08:35.089462+00:00,2024-11-27 15:03:13.658583+00:00,49.5544,median_energy_dram,unit_test_energy,SelectionSort_SortsListCorrectly
_result,31,2024-11-26 15:08:35.089462+00:00,2024-11-29 15:08:35.089462+00:00,2024-11-27 15:04:35.733828+00:00,46.8457,median_energy_dram,unit_test_energy,SelectionSort_SortsListCorrectly
_result,31,2024-11-26 15:08:35.089462+00:00,2024-11-29 15:08:35.089462+00:00,2024-11-27 15:05:57.123392+00:00,50.6827,median_energy_dram,unit_test_energy,SelectionSort_SortsListCorrectly
_result,31,2024-11-26 15:08:35.089462+00:00,2024-11-29 15:08:35.089462+00:00,2024-11-27 15:07:18.787106+00:00,46.7482,median_energy_dram,unit_test_energy,SelectionSort_SortsListCorrectly
_result,31,2024-11-26 15:08:35.089462+00:00,2024-11-29 15:08:35.089462+00:00,2024-11-27 15:08:40.912157+00:00,46.2633,median_energy_dram,unit_test_energy,SelectionSort_SortsListCorrectly
_result,31,2024-11-26 15:08:35.089462+00:00,2024-11-29 15:08:35.089462+00:00,2024-11-27 15:10:03.172621+00:00,45.0157,median_energy_dram,unit_test_energy,SelectionSort_SortsListCorrectly
_result,31,2024-11-26 15:08:35.089462+00:00,2024-11-29 15:08:35.089462+00:00,2024-11-27 15:11:24.893690+00:00,50.6116,median_energy_dram,unit_test_energy,SelectionSort_SortsListCorrectly
_result,31,2024-11-26 15:08:35.089462+00:00,2024-11-29 15:08:35.089462+00:00,2024-11-27 15:12:46.423951+00:00,51.0251,median_energy_dram,unit_test_energy,SelectionSort_SortsListCorrectly
_result,31,2024-11-26 15:08:35.089462+00:00,2024-11-29 15:08:35.089462+00:00,2024-11-27 15:14:08.550359+00:00,50.6529,median_energy_dram,unit_test_energy,SelectionSort_SortsListCorrectly
_result,31,2024-11-26 15:08:35.089462+00:00,2024-11-29 15:08:35.089462+00:00,2024-11-27 15:15:30.349238+00:00,50.6549,median_energy_dram,unit_test_energy,SelectionSort_SortsListCorrectly
_result,31,2024-11-26 15:08:35.089462+00:00,2024-11-29 15:08:35.089462+00:00,2024-11-27 15:16:52.331146+00:00,45.9727,median_energy_dram,unit_test_energy,SelectionSort_SortsListCorrectly
_result,31,2024-11-26 15:08:35.089462+00:00,2024-11-29 15:08:35.089462+00:00,2024-11-27 15:18:13.824696+00:00,49.4922,median_energy_dram,unit_test_energy,SelectionSort_SortsListCorrectly
_result,31,2024-11-26 15:08:35.089462+00:00,2024-11-29 15:08:35.089462+00:00,2024-11-27 15:19:35.907845+00:00,46.4459,median_energy_dram,unit_test_energy,SelectionSort_SortsListCorrectly
_result,31,2024-11-26 15:08:35.089462+00:00,2024-11-29 15:08:35.089462+00:00,2024-11-27 15:20:57.668723+00:00,50.9402,median_energy_dram,unit_test_energy,SelectionSort_SortsListCorrectly
_result,31,2024-11-26 15:08:35.089462+00:00,2024-11-29 15:08:35.089462+00:00,2024-11-27 15:22:18.830846+00:00,51.0472,median_energy_dram,unit_test_energy,SelectionSort_SortsListCorrectly
_result,31,2024-11-26 15:08:35.089462+00:00,2024-11-29 15:08:35.089462+00:00,2024-11-27 15:25:21.961011+00:00,50.7327,median_energy_dram,unit_test_energy,SelectionSort_SortsListCorrectly
_result,31,2024-11-26 15:08:35.089462+00:00,2024-11-29 15:08:35.089462+00:00,2024-11-27 15:26:43.652140+00:00,50.9148,median_energy_dram,unit_test_energy,SelectionSort_SortsListCorrectly
_result,31,2024-11-26 15:08:35.089462+00:00,2024-11-29 15:08:35.089462+00:00,2024-11-27 15:28:05.455659+00:00,50.1228,median_energy_dram,unit_test_energy,SelectionSort_SortsListCorrectly
_result,31,2024-11-26 15:08:35.089462+00:00,2024-11-29 15:08:35.089462+00:00,2024-11-27 15:29:26.509742+00:00,50.8963,median_energy_dram,unit_test_energy,SelectionSort_SortsListCorrectly
_result,31,2024-11-26 15:08:35.089462+00:00,2024-11-29 15:08:35.089462+00:00,2024-11-27 15:30:47.842005+00:00,51.1514,median_energy_dram,unit_test_energy,SelectionSort_SortsListCorrectly
_result,31,2024-11-26 15:08:35.089462+00:00,2024-11-29 15:08:35.089462+00:00,2024-11-27 15:32:09.360210+00:00,50.9903,median_energy_dram,unit_test_energy,SelectionSort_SortsListCorrectly
_result,31,2024-11-26 15:08:35.089462+00:00,2024-11-29 15:08:35.089462+00:00,2024-11-27 15:33:30.559184+00:00,50.9625,median_energy_dram,unit_test_energy,SelectionSort_SortsListCorrectly
_result,31,2024-11-26 15:08:35.089462+00:00,2024-11-29 15:08:35.089462+00:00,2024-11-27 15:34:52.104534+00:00,45.8664,median_energy_dram,unit_test_energy,SelectionSort_SortsListCorrectly
_result,31,2024-11-26 15:08:35.089462+00:00,2024-11-29 15:08:35.089462+00:00,2024-11-27 15:36:13.577303+00:00,50.6329,median_energy_dram,unit_test_energy,SelectionSort_SortsListCorrectly
_result,31,2024-11-26 15:08:35.089462+00:00,2024-11-29 15:08:35.089462+00:00,2024-11-27 15:37:35.616338+00:00,50.9428,median_energy_dram,unit_test_energy,SelectionSort_SortsListCorrectly
_result,31,2024-11-26 15:08:35.089462+00:00,2024-11-29 15:08:35.089462+00:00,2024-11-27 15:38:56.885512+00:00,50.9439,median_energy_dram,unit_test_energy,SelectionSort_SortsListCorrectly
_result,31,2024-11-26 15:08:35.089462+00:00,2024-11-29 15:08:35.089462+00:00,2024-11-27 15:40:18.142655+00:00,50.6796,median_energy_dram,unit_test_energy,SelectionSort_SortsListCorrectly
_result,31,2024-11-26 15:08:35.089462+00:00,2024-11-29 15:08:35.089462+00:00,2024-11-27 15:41:39.269727+00:00,51.3277,median_energy_dram,unit_test_energy,SelectionSort_SortsListCorrectly
_result,31,2024-11-26 15:08:35.089462+00:00,2024-11-29 15:08:35.089462+00:00,2024-11-27 15:43:00.969766+00:00,51.9153,median_energy_dram,unit_test_energy,SelectionSort_SortsListCorrectly
_result,31,2024-11-26 15:08:35.089462+00:00,2024-11-29 15:08:35.089462+00:00,2024-11-27 15:44:22.486891+00:00,51.629,median_energy_dram,unit_test_energy,SelectionSort_SortsListCorrectly
_result,32,2024-11-26 15:08:35.089462+00:00,2024-11-29 15:08:35.089462+00:00,2024-11-27 15:03:13.658583+00:00,127.146,median_energy_pkg,unit_test_energy,SelectionSort_SortsListCorrectly
_result,32,2024-11-26 15:08:35.089462+00:00,2024-11-29 15:08:35.089462+00:00,2024-11-27 15:04:35.733828+00:00,122.3535,median_energy_pkg,unit_test_energy,SelectionSort_SortsListCorrectly
_result,32,2024-11-26 15:08:35.089462+00:00,2024-11-29 15:08:35.089462+00:00,2024-11-27 15:05:57.123392+00:00,127.7222,median_energy_pkg,unit_test_energy,SelectionSort_SortsListCorrectly
_result,32,2024-11-26 15:08:35.089462+00:00,2024-11-29 15:08:35.089462+00:00,2024-11-27 15:07:18.787106+00:00,123.0066,median_energy_pkg,unit_test_energy,SelectionSort_SortsListCorrectly
_result,32,2024-11-26 15:08:35.089462+00:00,2024-11-29 15:08:35.089462+00:00,2024-11-27 15:08:40.912157+00:00,123.9246,median_energy_pkg,unit_test_energy,SelectionSort_SortsListCorrectly
_result,32,2024-11-26 15:08:35.089462+00:00,2024-11-29 15:08:35.089462+00:00,2024-11-27 15:10:03.172621+00:00,121.0352,median_energy_pkg,unit_test_energy,SelectionSort_SortsListCorrectly
_result,32,2024-11-26 15:08:35.089462+00:00,2024-11-29 15:08:35.089462+00:00,2024-11-27 15:11:24.893690+00:00,127.0654,median_energy_pkg,unit_test_energy,SelectionSort_SortsListCorrectly
_result,32,2024-11-26 15:08:35.089462+00:00,2024-11-29 15:08:35.089462+00:00,2024-11-27 15:12:46.423951+00:00,127.7563,median_energy_pkg,unit_test_energy,SelectionSort_SortsListCorrectly
_result,32,2024-11-26 15:08:35.089462+00:00,2024-11-29 15:08:35.089462+00:00,2024-11-27 15:14:08.550359+00:00,128.1738,median_energy_pkg,unit_test_energy,SelectionSort_SortsListCorrectly
_result,32,2024-11-26 15:08:35.089462+00:00,2024-11-29 15:08:35.089462+00:00,2024-11-27 15:15:30.349238+00:00,127.6831,median_energy_pkg,unit_test_energy,SelectionSort_SortsListCorrectly
_result,32,2024-11-26 15:08:35.089462+00:00,2024-11-29 15:08:35.089462+00:00,2024-11-27 15:16:52.331146+00:00,122.3706,median_energy_pkg,unit_test_energy,SelectionSort_SortsListCorrectly
_result,32,2024-11-26 15:08:35.089462+00:00,2024-11-29 15:08:35.089462+00:00,2024-11-27 15:18:13.824696+00:00,124.3872,median_energy_pkg,unit_test_energy,SelectionSort_SortsListCorrectly
_result,32,2024-11-26 15:08:35.089462+00:00,2024-11-29 15:08:35.089462+00:00,2024-11-27 15:19:35.907845+00:00,122.312,median_energy_pkg,unit_test_energy,SelectionSort_SortsListCorrectly
_result,32,2024-11-26 15:08:35.089462+00:00,2024-11-29 15:08:35.089462+00:00,2024-11-27 15:20:57.668723+00:00,127.0966,median_energy_pkg,unit_test_energy,SelectionSort_SortsListCorrectly
_result,32,2024-11-26 15:08:35.089462+00:00,2024-11-29 15:08:35.089462+00:00,2024-11-27 15:22:18.830846+00:00,127.3132,median_energy_pkg,unit_test_energy,SelectionSort_SortsListCorrectly
_result,32,2024-11-26 15:08:35.089462+00:00,2024-11-29 15:08:35.089462+00:00,2024-11-27 15:25:21.961011+00:00,127.0215,median_energy_pkg,unit_test_energy,SelectionSort_SortsListCorrectly
_result,32,2024-11-26 15:08:35.089462+00:00,2024-11-29 15:08:35.089462+00:00,2024-11-27 15:26:43.652140+00:00,126.9922,median_energy_pkg,unit_test_energy,SelectionSort_SortsListCorrectly
_result,32,2024-11-26 15:08:35.089462+00:00,2024-11-29 15:08:35.089462+00:00,2024-11-27 15:28:05.455659+00:00,126.7957,median_energy_pkg,unit_test_energy,SelectionSort_SortsListCorrectly
_result,32,2024-11-26 15:08:35.089462+00:00,2024-11-29 15:08:35.089462+00:00,2024-11-27 15:29:26.509742+00:00,127.9108,median_energy_pkg,unit_test_energy,SelectionSort_SortsListCorrectly
_result,32,2024-11-26 15:08:35.089462+00:00,2024-11-29 15:08:35.089462+00:00,2024-11-27 15:30:47.842005+00:00,127.2034,median_energy_pkg,unit_test_energy,SelectionSort_SortsListCorrectly
_result,32,2024-11-26 15:08:35.089462+00:00,2024-11-29 15:08:35.089462+00:00,2024-11-27 15:32:09.360210+00:00,127.6917,median_energy_pkg,unit_test_energy,SelectionSort_SortsListCorrectly
_result,32,2024-11-26 15:08:35.089462+00:00,2024-11-29 15:08:35.089462+00:00,2024-11-27 15:33:30.559184+00:00,128.8599,median_energy_pkg,unit_test_energy,SelectionSort_SortsListCorrectly
_result,32,2024-11-26 15:08:35.089462+00:00,2024-11-29 15:08:35.089462+00:00,2024-11-27 15:34:52.104534+00:00,124.3384,median_energy_pkg,unit_test_energy,SelectionSort_SortsListCorrectly
_result,32,2024-11-26 15:08:35.089462+00:00,2024-11-29 15:08:35.089462+00:00,2024-11-27 15:36:13.577303+00:00,127.6245,median_energy_pkg,unit_test_energy,SelectionSort_SortsListCorrectly
_result,32,2024-11-26 15:08:35.089462+00:00,2024-11-29 15:08:35.089462+00:00,2024-11-27 15:37:35.616338+00:00,126.4539,median_energy_pkg,unit_test_energy,SelectionSort_SortsListCorrectly
_result,32,2024-11-26 15:08:35.089462+00:00,2024-11-29 15:08:35.089462+00:00,2024-11-27 15:38:56.885512+00:00,126.8689,median_energy_pkg,unit_test_energy,SelectionSort_SortsListCorrectly
_result,32,2024-11-26 15:08:35.089462+00:00,2024-11-29 15:08:35.089462+00:00,2024-11-27 15:40:18.142655+00:00,127.1381,median_energy_pkg,unit_test_energy,SelectionSort_SortsListCorrectly
_result,32,2024-11-26 15:08:35.089462+00:00,2024-11-29 15:08:35.089462+00:00,2024-11-27 15:41:39.269727+00:00,127.8308,median_energy_pkg,unit_test_energy,SelectionSort_SortsListCorrectly
_result,32,2024-11-26 15:08:35.089462+00:00,2024-11-29 15:08:35.089462+00:00,2024-11-27 15:43:00.969766+00:00,128.3594,median_energy_pkg,unit_test_energy,SelectionSort_SortsListCorrectly
_result,32,2024-11-26 15:08:35.089462+00:00,2024-11-29 15:08:35.089462+00:00,2024-11-27 15:44:22.486891+00:00,128.5376,median_energy_pkg,unit_test_energy,SelectionSort_SortsListCorrectly
_result,33,2024-11-26 15:08:35.089462+00:00,2024-11-29 15:08:35.089462+00:00,2024-11-27 15:03:13.658583+00:00,442.9151,total_energy_dram,unit_test_energy,SelectionSort_SortsListCorrectly
_result,33,2024-11-26 15:08:35.089462+00:00,2024-11-29 15:08:35.089462+00:00,2024-11-27 15:04:35.733828+00:00,430.9092,total_energy_dram,unit_test_energy,SelectionSort_SortsListCorrectly
_result,33,2024-11-26 15:08:35.089462+00:00,2024-11-29 15:08:35.089462+00:00,2024-11-27 15:05:57.123392+00:00,467.1347,total_energy_dram,unit_test_energy,SelectionSort_SortsListCorrectly
_result,33,2024-11-26 15:08:35.089462+00:00,2024-11-29 15:08:35.089462+00:00,2024-11-27 15:07:18.787106+00:00,413.3844,total_energy_dram,unit_test_energy,SelectionSort_SortsListCorrectly
_result,33,2024-11-26 15:08:35.089462+00:00,2024-11-29 15:08:35.089462+00:00,2024-11-27 15:08:40.912157+00:00,400.6573,total_energy_dram,unit_test_energy,SelectionSort_SortsListCorrectly
_result,33,2024-11-26 15:08:35.089462+00:00,2024-11-29 15:08:35.089462+00:00,2024-11-27 15:10:03.172621+00:00,418.0472,total_energy_dram,unit_test_energy,SelectionSort_SortsListCorrectly
_result,33,2024-11-26 15:08:35.089462+00:00,2024-11-29 15:08:35.089462+00:00,2024-11-27 15:11:24.893690+00:00,470.2701,total_energy_dram,unit_test_energy,SelectionSort_SortsListCorrectly
_result,33,2024-11-26 15:08:35.089462+00:00,2024-11-29 15:08:35.089462+00:00,2024-11-27 15:12:46.423951+00:00,451.6075,total_energy_dram,unit_test_energy,SelectionSort_SortsListCorrectly
_result,33,2024-11-26 15:08:35.089462+00:00,2024-11-29 15:08:35.089462+00:00,2024-11-27 15:14:08.550359+00:00,462.6127,total_energy_dram,unit_test_energy,SelectionSort_SortsListCorrectly
_result,33,2024-11-26 15:08:35.089462+00:00,2024-11-29 15:08:35.089462+00:00,2024-11-27 15:15:30.349238+00:00,445.8781,total_energy_dram,unit_test_energy,SelectionSort_SortsListCorrectly
_result,33,2024-11-26 15:08:35.089462+00:00,2024-11-29 15:08:35.089462+00:00,2024-11-27 15:16:52.331146+00:00,429.5198,total_energy_dram,unit_test_energy,SelectionSort_SortsListCorrectly
_result,33,2024-11-26 15:08:35.089462+00:00,2024-11-29 15:08:35.089462+00:00,2024-11-27 15:18:13.824696+00:00,431.9527,total_energy_dram,unit_test_energy,SelectionSort_SortsListCorrectly
_result,33,2024-11-26 15:08:35.089462+00:00,2024-11-29 15:08:35.089462+00:00,2024-11-27 15:19:35.907845+00:00,428.8035,total_energy_dram,unit_test_energy,SelectionSort_SortsListCorrectly
_result,33,2024-11-26 15:08:35.089462+00:00,2024-11-29 15:08:35.089462+00:00,2024-11-27 15:20:57.668723+00:00,466.2341,total_energy_dram,unit_test_energy,SelectionSort_SortsListCorrectly
_result,33,2024-11-26 15:08:35.089462+00:00,2024-11-29 15:08:35.089462+00:00,2024-11-27 15:22:18.830846+00:00,452.2144,total_energy_dram,unit_test_energy,SelectionSort_SortsListCorrectly
_result,33,2024-11-26 15:08:35.089462+00:00,2024-11-29 15:08:35.089462+00:00,2024-11-27 15:25:21.961011+00:00,449.3656,total_energy_dram,unit_test_energy,SelectionSort_SortsListCorrectly
_result,33,2024-11-26 15:08:35.089462+00:00,2024-11-29 15:08:35.089462+00:00,2024-11-27 15:26:43.652140+00:00,463.4774,total_energy_dram,unit_test_energy,SelectionSort_SortsListCorrectly
_result,33,2024-11-26 15:08:35.089462+00:00,2024-11-29 15:08:35.089462+00:00,2024-11-27 15:28:05.455659+00:00,461.4879,total_energy_dram,unit_test_energy,SelectionSort_SortsListCorrectly
_result,33,2024-11-26 15:08:35.089462+00:00,2024-11-29 15:08:35.089462+00:00,2024-11-27 15:29:26.509742+00:00,447.1993,total_energy_dram,unit_test_energy,SelectionSort_SortsListCorrectly
_result,33,2024-11-26 15:08:35.089462+00:00,2024-11-29 15:08:35.089462+00:00,2024-11-27 15:30:47.842005+00:00,459.5876,total_energy_dram,unit_test_energy,SelectionSort_SortsListCorrectly
_result,33,2024-11-26 15:08:35.089462+00:00,2024-11-29 15:08:35.089462+00:00,2024-11-27 15:32:09.360210+00:00,460.6179,total_energy_dram,unit_test_energy,SelectionSort_SortsListCorrectly
_result,33,2024-11-26 15:08:35.089462+00:00,2024-11-29 15:08:35.089462+00:00,2024-11-27 15:33:30.559184+00:00,446.4079,total_energy_dram,unit_test_energy,SelectionSort_SortsListCorrectly
_result,33,2024-11-26 15:08:35.089462+00:00,2024-11-29 15:08:35.089462+00:00,2024-11-27 15:34:52.104534+00:00,422.6549,total_energy_dram,unit_test_energy,SelectionSort_SortsListCorrectly
_result,33,2024-11-26 15:08:35.089462+00:00,2024-11-29 15:08:35.089462+00:00,2024-11-27 15:36:13.577303+00:00,456.0449,total_energy_dram,unit_test_energy,SelectionSort_SortsListCorrectly
_result,33,2024-11-26 15:08:35.089462+00:00,2024-11-29 15:08:35.089462+00:00,2024-11-27 15:37:35.616338+00:00,450.7242,total_energy_dram,unit_test_energy,SelectionSort_SortsListCorrectly
_result,33,2024-11-26 15:08:35.089462+00:00,2024-11-29 15:08:35.089462+00:00,2024-11-27 15:38:56.885512+00:00,456.7319,total_energy_dram,unit_test_energy,SelectionSort_SortsListCorrectly
_result,33,2024-11-26 15:08:35.089462+00:00,2024-11-29 15:08:35.089462+00:00,2024-11-27 15:40:18.142655+00:00,446.1502,total_energy_dram,unit_test_energy,SelectionSort_SortsListCorrectly
_result,33,2024-11-26 15:08:35.089462+00:00,2024-11-29 15:08:35.089462+00:00,2024-11-27 15:41:39.269727+00:00,447.4447,total_energy_dram,unit_test_energy,SelectionSort_SortsListCorrectly
_result,33,2024-11-26 15:08:35.089462+00:00,2024-11-29 15:08:35.089462+00:00,2024-11-27 15:43:00.969766+00:00,464.6316,total_energy_dram,unit_test_energy,SelectionSort_SortsListCorrectly
_result,33,2024-11-26 15:08:35.089462+00:00,2024-11-29 15:08:35.089462+00:00,2024-11-27 15:44:22.486891+00:00,446.9099,total_energy_dram,unit_test_energy,SelectionSort_SortsListCorrectly
_result,34,2024-11-26 15:08:35.089462+00:00,2024-11-29 15:08:35.089462+00:00,2024-11-27 15:03:13.658583+00:00,1151.212,total_energy_pkg,unit_test_energy,SelectionSort_SortsListCorrectly
_result,34,2024-11-26 15:08:35.089462+00:00,2024-11-29 15:08:35.089462+00:00,2024-11-27 15:04:35.733828+00:00,1127.4965,total_energy_pkg,unit_test_energy,SelectionSort_SortsListCorrectly
_result,34,2024-11-26 15:08:35.089462+00:00,2024-11-29 15:08:35.089462+00:00,2024-11-27 15:05:57.123392+00:00,1165.0099,total_energy_pkg,unit_test_energy,SelectionSort_SortsListCorrectly
_result,34,2024-11-26 15:08:35.089462+00:00,2024-11-29 15:08:35.089462+00:00,2024-11-27 15:07:18.787106+00:00,1079.5049,total_energy_pkg,unit_test_energy,SelectionSort_SortsListCorrectly
_result,34,2024-11-26 15:08:35.089462+00:00,2024-11-29 15:08:35.089462+00:00,2024-11-27 15:08:40.912157+00:00,1071.0952,total_energy_pkg,unit_test_energy,SelectionSort_SortsListCorrectly
_result,34,2024-11-26 15:08:35.089462+00:00,2024-11-29 15:08:35.089462+00:00,2024-11-27 15:10:03.172621+00:00,1115.8569,total_energy_pkg,unit_test_energy,SelectionSort_SortsListCorrectly
_result,34,2024-11-26 15:08:35.089462+00:00,2024-11-29 15:08:35.089462+00:00,2024-11-27 15:11:24.893690+00:00,1173.5387,total_energy_pkg,unit_test_energy,SelectionSort_SortsListCorrectly
_result,34,2024-11-26 15:08:35.089462+00:00,2024-11-29 15:08:35.089462+00:00,2024-11-27 15:12:46.423951+00:00,1126.2824,total_energy_pkg,unit_test_energy,SelectionSort_SortsListCorrectly
_result,34,2024-11-26 15:08:35.089462+00:00,2024-11-29 15:08:35.089462+00:00,2024-11-27 15:14:08.550359+00:00,1155.5699,total_energy_pkg,unit_test_energy,SelectionSort_SortsListCorrectly
_result,34,2024-11-26 15:08:35.089462+00:00,2024-11-29 15:08:35.089462+00:00,2024-11-27 15:15:30.349238+00:00,1112.7374,total_energy_pkg,unit_test_energy,SelectionSort_SortsListCorrectly
_result,34,2024-11-26 15:08:35.089462+00:00,2024-11-29 15:08:35.089462+00:00,2024-11-27 15:16:52.331146+00:00,1127.8313,total_energy_pkg,unit_test_energy,SelectionSort_SortsListCorrectly
_result,34,2024-11-26 15:08:35.089462+00:00,2024-11-29 15:08:35.089462+00:00,2024-11-27 15:18:13.824696+00:00,1112.5419,total_energy_pkg,unit_test_energy,SelectionSort_SortsListCorrectly
_result,34,2024-11-26 15:08:35.089462+00:00,2024-11-29 15:08:35.089462+00:00,2024-11-27 15:19:35.907845+00:00,1125.6518,total_energy_pkg,unit_test_energy,SelectionSort_SortsListCorrectly
_result,34,2024-11-26 15:08:35.089462+00:00,2024-11-29 15:08:35.089462+00:00,2024-11-27 15:20:57.668723+00:00,1158.3159,total_energy_pkg,unit_test_energy,SelectionSort_SortsListCorrectly
_result,34,2024-11-26 15:08:35.089462+00:00,2024-11-29 15:08:35.089462+00:00,2024-11-27 15:22:18.830846+00:00,1123.7011,total_energy_pkg,unit_test_energy,SelectionSort_SortsListCorrectly
_result,34,2024-11-26 15:08:35.089462+00:00,2024-11-29 15:08:35.089462+00:00,2024-11-27 15:25:21.961011+00:00,1119.0941,total_energy_pkg,unit_test_energy,SelectionSort_SortsListCorrectly
_result,34,2024-11-26 15:08:35.089462+00:00,2024-11-29 15:08:35.089462+00:00,2024-11-27 15:26:43.652140+00:00,1152.6233,total_energy_pkg,unit_test_energy,SelectionSort_SortsListCorrectly
_result,34,2024-11-26 15:08:35.089462+00:00,2024-11-29 15:08:35.089462+00:00,2024-11-27 15:28:05.455659+00:00,1160.87,total_energy_pkg,unit_test_energy,SelectionSort_SortsListCorrectly
_result,34,2024-11-26 15:08:35.089462+00:00,2024-11-29 15:08:35.089462+00:00,2024-11-27 15:29:26.509742+00:00,1116.7283,total_energy_pkg,unit_test_energy,SelectionSort_SortsListCorrectly
_result,34,2024-11-26 15:08:35.089462+00:00,2024-11-29 15:08:35.089462+00:00,2024-11-27 15:30:47.842005+00:00,1139.9948,total_energy_pkg,unit_test_energy,SelectionSort_SortsListCorrectly
_result,34,2024-11-26 15:08:35.089462+00:00,2024-11-29 15:08:35.089462+00:00,2024-11-27 15:32:09.360210+00:00,1145.6755,total_energy_pkg,unit_test_energy,SelectionSort_SortsListCorrectly
_result,34,2024-11-26 15:08:35.089462+00:00,2024-11-29 15:08:35.089462+00:00,2024-11-27 15:33:30.559184+00:00,1120.1543,total_energy_pkg,unit_test_energy,SelectionSort_SortsListCorrectly
_result,34,2024-11-26 15:08:35.089462+00:00,2024-11-29 15:08:35.089462+00:00,2024-11-27 15:34:52.104534+00:00,1127.005,total_energy_pkg,unit_test_energy,SelectionSort_SortsListCorrectly
_result,34,2024-11-26 15:08:35.089462+00:00,2024-11-29 15:08:35.089462+00:00,2024-11-27 15:36:13.577303+00:00,1136.3286,total_energy_pkg,unit_test_energy,SelectionSort_SortsListCorrectly
_result,34,2024-11-26 15:08:35.089462+00:00,2024-11-29 15:08:35.089462+00:00,2024-11-27 15:37:35.616338+00:00,1131.1446,total_energy_pkg,unit_test_energy,SelectionSort_SortsListCorrectly
_result,34,2024-11-26 15:08:35.089462+00:00,2024-11-29 15:08:35.089462+00:00,2024-11-27 15:38:56.885512+00:00,1144.9215,total_energy_pkg,unit_test_energy,SelectionSort_SortsListCorrectly
_result,34,2024-11-26 15:08:35.089462+00:00,2024-11-29 15:08:35.089462+00:00,2024-11-27 15:40:18.142655+00:00,1114.3183,total_energy_pkg,unit_test_energy,SelectionSort_SortsListCorrectly
_result,34,2024-11-26 15:08:35.089462+00:00,2024-11-29 15:08:35.089462+00:00,2024-11-27 15:41:39.269727+00:00,1113.5454,total_energy_pkg,unit_test_energy,SelectionSort_SortsListCorrectly
_result,34,2024-11-26 15:08:35.089462+00:00,2024-11-29 15:08:35.089462+00:00,2024-11-27 15:43:00.969766+00:00,1154.1036,total_energy_pkg,unit_test_energy,SelectionSort_SortsListCorrectly
_result,34,2024-11-26 15:08:35.089462+00:00,2024-11-29 15:08:35.089462+00:00,2024-11-27 15:44:22.486891+00:00,1114.948,total_energy_pkg,unit_test_energy,SelectionSort_SortsListCorrectly
_result,35,2024-11-26 15:08:35.089462+00:00,2024-11-29 15:08:35.089462+00:00,2024-11-27 15:03:34.300509+00:00,47.7733,avg_energy_dram,unit_test_energy,Sort_SortsListCorrectly
_result,35,2024-11-26 15:08:35.089462+00:00,2024-11-29 15:08:35.089462+00:00,2024-11-27 15:04:56.110403+00:00,46.1282,avg_energy_dram,unit_test_energy,Sort_SortsListCorrectly
_result,35,2024-11-26 15:08:35.089462+00:00,2024-11-29 15:08:35.089462+00:00,2024-11-27 15:06:17.562178+00:00,49.0459,avg_energy_dram,unit_test_energy,Sort_SortsListCorrectly
_result,35,2024-11-26 15:08:35.089462+00:00,2024-11-29 15:08:35.089462+00:00,2024-11-27 15:07:39.166852+00:00,47.8942,avg_energy_dram,unit_test_energy,Sort_SortsListCorrectly
_result,35,2024-11-26 15:08:35.089462+00:00,2024-11-29 15:08:35.089462+00:00,2024-11-27 15:09:01.318187+00:00,42.1927,avg_energy_dram,unit_test_energy,Sort_SortsListCorrectly
_result,35,2024-11-26 15:08:35.089462+00:00,2024-11-29 15:08:35.089462+00:00,2024-11-27 15:10:23.558303+00:00,41.1346,avg_energy_dram,unit_test_energy,Sort_SortsListCorrectly
_result,35,2024-11-26 15:08:35.089462+00:00,2024-11-29 15:08:35.089462+00:00,2024-11-27 15:11:45.391092+00:00,39.693,avg_energy_dram,unit_test_energy,Sort_SortsListCorrectly
_result,35,2024-11-26 15:08:35.089462+00:00,2024-11-29 15:08:35.089462+00:00,2024-11-27 15:13:06.819928+00:00,43.6256,avg_energy_dram,unit_test_energy,Sort_SortsListCorrectly
_result,35,2024-11-26 15:08:35.089462+00:00,2024-11-29 15:08:35.089462+00:00,2024-11-27 15:14:29.222456+00:00,47.2213,avg_energy_dram,unit_test_energy,Sort_SortsListCorrectly
_result,35,2024-11-26 15:08:35.089462+00:00,2024-11-29 15:08:35.089462+00:00,2024-11-27 15:15:50.738636+00:00,44.1609,avg_energy_dram,unit_test_energy,Sort_SortsListCorrectly
_result,35,2024-11-26 15:08:35.089462+00:00,2024-11-29 15:08:35.089462+00:00,2024-11-27 15:17:12.788839+00:00,46.7421,avg_energy_dram,unit_test_energy,Sort_SortsListCorrectly
_result,35,2024-11-26 15:08:35.089462+00:00,2024-11-29 15:08:35.089462+00:00,2024-11-27 15:18:34.195929+00:00,42.9799,avg_energy_dram,unit_test_energy,Sort_SortsListCorrectly
_result,35,2024-11-26 15:08:35.089462+00:00,2024-11-29 15:08:35.089462+00:00,2024-11-27 15:19:56.318302+00:00,43.0492,avg_energy_dram,unit_test_energy,Sort_SortsListCorrectly
_result,35,2024-11-26 15:08:35.089462+00:00,2024-11-29 15:08:35.089462+00:00,2024-11-27 15:21:18.020363+00:00,45.5979,avg_energy_dram,unit_test_energy,Sort_SortsListCorrectly
_result,35,2024-11-26 15:08:35.089462+00:00,2024-11-29 15:08:35.089462+00:00,2024-11-27 15:22:39.208075+00:00,47.1552,avg_energy_dram,unit_test_energy,Sort_SortsListCorrectly
_result,35,2024-11-26 15:08:35.089462+00:00,2024-11-29 15:08:35.089462+00:00,2024-11-27 15:25:42.273822+00:00,46.3922,avg_energy_dram,unit_test_energy,Sort_SortsListCorrectly
_result,35,2024-11-26 15:08:35.089462+00:00,2024-11-29 15:08:35.089462+00:00,2024-11-27 15:27:04.191243+00:00,48.3452,avg_energy_dram,unit_test_energy,Sort_SortsListCorrectly
_result,35,2024-11-26 15:08:35.089462+00:00,2024-11-29 15:08:35.089462+00:00,2024-11-27 15:28:25.807297+00:00,44.9442,avg_energy_dram,unit_test_energy,Sort_SortsListCorrectly
_result,35,2024-11-26 15:08:35.089462+00:00,2024-11-29 15:08:35.089462+00:00,2024-11-27 15:29:46.862022+00:00,44.315,avg_energy_dram,unit_test_energy,Sort_SortsListCorrectly
_result,35,2024-11-26 15:08:35.089462+00:00,2024-11-29 15:08:35.089462+00:00,2024-11-27 15:31:08.199773+00:00,46.1235,avg_energy_dram,unit_test_energy,Sort_SortsListCorrectly
_result,35,2024-11-26 15:08:35.089462+00:00,2024-11-29 15:08:35.089462+00:00,2024-11-27 15:32:29.727297+00:00,46.5182,avg_energy_dram,unit_test_energy,Sort_SortsListCorrectly
_result,35,2024-11-26 15:08:35.089462+00:00,2024-11-29 15:08:35.089462+00:00,2024-11-27 15:33:50.939344+00:00,45.665,avg_energy_dram,unit_test_energy,Sort_SortsListCorrectly
_result,35,2024-11-26 15:08:35.089462+00:00,2024-11-29 15:08:35.089462+00:00,2024-11-27 15:35:12.499086+00:00,38.2986,avg_energy_dram,unit_test_energy,Sort_SortsListCorrectly
_result,35,2024-11-26 15:08:35.089462+00:00,2024-11-29 15:08:35.089462+00:00,2024-11-27 15:36:34.648830+00:00,44.6802,avg_energy_dram,unit_test_energy,Sort_SortsListCorrectly
_result,35,2024-11-26 15:08:35.089462+00:00,2024-11-29 15:08:35.089462+00:00,2024-11-27 15:37:55.943884+00:00,42.442,avg_energy_dram,unit_test_energy,Sort_SortsListCorrectly
_result,35,2024-11-26 15:08:35.089462+00:00,2024-11-29 15:08:35.089462+00:00,2024-11-27 15:39:17.218426+00:00,43.9215,avg_energy_dram,unit_test_energy,Sort_SortsListCorrectly
_result,35,2024-11-26 15:08:35.089462+00:00,2024-11-29 15:08:35.089462+00:00,2024-11-27 15:40:38.482745+00:00,45.6528,avg_energy_dram,unit_test_energy,Sort_SortsListCorrectly
_result,35,2024-11-26 15:08:35.089462+00:00,2024-11-29 15:08:35.089462+00:00,2024-11-27 15:41:59.633837+00:00,42.2793,avg_energy_dram,unit_test_energy,Sort_SortsListCorrectly
_result,35,2024-11-26 15:08:35.089462+00:00,2024-11-29 15:08:35.089462+00:00,2024-11-27 15:43:21.315434+00:00,43.4466,avg_energy_dram,unit_test_energy,Sort_SortsListCorrectly
_result,35,2024-11-26 15:08:35.089462+00:00,2024-11-29 15:08:35.089462+00:00,2024-11-27 15:44:42.930186+00:00,45.0215,avg_energy_dram,unit_test_energy,Sort_SortsListCorrectly
_result,36,2024-11-26 15:08:35.089462+00:00,2024-11-29 15:08:35.089462+00:00,2024-11-27 15:03:34.300509+00:00,122.4262,avg_energy_pkg,unit_test_energy,Sort_SortsListCorrectly
_result,36,2024-11-26 15:08:35.089462+00:00,2024-11-29 15:08:35.089462+00:00,2024-11-27 15:04:56.110403+00:00,117.4172,avg_energy_pkg,unit_test_energy,Sort_SortsListCorrectly
_result,36,2024-11-26 15:08:35.089462+00:00,2024-11-29 15:08:35.089462+00:00,2024-11-27 15:06:17.562178+00:00,127.0063,avg_energy_pkg,unit_test_energy,Sort_SortsListCorrectly
_result,36,2024-11-26 15:08:35.089462+00:00,2024-11-29 15:08:35.089462+00:00,2024-11-27 15:07:39.166852+00:00,122.7269,avg_energy_pkg,unit_test_energy,Sort_SortsListCorrectly
_result,36,2024-11-26 15:08:35.089462+00:00,2024-11-29 15:08:35.089462+00:00,2024-11-27 15:09:01.318187+00:00,111.2987,avg_energy_pkg,unit_test_energy,Sort_SortsListCorrectly
_result,36,2024-11-26 15:08:35.089462+00:00,2024-11-29 15:08:35.089462+00:00,2024-11-27 15:10:23.558303+00:00,103.7853,avg_energy_pkg,unit_test_energy,Sort_SortsListCorrectly
_result,36,2024-11-26 15:08:35.089462+00:00,2024-11-29 15:08:35.089462+00:00,2024-11-27 15:11:45.391092+00:00,115.1767,avg_energy_pkg,unit_test_energy,Sort_SortsListCorrectly
_result,36,2024-11-26 15:08:35.089462+00:00,2024-11-29 15:08:35.089462+00:00,2024-11-27 15:13:06.819928+00:00,116.4669,avg_energy_pkg,unit_test_energy,Sort_SortsListCorrectly
_result,36,2024-11-26 15:08:35.089462+00:00,2024-11-29 15:08:35.089462+00:00,2024-11-27 15:14:29.222456+00:00,122.2496,avg_energy_pkg,unit_test_energy,Sort_SortsListCorrectly
_result,36,2024-11-26 15:08:35.089462+00:00,2024-11-29 15:08:35.089462+00:00,2024-11-27 15:15:50.738636+00:00,115.0138,avg_energy_pkg,unit_test_energy,Sort_SortsListCorrectly
_result,36,2024-11-26 15:08:35.089462+00:00,2024-11-29 15:08:35.089462+00:00,2024-11-27 15:17:12.788839+00:00,119.6511,avg_energy_pkg,unit_test_energy,Sort_SortsListCorrectly
_result,36,2024-11-26 15:08:35.089462+00:00,2024-11-29 15:08:35.089462+00:00,2024-11-27 15:18:34.195929+00:00,114.2209,avg_energy_pkg,unit_test_energy,Sort_SortsListCorrectly
_result,36,2024-11-26 15:08:35.089462+00:00,2024-11-29 15:08:35.089462+00:00,2024-11-27 15:19:56.318302+00:00,111.6203,avg_energy_pkg,unit_test_energy,Sort_SortsListCorrectly
_result,36,2024-11-26 15:08:35.089462+00:00,2024-11-29 15:08:35.089462+00:00,2024-11-27 15:21:18.020363+00:00,117.9658,avg_energy_pkg,unit_test_energy,Sort_SortsListCorrectly
_result,36,2024-11-26 15:08:35.089462+00:00,2024-11-29 15:08:35.089462+00:00,2024-11-27 15:22:39.208075+00:00,121.8484,avg_energy_pkg,unit_test_energy,Sort_SortsListCorrectly
_result,36,2024-11-26 15:08:35.089462+00:00,2024-11-29 15:08:35.089462+00:00,2024-11-27 15:25:42.273822+00:00,119.5319,avg_energy_pkg,unit_test_energy,Sort_SortsListCorrectly
_result,36,2024-11-26 15:08:35.089462+00:00,2024-11-29 15:08:35.089462+00:00,2024-11-27 15:27:04.191243+00:00,127.5344,avg_energy_pkg,unit_test_energy,Sort_SortsListCorrectly
_result,36,2024-11-26 15:08:35.089462+00:00,2024-11-29 15:08:35.089462+00:00,2024-11-27 15:28:25.807297+00:00,114.9577,avg_energy_pkg,unit_test_energy,Sort_SortsListCorrectly
_result,36,2024-11-26 15:08:35.089462+00:00,2024-11-29 15:08:35.089462+00:00,2024-11-27 15:29:46.862022+00:00,113.5867,avg_energy_pkg,unit_test_energy,Sort_SortsListCorrectly
_result,36,2024-11-26 15:08:35.089462+00:00,2024-11-29 15:08:35.089462+00:00,2024-11-27 15:31:08.199773+00:00,119.9229,avg_energy_pkg,unit_test_energy,Sort_SortsListCorrectly
_result,36,2024-11-26 15:08:35.089462+00:00,2024-11-29 15:08:35.089462+00:00,2024-11-27 15:32:29.727297+00:00,120.8115,avg_energy_pkg,unit_test_energy,Sort_SortsListCorrectly
_result,36,2024-11-26 15:08:35.089462+00:00,2024-11-29 15:08:35.089462+00:00,2024-11-27 15:33:50.939344+00:00,119.161,avg_energy_pkg,unit_test_energy,Sort_SortsListCorrectly
_result,36,2024-11-26 15:08:35.089462+00:00,2024-11-29 15:08:35.089462+00:00,2024-11-27 15:35:12.499086+00:00,101.0104,avg_energy_pkg,unit_test_energy,Sort_SortsListCorrectly
_result,36,2024-11-26 15:08:35.089462+00:00,2024-11-29 15:08:35.089462+00:00,2024-11-27 15:36:34.648830+00:00,114.7675,avg_energy_pkg,unit_test_energy,Sort_SortsListCorrectly
_result,36,2024-11-26 15:08:35.089462+00:00,2024-11-29 15:08:35.089462+00:00,2024-11-27 15:37:55.943884+00:00,110.4526,avg_energy_pkg,unit_test_energy,Sort_SortsListCorrectly
_result,36,2024-11-26 15:08:35.089462+00:00,2024-11-29 15:08:35.089462+00:00,2024-11-27 15:39:17.218426+00:00,113.5101,avg_energy_pkg,unit_test_energy,Sort_SortsListCorrectly
_result,36,2024-11-26 15:08:35.089462+00:00,2024-11-29 15:08:35.089462+00:00,2024-11-27 15:40:38.482745+00:00,119.0134,avg_energy_pkg,unit_test_energy,Sort_SortsListCorrectly
_result,36,2024-11-26 15:08:35.089462+00:00,2024-11-29 15:08:35.089462+00:00,2024-11-27 15:41:59.633837+00:00,110.8642,avg_energy_pkg,unit_test_energy,Sort_SortsListCorrectly
_result,36,2024-11-26 15:08:35.089462+00:00,2024-11-29 15:08:35.089462+00:00,2024-11-27 15:43:21.315434+00:00,111.0087,avg_energy_pkg,unit_test_energy,Sort_SortsListCorrectly
_result,36,2024-11-26 15:08:35.089462+00:00,2024-11-29 15:08:35.089462+00:00,2024-11-27 15:44:42.930186+00:00,117.6816,avg_energy_pkg,unit_test_energy,Sort_SortsListCorrectly
_result,37,2024-11-26 15:08:35.089462+00:00,2024-11-29 15:08:35.089462+00:00,2024-11-27 15:03:34.300509+00:00,0.0048,duration,unit_test_energy,Sort_SortsListCorrectly
_result,37,2024-11-26 15:08:35.089462+00:00,2024-11-29 15:08:35.089462+00:00,2024-11-27 15:04:56.110403+00:00,0.0049,duration,unit_test_energy,Sort_SortsListCorrectly
_result,37,2024-11-26 15:08:35.089462+00:00,2024-11-29 15:08:35.089462+00:00,2024-11-27 15:06:17.562178+00:00,0.0047,duration,unit_test_energy,Sort_SortsListCorrectly
_result,37,2024-11-26 15:08:35.089462+00:00,2024-11-29 15:08:35.089462+00:00,2024-11-27 15:07:39.166852+00:00,0.0047,duration,unit_test_energy,Sort_SortsListCorrectly
_result,37,2024-11-26 15:08:35.089462+00:00,2024-11-29 15:08:35.089462+00:00,2024-11-27 15:09:01.318187+00:00,0.0048,duration,unit_test_energy,Sort_SortsListCorrectly
_result,37,2024-11-26 15:08:35.089462+00:00,2024-11-29 15:08:35.089462+00:00,2024-11-27 15:10:23.558303+00:00,0.0049,duration,unit_test_energy,Sort_SortsListCorrectly
_result,37,2024-11-26 15:08:35.089462+00:00,2024-11-29 15:08:35.089462+00:00,2024-11-27 15:11:45.391092+00:00,0.0046,duration,unit_test_energy,Sort_SortsListCorrectly
_result,37,2024-11-26 15:08:35.089462+00:00,2024-11-29 15:08:35.089462+00:00,2024-11-27 15:13:06.819928+00:00,0.0046,duration,unit_test_energy,Sort_SortsListCorrectly
_result,37,2024-11-26 15:08:35.089462+00:00,2024-11-29 15:08:35.089462+00:00,2024-11-27 15:14:29.222456+00:00,0.0048,duration,unit_test_energy,Sort_SortsListCorrectly
_result,37,2024-11-26 15:08:35.089462+00:00,2024-11-29 15:08:35.089462+00:00,2024-11-27 15:15:50.738636+00:00,0.0046,duration,unit_test_energy,Sort_SortsListCorrectly
_result,37,2024-11-26 15:08:35.089462+00:00,2024-11-29 15:08:35.089462+00:00,2024-11-27 15:17:12.788839+00:00,0.0048,duration,unit_test_energy,Sort_SortsListCorrectly
_result,37,2024-11-26 15:08:35.089462+00:00,2024-11-29 15:08:35.089462+00:00,2024-11-27 15:18:34.195929+00:00,0.0047,duration,unit_test_energy,Sort_SortsListCorrectly
_result,37,2024-11-26 15:08:35.089462+00:00,2024-11-29 15:08:35.089462+00:00,2024-11-27 15:19:56.318302+00:00,0.0052,duration,unit_test_energy,Sort_SortsListCorrectly
_result,37,2024-11-26 15:08:35.089462+00:00,2024-11-29 15:08:35.089462+00:00,2024-11-27 15:21:18.020363+00:00,0.0049,duration,unit_test_energy,Sort_SortsListCorrectly
_result,37,2024-11-26 15:08:35.089462+00:00,2024-11-29 15:08:35.089462+00:00,2024-11-27 15:22:39.208075+00:00,0.0047,duration,unit_test_energy,Sort_SortsListCorrectly
_result,37,2024-11-26 15:08:35.089462+00:00,2024-11-29 15:08:35.089462+00:00,2024-11-27 15:25:42.273822+00:00,0.0049,duration,unit_test_energy,Sort_SortsListCorrectly
_result,37,2024-11-26 15:08:35.089462+00:00,2024-11-29 15:08:35.089462+00:00,2024-11-27 15:27:04.191243+00:00,0.0047,duration,unit_test_energy,Sort_SortsListCorrectly
_result,37,2024-11-26 15:08:35.089462+00:00,2024-11-29 15:08:35.089462+00:00,2024-11-27 15:28:25.807297+00:00,0.0045,duration,unit_test_energy,Sort_SortsListCorrectly
_result,37,2024-11-26 15:08:35.089462+00:00,2024-11-29 15:08:35.089462+00:00,2024-11-27 15:29:46.862022+00:00,0.0047,duration,unit_test_energy,Sort_SortsListCorrectly
_result,37,2024-11-26 15:08:35.089462+00:00,2024-11-29 15:08:35.089462+00:00,2024-11-27 15:31:08.199773+00:00,0.0049,duration,unit_test_energy,Sort_SortsListCorrectly
_result,37,2024-11-26 15:08:35.089462+00:00,2024-11-29 15:08:35.089462+00:00,2024-11-27 15:32:29.727297+00:00,0.0049,duration,unit_test_energy,Sort_SortsListCorrectly
_result,37,2024-11-26 15:08:35.089462+00:00,2024-11-29 15:08:35.089462+00:00,2024-11-27 15:33:50.939344+00:00,0.005,duration,unit_test_energy,Sort_SortsListCorrectly
_result,37,2024-11-26 15:08:35.089462+00:00,2024-11-29 15:08:35.089462+00:00,2024-11-27 15:35:12.499086+00:00,0.0048,duration,unit_test_energy,Sort_SortsListCorrectly
_result,37,2024-11-26 15:08:35.089462+00:00,2024-11-29 15:08:35.089462+00:00,2024-11-27 15:36:34.648830+00:00,0.0047,duration,unit_test_energy,Sort_SortsListCorrectly
_result,37,2024-11-26 15:08:35.089462+00:00,2024-11-29 15:08:35.089462+00:00,2024-11-27 15:37:55.943884+00:00,0.0046,duration,unit_test_energy,Sort_SortsListCorrectly
_result,37,2024-11-26 15:08:35.089462+00:00,2024-11-29 15:08:35.089462+00:00,2024-11-27 15:39:17.218426+00:00,0.0047,duration,unit_test_energy,Sort_SortsListCorrectly
_result,37,2024-11-26 15:08:35.089462+00:00,2024-11-29 15:08:35.089462+00:00,2024-11-27 15:40:38.482745+00:00,0.005,duration,unit_test_energy,Sort_SortsListCorrectly
_result,37,2024-11-26 15:08:35.089462+00:00,2024-11-29 15:08:35.089462+00:00,2024-11-27 15:41:59.633837+00:00,0.0049,duration,unit_test_energy,Sort_SortsListCorrectly
_result,37,2024-11-26 15:08:35.089462+00:00,2024-11-29 15:08:35.089462+00:00,2024-11-27 15:43:21.315434+00:00,0.0047,duration,unit_test_energy,Sort_SortsListCorrectly
_result,37,2024-11-26 15:08:35.089462+00:00,2024-11-29 15:08:35.089462+00:00,2024-11-27 15:44:42.930186+00:00,0.005,duration,unit_test_energy,Sort_SortsListCorrectly
_result,38,2024-11-26 15:08:35.089462+00:00,2024-11-29 15:08:35.089462+00:00,2024-11-27 15:03:34.300509+00:00,0.0,median_energy_dram,unit_test_energy,Sort_SortsListCorrectly
_result,38,2024-11-26 15:08:35.089462+00:00,2024-11-29 15:08:35.089462+00:00,2024-11-27 15:04:56.110403+00:00,0.0,median_energy_dram,unit_test_energy,Sort_SortsListCorrectly
_result,38,2024-11-26 15:08:35.089462+00:00,2024-11-29 15:08:35.089462+00:00,2024-11-27 15:06:17.562178+00:00,0.0,median_energy_dram,unit_test_energy,Sort_SortsListCorrectly
_result,38,2024-11-26 15:08:35.089462+00:00,2024-11-29 15:08:35.089462+00:00,2024-11-27 15:07:39.166852+00:00,0.0,median_energy_dram,unit_test_energy,Sort_SortsListCorrectly
_result,38,2024-11-26 15:08:35.089462+00:00,2024-11-29 15:08:35.089462+00:00,2024-11-27 15:09:01.318187+00:00,0.0,median_energy_dram,unit_test_energy,Sort_SortsListCorrectly
_result,38,2024-11-26 15:08:35.089462+00:00,2024-11-29 15:08:35.089462+00:00,2024-11-27 15:10:23.558303+00:00,0.0,median_energy_dram,unit_test_energy,Sort_SortsListCorrectly
_result,38,2024-11-26 15:08:35.089462+00:00,2024-11-29 15:08:35.089462+00:00,2024-11-27 15:11:45.391092+00:00,0.0,median_energy_dram,unit_test_energy,Sort_SortsListCorrectly
_result,38,2024-11-26 15:08:35.089462+00:00,2024-11-29 15:08:35.089462+00:00,2024-11-27 15:13:06.819928+00:00,0.0,median_energy_dram,unit_test_energy,Sort_SortsListCorrectly
_result,38,2024-11-26 15:08:35.089462+00:00,2024-11-29 15:08:35.089462+00:00,2024-11-27 15:14:29.222456+00:00,0.0,median_energy_dram,unit_test_energy,Sort_SortsListCorrectly
_result,38,2024-11-26 15:08:35.089462+00:00,2024-11-29 15:08:35.089462+00:00,2024-11-27 15:15:50.738636+00:00,0.0,median_energy_dram,unit_test_energy,Sort_SortsListCorrectly
_result,38,2024-11-26 15:08:35.089462+00:00,2024-11-29 15:08:35.089462+00:00,2024-11-27 15:17:12.788839+00:00,0.0,median_energy_dram,unit_test_energy,Sort_SortsListCorrectly
_result,38,2024-11-26 15:08:35.089462+00:00,2024-11-29 15:08:35.089462+00:00,2024-11-27 15:18:34.195929+00:00,0.0,median_energy_dram,unit_test_energy,Sort_SortsListCorrectly
_result,38,2024-11-26 15:08:35.089462+00:00,2024-11-29 15:08:35.089462+00:00,2024-11-27 15:19:56.318302+00:00,0.0,median_energy_dram,unit_test_energy,Sort_SortsListCorrectly
_result,38,2024-11-26 15:08:35.089462+00:00,2024-11-29 15:08:35.089462+00:00,2024-11-27 15:21:18.020363+00:00,0.0,median_energy_dram,unit_test_energy,Sort_SortsListCorrectly
_result,38,2024-11-26 15:08:35.089462+00:00,2024-11-29 15:08:35.089462+00:00,2024-11-27 15:22:39.208075+00:00,0.0,median_energy_dram,unit_test_energy,Sort_SortsListCorrectly
_result,38,2024-11-26 15:08:35.089462+00:00,2024-11-29 15:08:35.089462+00:00,2024-11-27 15:25:42.273822+00:00,0.0,median_energy_dram,unit_test_energy,Sort_SortsListCorrectly
_result,38,2024-11-26 15:08:35.089462+00:00,2024-11-29 15:08:35.089462+00:00,2024-11-27 15:27:04.191243+00:00,0.0,median_energy_dram,unit_test_energy,Sort_SortsListCorrectly
_result,38,2024-11-26 15:08:35.089462+00:00,2024-11-29 15:08:35.089462+00:00,2024-11-27 15:28:25.807297+00:00,0.0,median_energy_dram,unit_test_energy,Sort_SortsListCorrectly
_result,38,2024-11-26 15:08:35.089462+00:00,2024-11-29 15:08:35.089462+00:00,2024-11-27 15:29:46.862022+00:00,0.0,median_energy_dram,unit_test_energy,Sort_SortsListCorrectly
_result,38,2024-11-26 15:08:35.089462+00:00,2024-11-29 15:08:35.089462+00:00,2024-11-27 15:31:08.199773+00:00,0.0,median_energy_dram,unit_test_energy,Sort_SortsListCorrectly
_result,38,2024-11-26 15:08:35.089462+00:00,2024-11-29 15:08:35.089462+00:00,2024-11-27 15:32:29.727297+00:00,0.0,median_energy_dram,unit_test_energy,Sort_SortsListCorrectly
_result,38,2024-11-26 15:08:35.089462+00:00,2024-11-29 15:08:35.089462+00:00,2024-11-27 15:33:50.939344+00:00,0.0,median_energy_dram,unit_test_energy,Sort_SortsListCorrectly
_result,38,2024-11-26 15:08:35.089462+00:00,2024-11-29 15:08:35.089462+00:00,2024-11-27 15:35:12.499086+00:00,0.0,median_energy_dram,unit_test_energy,Sort_SortsListCorrectly
_result,38,2024-11-26 15:08:35.089462+00:00,2024-11-29 15:08:35.089462+00:00,2024-11-27 15:36:34.648830+00:00,0.0,median_energy_dram,unit_test_energy,Sort_SortsListCorrectly
_result,38,2024-11-26 15:08:35.089462+00:00,2024-11-29 15:08:35.089462+00:00,2024-11-27 15:37:55.943884+00:00,0.0,median_energy_dram,unit_test_energy,Sort_SortsListCorrectly
_result,38,2024-11-26 15:08:35.089462+00:00,2024-11-29 15:08:35.089462+00:00,2024-11-27 15:39:17.218426+00:00,0.0,median_energy_dram,unit_test_energy,Sort_SortsListCorrectly
_result,38,2024-11-26 15:08:35.089462+00:00,2024-11-29 15:08:35.089462+00:00,2024-11-27 15:40:38.482745+00:00,0.0,median_energy_dram,unit_test_energy,Sort_SortsListCorrectly
_result,38,2024-11-26 15:08:35.089462+00:00,2024-11-29 15:08:35.089462+00:00,2024-11-27 15:41:59.633837+00:00,0.0,median_energy_dram,unit_test_energy,Sort_SortsListCorrectly
_result,38,2024-11-26 15:08:35.089462+00:00,2024-11-29 15:08:35.089462+00:00,2024-11-27 15:43:21.315434+00:00,0.0,median_energy_dram,unit_test_energy,Sort_SortsListCorrectly
_result,38,2024-11-26 15:08:35.089462+00:00,2024-11-29 15:08:35.089462+00:00,2024-11-27 15:44:42.930186+00:00,0.0,median_energy_dram,unit_test_energy,Sort_SortsListCorrectly
_result,39,2024-11-26 15:08:35.089462+00:00,2024-11-29 15:08:35.089462+00:00,2024-11-27 15:03:34.300509+00:00,0.0,median_energy_pkg,unit_test_energy,Sort_SortsListCorrectly
_result,39,2024-11-26 15:08:35.089462+00:00,2024-11-29 15:08:35.089462+00:00,2024-11-27 15:04:56.110403+00:00,0.0,median_energy_pkg,unit_test_energy,Sort_SortsListCorrectly
_result,39,2024-11-26 15:08:35.089462+00:00,2024-11-29 15:08:35.089462+00:00,2024-11-27 15:06:17.562178+00:00,0.0,median_energy_pkg,unit_test_energy,Sort_SortsListCorrectly
_result,39,2024-11-26 15:08:35.089462+00:00,2024-11-29 15:08:35.089462+00:00,2024-11-27 15:07:39.166852+00:00,0.0,median_energy_pkg,unit_test_energy,Sort_SortsListCorrectly
_result,39,2024-11-26 15:08:35.089462+00:00,2024-11-29 15:08:35.089462+00:00,2024-11-27 15:09:01.318187+00:00,0.0,median_energy_pkg,unit_test_energy,Sort_SortsListCorrectly
_result,39,2024-11-26 15:08:35.089462+00:00,2024-11-29 15:08:35.089462+00:00,2024-11-27 15:10:23.558303+00:00,0.0,median_energy_pkg,unit_test_energy,Sort_SortsListCorrectly
_result,39,2024-11-26 15:08:35.089462+00:00,2024-11-29 15:08:35.089462+00:00,2024-11-27 15:11:45.391092+00:00,0.0,median_energy_pkg,unit_test_energy,Sort_SortsListCorrectly
_result,39,2024-11-26 15:08:35.089462+00:00,2024-11-29 15:08:35.089462+00:00,2024-11-27 15:13:06.819928+00:00,0.0,median_energy_pkg,unit_test_energy,Sort_SortsListCorrectly
_result,39,2024-11-26 15:08:35.089462+00:00,2024-11-29 15:08:35.089462+00:00,2024-11-27 15:14:29.222456+00:00,0.0,median_energy_pkg,unit_test_energy,Sort_SortsListCorrectly
_result,39,2024-11-26 15:08:35.089462+00:00,2024-11-29 15:08:35.089462+00:00,2024-11-27 15:15:50.738636+00:00,0.0,median_energy_pkg,unit_test_energy,Sort_SortsListCorrectly
_result,39,2024-11-26 15:08:35.089462+00:00,2024-11-29 15:08:35.089462+00:00,2024-11-27 15:17:12.788839+00:00,0.0,median_energy_pkg,unit_test_energy,Sort_SortsListCorrectly
_result,39,2024-11-26 15:08:35.089462+00:00,2024-11-29 15:08:35.089462+00:00,2024-11-27 15:18:34.195929+00:00,0.0,median_energy_pkg,unit_test_energy,Sort_SortsListCorrectly
_result,39,2024-11-26 15:08:35.089462+00:00,2024-11-29 15:08:35.089462+00:00,2024-11-27 15:19:56.318302+00:00,0.0,median_energy_pkg,unit_test_energy,Sort_SortsListCorrectly
_result,39,2024-11-26 15:08:35.089462+00:00,2024-11-29 15:08:35.089462+00:00,2024-11-27 15:21:18.020363+00:00,0.0,median_energy_pkg,unit_test_energy,Sort_SortsListCorrectly
_result,39,2024-11-26 15:08:35.089462+00:00,2024-11-29 15:08:35.089462+00:00,2024-11-27 15:22:39.208075+00:00,0.0,median_energy_pkg,unit_test_energy,Sort_SortsListCorrectly
_result,39,2024-11-26 15:08:35.089462+00:00,2024-11-29 15:08:35.089462+00:00,2024-11-27 15:25:42.273822+00:00,0.0,median_energy_pkg,unit_test_energy,Sort_SortsListCorrectly
_result,39,2024-11-26 15:08:35.089462+00:00,2024-11-29 15:08:35.089462+00:00,2024-11-27 15:27:04.191243+00:00,0.0,median_energy_pkg,unit_test_energy,Sort_SortsListCorrectly
_result,39,2024-11-26 15:08:35.089462+00:00,2024-11-29 15:08:35.089462+00:00,2024-11-27 15:28:25.807297+00:00,0.0,median_energy_pkg,unit_test_energy,Sort_SortsListCorrectly
_result,39,2024-11-26 15:08:35.089462+00:00,2024-11-29 15:08:35.089462+00:00,2024-11-27 15:29:46.862022+00:00,0.0,median_energy_pkg,unit_test_energy,Sort_SortsListCorrectly
_result,39,2024-11-26 15:08:35.089462+00:00,2024-11-29 15:08:35.089462+00:00,2024-11-27 15:31:08.199773+00:00,0.0,median_energy_pkg,unit_test_energy,Sort_SortsListCorrectly
_result,39,2024-11-26 15:08:35.089462+00:00,2024-11-29 15:08:35.089462+00:00,2024-11-27 15:32:29.727297+00:00,0.0,median_energy_pkg,unit_test_energy,Sort_SortsListCorrectly
_result,39,2024-11-26 15:08:35.089462+00:00,2024-11-29 15:08:35.089462+00:00,2024-11-27 15:33:50.939344+00:00,0.0,median_energy_pkg,unit_test_energy,Sort_SortsListCorrectly
_result,39,2024-11-26 15:08:35.089462+00:00,2024-11-29 15:08:35.089462+00:00,2024-11-27 15:35:12.499086+00:00,0.0,median_energy_pkg,unit_test_energy,Sort_SortsListCorrectly
_result,39,2024-11-26 15:08:35.089462+00:00,2024-11-29 15:08:35.089462+00:00,2024-11-27 15:36:34.648830+00:00,0.0,median_energy_pkg,unit_test_energy,Sort_SortsListCorrectly
_result,39,2024-11-26 15:08:35.089462+00:00,2024-11-29 15:08:35.089462+00:00,2024-11-27 15:37:55.943884+00:00,0.0,median_energy_pkg,unit_test_energy,Sort_SortsListCorrectly
_result,39,2024-11-26 15:08:35.089462+00:00,2024-11-29 15:08:35.089462+00:00,2024-11-27 15:39:17.218426+00:00,0.0,median_energy_pkg,unit_test_energy,Sort_SortsListCorrectly
_result,39,2024-11-26 15:08:35.089462+00:00,2024-11-29 15:08:35.089462+00:00,2024-11-27 15:40:38.482745+00:00,0.0,median_energy_pkg,unit_test_energy,Sort_SortsListCorrectly
_result,39,2024-11-26 15:08:35.089462+00:00,2024-11-29 15:08:35.089462+00:00,2024-11-27 15:41:59.633837+00:00,0.0,median_energy_pkg,unit_test_energy,Sort_SortsListCorrectly
_result,39,2024-11-26 15:08:35.089462+00:00,2024-11-29 15:08:35.089462+00:00,2024-11-27 15:43:21.315434+00:00,0.0,median_energy_pkg,unit_test_energy,Sort_SortsListCorrectly
_result,39,2024-11-26 15:08:35.089462+00:00,2024-11-29 15:08:35.089462+00:00,2024-11-27 15:44:42.930186+00:00,0.0,median_energy_pkg,unit_test_energy,Sort_SortsListCorrectly
_result,40,2024-11-26 15:08:35.089462+00:00,2024-11-29 15:08:35.089462+00:00,2024-11-27 15:03:34.300509+00:00,0.2304,total_energy_dram,unit_test_energy,Sort_SortsListCorrectly
_result,40,2024-11-26 15:08:35.089462+00:00,2024-11-29 15:08:35.089462+00:00,2024-11-27 15:04:56.110403+00:00,0.2256,total_energy_dram,unit_test_energy,Sort_SortsListCorrectly
_result,40,2024-11-26 15:08:35.089462+00:00,2024-11-29 15:08:35.089462+00:00,2024-11-27 15:06:17.562178+00:00,0.2284,total_energy_dram,unit_test_energy,Sort_SortsListCorrectly
_result,40,2024-11-26 15:08:35.089462+00:00,2024-11-29 15:08:35.089462+00:00,2024-11-27 15:07:39.166852+00:00,0.2274,total_energy_dram,unit_test_energy,Sort_SortsListCorrectly
_result,40,2024-11-26 15:08:35.089462+00:00,2024-11-29 15:08:35.089462+00:00,2024-11-27 15:09:01.318187+00:00,0.202,total_energy_dram,unit_test_energy,Sort_SortsListCorrectly
_result,40,2024-11-26 15:08:35.089462+00:00,2024-11-29 15:08:35.089462+00:00,2024-11-27 15:10:23.558303+00:00,0.1998,total_energy_dram,unit_test_energy,Sort_SortsListCorrectly
_result,40,2024-11-26 15:08:35.089462+00:00,2024-11-29 15:08:35.089462+00:00,2024-11-27 15:11:45.391092+00:00,0.1821,total_energy_dram,unit_test_energy,Sort_SortsListCorrectly
_result,40,2024-11-26 15:08:35.089462+00:00,2024-11-29 15:08:35.089462+00:00,2024-11-27 15:13:06.819928+00:00,0.202,total_energy_dram,unit_test_energy,Sort_SortsListCorrectly
_result,40,2024-11-26 15:08:35.089462+00:00,2024-11-29 15:08:35.089462+00:00,2024-11-27 15:14:29.222456+00:00,0.2285,total_energy_dram,unit_test_energy,Sort_SortsListCorrectly
_result,40,2024-11-26 15:08:35.089462+00:00,2024-11-29 15:08:35.089462+00:00,2024-11-27 15:15:50.738636+00:00,0.204,total_energy_dram,unit_test_energy,Sort_SortsListCorrectly
_result,40,2024-11-26 15:08:35.089462+00:00,2024-11-29 15:08:35.089462+00:00,2024-11-27 15:17:12.788839+00:00,0.2222,total_energy_dram,unit_test_energy,Sort_SortsListCorrectly
_result,40,2024-11-26 15:08:35.089462+00:00,2024-11-29 15:08:35.089462+00:00,2024-11-27 15:18:34.195929+00:00,0.2007,total_energy_dram,unit_test_energy,Sort_SortsListCorrectly
_result,40,2024-11-26 15:08:35.089462+00:00,2024-11-29 15:08:35.089462+00:00,2024-11-27 15:19:56.318302+00:00,0.2246,total_energy_dram,unit_test_energy,Sort_SortsListCorrectly
_result,40,2024-11-26 15:08:35.089462+00:00,2024-11-29 15:08:35.089462+00:00,2024-11-27 15:21:18.020363+00:00,0.2255,total_energy_dram,unit_test_energy,Sort_SortsListCorrectly
_result,40,2024-11-26 15:08:35.089462+00:00,2024-11-29 15:08:35.089462+00:00,2024-11-27 15:22:39.208075+00:00,0.2222,total_energy_dram,unit_test_energy,Sort_SortsListCorrectly
_result,40,2024-11-26 15:08:35.089462+00:00,2024-11-29 15:08:35.089462+00:00,2024-11-27 15:25:42.273822+00:00,0.2271,total_energy_dram,unit_test_energy,Sort_SortsListCorrectly
_result,40,2024-11-26 15:08:35.089462+00:00,2024-11-29 15:08:35.089462+00:00,2024-11-27 15:27:04.191243+00:00,0.2278,total_energy_dram,unit_test_energy,Sort_SortsListCorrectly
_result,40,2024-11-26 15:08:35.089462+00:00,2024-11-29 15:08:35.089462+00:00,2024-11-27 15:28:25.807297+00:00,0.2029,total_energy_dram,unit_test_energy,Sort_SortsListCorrectly
_result,40,2024-11-26 15:08:35.089462+00:00,2024-11-29 15:08:35.089462+00:00,2024-11-27 15:29:46.862022+00:00,0.209,total_energy_dram,unit_test_energy,Sort_SortsListCorrectly
_result,40,2024-11-26 15:08:35.089462+00:00,2024-11-29 15:08:35.089462+00:00,2024-11-27 15:31:08.199773+00:00,0.2254,total_energy_dram,unit_test_energy,Sort_SortsListCorrectly
_result,40,2024-11-26 15:08:35.089462+00:00,2024-11-29 15:08:35.089462+00:00,2024-11-27 15:32:29.727297+00:00,0.226,total_energy_dram,unit_test_energy,Sort_SortsListCorrectly
_result,40,2024-11-26 15:08:35.089462+00:00,2024-11-29 15:08:35.089462+00:00,2024-11-27 15:33:50.939344+00:00,0.2262,total_energy_dram,unit_test_energy,Sort_SortsListCorrectly
_result,40,2024-11-26 15:08:35.089462+00:00,2024-11-29 15:08:35.089462+00:00,2024-11-27 15:35:12.499086+00:00,0.1824,total_energy_dram,unit_test_energy,Sort_SortsListCorrectly
_result,40,2024-11-26 15:08:35.089462+00:00,2024-11-29 15:08:35.089462+00:00,2024-11-27 15:36:34.648830+00:00,0.208,total_energy_dram,unit_test_energy,Sort_SortsListCorrectly
_result,40,2024-11-26 15:08:35.089462+00:00,2024-11-29 15:08:35.089462+00:00,2024-11-27 15:37:55.943884+00:00,0.1967,total_energy_dram,unit_test_energy,Sort_SortsListCorrectly
_result,40,2024-11-26 15:08:35.089462+00:00,2024-11-29 15:08:35.089462+00:00,2024-11-27 15:39:17.218426+00:00,0.2062,total_energy_dram,unit_test_energy,Sort_SortsListCorrectly
_result,40,2024-11-26 15:08:35.089462+00:00,2024-11-29 15:08:35.089462+00:00,2024-11-27 15:40:38.482745+00:00,0.2261,total_energy_dram,unit_test_energy,Sort_SortsListCorrectly
_result,40,2024-11-26 15:08:35.089462+00:00,2024-11-29 15:08:35.089462+00:00,2024-11-27 15:41:59.633837+00:00,0.2067,total_energy_dram,unit_test_energy,Sort_SortsListCorrectly
_result,40,2024-11-26 15:08:35.089462+00:00,2024-11-29 15:08:35.089462+00:00,2024-11-27 15:43:21.315434+00:00,0.2051,total_energy_dram,unit_test_energy,Sort_SortsListCorrectly
_result,40,2024-11-26 15:08:35.089462+00:00,2024-11-29 15:08:35.089462+00:00,2024-11-27 15:44:42.930186+00:00,0.2244,total_energy_dram,unit_test_energy,Sort_SortsListCorrectly
_result,41,2024-11-26 15:08:35.089462+00:00,2024-11-29 15:08:35.089462+00:00,2024-11-27 15:03:34.300509+00:00,0.5905,total_energy_pkg,unit_test_energy,Sort_SortsListCorrectly
_result,41,2024-11-26 15:08:35.089462+00:00,2024-11-29 15:08:35.089462+00:00,2024-11-27 15:04:56.110403+00:00,0.5742,total_energy_pkg,unit_test_energy,Sort_SortsListCorrectly
_result,41,2024-11-26 15:08:35.089462+00:00,2024-11-29 15:08:35.089462+00:00,2024-11-27 15:06:17.562178+00:00,0.5916,total_energy_pkg,unit_test_energy,Sort_SortsListCorrectly
_result,41,2024-11-26 15:08:35.089462+00:00,2024-11-29 15:08:35.089462+00:00,2024-11-27 15:07:39.166852+00:00,0.5828,total_energy_pkg,unit_test_energy,Sort_SortsListCorrectly
_result,41,2024-11-26 15:08:35.089462+00:00,2024-11-29 15:08:35.089462+00:00,2024-11-27 15:09:01.318187+00:00,0.533,total_energy_pkg,unit_test_energy,Sort_SortsListCorrectly
_result,41,2024-11-26 15:08:35.089462+00:00,2024-11-29 15:08:35.089462+00:00,2024-11-27 15:10:23.558303+00:00,0.504,total_energy_pkg,unit_test_energy,Sort_SortsListCorrectly
_result,41,2024-11-26 15:08:35.089462+00:00,2024-11-29 15:08:35.089462+00:00,2024-11-27 15:11:45.391092+00:00,0.5283,total_energy_pkg,unit_test_energy,Sort_SortsListCorrectly
_result,41,2024-11-26 15:08:35.089462+00:00,2024-11-29 15:08:35.089462+00:00,2024-11-27 15:13:06.819928+00:00,0.5392,total_energy_pkg,unit_test_energy,Sort_SortsListCorrectly
_result,41,2024-11-26 15:08:35.089462+00:00,2024-11-29 15:08:35.089462+00:00,2024-11-27 15:14:29.222456+00:00,0.5917,total_energy_pkg,unit_test_energy,Sort_SortsListCorrectly
_result,41,2024-11-26 15:08:35.089462+00:00,2024-11-29 15:08:35.089462+00:00,2024-11-27 15:15:50.738636+00:00,0.5312,total_energy_pkg,unit_test_energy,Sort_SortsListCorrectly
_result,41,2024-11-26 15:08:35.089462+00:00,2024-11-29 15:08:35.089462+00:00,2024-11-27 15:17:12.788839+00:00,0.5688,total_energy_pkg,unit_test_energy,Sort_SortsListCorrectly
_result,41,2024-11-26 15:08:35.089462+00:00,2024-11-29 15:08:35.089462+00:00,2024-11-27 15:18:34.195929+00:00,0.5333,total_energy_pkg,unit_test_energy,Sort_SortsListCorrectly
_result,41,2024-11-26 15:08:35.089462+00:00,2024-11-29 15:08:35.089462+00:00,2024-11-27 15:19:56.318302+00:00,0.5825,total_energy_pkg,unit_test_energy,Sort_SortsListCorrectly
_result,41,2024-11-26 15:08:35.089462+00:00,2024-11-29 15:08:35.089462+00:00,2024-11-27 15:21:18.020363+00:00,0.5834,total_energy_pkg,unit_test_energy,Sort_SortsListCorrectly
_result,41,2024-11-26 15:08:35.089462+00:00,2024-11-29 15:08:35.089462+00:00,2024-11-27 15:22:39.208075+00:00,0.5742,total_energy_pkg,unit_test_energy,Sort_SortsListCorrectly
_result,41,2024-11-26 15:08:35.089462+00:00,2024-11-29 15:08:35.089462+00:00,2024-11-27 15:25:42.273822+00:00,0.5852,total_energy_pkg,unit_test_energy,Sort_SortsListCorrectly
_result,41,2024-11-26 15:08:35.089462+00:00,2024-11-29 15:08:35.089462+00:00,2024-11-27 15:27:04.191243+00:00,0.6009,total_energy_pkg,unit_test_energy,Sort_SortsListCorrectly
_result,41,2024-11-26 15:08:35.089462+00:00,2024-11-29 15:08:35.089462+00:00,2024-11-27 15:28:25.807297+00:00,0.519,total_energy_pkg,unit_test_energy,Sort_SortsListCorrectly
_result,41,2024-11-26 15:08:35.089462+00:00,2024-11-29 15:08:35.089462+00:00,2024-11-27 15:29:46.862022+00:00,0.5356,total_energy_pkg,unit_test_energy,Sort_SortsListCorrectly
_result,41,2024-11-26 15:08:35.089462+00:00,2024-11-29 15:08:35.089462+00:00,2024-11-27 15:31:08.199773+00:00,0.5859,total_energy_pkg,unit_test_energy,Sort_SortsListCorrectly
_result,41,2024-11-26 15:08:35.089462+00:00,2024-11-29 15:08:35.089462+00:00,2024-11-27 15:32:29.727297+00:00,0.587,total_energy_pkg,unit_test_energy,Sort_SortsListCorrectly
_result,41,2024-11-26 15:08:35.089462+00:00,2024-11-29 15:08:35.089462+00:00,2024-11-27 15:33:50.939344+00:00,0.5902,total_energy_pkg,unit_test_energy,Sort_SortsListCorrectly
_result,41,2024-11-26 15:08:35.089462+00:00,2024-11-29 15:08:35.089462+00:00,2024-11-27 15:35:12.499086+00:00,0.4811,total_energy_pkg,unit_test_energy,Sort_SortsListCorrectly
_result,41,2024-11-26 15:08:35.089462+00:00,2024-11-29 15:08:35.089462+00:00,2024-11-27 15:36:34.648830+00:00,0.5342,total_energy_pkg,unit_test_energy,Sort_SortsListCorrectly
_result,41,2024-11-26 15:08:35.089462+00:00,2024-11-29 15:08:35.089462+00:00,2024-11-27 15:37:55.943884+00:00,0.5119,total_energy_pkg,unit_test_energy,Sort_SortsListCorrectly
_result,41,2024-11-26 15:08:35.089462+00:00,2024-11-29 15:08:35.089462+00:00,2024-11-27 15:39:17.218426+00:00,0.533,total_energy_pkg,unit_test_energy,Sort_SortsListCorrectly
_result,41,2024-11-26 15:08:35.089462+00:00,2024-11-29 15:08:35.089462+00:00,2024-11-27 15:40:38.482745+00:00,0.5895,total_energy_pkg,unit_test_energy,Sort_SortsListCorrectly
_result,41,2024-11-26 15:08:35.089462+00:00,2024-11-29 15:08:35.089462+00:00,2024-11-27 15:41:59.633837+00:00,0.5421,total_energy_pkg,unit_test_energy,Sort_SortsListCorrectly
_result,41,2024-11-26 15:08:35.089462+00:00,2024-11-29 15:08:35.089462+00:00,2024-11-27 15:43:21.315434+00:00,0.524,total_energy_pkg,unit_test_energy,Sort_SortsListCorrectly
_result,41,2024-11-26 15:08:35.089462+00:00,2024-11-29 15:08:35.089462+00:00,2024-11-27 15:44:42.930186+00:00,0.5865,total_energy_pkg,unit_test_energy,Sort_SortsListCorrectly
_result,42,2024-11-26 15:08:35.089462+00:00,2024-11-29 15:08:35.089462+00:00,2024-11-27 15:03:39.329117+00:00,49.1333,avg_energy_dram,unit_test_energy,Sort_SortsListCorrectly4
_result,42,2024-11-26 15:08:35.089462+00:00,2024-11-29 15:08:35.089462+00:00,2024-11-27 15:05:01.143140+00:00,48.1464,avg_energy_dram,unit_test_energy,Sort_SortsListCorrectly4
_result,42,2024-11-26 15:08:35.089462+00:00,2024-11-29 15:08:35.089462+00:00,2024-11-27 15:06:22.592050+00:00,52.6315,avg_energy_dram,unit_test_energy,Sort_SortsListCorrectly4
_result,42,2024-11-26 15:08:35.089462+00:00,2024-11-29 15:08:35.089462+00:00,2024-11-27 15:07:44.196947+00:00,41.9678,avg_energy_dram,unit_test_energy,Sort_SortsListCorrectly4
_result,42,2024-11-26 15:08:35.089462+00:00,2024-11-29 15:08:35.089462+00:00,2024-11-27 15:09:06.348243+00:00,50.8988,avg_energy_dram,unit_test_energy,Sort_SortsListCorrectly4
_result,42,2024-11-26 15:08:35.089462+00:00,2024-11-29 15:08:35.089462+00:00,2024-11-27 15:10:28.587795+00:00,50.9521,avg_energy_dram,unit_test_energy,Sort_SortsListCorrectly4
_result,42,2024-11-26 15:08:35.089462+00:00,2024-11-29 15:08:35.089462+00:00,2024-11-27 15:11:50.420320+00:00,52.7407,avg_energy_dram,unit_test_energy,Sort_SortsListCorrectly4
_result,42,2024-11-26 15:08:35.089462+00:00,2024-11-29 15:08:35.089462+00:00,2024-11-27 15:13:11.849418+00:00,50.3622,avg_energy_dram,unit_test_energy,Sort_SortsListCorrectly4
_result,42,2024-11-26 15:08:35.089462+00:00,2024-11-29 15:08:35.089462+00:00,2024-11-27 15:14:34.251945+00:00,51.3941,avg_energy_dram,unit_test_energy,Sort_SortsListCorrectly4
_result,42,2024-11-26 15:08:35.089462+00:00,2024-11-29 15:08:35.089462+00:00,2024-11-27 15:15:55.768202+00:00,44.3116,avg_energy_dram,unit_test_energy,Sort_SortsListCorrectly4
_result,42,2024-11-26 15:08:35.089462+00:00,2024-11-29 15:08:35.089462+00:00,2024-11-27 15:17:17.820976+00:00,45.044,avg_energy_dram,unit_test_energy,Sort_SortsListCorrectly4
_result,42,2024-11-26 15:08:35.089462+00:00,2024-11-29 15:08:35.089462+00:00,2024-11-27 15:18:39.224807+00:00,51.0479,avg_energy_dram,unit_test_energy,Sort_SortsListCorrectly4
_result,42,2024-11-26 15:08:35.089462+00:00,2024-11-29 15:08:35.089462+00:00,2024-11-27 15:20:01.351628+00:00,45.7141,avg_energy_dram,unit_test_energy,Sort_SortsListCorrectly4
_result,42,2024-11-26 15:08:35.089462+00:00,2024-11-29 15:08:35.089462+00:00,2024-11-27 15:21:23.049298+00:00,48.8733,avg_energy_dram,unit_test_energy,Sort_SortsListCorrectly4
_result,42,2024-11-26 15:08:35.089462+00:00,2024-11-29 15:08:35.089462+00:00,2024-11-27 15:22:44.239357+00:00,42.1398,avg_energy_dram,unit_test_energy,Sort_SortsListCorrectly4
_result,42,2024-11-26 15:08:35.089462+00:00,2024-11-29 15:08:35.089462+00:00,2024-11-27 15:25:47.303256+00:00,40.7107,avg_energy_dram,unit_test_energy,Sort_SortsListCorrectly4
_result,42,2024-11-26 15:08:35.089462+00:00,2024-11-29 15:08:35.089462+00:00,2024-11-27 15:27:09.220745+00:00,46.4686,avg_energy_dram,unit_test_energy,Sort_SortsListCorrectly4
_result,42,2024-11-26 15:08:35.089462+00:00,2024-11-29 15:08:35.089462+00:00,2024-11-27 15:28:30.836214+00:00,51.3289,avg_energy_dram,unit_test_energy,Sort_SortsListCorrectly4
_result,42,2024-11-26 15:08:35.089462+00:00,2024-11-29 15:08:35.089462+00:00,2024-11-27 15:29:51.893041+00:00,45.5182,avg_energy_dram,unit_test_energy,Sort_SortsListCorrectly4
_result,42,2024-11-26 15:08:35.089462+00:00,2024-11-29 15:08:35.089462+00:00,2024-11-27 15:31:13.229040+00:00,41.512,avg_energy_dram,unit_test_energy,Sort_SortsListCorrectly4
_result,42,2024-11-26 15:08:35.089462+00:00,2024-11-29 15:08:35.089462+00:00,2024-11-27 15:32:34.757125+00:00,33.5447,avg_energy_dram,unit_test_energy,Sort_SortsListCorrectly4
_result,42,2024-11-26 15:08:35.089462+00:00,2024-11-29 15:08:35.089462+00:00,2024-11-27 15:33:55.968778+00:00,49.4551,avg_energy_dram,unit_test_energy,Sort_SortsListCorrectly4
_result,42,2024-11-26 15:08:35.089462+00:00,2024-11-29 15:08:35.089462+00:00,2024-11-27 15:35:17.528888+00:00,47.9697,avg_energy_dram,unit_test_energy,Sort_SortsListCorrectly4
_result,42,2024-11-26 15:08:35.089462+00:00,2024-11-29 15:08:35.089462+00:00,2024-11-27 15:36:39.680831+00:00,44.0072,avg_energy_dram,unit_test_energy,Sort_SortsListCorrectly4
_result,42,2024-11-26 15:08:35.089462+00:00,2024-11-29 15:08:35.089462+00:00,2024-11-27 15:38:00.972568+00:00,43.66,avg_energy_dram,unit_test_energy,Sort_SortsListCorrectly4
_result,42,2024-11-26 15:08:35.089462+00:00,2024-11-29 15:08:35.089462+00:00,2024-11-27 15:39:22.247966+00:00,44.5861,avg_energy_dram,unit_test_energy,Sort_SortsListCorrectly4
_result,42,2024-11-26 15:08:35.089462+00:00,2024-11-29 15:08:35.089462+00:00,2024-11-27 15:40:43.511968+00:00,40.1903,avg_energy_dram,unit_test_energy,Sort_SortsListCorrectly4
_result,42,2024-11-26 15:08:35.089462+00:00,2024-11-29 15:08:35.089462+00:00,2024-11-27 15:42:04.661476+00:00,51.2101,avg_energy_dram,unit_test_energy,Sort_SortsListCorrectly4
_result,42,2024-11-26 15:08:35.089462+00:00,2024-11-29 15:08:35.089462+00:00,2024-11-27 15:43:26.348002+00:00,44.717,avg_energy_dram,unit_test_energy,Sort_SortsListCorrectly4
_result,42,2024-11-26 15:08:35.089462+00:00,2024-11-29 15:08:35.089462+00:00,2024-11-27 15:44:47.963416+00:00,42.3899,avg_energy_dram,unit_test_energy,Sort_SortsListCorrectly4
_result,43,2024-11-26 15:08:35.089462+00:00,2024-11-29 15:08:35.089462+00:00,2024-11-27 15:03:39.329117+00:00,127.5103,avg_energy_pkg,unit_test_energy,Sort_SortsListCorrectly4
_result,43,2024-11-26 15:08:35.089462+00:00,2024-11-29 15:08:35.089462+00:00,2024-11-27 15:05:01.143140+00:00,132.389,avg_energy_pkg,unit_test_energy,Sort_SortsListCorrectly4
_result,43,2024-11-26 15:08:35.089462+00:00,2024-11-29 15:08:35.089462+00:00,2024-11-27 15:06:22.592050+00:00,136.9155,avg_energy_pkg,unit_test_energy,Sort_SortsListCorrectly4
_result,43,2024-11-26 15:08:35.089462+00:00,2024-11-29 15:08:35.089462+00:00,2024-11-27 15:07:44.196947+00:00,111.0416,avg_energy_pkg,unit_test_energy,Sort_SortsListCorrectly4
_result,43,2024-11-26 15:08:35.089462+00:00,2024-11-29 15:08:35.089462+00:00,2024-11-27 15:09:06.348243+00:00,134.4407,avg_energy_pkg,unit_test_energy,Sort_SortsListCorrectly4
_result,43,2024-11-26 15:08:35.089462+00:00,2024-11-29 15:08:35.089462+00:00,2024-11-27 15:10:28.587795+00:00,134.4321,avg_energy_pkg,unit_test_energy,Sort_SortsListCorrectly4
_result,43,2024-11-26 15:08:35.089462+00:00,2024-11-29 15:08:35.089462+00:00,2024-11-27 15:11:50.420320+00:00,133.3344,avg_energy_pkg,unit_test_energy,Sort_SortsListCorrectly4
_result,43,2024-11-26 15:08:35.089462+00:00,2024-11-29 15:08:35.089462+00:00,2024-11-27 15:13:11.849418+00:00,131.3538,avg_energy_pkg,unit_test_energy,Sort_SortsListCorrectly4
_result,43,2024-11-26 15:08:35.089462+00:00,2024-11-29 15:08:35.089462+00:00,2024-11-27 15:14:34.251945+00:00,132.4811,avg_energy_pkg,unit_test_energy,Sort_SortsListCorrectly4
_result,43,2024-11-26 15:08:35.089462+00:00,2024-11-29 15:08:35.089462+00:00,2024-11-27 15:15:55.768202+00:00,116.4184,avg_energy_pkg,unit_test_energy,Sort_SortsListCorrectly4
_result,43,2024-11-26 15:08:35.089462+00:00,2024-11-29 15:08:35.089462+00:00,2024-11-27 15:17:17.820976+00:00,114.3681,avg_energy_pkg,unit_test_energy,Sort_SortsListCorrectly4
_result,43,2024-11-26 15:08:35.089462+00:00,2024-11-29 15:08:35.089462+00:00,2024-11-27 15:18:39.224807+00:00,134.0811,avg_energy_pkg,unit_test_energy,Sort_SortsListCorrectly4
_result,43,2024-11-26 15:08:35.089462+00:00,2024-11-29 15:08:35.089462+00:00,2024-11-27 15:20:01.351628+00:00,116.4729,avg_energy_pkg,unit_test_energy,Sort_SortsListCorrectly4
_result,43,2024-11-26 15:08:35.089462+00:00,2024-11-29 15:08:35.089462+00:00,2024-11-27 15:21:23.049298+00:00,124.7969,avg_energy_pkg,unit_test_energy,Sort_SortsListCorrectly4
_result,43,2024-11-26 15:08:35.089462+00:00,2024-11-29 15:08:35.089462+00:00,2024-11-27 15:22:44.239357+00:00,107.5151,avg_energy_pkg,unit_test_energy,Sort_SortsListCorrectly4
_result,43,2024-11-26 15:08:35.089462+00:00,2024-11-29 15:08:35.089462+00:00,2024-11-27 15:25:47.303256+00:00,107.6257,avg_energy_pkg,unit_test_energy,Sort_SortsListCorrectly4
_result,43,2024-11-26 15:08:35.089462+00:00,2024-11-29 15:08:35.089462+00:00,2024-11-27 15:27:09.220745+00:00,109.0182,avg_energy_pkg,unit_test_energy,Sort_SortsListCorrectly4
_result,43,2024-11-26 15:08:35.089462+00:00,2024-11-29 15:08:35.089462+00:00,2024-11-27 15:28:30.836214+00:00,136.7754,avg_energy_pkg,unit_test_energy,Sort_SortsListCorrectly4
_result,43,2024-11-26 15:08:35.089462+00:00,2024-11-29 15:08:35.089462+00:00,2024-11-27 15:29:51.893041+00:00,117.0128,avg_energy_pkg,unit_test_energy,Sort_SortsListCorrectly4
_result,43,2024-11-26 15:08:35.089462+00:00,2024-11-29 15:08:35.089462+00:00,2024-11-27 15:31:13.229040+00:00,114.4081,avg_energy_pkg,unit_test_energy,Sort_SortsListCorrectly4
_result,43,2024-11-26 15:08:35.089462+00:00,2024-11-29 15:08:35.089462+00:00,2024-11-27 15:32:34.757125+00:00,85.6337,avg_energy_pkg,unit_test_energy,Sort_SortsListCorrectly4
_result,43,2024-11-26 15:08:35.089462+00:00,2024-11-29 15:08:35.089462+00:00,2024-11-27 15:33:55.968778+00:00,132.4856,avg_energy_pkg,unit_test_energy,Sort_SortsListCorrectly4
_result,43,2024-11-26 15:08:35.089462+00:00,2024-11-29 15:08:35.089462+00:00,2024-11-27 15:35:17.528888+00:00,127.2946,avg_energy_pkg,unit_test_energy,Sort_SortsListCorrectly4
_result,43,2024-11-26 15:08:35.089462+00:00,2024-11-29 15:08:35.089462+00:00,2024-11-27 15:36:39.680831+00:00,112.0811,avg_energy_pkg,unit_test_energy,Sort_SortsListCorrectly4
_result,43,2024-11-26 15:08:35.089462+00:00,2024-11-29 15:08:35.089462+00:00,2024-11-27 15:38:00.972568+00:00,111.06,avg_energy_pkg,unit_test_energy,Sort_SortsListCorrectly4
_result,43,2024-11-26 15:08:35.089462+00:00,2024-11-29 15:08:35.089462+00:00,2024-11-27 15:39:22.247966+00:00,115.7955,avg_energy_pkg,unit_test_energy,Sort_SortsListCorrectly4
_result,43,2024-11-26 15:08:35.089462+00:00,2024-11-29 15:08:35.089462+00:00,2024-11-27 15:40:43.511968+00:00,104.8801,avg_energy_pkg,unit_test_energy,Sort_SortsListCorrectly4
_result,43,2024-11-26 15:08:35.089462+00:00,2024-11-29 15:08:35.089462+00:00,2024-11-27 15:42:04.661476+00:00,132.9032,avg_energy_pkg,unit_test_energy,Sort_SortsListCorrectly4
_result,43,2024-11-26 15:08:35.089462+00:00,2024-11-29 15:08:35.089462+00:00,2024-11-27 15:43:26.348002+00:00,116.5889,avg_energy_pkg,unit_test_energy,Sort_SortsListCorrectly4
_result,43,2024-11-26 15:08:35.089462+00:00,2024-11-29 15:08:35.089462+00:00,2024-11-27 15:44:47.963416+00:00,110.8989,avg_energy_pkg,unit_test_energy,Sort_SortsListCorrectly4
_result,44,2024-11-26 15:08:35.089462+00:00,2024-11-29 15:08:35.089462+00:00,2024-11-27 15:03:39.329117+00:00,0.0028,duration,unit_test_energy,Sort_SortsListCorrectly4
_result,44,2024-11-26 15:08:35.089462+00:00,2024-11-29 15:08:35.089462+00:00,2024-11-27 15:05:01.143140+00:00,0.0056,duration,unit_test_energy,Sort_SortsListCorrectly4
_result,44,2024-11-26 15:08:35.089462+00:00,2024-11-29 15:08:35.089462+00:00,2024-11-27 15:06:22.592050+00:00,0.0026,duration,unit_test_energy,Sort_SortsListCorrectly4
_result,44,2024-11-26 15:08:35.089462+00:00,2024-11-29 15:08:35.089462+00:00,2024-11-27 15:07:44.196947+00:00,0.0028,duration,unit_test_energy,Sort_SortsListCorrectly4
_result,44,2024-11-26 15:08:35.089462+00:00,2024-11-29 15:08:35.089462+00:00,2024-11-27 15:09:06.348243+00:00,0.0027,duration,unit_test_energy,Sort_SortsListCorrectly4
_result,44,2024-11-26 15:08:35.089462+00:00,2024-11-29 15:08:35.089462+00:00,2024-11-27 15:10:28.587795+00:00,0.0027,duration,unit_test_energy,Sort_SortsListCorrectly4
_result,44,2024-11-26 15:08:35.089462+00:00,2024-11-29 15:08:35.089462+00:00,2024-11-27 15:11:50.420320+00:00,0.0026,duration,unit_test_energy,Sort_SortsListCorrectly4
_result,44,2024-11-26 15:08:35.089462+00:00,2024-11-29 15:08:35.089462+00:00,2024-11-27 15:13:11.849418+00:00,0.0028,duration,unit_test_energy,Sort_SortsListCorrectly4
_result,44,2024-11-26 15:08:35.089462+00:00,2024-11-29 15:08:35.089462+00:00,2024-11-27 15:14:34.251945+00:00,0.0027,duration,unit_test_energy,Sort_SortsListCorrectly4
_result,44,2024-11-26 15:08:35.089462+00:00,2024-11-29 15:08:35.089462+00:00,2024-11-27 15:15:55.768202+00:00,0.0027,duration,unit_test_energy,Sort_SortsListCorrectly4
_result,44,2024-11-26 15:08:35.089462+00:00,2024-11-29 15:08:35.089462+00:00,2024-11-27 15:17:17.820976+00:00,0.0054,duration,unit_test_energy,Sort_SortsListCorrectly4
_result,44,2024-11-26 15:08:35.089462+00:00,2024-11-29 15:08:35.089462+00:00,2024-11-27 15:18:39.224807+00:00,0.0027,duration,unit_test_energy,Sort_SortsListCorrectly4
_result,44,2024-11-26 15:08:35.089462+00:00,2024-11-29 15:08:35.089462+00:00,2024-11-27 15:20:01.351628+00:00,0.0055,duration,unit_test_energy,Sort_SortsListCorrectly4
_result,44,2024-11-26 15:08:35.089462+00:00,2024-11-29 15:08:35.089462+00:00,2024-11-27 15:21:23.049298+00:00,0.0028,duration,unit_test_energy,Sort_SortsListCorrectly4
_result,44,2024-11-26 15:08:35.089462+00:00,2024-11-29 15:08:35.089462+00:00,2024-11-27 15:22:44.239357+00:00,0.0028,duration,unit_test_energy,Sort_SortsListCorrectly4
_result,44,2024-11-26 15:08:35.089462+00:00,2024-11-29 15:08:35.089462+00:00,2024-11-27 15:25:47.303256+00:00,0.0027,duration,unit_test_energy,Sort_SortsListCorrectly4
_result,44,2024-11-26 15:08:35.089462+00:00,2024-11-29 15:08:35.089462+00:00,2024-11-27 15:27:09.220745+00:00,0.0028,duration,unit_test_energy,Sort_SortsListCorrectly4
_result,44,2024-11-26 15:08:35.089462+00:00,2024-11-29 15:08:35.089462+00:00,2024-11-27 15:28:30.836214+00:00,0.0026,duration,unit_test_energy,Sort_SortsListCorrectly4
_result,44,2024-11-26 15:08:35.089462+00:00,2024-11-29 15:08:35.089462+00:00,2024-11-27 15:29:51.893041+00:00,0.0031,duration,unit_test_energy,Sort_SortsListCorrectly4
_result,44,2024-11-26 15:08:35.089462+00:00,2024-11-29 15:08:35.089462+00:00,2024-11-27 15:31:13.229040+00:00,0.0027,duration,unit_test_energy,Sort_SortsListCorrectly4
_result,44,2024-11-26 15:08:35.089462+00:00,2024-11-29 15:08:35.089462+00:00,2024-11-27 15:32:34.757125+00:00,0.0027,duration,unit_test_energy,Sort_SortsListCorrectly4
_result,44,2024-11-26 15:08:35.089462+00:00,2024-11-29 15:08:35.089462+00:00,2024-11-27 15:33:55.968778+00:00,0.0028,duration,unit_test_energy,Sort_SortsListCorrectly4
_result,44,2024-11-26 15:08:35.089462+00:00,2024-11-29 15:08:35.089462+00:00,2024-11-27 15:35:17.528888+00:00,0.0028,duration,unit_test_energy,Sort_SortsListCorrectly4
_result,44,2024-11-26 15:08:35.089462+00:00,2024-11-29 15:08:35.089462+00:00,2024-11-27 15:36:39.680831+00:00,0.0056,duration,unit_test_energy,Sort_SortsListCorrectly4
_result,44,2024-11-26 15:08:35.089462+00:00,2024-11-29 15:08:35.089462+00:00,2024-11-27 15:38:00.972568+00:00,0.0027,duration,unit_test_energy,Sort_SortsListCorrectly4
_result,44,2024-11-26 15:08:35.089462+00:00,2024-11-29 15:08:35.089462+00:00,2024-11-27 15:39:22.247966+00:00,0.0026,duration,unit_test_energy,Sort_SortsListCorrectly4
_result,44,2024-11-26 15:08:35.089462+00:00,2024-11-29 15:08:35.089462+00:00,2024-11-27 15:40:43.511968+00:00,0.0027,duration,unit_test_energy,Sort_SortsListCorrectly4
_result,44,2024-11-26 15:08:35.089462+00:00,2024-11-29 15:08:35.089462+00:00,2024-11-27 15:42:04.661476+00:00,0.0027,duration,unit_test_energy,Sort_SortsListCorrectly4
_result,44,2024-11-26 15:08:35.089462+00:00,2024-11-29 15:08:35.089462+00:00,2024-11-27 15:43:26.348002+00:00,0.0054,duration,unit_test_energy,Sort_SortsListCorrectly4
_result,44,2024-11-26 15:08:35.089462+00:00,2024-11-29 15:08:35.089462+00:00,2024-11-27 15:44:47.963416+00:00,0.0057,duration,unit_test_energy,Sort_SortsListCorrectly4
_result,45,2024-11-26 15:08:35.089462+00:00,2024-11-29 15:08:35.089462+00:00,2024-11-27 15:03:39.329117+00:00,0.0,median_energy_dram,unit_test_energy,Sort_SortsListCorrectly4
_result,45,2024-11-26 15:08:35.089462+00:00,2024-11-29 15:08:35.089462+00:00,2024-11-27 15:05:01.143140+00:00,0.0,median_energy_dram,unit_test_energy,Sort_SortsListCorrectly4
_result,45,2024-11-26 15:08:35.089462+00:00,2024-11-29 15:08:35.089462+00:00,2024-11-27 15:06:22.592050+00:00,0.0,median_energy_dram,unit_test_energy,Sort_SortsListCorrectly4
_result,45,2024-11-26 15:08:35.089462+00:00,2024-11-29 15:08:35.089462+00:00,2024-11-27 15:07:44.196947+00:00,0.0,median_energy_dram,unit_test_energy,Sort_SortsListCorrectly4
_result,45,2024-11-26 15:08:35.089462+00:00,2024-11-29 15:08:35.089462+00:00,2024-11-27 15:09:06.348243+00:00,0.0,median_energy_dram,unit_test_energy,Sort_SortsListCorrectly4
_result,45,2024-11-26 15:08:35.089462+00:00,2024-11-29 15:08:35.089462+00:00,2024-11-27 15:10:28.587795+00:00,0.0,median_energy_dram,unit_test_energy,Sort_SortsListCorrectly4
_result,45,2024-11-26 15:08:35.089462+00:00,2024-11-29 15:08:35.089462+00:00,2024-11-27 15:11:50.420320+00:00,0.0,median_energy_dram,unit_test_energy,Sort_SortsListCorrectly4
_result,45,2024-11-26 15:08:35.089462+00:00,2024-11-29 15:08:35.089462+00:00,2024-11-27 15:13:11.849418+00:00,0.0,median_energy_dram,unit_test_energy,Sort_SortsListCorrectly4
_result,45,2024-11-26 15:08:35.089462+00:00,2024-11-29 15:08:35.089462+00:00,2024-11-27 15:14:34.251945+00:00,0.0,median_energy_dram,unit_test_energy,Sort_SortsListCorrectly4
_result,45,2024-11-26 15:08:35.089462+00:00,2024-11-29 15:08:35.089462+00:00,2024-11-27 15:15:55.768202+00:00,0.0,median_energy_dram,unit_test_energy,Sort_SortsListCorrectly4
_result,45,2024-11-26 15:08:35.089462+00:00,2024-11-29 15:08:35.089462+00:00,2024-11-27 15:17:17.820976+00:00,0.0,median_energy_dram,unit_test_energy,Sort_SortsListCorrectly4
_result,45,2024-11-26 15:08:35.089462+00:00,2024-11-29 15:08:35.089462+00:00,2024-11-27 15:18:39.224807+00:00,0.0,median_energy_dram,unit_test_energy,Sort_SortsListCorrectly4
_result,45,2024-11-26 15:08:35.089462+00:00,2024-11-29 15:08:35.089462+00:00,2024-11-27 15:20:01.351628+00:00,0.0,median_energy_dram,unit_test_energy,Sort_SortsListCorrectly4
_result,45,2024-11-26 15:08:35.089462+00:00,2024-11-29 15:08:35.089462+00:00,2024-11-27 15:21:23.049298+00:00,0.0,median_energy_dram,unit_test_energy,Sort_SortsListCorrectly4
_result,45,2024-11-26 15:08:35.089462+00:00,2024-11-29 15:08:35.089462+00:00,2024-11-27 15:22:44.239357+00:00,0.0,median_energy_dram,unit_test_energy,Sort_SortsListCorrectly4
_result,45,2024-11-26 15:08:35.089462+00:00,2024-11-29 15:08:35.089462+00:00,2024-11-27 15:25:47.303256+00:00,0.0,median_energy_dram,unit_test_energy,Sort_SortsListCorrectly4
_result,45,2024-11-26 15:08:35.089462+00:00,2024-11-29 15:08:35.089462+00:00,2024-11-27 15:27:09.220745+00:00,0.0,median_energy_dram,unit_test_energy,Sort_SortsListCorrectly4
_result,45,2024-11-26 15:08:35.089462+00:00,2024-11-29 15:08:35.089462+00:00,2024-11-27 15:28:30.836214+00:00,0.0,median_energy_dram,unit_test_energy,Sort_SortsListCorrectly4
_result,45,2024-11-26 15:08:35.089462+00:00,2024-11-29 15:08:35.089462+00:00,2024-11-27 15:29:51.893041+00:00,0.0,median_energy_dram,unit_test_energy,Sort_SortsListCorrectly4
_result,45,2024-11-26 15:08:35.089462+00:00,2024-11-29 15:08:35.089462+00:00,2024-11-27 15:31:13.229040+00:00,0.0,median_energy_dram,unit_test_energy,Sort_SortsListCorrectly4
_result,45,2024-11-26 15:08:35.089462+00:00,2024-11-29 15:08:35.089462+00:00,2024-11-27 15:32:34.757125+00:00,0.0,median_energy_dram,unit_test_energy,Sort_SortsListCorrectly4
_result,45,2024-11-26 15:08:35.089462+00:00,2024-11-29 15:08:35.089462+00:00,2024-11-27 15:33:55.968778+00:00,0.0,median_energy_dram,unit_test_energy,Sort_SortsListCorrectly4
_result,45,2024-11-26 15:08:35.089462+00:00,2024-11-29 15:08:35.089462+00:00,2024-11-27 15:35:17.528888+00:00,0.0,median_energy_dram,unit_test_energy,Sort_SortsListCorrectly4
_result,45,2024-11-26 15:08:35.089462+00:00,2024-11-29 15:08:35.089462+00:00,2024-11-27 15:36:39.680831+00:00,0.0,median_energy_dram,unit_test_energy,Sort_SortsListCorrectly4
_result,45,2024-11-26 15:08:35.089462+00:00,2024-11-29 15:08:35.089462+00:00,2024-11-27 15:38:00.972568+00:00,0.0,median_energy_dram,unit_test_energy,Sort_SortsListCorrectly4
_result,45,2024-11-26 15:08:35.089462+00:00,2024-11-29 15:08:35.089462+00:00,2024-11-27 15:39:22.247966+00:00,0.0,median_energy_dram,unit_test_energy,Sort_SortsListCorrectly4
_result,45,2024-11-26 15:08:35.089462+00:00,2024-11-29 15:08:35.089462+00:00,2024-11-27 15:40:43.511968+00:00,0.0,median_energy_dram,unit_test_energy,Sort_SortsListCorrectly4
_result,45,2024-11-26 15:08:35.089462+00:00,2024-11-29 15:08:35.089462+00:00,2024-11-27 15:42:04.661476+00:00,0.0,median_energy_dram,unit_test_energy,Sort_SortsListCorrectly4
_result,45,2024-11-26 15:08:35.089462+00:00,2024-11-29 15:08:35.089462+00:00,2024-11-27 15:43:26.348002+00:00,0.0,median_energy_dram,unit_test_energy,Sort_SortsListCorrectly4
_result,45,2024-11-26 15:08:35.089462+00:00,2024-11-29 15:08:35.089462+00:00,2024-11-27 15:44:47.963416+00:00,0.0,median_energy_dram,unit_test_energy,Sort_SortsListCorrectly4
_result,46,2024-11-26 15:08:35.089462+00:00,2024-11-29 15:08:35.089462+00:00,2024-11-27 15:03:39.329117+00:00,0.0,median_energy_pkg,unit_test_energy,Sort_SortsListCorrectly4
_result,46,2024-11-26 15:08:35.089462+00:00,2024-11-29 15:08:35.089462+00:00,2024-11-27 15:05:01.143140+00:00,0.0,median_energy_pkg,unit_test_energy,Sort_SortsListCorrectly4
_result,46,2024-11-26 15:08:35.089462+00:00,2024-11-29 15:08:35.089462+00:00,2024-11-27 15:06:22.592050+00:00,0.0,median_energy_pkg,unit_test_energy,Sort_SortsListCorrectly4
_result,46,2024-11-26 15:08:35.089462+00:00,2024-11-29 15:08:35.089462+00:00,2024-11-27 15:07:44.196947+00:00,0.0,median_energy_pkg,unit_test_energy,Sort_SortsListCorrectly4
_result,46,2024-11-26 15:08:35.089462+00:00,2024-11-29 15:08:35.089462+00:00,2024-11-27 15:09:06.348243+00:00,0.0,median_energy_pkg,unit_test_energy,Sort_SortsListCorrectly4
_result,46,2024-11-26 15:08:35.089462+00:00,2024-11-29 15:08:35.089462+00:00,2024-11-27 15:10:28.587795+00:00,0.0,median_energy_pkg,unit_test_energy,Sort_SortsListCorrectly4
_result,46,2024-11-26 15:08:35.089462+00:00,2024-11-29 15:08:35.089462+00:00,2024-11-27 15:11:50.420320+00:00,0.0,median_energy_pkg,unit_test_energy,Sort_SortsListCorrectly4
_result,46,2024-11-26 15:08:35.089462+00:00,2024-11-29 15:08:35.089462+00:00,2024-11-27 15:13:11.849418+00:00,0.0,median_energy_pkg,unit_test_energy,Sort_SortsListCorrectly4
_result,46,2024-11-26 15:08:35.089462+00:00,2024-11-29 15:08:35.089462+00:00,2024-11-27 15:14:34.251945+00:00,0.0,median_energy_pkg,unit_test_energy,Sort_SortsListCorrectly4
_result,46,2024-11-26 15:08:35.089462+00:00,2024-11-29 15:08:35.089462+00:00,2024-11-27 15:15:55.768202+00:00,0.0,median_energy_pkg,unit_test_energy,Sort_SortsListCorrectly4
_result,46,2024-11-26 15:08:35.089462+00:00,2024-11-29 15:08:35.089462+00:00,2024-11-27 15:17:17.820976+00:00,0.0,median_energy_pkg,unit_test_energy,Sort_SortsListCorrectly4
_result,46,2024-11-26 15:08:35.089462+00:00,2024-11-29 15:08:35.089462+00:00,2024-11-27 15:18:39.224807+00:00,0.0,median_energy_pkg,unit_test_energy,Sort_SortsListCorrectly4
_result,46,2024-11-26 15:08:35.089462+00:00,2024-11-29 15:08:35.089462+00:00,2024-11-27 15:20:01.351628+00:00,0.0,median_energy_pkg,unit_test_energy,Sort_SortsListCorrectly4
_result,46,2024-11-26 15:08:35.089462+00:00,2024-11-29 15:08:35.089462+00:00,2024-11-27 15:21:23.049298+00:00,0.0,median_energy_pkg,unit_test_energy,Sort_SortsListCorrectly4
_result,46,2024-11-26 15:08:35.089462+00:00,2024-11-29 15:08:35.089462+00:00,2024-11-27 15:22:44.239357+00:00,0.0,median_energy_pkg,unit_test_energy,Sort_SortsListCorrectly4
_result,46,2024-11-26 15:08:35.089462+00:00,2024-11-29 15:08:35.089462+00:00,2024-11-27 15:25:47.303256+00:00,0.0,median_energy_pkg,unit_test_energy,Sort_SortsListCorrectly4
_result,46,2024-11-26 15:08:35.089462+00:00,2024-11-29 15:08:35.089462+00:00,2024-11-27 15:27:09.220745+00:00,0.0,median_energy_pkg,unit_test_energy,Sort_SortsListCorrectly4
_result,46,2024-11-26 15:08:35.089462+00:00,2024-11-29 15:08:35.089462+00:00,2024-11-27 15:28:30.836214+00:00,0.0,median_energy_pkg,unit_test_energy,Sort_SortsListCorrectly4
_result,46,2024-11-26 15:08:35.089462+00:00,2024-11-29 15:08:35.089462+00:00,2024-11-27 15:29:51.893041+00:00,0.0,median_energy_pkg,unit_test_energy,Sort_SortsListCorrectly4
_result,46,2024-11-26 15:08:35.089462+00:00,2024-11-29 15:08:35.089462+00:00,2024-11-27 15:31:13.229040+00:00,0.0,median_energy_pkg,unit_test_energy,Sort_SortsListCorrectly4
_result,46,2024-11-26 15:08:35.089462+00:00,2024-11-29 15:08:35.089462+00:00,2024-11-27 15:32:34.757125+00:00,0.0,median_energy_pkg,unit_test_energy,Sort_SortsListCorrectly4
_result,46,2024-11-26 15:08:35.089462+00:00,2024-11-29 15:08:35.089462+00:00,2024-11-27 15:33:55.968778+00:00,0.0,median_energy_pkg,unit_test_energy,Sort_SortsListCorrectly4
_result,46,2024-11-26 15:08:35.089462+00:00,2024-11-29 15:08:35.089462+00:00,2024-11-27 15:35:17.528888+00:00,0.0,median_energy_pkg,unit_test_energy,Sort_SortsListCorrectly4
_result,46,2024-11-26 15:08:35.089462+00:00,2024-11-29 15:08:35.089462+00:00,2024-11-27 15:36:39.680831+00:00,0.0,median_energy_pkg,unit_test_energy,Sort_SortsListCorrectly4
_result,46,2024-11-26 15:08:35.089462+00:00,2024-11-29 15:08:35.089462+00:00,2024-11-27 15:38:00.972568+00:00,0.0,median_energy_pkg,unit_test_energy,Sort_SortsListCorrectly4
_result,46,2024-11-26 15:08:35.089462+00:00,2024-11-29 15:08:35.089462+00:00,2024-11-27 15:39:22.247966+00:00,0.0,median_energy_pkg,unit_test_energy,Sort_SortsListCorrectly4
_result,46,2024-11-26 15:08:35.089462+00:00,2024-11-29 15:08:35.089462+00:00,2024-11-27 15:40:43.511968+00:00,0.0,median_energy_pkg,unit_test_energy,Sort_SortsListCorrectly4
_result,46,2024-11-26 15:08:35.089462+00:00,2024-11-29 15:08:35.089462+00:00,2024-11-27 15:42:04.661476+00:00,0.0,median_energy_pkg,unit_test_energy,Sort_SortsListCorrectly4
_result,46,2024-11-26 15:08:35.089462+00:00,2024-11-29 15:08:35.089462+00:00,2024-11-27 15:43:26.348002+00:00,0.0,median_energy_pkg,unit_test_energy,Sort_SortsListCorrectly4
_result,46,2024-11-26 15:08:35.089462+00:00,2024-11-29 15:08:35.089462+00:00,2024-11-27 15:44:47.963416+00:00,0.0,median_energy_pkg,unit_test_energy,Sort_SortsListCorrectly4
_result,47,2024-11-26 15:08:35.089462+00:00,2024-11-29 15:08:35.089462+00:00,2024-11-27 15:03:39.329117+00:00,0.1378,total_energy_dram,unit_test_energy,Sort_SortsListCorrectly4
_result,47,2024-11-26 15:08:35.089462+00:00,2024-11-29 15:08:35.089462+00:00,2024-11-27 15:05:01.143140+00:00,0.2682,total_energy_dram,unit_test_energy,Sort_SortsListCorrectly4
_result,47,2024-11-26 15:08:35.089462+00:00,2024-11-29 15:08:35.089462+00:00,2024-11-27 15:06:22.592050+00:00,0.1375,total_energy_dram,unit_test_energy,Sort_SortsListCorrectly4
_result,47,2024-11-26 15:08:35.089462+00:00,2024-11-29 15:08:35.089462+00:00,2024-11-27 15:07:44.196947+00:00,0.1174,total_energy_dram,unit_test_energy,Sort_SortsListCorrectly4
_result,47,2024-11-26 15:08:35.089462+00:00,2024-11-29 15:08:35.089462+00:00,2024-11-27 15:09:06.348243+00:00,0.1373,total_energy_dram,unit_test_energy,Sort_SortsListCorrectly4
_result,47,2024-11-26 15:08:35.089462+00:00,2024-11-29 15:08:35.089462+00:00,2024-11-27 15:10:28.587795+00:00,0.1353,total_energy_dram,unit_test_energy,Sort_SortsListCorrectly4
_result,47,2024-11-26 15:08:35.089462+00:00,2024-11-29 15:08:35.089462+00:00,2024-11-27 15:11:50.420320+00:00,0.1379,total_energy_dram,unit_test_energy,Sort_SortsListCorrectly4
_result,47,2024-11-26 15:08:35.089462+00:00,2024-11-29 15:08:35.089462+00:00,2024-11-27 15:13:11.849418+00:00,0.1388,total_energy_dram,unit_test_energy,Sort_SortsListCorrectly4
_result,47,2024-11-26 15:08:35.089462+00:00,2024-11-29 15:08:35.089462+00:00,2024-11-27 15:14:34.251945+00:00,0.1387,total_energy_dram,unit_test_energy,Sort_SortsListCorrectly4
_result,47,2024-11-26 15:08:35.089462+00:00,2024-11-29 15:08:35.089462+00:00,2024-11-27 15:15:55.768202+00:00,0.1177,total_energy_dram,unit_test_energy,Sort_SortsListCorrectly4
_result,47,2024-11-26 15:08:35.089462+00:00,2024-11-29 15:08:35.089462+00:00,2024-11-27 15:17:17.820976+00:00,0.2436,total_energy_dram,unit_test_energy,Sort_SortsListCorrectly4
_result,47,2024-11-26 15:08:35.089462+00:00,2024-11-29 15:08:35.089462+00:00,2024-11-27 15:18:39.224807+00:00,0.137,total_energy_dram,unit_test_energy,Sort_SortsListCorrectly4
_result,47,2024-11-26 15:08:35.089462+00:00,2024-11-29 15:08:35.089462+00:00,2024-11-27 15:20:01.351628+00:00,0.2517,total_energy_dram,unit_test_energy,Sort_SortsListCorrectly4
_result,47,2024-11-26 15:08:35.089462+00:00,2024-11-29 15:08:35.089462+00:00,2024-11-27 15:21:23.049298+00:00,0.137,total_energy_dram,unit_test_energy,Sort_SortsListCorrectly4
_result,47,2024-11-26 15:08:35.089462+00:00,2024-11-29 15:08:35.089462+00:00,2024-11-27 15:22:44.239357+00:00,0.1168,total_energy_dram,unit_test_energy,Sort_SortsListCorrectly4
_result,47,2024-11-26 15:08:35.089462+00:00,2024-11-29 15:08:35.089462+00:00,2024-11-27 15:25:47.303256+00:00,0.1115,total_energy_dram,unit_test_energy,Sort_SortsListCorrectly4
_result,47,2024-11-26 15:08:35.089462+00:00,2024-11-29 15:08:35.089462+00:00,2024-11-27 15:27:09.220745+00:00,0.1295,total_energy_dram,unit_test_energy,Sort_SortsListCorrectly4
_result,47,2024-11-26 15:08:35.089462+00:00,2024-11-29 15:08:35.089462+00:00,2024-11-27 15:28:30.836214+00:00,0.1335,total_energy_dram,unit_test_energy,Sort_SortsListCorrectly4
_result,47,2024-11-26 15:08:35.089462+00:00,2024-11-29 15:08:35.089462+00:00,2024-11-27 15:29:51.893041+00:00,0.1397,total_energy_dram,unit_test_energy,Sort_SortsListCorrectly4
_result,47,2024-11-26 15:08:35.089462+00:00,2024-11-29 15:08:35.089462+00:00,2024-11-27 15:31:13.229040+00:00,0.1102,total_energy_dram,unit_test_energy,Sort_SortsListCorrectly4
_result,47,2024-11-26 15:08:35.089462+00:00,2024-11-29 15:08:35.089462+00:00,2024-11-27 15:32:34.757125+00:00,0.0911,total_energy_dram,unit_test_energy,Sort_SortsListCorrectly4
_result,47,2024-11-26 15:08:35.089462+00:00,2024-11-29 15:08:35.089462+00:00,2024-11-27 15:33:55.968778+00:00,0.1363,total_energy_dram,unit_test_energy,Sort_SortsListCorrectly4
_result,47,2024-11-26 15:08:35.089462+00:00,2024-11-29 15:08:35.089462+00:00,2024-11-27 15:35:17.528888+00:00,0.136,total_energy_dram,unit_test_energy,Sort_SortsListCorrectly4
_result,47,2024-11-26 15:08:35.089462+00:00,2024-11-29 15:08:35.089462+00:00,2024-11-27 15:36:39.680831+00:00,0.2451,total_energy_dram,unit_test_energy,Sort_SortsListCorrectly4
_result,47,2024-11-26 15:08:35.089462+00:00,2024-11-29 15:08:35.089462+00:00,2024-11-27 15:38:00.972568+00:00,0.1169,total_energy_dram,unit_test_energy,Sort_SortsListCorrectly4
_result,47,2024-11-26 15:08:35.089462+00:00,2024-11-29 15:08:35.089462+00:00,2024-11-27 15:39:22.247966+00:00,0.1176,total_energy_dram,unit_test_energy,Sort_SortsListCorrectly4
_result,47,2024-11-26 15:08:35.089462+00:00,2024-11-29 15:08:35.089462+00:00,2024-11-27 15:40:43.511968+00:00,0.1101,total_energy_dram,unit_test_energy,Sort_SortsListCorrectly4
_result,47,2024-11-26 15:08:35.089462+00:00,2024-11-29 15:08:35.089462+00:00,2024-11-27 15:42:04.661476+00:00,0.1376,total_energy_dram,unit_test_energy,Sort_SortsListCorrectly4
_result,47,2024-11-26 15:08:35.089462+00:00,2024-11-29 15:08:35.089462+00:00,2024-11-27 15:43:26.348002+00:00,0.2418,total_energy_dram,unit_test_energy,Sort_SortsListCorrectly4
_result,47,2024-11-26 15:08:35.089462+00:00,2024-11-29 15:08:35.089462+00:00,2024-11-27 15:44:47.963416+00:00,0.2417,total_energy_dram,unit_test_energy,Sort_SortsListCorrectly4
_result,48,2024-11-26 15:08:35.089462+00:00,2024-11-29 15:08:35.089462+00:00,2024-11-27 15:03:39.329117+00:00,0.3575,total_energy_pkg,unit_test_energy,Sort_SortsListCorrectly4
_result,48,2024-11-26 15:08:35.089462+00:00,2024-11-29 15:08:35.089462+00:00,2024-11-27 15:05:01.143140+00:00,0.7376,total_energy_pkg,unit_test_energy,Sort_SortsListCorrectly4
_result,48,2024-11-26 15:08:35.089462+00:00,2024-11-29 15:08:35.089462+00:00,2024-11-27 15:06:22.592050+00:00,0.3576,total_energy_pkg,unit_test_energy,Sort_SortsListCorrectly4
_result,48,2024-11-26 15:08:35.089462+00:00,2024-11-29 15:08:35.089462+00:00,2024-11-27 15:07:44.196947+00:00,0.3107,total_energy_pkg,unit_test_energy,Sort_SortsListCorrectly4
_result,48,2024-11-26 15:08:35.089462+00:00,2024-11-29 15:08:35.089462+00:00,2024-11-27 15:09:06.348243+00:00,0.3627,total_energy_pkg,unit_test_energy,Sort_SortsListCorrectly4
_result,48,2024-11-26 15:08:35.089462+00:00,2024-11-29 15:08:35.089462+00:00,2024-11-27 15:10:28.587795+00:00,0.3571,total_energy_pkg,unit_test_energy,Sort_SortsListCorrectly4
_result,48,2024-11-26 15:08:35.089462+00:00,2024-11-29 15:08:35.089462+00:00,2024-11-27 15:11:50.420320+00:00,0.3486,total_energy_pkg,unit_test_energy,Sort_SortsListCorrectly4
_result,48,2024-11-26 15:08:35.089462+00:00,2024-11-29 15:08:35.089462+00:00,2024-11-27 15:13:11.849418+00:00,0.362,total_energy_pkg,unit_test_energy,Sort_SortsListCorrectly4
_result,48,2024-11-26 15:08:35.089462+00:00,2024-11-29 15:08:35.089462+00:00,2024-11-27 15:14:34.251945+00:00,0.3574,total_energy_pkg,unit_test_energy,Sort_SortsListCorrectly4
_result,48,2024-11-26 15:08:35.089462+00:00,2024-11-29 15:08:35.089462+00:00,2024-11-27 15:15:55.768202+00:00,0.3093,total_energy_pkg,unit_test_energy,Sort_SortsListCorrectly4
_result,48,2024-11-26 15:08:35.089462+00:00,2024-11-29 15:08:35.089462+00:00,2024-11-27 15:17:17.820976+00:00,0.6184,total_energy_pkg,unit_test_energy,Sort_SortsListCorrectly4
_result,48,2024-11-26 15:08:35.089462+00:00,2024-11-29 15:08:35.089462+00:00,2024-11-27 15:18:39.224807+00:00,0.3599,total_energy_pkg,unit_test_energy,Sort_SortsListCorrectly4
_result,48,2024-11-26 15:08:35.089462+00:00,2024-11-29 15:08:35.089462+00:00,2024-11-27 15:20:01.351628+00:00,0.6414,total_energy_pkg,unit_test_energy,Sort_SortsListCorrectly4
_result,48,2024-11-26 15:08:35.089462+00:00,2024-11-29 15:08:35.089462+00:00,2024-11-27 15:21:23.049298+00:00,0.3497,total_energy_pkg,unit_test_energy,Sort_SortsListCorrectly4
_result,48,2024-11-26 15:08:35.089462+00:00,2024-11-29 15:08:35.089462+00:00,2024-11-27 15:22:44.239357+00:00,0.2981,total_energy_pkg,unit_test_energy,Sort_SortsListCorrectly4
_result,48,2024-11-26 15:08:35.089462+00:00,2024-11-29 15:08:35.089462+00:00,2024-11-27 15:25:47.303256+00:00,0.2947,total_energy_pkg,unit_test_energy,Sort_SortsListCorrectly4
_result,48,2024-11-26 15:08:35.089462+00:00,2024-11-29 15:08:35.089462+00:00,2024-11-27 15:27:09.220745+00:00,0.3037,total_energy_pkg,unit_test_energy,Sort_SortsListCorrectly4
_result,48,2024-11-26 15:08:35.089462+00:00,2024-11-29 15:08:35.089462+00:00,2024-11-27 15:28:30.836214+00:00,0.3558,total_energy_pkg,unit_test_energy,Sort_SortsListCorrectly4
_result,48,2024-11-26 15:08:35.089462+00:00,2024-11-29 15:08:35.089462+00:00,2024-11-27 15:29:51.893041+00:00,0.3591,total_energy_pkg,unit_test_energy,Sort_SortsListCorrectly4
_result,48,2024-11-26 15:08:35.089462+00:00,2024-11-29 15:08:35.089462+00:00,2024-11-27 15:31:13.229040+00:00,0.3037,total_energy_pkg,unit_test_energy,Sort_SortsListCorrectly4
_result,48,2024-11-26 15:08:35.089462+00:00,2024-11-29 15:08:35.089462+00:00,2024-11-27 15:32:34.757125+00:00,0.2327,total_energy_pkg,unit_test_energy,Sort_SortsListCorrectly4
_result,48,2024-11-26 15:08:35.089462+00:00,2024-11-29 15:08:35.089462+00:00,2024-11-27 15:33:55.968778+00:00,0.3651,total_energy_pkg,unit_test_energy,Sort_SortsListCorrectly4
_result,48,2024-11-26 15:08:35.089462+00:00,2024-11-29 15:08:35.089462+00:00,2024-11-27 15:35:17.528888+00:00,0.3608,total_energy_pkg,unit_test_energy,Sort_SortsListCorrectly4
_result,48,2024-11-26 15:08:35.089462+00:00,2024-11-29 15:08:35.089462+00:00,2024-11-27 15:36:39.680831+00:00,0.6242,total_energy_pkg,unit_test_energy,Sort_SortsListCorrectly4
_result,48,2024-11-26 15:08:35.089462+00:00,2024-11-29 15:08:35.089462+00:00,2024-11-27 15:38:00.972568+00:00,0.2972,total_energy_pkg,unit_test_energy,Sort_SortsListCorrectly4
_result,48,2024-11-26 15:08:35.089462+00:00,2024-11-29 15:08:35.089462+00:00,2024-11-27 15:39:22.247966+00:00,0.3054,total_energy_pkg,unit_test_energy,Sort_SortsListCorrectly4
_result,48,2024-11-26 15:08:35.089462+00:00,2024-11-29 15:08:35.089462+00:00,2024-11-27 15:40:43.511968+00:00,0.2874,total_energy_pkg,unit_test_energy,Sort_SortsListCorrectly4
_result,48,2024-11-26 15:08:35.089462+00:00,2024-11-29 15:08:35.089462+00:00,2024-11-27 15:42:04.661476+00:00,0.3571,total_energy_pkg,unit_test_energy,Sort_SortsListCorrectly4
_result,48,2024-11-26 15:08:35.089462+00:00,2024-11-29 15:08:35.089462+00:00,2024-11-27 15:43:26.348002+00:00,0.6304,total_energy_pkg,unit_test_energy,Sort_SortsListCorrectly4
_result,48,2024-11-26 15:08:35.089462+00:00,2024-11-29 15:08:35.089462+00:00,2024-11-27 15:44:47.963416+00:00,0.6323,total_energy_pkg,unit_test_energy,Sort_SortsListCorrectly4
