result,table,_start,_stop,_time,_value,_field,_measurement,test_name
_result,0,2024-12-10 15:43:00.995522+00:00,2024-12-13 15:43:00.995522+00:00,2024-12-13 14:35:27.900129+00:00,51.6438,avg_energy_dram,unit_test_energy,BubbleSort_SortsListCorrectly
_result,0,2024-12-10 15:43:00.995522+00:00,2024-12-13 15:43:00.995522+00:00,2024-12-13 14:37:35.041467+00:00,51.3855,avg_energy_dram,unit_test_energy,BubbleSort_SortsListCorrectly
_result,0,2024-12-10 15:43:00.995522+00:00,2024-12-13 15:43:00.995522+00:00,2024-12-13 14:39:42.296394+00:00,51.6057,avg_energy_dram,unit_test_energy,BubbleSort_SortsListCorrectly
_result,0,2024-12-10 15:43:00.995522+00:00,2024-12-13 15:43:00.995522+00:00,2024-12-13 14:41:49.490312+00:00,51.9407,avg_energy_dram,unit_test_energy,BubbleSort_SortsListCorrectly
_result,0,2024-12-10 15:43:00.995522+00:00,2024-12-13 15:43:00.995522+00:00,2024-12-13 14:43:56.310411+00:00,51.6719,avg_energy_dram,unit_test_energy,BubbleSort_SortsListCorrectly
_result,0,2024-12-10 15:43:00.995522+00:00,2024-12-13 15:43:00.995522+00:00,2024-12-13 14:46:02.875261+00:00,51.6792,avg_energy_dram,unit_test_energy,BubbleSort_SortsListCorrectly
_result,0,2024-12-10 15:43:00.995522+00:00,2024-12-13 15:43:00.995522+00:00,2024-12-13 14:48:09.761474+00:00,51.6939,avg_energy_dram,unit_test_energy,BubbleSort_SortsListCorrectly
_result,0,2024-12-10 15:43:00.995522+00:00,2024-12-13 15:43:00.995522+00:00,2024-12-13 14:50:16.601714+00:00,51.7106,avg_energy_dram,unit_test_energy,BubbleSort_SortsListCorrectly
_result,0,2024-12-10 15:43:00.995522+00:00,2024-12-13 15:43:00.995522+00:00,2024-12-13 14:52:24.062655+00:00,51.6174,avg_energy_dram,unit_test_energy,BubbleSort_SortsListCorrectly
_result,0,2024-12-10 15:43:00.995522+00:00,2024-12-13 15:43:00.995522+00:00,2024-12-13 14:54:31.214251+00:00,51.7905,avg_energy_dram,unit_test_energy,BubbleSort_SortsListCorrectly
_result,0,2024-12-10 15:43:00.995522+00:00,2024-12-13 15:43:00.995522+00:00,2024-12-13 14:56:38.193024+00:00,51.6563,avg_energy_dram,unit_test_energy,BubbleSort_SortsListCorrectly
_result,0,2024-12-10 15:43:00.995522+00:00,2024-12-13 15:43:00.995522+00:00,2024-12-13 14:58:44.921125+00:00,51.4177,avg_energy_dram,unit_test_energy,BubbleSort_SortsListCorrectly
_result,0,2024-12-10 15:43:00.995522+00:00,2024-12-13 15:43:00.995522+00:00,2024-12-13 15:00:51.865524+00:00,51.6056,avg_energy_dram,unit_test_energy,BubbleSort_SortsListCorrectly
_result,0,2024-12-10 15:43:00.995522+00:00,2024-12-13 15:43:00.995522+00:00,2024-12-13 15:02:59.063412+00:00,42.9778,avg_energy_dram,unit_test_energy,BubbleSort_SortsListCorrectly
_result,0,2024-12-10 15:43:00.995522+00:00,2024-12-13 15:43:00.995522+00:00,2024-12-13 15:05:07.360482+00:00,51.0737,avg_energy_dram,unit_test_energy,BubbleSort_SortsListCorrectly
_result,0,2024-12-10 15:43:00.995522+00:00,2024-12-13 15:43:00.995522+00:00,2024-12-13 15:11:06.116374+00:00,51.2137,avg_energy_dram,unit_test_energy,BubbleSort_SortsListCorrectly
_result,0,2024-12-10 15:43:00.995522+00:00,2024-12-13 15:43:00.995522+00:00,2024-12-13 15:13:13.513328+00:00,51.5624,avg_energy_dram,unit_test_energy,BubbleSort_SortsListCorrectly
_result,0,2024-12-10 15:43:00.995522+00:00,2024-12-13 15:43:00.995522+00:00,2024-12-13 15:15:20.431719+00:00,51.2854,avg_energy_dram,unit_test_energy,BubbleSort_SortsListCorrectly
_result,0,2024-12-10 15:43:00.995522+00:00,2024-12-13 15:43:00.995522+00:00,2024-12-13 15:17:27.490168+00:00,51.6458,avg_energy_dram,unit_test_energy,BubbleSort_SortsListCorrectly
_result,0,2024-12-10 15:43:00.995522+00:00,2024-12-13 15:43:00.995522+00:00,2024-12-13 15:19:34.819260+00:00,51.4883,avg_energy_dram,unit_test_energy,BubbleSort_SortsListCorrectly
_result,0,2024-12-10 15:43:00.995522+00:00,2024-12-13 15:43:00.995522+00:00,2024-12-13 15:21:42.093786+00:00,51.6783,avg_energy_dram,unit_test_energy,BubbleSort_SortsListCorrectly
_result,0,2024-12-10 15:43:00.995522+00:00,2024-12-13 15:43:00.995522+00:00,2024-12-13 15:23:48.667590+00:00,51.5751,avg_energy_dram,unit_test_energy,BubbleSort_SortsListCorrectly
_result,0,2024-12-10 15:43:00.995522+00:00,2024-12-13 15:43:00.995522+00:00,2024-12-13 15:25:55.616286+00:00,51.7246,avg_energy_dram,unit_test_energy,BubbleSort_SortsListCorrectly
_result,0,2024-12-10 15:43:00.995522+00:00,2024-12-13 15:43:00.995522+00:00,2024-12-13 15:28:02.309129+00:00,51.7568,avg_energy_dram,unit_test_energy,BubbleSort_SortsListCorrectly
_result,0,2024-12-10 15:43:00.995522+00:00,2024-12-13 15:43:00.995522+00:00,2024-12-13 15:30:08.994190+00:00,51.7507,avg_energy_dram,unit_test_energy,BubbleSort_SortsListCorrectly
_result,0,2024-12-10 15:43:00.995522+00:00,2024-12-13 15:43:00.995522+00:00,2024-12-13 15:32:15.543513+00:00,51.4918,avg_energy_dram,unit_test_energy,BubbleSort_SortsListCorrectly
_result,0,2024-12-10 15:43:00.995522+00:00,2024-12-13 15:43:00.995522+00:00,2024-12-13 15:34:22.547919+00:00,51.795,avg_energy_dram,unit_test_energy,BubbleSort_SortsListCorrectly
_result,0,2024-12-10 15:43:00.995522+00:00,2024-12-13 15:43:00.995522+00:00,2024-12-13 15:36:29.963795+00:00,51.6581,avg_energy_dram,unit_test_energy,BubbleSort_SortsListCorrectly
_result,0,2024-12-10 15:43:00.995522+00:00,2024-12-13 15:43:00.995522+00:00,2024-12-13 15:38:36.706632+00:00,51.7487,avg_energy_dram,unit_test_energy,BubbleSort_SortsListCorrectly
_result,0,2024-12-10 15:43:00.995522+00:00,2024-12-13 15:43:00.995522+00:00,2024-12-13 15:40:43.541631+00:00,51.5248,avg_energy_dram,unit_test_energy,BubbleSort_SortsListCorrectly
_result,1,2024-12-10 15:43:00.995522+00:00,2024-12-13 15:43:00.995522+00:00,2024-12-13 14:35:27.900129+00:00,129.0441,avg_energy_pkg,unit_test_energy,BubbleSort_SortsListCorrectly
_result,1,2024-12-10 15:43:00.995522+00:00,2024-12-13 15:43:00.995522+00:00,2024-12-13 14:37:35.041467+00:00,129.1221,avg_energy_pkg,unit_test_energy,BubbleSort_SortsListCorrectly
_result,1,2024-12-10 15:43:00.995522+00:00,2024-12-13 15:43:00.995522+00:00,2024-12-13 14:39:42.296394+00:00,129.5836,avg_energy_pkg,unit_test_energy,BubbleSort_SortsListCorrectly
_result,1,2024-12-10 15:43:00.995522+00:00,2024-12-13 15:43:00.995522+00:00,2024-12-13 14:41:49.490312+00:00,129.4084,avg_energy_pkg,unit_test_energy,BubbleSort_SortsListCorrectly
_result,1,2024-12-10 15:43:00.995522+00:00,2024-12-13 15:43:00.995522+00:00,2024-12-13 14:43:56.310411+00:00,129.4984,avg_energy_pkg,unit_test_energy,BubbleSort_SortsListCorrectly
_result,1,2024-12-10 15:43:00.995522+00:00,2024-12-13 15:43:00.995522+00:00,2024-12-13 14:46:02.875261+00:00,129.1842,avg_energy_pkg,unit_test_energy,BubbleSort_SortsListCorrectly
_result,1,2024-12-10 15:43:00.995522+00:00,2024-12-13 15:43:00.995522+00:00,2024-12-13 14:48:09.761474+00:00,129.3614,avg_energy_pkg,unit_test_energy,BubbleSort_SortsListCorrectly
_result,1,2024-12-10 15:43:00.995522+00:00,2024-12-13 15:43:00.995522+00:00,2024-12-13 14:50:16.601714+00:00,129.3145,avg_energy_pkg,unit_test_energy,BubbleSort_SortsListCorrectly
_result,1,2024-12-10 15:43:00.995522+00:00,2024-12-13 15:43:00.995522+00:00,2024-12-13 14:52:24.062655+00:00,128.9398,avg_energy_pkg,unit_test_energy,BubbleSort_SortsListCorrectly
_result,1,2024-12-10 15:43:00.995522+00:00,2024-12-13 15:43:00.995522+00:00,2024-12-13 14:54:31.214251+00:00,129.4648,avg_energy_pkg,unit_test_energy,BubbleSort_SortsListCorrectly
_result,1,2024-12-10 15:43:00.995522+00:00,2024-12-13 15:43:00.995522+00:00,2024-12-13 14:56:38.193024+00:00,128.9573,avg_energy_pkg,unit_test_energy,BubbleSort_SortsListCorrectly
_result,1,2024-12-10 15:43:00.995522+00:00,2024-12-13 15:43:00.995522+00:00,2024-12-13 14:58:44.921125+00:00,129.363,avg_energy_pkg,unit_test_energy,BubbleSort_SortsListCorrectly
_result,1,2024-12-10 15:43:00.995522+00:00,2024-12-13 15:43:00.995522+00:00,2024-12-13 15:00:51.865524+00:00,129.0592,avg_energy_pkg,unit_test_energy,BubbleSort_SortsListCorrectly
_result,1,2024-12-10 15:43:00.995522+00:00,2024-12-13 15:43:00.995522+00:00,2024-12-13 15:02:59.063412+00:00,111.8566,avg_energy_pkg,unit_test_energy,BubbleSort_SortsListCorrectly
_result,1,2024-12-10 15:43:00.995522+00:00,2024-12-13 15:43:00.995522+00:00,2024-12-13 15:05:07.360482+00:00,146.8556,avg_energy_pkg,unit_test_energy,BubbleSort_SortsListCorrectly
_result,1,2024-12-10 15:43:00.995522+00:00,2024-12-13 15:43:00.995522+00:00,2024-12-13 15:11:06.116374+00:00,129.1575,avg_energy_pkg,unit_test_energy,BubbleSort_SortsListCorrectly
_result,1,2024-12-10 15:43:00.995522+00:00,2024-12-13 15:43:00.995522+00:00,2024-12-13 15:13:13.513328+00:00,129.0604,avg_energy_pkg,unit_test_energy,BubbleSort_SortsListCorrectly
_result,1,2024-12-10 15:43:00.995522+00:00,2024-12-13 15:43:00.995522+00:00,2024-12-13 15:15:20.431719+00:00,128.1903,avg_energy_pkg,unit_test_energy,BubbleSort_SortsListCorrectly
_result,1,2024-12-10 15:43:00.995522+00:00,2024-12-13 15:43:00.995522+00:00,2024-12-13 15:17:27.490168+00:00,129.0882,avg_energy_pkg,unit_test_energy,BubbleSort_SortsListCorrectly
_result,1,2024-12-10 15:43:00.995522+00:00,2024-12-13 15:43:00.995522+00:00,2024-12-13 15:19:34.819260+00:00,128.2969,avg_energy_pkg,unit_test_energy,BubbleSort_SortsListCorrectly
_result,1,2024-12-10 15:43:00.995522+00:00,2024-12-13 15:43:00.995522+00:00,2024-12-13 15:21:42.093786+00:00,128.6656,avg_energy_pkg,unit_test_energy,BubbleSort_SortsListCorrectly
_result,1,2024-12-10 15:43:00.995522+00:00,2024-12-13 15:43:00.995522+00:00,2024-12-13 15:23:48.667590+00:00,129.4494,avg_energy_pkg,unit_test_energy,BubbleSort_SortsListCorrectly
_result,1,2024-12-10 15:43:00.995522+00:00,2024-12-13 15:43:00.995522+00:00,2024-12-13 15:25:55.616286+00:00,128.559,avg_energy_pkg,unit_test_energy,BubbleSort_SortsListCorrectly
_result,1,2024-12-10 15:43:00.995522+00:00,2024-12-13 15:43:00.995522+00:00,2024-12-13 15:28:02.309129+00:00,128.618,avg_energy_pkg,unit_test_energy,BubbleSort_SortsListCorrectly
_result,1,2024-12-10 15:43:00.995522+00:00,2024-12-13 15:43:00.995522+00:00,2024-12-13 15:30:08.994190+00:00,129.2446,avg_energy_pkg,unit_test_energy,BubbleSort_SortsListCorrectly
_result,1,2024-12-10 15:43:00.995522+00:00,2024-12-13 15:43:00.995522+00:00,2024-12-13 15:32:15.543513+00:00,128.8212,avg_energy_pkg,unit_test_energy,BubbleSort_SortsListCorrectly
_result,1,2024-12-10 15:43:00.995522+00:00,2024-12-13 15:43:00.995522+00:00,2024-12-13 15:34:22.547919+00:00,129.6491,avg_energy_pkg,unit_test_energy,BubbleSort_SortsListCorrectly
_result,1,2024-12-10 15:43:00.995522+00:00,2024-12-13 15:43:00.995522+00:00,2024-12-13 15:36:29.963795+00:00,129.54,avg_energy_pkg,unit_test_energy,BubbleSort_SortsListCorrectly
_result,1,2024-12-10 15:43:00.995522+00:00,2024-12-13 15:43:00.995522+00:00,2024-12-13 15:38:36.706632+00:00,128.7527,avg_energy_pkg,unit_test_energy,BubbleSort_SortsListCorrectly
_result,1,2024-12-10 15:43:00.995522+00:00,2024-12-13 15:43:00.995522+00:00,2024-12-13 15:40:43.541631+00:00,129.2877,avg_energy_pkg,unit_test_energy,BubbleSort_SortsListCorrectly
_result,2,2024-12-10 15:43:00.995522+00:00,2024-12-13 15:43:00.995522+00:00,2024-12-13 14:35:27.900129+00:00,18.5462,duration,unit_test_energy,BubbleSort_SortsListCorrectly
_result,2,2024-12-10 15:43:00.995522+00:00,2024-12-13 15:43:00.995522+00:00,2024-12-13 14:37:35.041467+00:00,18.5832,duration,unit_test_energy,BubbleSort_SortsListCorrectly
_result,2,2024-12-10 15:43:00.995522+00:00,2024-12-13 15:43:00.995522+00:00,2024-12-13 14:39:42.296394+00:00,18.825,duration,unit_test_energy,BubbleSort_SortsListCorrectly
_result,2,2024-12-10 15:43:00.995522+00:00,2024-12-13 15:43:00.995522+00:00,2024-12-13 14:41:49.490312+00:00,18.412,duration,unit_test_energy,BubbleSort_SortsListCorrectly
_result,2,2024-12-10 15:43:00.995522+00:00,2024-12-13 15:43:00.995522+00:00,2024-12-13 14:43:56.310411+00:00,18.2647,duration,unit_test_energy,BubbleSort_SortsListCorrectly
_result,2,2024-12-10 15:43:00.995522+00:00,2024-12-13 15:43:00.995522+00:00,2024-12-13 14:46:02.875261+00:00,18.2094,duration,unit_test_energy,BubbleSort_SortsListCorrectly
_result,2,2024-12-10 15:43:00.995522+00:00,2024-12-13 15:43:00.995522+00:00,2024-12-13 14:48:09.761474+00:00,18.786,duration,unit_test_energy,BubbleSort_SortsListCorrectly
_result,2,2024-12-10 15:43:00.995522+00:00,2024-12-13 15:43:00.995522+00:00,2024-12-13 14:50:16.601714+00:00,18.6829,duration,unit_test_energy,BubbleSort_SortsListCorrectly
_result,2,2024-12-10 15:43:00.995522+00:00,2024-12-13 15:43:00.995522+00:00,2024-12-13 14:52:24.062655+00:00,18.8127,duration,unit_test_energy,BubbleSort_SortsListCorrectly
_result,2,2024-12-10 15:43:00.995522+00:00,2024-12-13 15:43:00.995522+00:00,2024-12-13 14:54:31.214251+00:00,18.6429,duration,unit_test_energy,BubbleSort_SortsListCorrectly
_result,2,2024-12-10 15:43:00.995522+00:00,2024-12-13 15:43:00.995522+00:00,2024-12-13 14:56:38.193024+00:00,18.3828,duration,unit_test_energy,BubbleSort_SortsListCorrectly
_result,2,2024-12-10 15:43:00.995522+00:00,2024-12-13 15:43:00.995522+00:00,2024-12-13 14:58:44.921125+00:00,18.5347,duration,unit_test_energy,BubbleSort_SortsListCorrectly
_result,2,2024-12-10 15:43:00.995522+00:00,2024-12-13 15:43:00.995522+00:00,2024-12-13 15:00:51.865524+00:00,18.6401,duration,unit_test_energy,BubbleSort_SortsListCorrectly
_result,2,2024-12-10 15:43:00.995522+00:00,2024-12-13 15:43:00.995522+00:00,2024-12-13 15:02:59.063412+00:00,18.8809,duration,unit_test_energy,BubbleSort_SortsListCorrectly
_result,2,2024-12-10 15:43:00.995522+00:00,2024-12-13 15:43:00.995522+00:00,2024-12-13 15:05:07.360482+00:00,18.8941,duration,unit_test_energy,BubbleSort_SortsListCorrectly
_result,2,2024-12-10 15:43:00.995522+00:00,2024-12-13 15:43:00.995522+00:00,2024-12-13 15:11:06.116374+00:00,18.5614,duration,unit_test_energy,BubbleSort_SortsListCorrectly
_result,2,2024-12-10 15:43:00.995522+00:00,2024-12-13 15:43:00.995522+00:00,2024-12-13 15:13:13.513328+00:00,18.8566,duration,unit_test_energy,BubbleSort_SortsListCorrectly
_result,2,2024-12-10 15:43:00.995522+00:00,2024-12-13 15:43:00.995522+00:00,2024-12-13 15:15:20.431719+00:00,18.6127,duration,unit_test_energy,BubbleSort_SortsListCorrectly
_result,2,2024-12-10 15:43:00.995522+00:00,2024-12-13 15:43:00.995522+00:00,2024-12-13 15:17:27.490168+00:00,18.2922,duration,unit_test_energy,BubbleSort_SortsListCorrectly
_result,2,2024-12-10 15:43:00.995522+00:00,2024-12-13 15:43:00.995522+00:00,2024-12-13 15:19:34.819260+00:00,18.7937,duration,unit_test_energy,BubbleSort_SortsListCorrectly
_result,2,2024-12-10 15:43:00.995522+00:00,2024-12-13 15:43:00.995522+00:00,2024-12-13 15:21:42.093786+00:00,18.4638,duration,unit_test_energy,BubbleSort_SortsListCorrectly
_result,2,2024-12-10 15:43:00.995522+00:00,2024-12-13 15:43:00.995522+00:00,2024-12-13 15:23:48.667590+00:00,18.297,duration,unit_test_energy,BubbleSort_SortsListCorrectly
_result,2,2024-12-10 15:43:00.995522+00:00,2024-12-13 15:43:00.995522+00:00,2024-12-13 15:25:55.616286+00:00,18.6887,duration,unit_test_energy,BubbleSort_SortsListCorrectly
_result,2,2024-12-10 15:43:00.995522+00:00,2024-12-13 15:43:00.995522+00:00,2024-12-13 15:28:02.309129+00:00,18.56,duration,unit_test_energy,BubbleSort_SortsListCorrectly
_result,2,2024-12-10 15:43:00.995522+00:00,2024-12-13 15:43:00.995522+00:00,2024-12-13 15:30:08.994190+00:00,18.4268,duration,unit_test_energy,BubbleSort_SortsListCorrectly
_result,2,2024-12-10 15:43:00.995522+00:00,2024-12-13 15:43:00.995522+00:00,2024-12-13 15:32:15.543513+00:00,18.2396,duration,unit_test_energy,BubbleSort_SortsListCorrectly
_result,2,2024-12-10 15:43:00.995522+00:00,2024-12-13 15:43:00.995522+00:00,2024-12-13 15:34:22.547919+00:00,18.6264,duration,unit_test_energy,BubbleSort_SortsListCorrectly
_result,2,2024-12-10 15:43:00.995522+00:00,2024-12-13 15:43:00.995522+00:00,2024-12-13 15:36:29.963795+00:00,18.8569,duration,unit_test_energy,BubbleSort_SortsListCorrectly
_result,2,2024-12-10 15:43:00.995522+00:00,2024-12-13 15:43:00.995522+00:00,2024-12-13 15:38:36.706632+00:00,18.3688,duration,unit_test_energy,BubbleSort_SortsListCorrectly
_result,2,2024-12-10 15:43:00.995522+00:00,2024-12-13 15:43:00.995522+00:00,2024-12-13 15:40:43.541631+00:00,18.658,duration,unit_test_energy,BubbleSort_SortsListCorrectly
_result,3,2024-12-10 15:43:00.995522+00:00,2024-12-13 15:43:00.995522+00:00,2024-12-13 14:35:27.900129+00:00,51.4243,median_energy_dram,unit_test_energy,BubbleSort_SortsListCorrectly
_result,3,2024-12-10 15:43:00.995522+00:00,2024-12-13 15:43:00.995522+00:00,2024-12-13 14:37:35.041467+00:00,50.8246,median_energy_dram,unit_test_energy,BubbleSort_SortsListCorrectly
_result,3,2024-12-10 15:43:00.995522+00:00,2024-12-13 15:43:00.995522+00:00,2024-12-13 14:39:42.296394+00:00,51.4526,median_energy_dram,unit_test_energy,BubbleSort_SortsListCorrectly
_result,3,2024-12-10 15:43:00.995522+00:00,2024-12-13 15:43:00.995522+00:00,2024-12-13 14:41:49.490312+00:00,51.2469,median_energy_dram,unit_test_energy,BubbleSort_SortsListCorrectly
_result,3,2024-12-10 15:43:00.995522+00:00,2024-12-13 15:43:00.995522+00:00,2024-12-13 14:43:56.310411+00:00,51.4531,median_energy_dram,unit_test_energy,BubbleSort_SortsListCorrectly
_result,3,2024-12-10 15:43:00.995522+00:00,2024-12-13 15:43:00.995522+00:00,2024-12-13 14:46:02.875261+00:00,51.2146,median_energy_dram,unit_test_energy,BubbleSort_SortsListCorrectly
_result,3,2024-12-10 15:43:00.995522+00:00,2024-12-13 15:43:00.995522+00:00,2024-12-13 14:48:09.761474+00:00,51.4442,median_energy_dram,unit_test_energy,BubbleSort_SortsListCorrectly
_result,3,2024-12-10 15:43:00.995522+00:00,2024-12-13 15:43:00.995522+00:00,2024-12-13 14:50:16.601714+00:00,51.1731,median_energy_dram,unit_test_energy,BubbleSort_SortsListCorrectly
_result,3,2024-12-10 15:43:00.995522+00:00,2024-12-13 15:43:00.995522+00:00,2024-12-13 14:52:24.062655+00:00,51.3855,median_energy_dram,unit_test_energy,BubbleSort_SortsListCorrectly
_result,3,2024-12-10 15:43:00.995522+00:00,2024-12-13 15:43:00.995522+00:00,2024-12-13 14:54:31.214251+00:00,51.1356,median_energy_dram,unit_test_energy,BubbleSort_SortsListCorrectly
_result,3,2024-12-10 15:43:00.995522+00:00,2024-12-13 15:43:00.995522+00:00,2024-12-13 14:56:38.193024+00:00,51.425,median_energy_dram,unit_test_energy,BubbleSort_SortsListCorrectly
_result,3,2024-12-10 15:43:00.995522+00:00,2024-12-13 15:43:00.995522+00:00,2024-12-13 14:58:44.921125+00:00,51.1481,median_energy_dram,unit_test_energy,BubbleSort_SortsListCorrectly
_result,3,2024-12-10 15:43:00.995522+00:00,2024-12-13 15:43:00.995522+00:00,2024-12-13 15:00:51.865524+00:00,51.4627,median_energy_dram,unit_test_energy,BubbleSort_SortsListCorrectly
_result,3,2024-12-10 15:43:00.995522+00:00,2024-12-13 15:43:00.995522+00:00,2024-12-13 15:02:59.063412+00:00,42.6323,median_energy_dram,unit_test_energy,BubbleSort_SortsListCorrectly
_result,3,2024-12-10 15:43:00.995522+00:00,2024-12-13 15:43:00.995522+00:00,2024-12-13 15:05:07.360482+00:00,51.055,median_energy_dram,unit_test_energy,BubbleSort_SortsListCorrectly
_result,3,2024-12-10 15:43:00.995522+00:00,2024-12-13 15:43:00.995522+00:00,2024-12-13 15:11:06.116374+00:00,50.4294,median_energy_dram,unit_test_energy,BubbleSort_SortsListCorrectly
_result,3,2024-12-10 15:43:00.995522+00:00,2024-12-13 15:43:00.995522+00:00,2024-12-13 15:13:13.513328+00:00,51.3101,median_energy_dram,unit_test_energy,BubbleSort_SortsListCorrectly
_result,3,2024-12-10 15:43:00.995522+00:00,2024-12-13 15:43:00.995522+00:00,2024-12-13 15:15:20.431719+00:00,50.4773,median_energy_dram,unit_test_energy,BubbleSort_SortsListCorrectly
_result,3,2024-12-10 15:43:00.995522+00:00,2024-12-13 15:43:00.995522+00:00,2024-12-13 15:17:27.490168+00:00,51.1339,median_energy_dram,unit_test_energy,BubbleSort_SortsListCorrectly
_result,3,2024-12-10 15:43:00.995522+00:00,2024-12-13 15:43:00.995522+00:00,2024-12-13 15:19:34.819260+00:00,51.1978,median_energy_dram,unit_test_energy,BubbleSort_SortsListCorrectly
_result,3,2024-12-10 15:43:00.995522+00:00,2024-12-13 15:43:00.995522+00:00,2024-12-13 15:21:42.093786+00:00,50.8617,median_energy_dram,unit_test_energy,BubbleSort_SortsListCorrectly
_result,3,2024-12-10 15:43:00.995522+00:00,2024-12-13 15:43:00.995522+00:00,2024-12-13 15:23:48.667590+00:00,50.8034,median_energy_dram,unit_test_energy,BubbleSort_SortsListCorrectly
_result,3,2024-12-10 15:43:00.995522+00:00,2024-12-13 15:43:00.995522+00:00,2024-12-13 15:25:55.616286+00:00,51.4497,median_energy_dram,unit_test_energy,BubbleSort_SortsListCorrectly
_result,3,2024-12-10 15:43:00.995522+00:00,2024-12-13 15:43:00.995522+00:00,2024-12-13 15:28:02.309129+00:00,51.1641,median_energy_dram,unit_test_energy,BubbleSort_SortsListCorrectly
_result,3,2024-12-10 15:43:00.995522+00:00,2024-12-13 15:43:00.995522+00:00,2024-12-13 15:30:08.994190+00:00,51.1377,median_energy_dram,unit_test_energy,BubbleSort_SortsListCorrectly
_result,3,2024-12-10 15:43:00.995522+00:00,2024-12-13 15:43:00.995522+00:00,2024-12-13 15:32:15.543513+00:00,50.8356,median_energy_dram,unit_test_energy,BubbleSort_SortsListCorrectly
_result,3,2024-12-10 15:43:00.995522+00:00,2024-12-13 15:43:00.995522+00:00,2024-12-13 15:34:22.547919+00:00,51.2988,median_energy_dram,unit_test_energy,BubbleSort_SortsListCorrectly
_result,3,2024-12-10 15:43:00.995522+00:00,2024-12-13 15:43:00.995522+00:00,2024-12-13 15:36:29.963795+00:00,51.1534,median_energy_dram,unit_test_energy,BubbleSort_SortsListCorrectly
_result,3,2024-12-10 15:43:00.995522+00:00,2024-12-13 15:43:00.995522+00:00,2024-12-13 15:38:36.706632+00:00,51.1571,median_energy_dram,unit_test_energy,BubbleSort_SortsListCorrectly
_result,3,2024-12-10 15:43:00.995522+00:00,2024-12-13 15:43:00.995522+00:00,2024-12-13 15:40:43.541631+00:00,51.2871,median_energy_dram,unit_test_energy,BubbleSort_SortsListCorrectly
_result,4,2024-12-10 15:43:00.995522+00:00,2024-12-13 15:43:00.995522+00:00,2024-12-13 14:35:27.900129+00:00,129.0479,median_energy_pkg,unit_test_energy,BubbleSort_SortsListCorrectly
_result,4,2024-12-10 15:43:00.995522+00:00,2024-12-13 15:43:00.995522+00:00,2024-12-13 14:37:35.041467+00:00,127.4445,median_energy_pkg,unit_test_energy,BubbleSort_SortsListCorrectly
_result,4,2024-12-10 15:43:00.995522+00:00,2024-12-13 15:43:00.995522+00:00,2024-12-13 14:39:42.296394+00:00,129.8669,median_energy_pkg,unit_test_energy,BubbleSort_SortsListCorrectly
_result,4,2024-12-10 15:43:00.995522+00:00,2024-12-13 15:43:00.995522+00:00,2024-12-13 14:41:49.490312+00:00,127.2363,median_energy_pkg,unit_test_energy,BubbleSort_SortsListCorrectly
_result,4,2024-12-10 15:43:00.995522+00:00,2024-12-13 15:43:00.995522+00:00,2024-12-13 14:43:56.310411+00:00,129.6417,median_energy_pkg,unit_test_energy,BubbleSort_SortsListCorrectly
_result,4,2024-12-10 15:43:00.995522+00:00,2024-12-13 15:43:00.995522+00:00,2024-12-13 14:46:02.875261+00:00,127.1069,median_energy_pkg,unit_test_energy,BubbleSort_SortsListCorrectly
_result,4,2024-12-10 15:43:00.995522+00:00,2024-12-13 15:43:00.995522+00:00,2024-12-13 14:48:09.761474+00:00,129.3164,median_energy_pkg,unit_test_energy,BubbleSort_SortsListCorrectly
_result,4,2024-12-10 15:43:00.995522+00:00,2024-12-13 15:43:00.995522+00:00,2024-12-13 14:50:16.601714+00:00,127.1735,median_energy_pkg,unit_test_energy,BubbleSort_SortsListCorrectly
_result,4,2024-12-10 15:43:00.995522+00:00,2024-12-13 15:43:00.995522+00:00,2024-12-13 14:52:24.062655+00:00,129.0015,median_energy_pkg,unit_test_energy,BubbleSort_SortsListCorrectly
_result,4,2024-12-10 15:43:00.995522+00:00,2024-12-13 15:43:00.995522+00:00,2024-12-13 14:54:31.214251+00:00,127.5415,median_energy_pkg,unit_test_energy,BubbleSort_SortsListCorrectly
_result,4,2024-12-10 15:43:00.995522+00:00,2024-12-13 15:43:00.995522+00:00,2024-12-13 14:56:38.193024+00:00,129.0015,median_energy_pkg,unit_test_energy,BubbleSort_SortsListCorrectly
_result,4,2024-12-10 15:43:00.995522+00:00,2024-12-13 15:43:00.995522+00:00,2024-12-13 14:58:44.921125+00:00,128.1396,median_energy_pkg,unit_test_energy,BubbleSort_SortsListCorrectly
_result,4,2024-12-10 15:43:00.995522+00:00,2024-12-13 15:43:00.995522+00:00,2024-12-13 15:00:51.865524+00:00,129.115,median_energy_pkg,unit_test_energy,BubbleSort_SortsListCorrectly
_result,4,2024-12-10 15:43:00.995522+00:00,2024-12-13 15:43:00.995522+00:00,2024-12-13 15:02:59.063412+00:00,110.3546,median_energy_pkg,unit_test_energy,BubbleSort_SortsListCorrectly
_result,4,2024-12-10 15:43:00.995522+00:00,2024-12-13 15:43:00.995522+00:00,2024-12-13 15:05:07.360482+00:00,146.4899,median_energy_pkg,unit_test_energy,BubbleSort_SortsListCorrectly
_result,4,2024-12-10 15:43:00.995522+00:00,2024-12-13 15:43:00.995522+00:00,2024-12-13 15:11:06.116374+00:00,128.3185,median_energy_pkg,unit_test_energy,BubbleSort_SortsListCorrectly
_result,4,2024-12-10 15:43:00.995522+00:00,2024-12-13 15:43:00.995522+00:00,2024-12-13 15:13:13.513328+00:00,127.1594,median_energy_pkg,unit_test_energy,BubbleSort_SortsListCorrectly
_result,4,2024-12-10 15:43:00.995522+00:00,2024-12-13 15:43:00.995522+00:00,2024-12-13 15:15:20.431719+00:00,127.3352,median_energy_pkg,unit_test_energy,BubbleSort_SortsListCorrectly
_result,4,2024-12-10 15:43:00.995522+00:00,2024-12-13 15:43:00.995522+00:00,2024-12-13 15:17:27.490168+00:00,126.8237,median_energy_pkg,unit_test_energy,BubbleSort_SortsListCorrectly
_result,4,2024-12-10 15:43:00.995522+00:00,2024-12-13 15:43:00.995522+00:00,2024-12-13 15:19:34.819260+00:00,127.5793,median_energy_pkg,unit_test_energy,BubbleSort_SortsListCorrectly
_result,4,2024-12-10 15:43:00.995522+00:00,2024-12-13 15:43:00.995522+00:00,2024-12-13 15:21:42.093786+00:00,127.1564,median_energy_pkg,unit_test_energy,BubbleSort_SortsListCorrectly
_result,4,2024-12-10 15:43:00.995522+00:00,2024-12-13 15:43:00.995522+00:00,2024-12-13 15:23:48.667590+00:00,127.8784,median_energy_pkg,unit_test_energy,BubbleSort_SortsListCorrectly
_result,4,2024-12-10 15:43:00.995522+00:00,2024-12-13 15:43:00.995522+00:00,2024-12-13 15:25:55.616286+00:00,127.6532,median_energy_pkg,unit_test_energy,BubbleSort_SortsListCorrectly
_result,4,2024-12-10 15:43:00.995522+00:00,2024-12-13 15:43:00.995522+00:00,2024-12-13 15:28:02.309129+00:00,126.8402,median_energy_pkg,unit_test_energy,BubbleSort_SortsListCorrectly
_result,4,2024-12-10 15:43:00.995522+00:00,2024-12-13 15:43:00.995522+00:00,2024-12-13 15:30:08.994190+00:00,128.2288,median_energy_pkg,unit_test_energy,BubbleSort_SortsListCorrectly
_result,4,2024-12-10 15:43:00.995522+00:00,2024-12-13 15:43:00.995522+00:00,2024-12-13 15:32:15.543513+00:00,126.8347,median_energy_pkg,unit_test_energy,BubbleSort_SortsListCorrectly
_result,4,2024-12-10 15:43:00.995522+00:00,2024-12-13 15:43:00.995522+00:00,2024-12-13 15:34:22.547919+00:00,127.6624,median_energy_pkg,unit_test_energy,BubbleSort_SortsListCorrectly
_result,4,2024-12-10 15:43:00.995522+00:00,2024-12-13 15:43:00.995522+00:00,2024-12-13 15:36:29.963795+00:00,127.641,median_energy_pkg,unit_test_energy,BubbleSort_SortsListCorrectly
_result,4,2024-12-10 15:43:00.995522+00:00,2024-12-13 15:43:00.995522+00:00,2024-12-13 15:38:36.706632+00:00,127.7692,median_energy_pkg,unit_test_energy,BubbleSort_SortsListCorrectly
_result,4,2024-12-10 15:43:00.995522+00:00,2024-12-13 15:43:00.995522+00:00,2024-12-13 15:40:43.541631+00:00,128.9874,median_energy_pkg,unit_test_energy,BubbleSort_SortsListCorrectly
_result,5,2024-12-10 15:43:00.995522+00:00,2024-12-13 15:43:00.995522+00:00,2024-12-13 14:35:27.900129+00:00,957.7967,total_energy_dram,unit_test_energy,BubbleSort_SortsListCorrectly
_result,5,2024-12-10 15:43:00.995522+00:00,2024-12-13 15:43:00.995522+00:00,2024-12-13 14:37:35.041467+00:00,954.906,total_energy_dram,unit_test_energy,BubbleSort_SortsListCorrectly
_result,5,2024-12-10 15:43:00.995522+00:00,2024-12-13 15:43:00.995522+00:00,2024-12-13 14:39:42.296394+00:00,971.4796,total_energy_dram,unit_test_energy,BubbleSort_SortsListCorrectly
_result,5,2024-12-10 15:43:00.995522+00:00,2024-12-13 15:43:00.995522+00:00,2024-12-13 14:41:49.490312+00:00,956.3324,total_energy_dram,unit_test_energy,BubbleSort_SortsListCorrectly
_result,5,2024-12-10 15:43:00.995522+00:00,2024-12-13 15:43:00.995522+00:00,2024-12-13 14:43:56.310411+00:00,943.7715,total_energy_dram,unit_test_energy,BubbleSort_SortsListCorrectly
_result,5,2024-12-10 15:43:00.995522+00:00,2024-12-13 15:43:00.995522+00:00,2024-12-13 14:46:02.875261+00:00,941.0456,total_energy_dram,unit_test_energy,BubbleSort_SortsListCorrectly
_result,5,2024-12-10 15:43:00.995522+00:00,2024-12-13 15:43:00.995522+00:00,2024-12-13 14:48:09.761474+00:00,971.1224,total_energy_dram,unit_test_energy,BubbleSort_SortsListCorrectly
_result,5,2024-12-10 15:43:00.995522+00:00,2024-12-13 15:43:00.995522+00:00,2024-12-13 14:50:16.601714+00:00,966.101,total_energy_dram,unit_test_energy,BubbleSort_SortsListCorrectly
_result,5,2024-12-10 15:43:00.995522+00:00,2024-12-13 15:43:00.995522+00:00,2024-12-13 14:52:24.062655+00:00,971.0609,total_energy_dram,unit_test_energy,BubbleSort_SortsListCorrectly
_result,5,2024-12-10 15:43:00.995522+00:00,2024-12-13 15:43:00.995522+00:00,2024-12-13 14:54:31.214251+00:00,965.5243,total_energy_dram,unit_test_energy,BubbleSort_SortsListCorrectly
_result,5,2024-12-10 15:43:00.995522+00:00,2024-12-13 15:43:00.995522+00:00,2024-12-13 14:56:38.193024+00:00,949.5862,total_energy_dram,unit_test_energy,BubbleSort_SortsListCorrectly
_result,5,2024-12-10 15:43:00.995522+00:00,2024-12-13 15:43:00.995522+00:00,2024-12-13 14:58:44.921125+00:00,953.0148,total_energy_dram,unit_test_energy,BubbleSort_SortsListCorrectly
_result,5,2024-12-10 15:43:00.995522+00:00,2024-12-13 15:43:00.995522+00:00,2024-12-13 15:00:51.865524+00:00,961.9353,total_energy_dram,unit_test_energy,BubbleSort_SortsListCorrectly
_result,5,2024-12-10 15:43:00.995522+00:00,2024-12-13 15:43:00.995522+00:00,2024-12-13 15:02:59.063412+00:00,811.4598,total_energy_dram,unit_test_energy,BubbleSort_SortsListCorrectly
_result,5,2024-12-10 15:43:00.995522+00:00,2024-12-13 15:43:00.995522+00:00,2024-12-13 15:05:07.360482+00:00,964.9909,total_energy_dram,unit_test_energy,BubbleSort_SortsListCorrectly
_result,5,2024-12-10 15:43:00.995522+00:00,2024-12-13 15:43:00.995522+00:00,2024-12-13 15:11:06.116374+00:00,950.5977,total_energy_dram,unit_test_energy,BubbleSort_SortsListCorrectly
_result,5,2024-12-10 15:43:00.995522+00:00,2024-12-13 15:43:00.995522+00:00,2024-12-13 15:13:13.513328+00:00,972.29,total_energy_dram,unit_test_energy,BubbleSort_SortsListCorrectly
_result,5,2024-12-10 15:43:00.995522+00:00,2024-12-13 15:43:00.995522+00:00,2024-12-13 15:15:20.431719+00:00,954.5606,total_energy_dram,unit_test_energy,BubbleSort_SortsListCorrectly
_result,5,2024-12-10 15:43:00.995522+00:00,2024-12-13 15:43:00.995522+00:00,2024-12-13 15:17:27.490168+00:00,944.7139,total_energy_dram,unit_test_energy,BubbleSort_SortsListCorrectly
_result,5,2024-12-10 15:43:00.995522+00:00,2024-12-13 15:43:00.995522+00:00,2024-12-13 15:19:34.819260+00:00,967.6574,total_energy_dram,unit_test_energy,BubbleSort_SortsListCorrectly
_result,5,2024-12-10 15:43:00.995522+00:00,2024-12-13 15:43:00.995522+00:00,2024-12-13 15:21:42.093786+00:00,954.1775,total_energy_dram,unit_test_energy,BubbleSort_SortsListCorrectly
_result,5,2024-12-10 15:43:00.995522+00:00,2024-12-13 15:43:00.995522+00:00,2024-12-13 15:23:48.667590+00:00,943.6695,total_energy_dram,unit_test_energy,BubbleSort_SortsListCorrectly
_result,5,2024-12-10 15:43:00.995522+00:00,2024-12-13 15:43:00.995522+00:00,2024-12-13 15:25:55.616286+00:00,966.6629,total_energy_dram,unit_test_energy,BubbleSort_SortsListCorrectly
_result,5,2024-12-10 15:43:00.995522+00:00,2024-12-13 15:43:00.995522+00:00,2024-12-13 15:28:02.309129+00:00,960.6089,total_energy_dram,unit_test_energy,BubbleSort_SortsListCorrectly
_result,5,2024-12-10 15:43:00.995522+00:00,2024-12-13 15:43:00.995522+00:00,2024-12-13 15:30:08.994190+00:00,953.6,total_energy_dram,unit_test_energy,BubbleSort_SortsListCorrectly
_result,5,2024-12-10 15:43:00.995522+00:00,2024-12-13 15:43:00.995522+00:00,2024-12-13 15:32:15.543513+00:00,939.1883,total_energy_dram,unit_test_energy,BubbleSort_SortsListCorrectly
_result,5,2024-12-10 15:43:00.995522+00:00,2024-12-13 15:43:00.995522+00:00,2024-12-13 15:34:22.547919+00:00,964.7555,total_energy_dram,unit_test_energy,BubbleSort_SortsListCorrectly
_result,5,2024-12-10 15:43:00.995522+00:00,2024-12-13 15:43:00.995522+00:00,2024-12-13 15:36:29.963795+00:00,974.113,total_energy_dram,unit_test_energy,BubbleSort_SortsListCorrectly
_result,5,2024-12-10 15:43:00.995522+00:00,2024-12-13 15:43:00.995522+00:00,2024-12-13 15:38:36.706632+00:00,950.5626,total_energy_dram,unit_test_energy,BubbleSort_SortsListCorrectly
_result,5,2024-12-10 15:43:00.995522+00:00,2024-12-13 15:43:00.995522+00:00,2024-12-13 15:40:43.541631+00:00,961.3503,total_energy_dram,unit_test_energy,BubbleSort_SortsListCorrectly
_result,6,2024-12-10 15:43:00.995522+00:00,2024-12-13 15:43:00.995522+00:00,2024-12-13 14:35:27.900129+00:00,2393.278,total_energy_pkg,unit_test_energy,BubbleSort_SortsListCorrectly
_result,6,2024-12-10 15:43:00.995522+00:00,2024-12-13 15:43:00.995522+00:00,2024-12-13 14:37:35.041467+00:00,2399.4979,total_energy_pkg,unit_test_energy,BubbleSort_SortsListCorrectly
_result,6,2024-12-10 15:43:00.995522+00:00,2024-12-13 15:43:00.995522+00:00,2024-12-13 14:39:42.296394+00:00,2439.4147,total_energy_pkg,unit_test_energy,BubbleSort_SortsListCorrectly
_result,6,2024-12-10 15:43:00.995522+00:00,2024-12-13 15:43:00.995522+00:00,2024-12-13 14:41:49.490312+00:00,2382.6671,total_energy_pkg,unit_test_energy,BubbleSort_SortsListCorrectly
_result,6,2024-12-10 15:43:00.995522+00:00,2024-12-13 15:43:00.995522+00:00,2024-12-13 14:43:56.310411+00:00,2365.2492,total_energy_pkg,unit_test_energy,BubbleSort_SortsListCorrectly
_result,6,2024-12-10 15:43:00.995522+00:00,2024-12-13 15:43:00.995522+00:00,2024-12-13 14:46:02.875261+00:00,2352.3621,total_energy_pkg,unit_test_energy,BubbleSort_SortsListCorrectly
_result,6,2024-12-10 15:43:00.995522+00:00,2024-12-13 15:43:00.995522+00:00,2024-12-13 14:48:09.761474+00:00,2430.1855,total_energy_pkg,unit_test_energy,BubbleSort_SortsListCorrectly
_result,6,2024-12-10 15:43:00.995522+00:00,2024-12-13 15:43:00.995522+00:00,2024-12-13 14:50:16.601714+00:00,2415.9648,total_energy_pkg,unit_test_energy,BubbleSort_SortsListCorrectly
_result,6,2024-12-10 15:43:00.995522+00:00,2024-12-13 15:43:00.995522+00:00,2024-12-13 14:52:24.062655+00:00,2425.7017,total_energy_pkg,unit_test_energy,BubbleSort_SortsListCorrectly
_result,6,2024-12-10 15:43:00.995522+00:00,2024-12-13 15:43:00.995522+00:00,2024-12-13 14:54:31.214251+00:00,2413.6002,total_energy_pkg,unit_test_energy,BubbleSort_SortsListCorrectly
_result,6,2024-12-10 15:43:00.995522+00:00,2024-12-13 15:43:00.995522+00:00,2024-12-13 14:56:38.193024+00:00,2370.5921,total_energy_pkg,unit_test_energy,BubbleSort_SortsListCorrectly
_result,6,2024-12-10 15:43:00.995522+00:00,2024-12-13 15:43:00.995522+00:00,2024-12-13 14:58:44.921125+00:00,2397.7112,total_energy_pkg,unit_test_energy,BubbleSort_SortsListCorrectly
_result,6,2024-12-10 15:43:00.995522+00:00,2024-12-13 15:43:00.995522+00:00,2024-12-13 15:00:51.865524+00:00,2405.6819,total_energy_pkg,unit_test_energy,BubbleSort_SortsListCorrectly
_result,6,2024-12-10 15:43:00.995522+00:00,2024-12-13 15:43:00.995522+00:00,2024-12-13 15:02:59.063412+00:00,2111.953,total_energy_pkg,unit_test_energy,BubbleSort_SortsListCorrectly
_result,6,2024-12-10 15:43:00.995522+00:00,2024-12-13 15:43:00.995522+00:00,2024-12-13 15:05:07.360482+00:00,2774.7048,total_energy_pkg,unit_test_energy,BubbleSort_SortsListCorrectly
_result,6,2024-12-10 15:43:00.995522+00:00,2024-12-13 15:43:00.995522+00:00,2024-12-13 15:11:06.116374+00:00,2397.3414,total_energy_pkg,unit_test_energy,BubbleSort_SortsListCorrectly
_result,6,2024-12-10 15:43:00.995522+00:00,2024-12-13 15:43:00.995522+00:00,2024-12-13 15:13:13.513328+00:00,2433.6338,total_energy_pkg,unit_test_energy,BubbleSort_SortsListCorrectly
_result,6,2024-12-10 15:43:00.995522+00:00,2024-12-13 15:43:00.995522+00:00,2024-12-13 15:15:20.431719+00:00,2385.9711,total_energy_pkg,unit_test_energy,BubbleSort_SortsListCorrectly
_result,6,2024-12-10 15:43:00.995522+00:00,2024-12-13 15:43:00.995522+00:00,2024-12-13 15:17:27.490168+00:00,2361.306,total_energy_pkg,unit_test_energy,BubbleSort_SortsListCorrectly
_result,6,2024-12-10 15:43:00.995522+00:00,2024-12-13 15:43:00.995522+00:00,2024-12-13 15:19:34.819260+00:00,2411.1757,total_energy_pkg,unit_test_energy,BubbleSort_SortsListCorrectly
_result,6,2024-12-10 15:43:00.995522+00:00,2024-12-13 15:43:00.995522+00:00,2024-12-13 15:21:42.093786+00:00,2375.6536,total_energy_pkg,unit_test_energy,BubbleSort_SortsListCorrectly
_result,6,2024-12-10 15:43:00.995522+00:00,2024-12-13 15:43:00.995522+00:00,2024-12-13 15:23:48.667590+00:00,2368.5352,total_energy_pkg,unit_test_energy,BubbleSort_SortsListCorrectly
_result,6,2024-12-10 15:43:00.995522+00:00,2024-12-13 15:43:00.995522+00:00,2024-12-13 15:25:55.616286+00:00,2402.594,total_energy_pkg,unit_test_energy,BubbleSort_SortsListCorrectly
_result,6,2024-12-10 15:43:00.995522+00:00,2024-12-13 15:43:00.995522+00:00,2024-12-13 15:28:02.309129+00:00,2387.1553,total_energy_pkg,unit_test_energy,BubbleSort_SortsListCorrectly
_result,6,2024-12-10 15:43:00.995522+00:00,2024-12-13 15:43:00.995522+00:00,2024-12-13 15:30:08.994190+00:00,2381.5665,total_energy_pkg,unit_test_energy,BubbleSort_SortsListCorrectly
_result,6,2024-12-10 15:43:00.995522+00:00,2024-12-13 15:43:00.995522+00:00,2024-12-13 15:32:15.543513+00:00,2349.6423,total_energy_pkg,unit_test_energy,BubbleSort_SortsListCorrectly
_result,6,2024-12-10 15:43:00.995522+00:00,2024-12-13 15:43:00.995522+00:00,2024-12-13 15:34:22.547919+00:00,2414.9001,total_energy_pkg,unit_test_energy,BubbleSort_SortsListCorrectly
_result,6,2024-12-10 15:43:00.995522+00:00,2024-12-13 15:43:00.995522+00:00,2024-12-13 15:36:29.963795+00:00,2442.7255,total_energy_pkg,unit_test_energy,BubbleSort_SortsListCorrectly
_result,6,2024-12-10 15:43:00.995522+00:00,2024-12-13 15:43:00.995522+00:00,2024-12-13 15:38:36.706632+00:00,2365.034,total_energy_pkg,unit_test_energy,BubbleSort_SortsListCorrectly
_result,6,2024-12-10 15:43:00.995522+00:00,2024-12-13 15:43:00.995522+00:00,2024-12-13 15:40:43.541631+00:00,2412.2503,total_energy_pkg,unit_test_energy,BubbleSort_SortsListCorrectly
_result,7,2024-12-10 15:43:00.995522+00:00,2024-12-13 15:43:00.995522+00:00,2024-12-13 14:35:04.327306+00:00,45.1288,avg_energy_dram,unit_test_energy,BuiltInSort_SortsListCorrectly
_result,7,2024-12-10 15:43:00.995522+00:00,2024-12-13 15:43:00.995522+00:00,2024-12-13 14:37:11.430841+00:00,45.122,avg_energy_dram,unit_test_energy,BuiltInSort_SortsListCorrectly
_result,7,2024-12-10 15:43:00.995522+00:00,2024-12-13 15:43:00.995522+00:00,2024-12-13 14:39:18.443604+00:00,45.4597,avg_energy_dram,unit_test_energy,BuiltInSort_SortsListCorrectly
_result,7,2024-12-10 15:43:00.995522+00:00,2024-12-13 15:43:00.995522+00:00,2024-12-13 14:41:26.049442+00:00,45.7641,avg_energy_dram,unit_test_energy,BuiltInSort_SortsListCorrectly
_result,7,2024-12-10 15:43:00.995522+00:00,2024-12-13 15:43:00.995522+00:00,2024-12-13 14:43:33.018398+00:00,45.3055,avg_energy_dram,unit_test_energy,BuiltInSort_SortsListCorrectly
_result,7,2024-12-10 15:43:00.995522+00:00,2024-12-13 15:43:00.995522+00:00,2024-12-13 14:45:39.634914+00:00,45.2857,avg_energy_dram,unit_test_energy,BuiltInSort_SortsListCorrectly
_result,7,2024-12-10 15:43:00.995522+00:00,2024-12-13 15:43:00.995522+00:00,2024-12-13 14:47:45.947024+00:00,44.9411,avg_energy_dram,unit_test_energy,BuiltInSort_SortsListCorrectly
_result,7,2024-12-10 15:43:00.995522+00:00,2024-12-13 15:43:00.995522+00:00,2024-12-13 14:49:52.889717+00:00,47.1728,avg_energy_dram,unit_test_energy,BuiltInSort_SortsListCorrectly
_result,7,2024-12-10 15:43:00.995522+00:00,2024-12-13 15:43:00.995522+00:00,2024-12-13 14:52:00.223976+00:00,48.0252,avg_energy_dram,unit_test_energy,BuiltInSort_SortsListCorrectly
_result,7,2024-12-10 15:43:00.995522+00:00,2024-12-13 15:43:00.995522+00:00,2024-12-13 14:54:07.543617+00:00,45.1322,avg_energy_dram,unit_test_energy,BuiltInSort_SortsListCorrectly
_result,7,2024-12-10 15:43:00.995522+00:00,2024-12-13 15:43:00.995522+00:00,2024-12-13 14:56:14.780598+00:00,45.5962,avg_energy_dram,unit_test_energy,BuiltInSort_SortsListCorrectly
_result,7,2024-12-10 15:43:00.995522+00:00,2024-12-13 15:43:00.995522+00:00,2024-12-13 14:58:21.358924+00:00,45.3987,avg_energy_dram,unit_test_energy,BuiltInSort_SortsListCorrectly
_result,7,2024-12-10 15:43:00.995522+00:00,2024-12-13 15:43:00.995522+00:00,2024-12-13 15:00:28.198458+00:00,47.1311,avg_energy_dram,unit_test_energy,BuiltInSort_SortsListCorrectly
_result,7,2024-12-10 15:43:00.995522+00:00,2024-12-13 15:43:00.995522+00:00,2024-12-13 15:02:35.154803+00:00,35.5025,avg_energy_dram,unit_test_energy,BuiltInSort_SortsListCorrectly
_result,7,2024-12-10 15:43:00.995522+00:00,2024-12-13 15:43:00.995522+00:00,2024-12-13 15:04:43.437141+00:00,51.686,avg_energy_dram,unit_test_energy,BuiltInSort_SortsListCorrectly
_result,7,2024-12-10 15:43:00.995522+00:00,2024-12-13 15:43:00.995522+00:00,2024-12-13 15:10:42.528876+00:00,44.9083,avg_energy_dram,unit_test_energy,BuiltInSort_SortsListCorrectly
_result,7,2024-12-10 15:43:00.995522+00:00,2024-12-13 15:43:00.995522+00:00,2024-12-13 15:12:49.628823+00:00,45.0799,avg_energy_dram,unit_test_energy,BuiltInSort_SortsListCorrectly
_result,7,2024-12-10 15:43:00.995522+00:00,2024-12-13 15:43:00.995522+00:00,2024-12-13 15:14:56.793692+00:00,44.1461,avg_energy_dram,unit_test_energy,BuiltInSort_SortsListCorrectly
_result,7,2024-12-10 15:43:00.995522+00:00,2024-12-13 15:43:00.995522+00:00,2024-12-13 15:17:04.168499+00:00,45.917,avg_energy_dram,unit_test_energy,BuiltInSort_SortsListCorrectly
_result,7,2024-12-10 15:43:00.995522+00:00,2024-12-13 15:43:00.995522+00:00,2024-12-13 15:19:10.998320+00:00,43.6643,avg_energy_dram,unit_test_energy,BuiltInSort_SortsListCorrectly
_result,7,2024-12-10 15:43:00.995522+00:00,2024-12-13 15:43:00.995522+00:00,2024-12-13 15:21:18.604091+00:00,51.8781,avg_energy_dram,unit_test_energy,BuiltInSort_SortsListCorrectly
_result,7,2024-12-10 15:43:00.995522+00:00,2024-12-13 15:43:00.995522+00:00,2024-12-13 15:23:25.342471+00:00,45.5251,avg_energy_dram,unit_test_energy,BuiltInSort_SortsListCorrectly
_result,7,2024-12-10 15:43:00.995522+00:00,2024-12-13 15:43:00.995522+00:00,2024-12-13 15:25:31.899023+00:00,46.7397,avg_energy_dram,unit_test_energy,BuiltInSort_SortsListCorrectly
_result,7,2024-12-10 15:43:00.995522+00:00,2024-12-13 15:43:00.995522+00:00,2024-12-13 15:27:38.720558+00:00,45.4283,avg_energy_dram,unit_test_energy,BuiltInSort_SortsListCorrectly
_result,7,2024-12-10 15:43:00.995522+00:00,2024-12-13 15:43:00.995522+00:00,2024-12-13 15:29:45.541766+00:00,45.2609,avg_energy_dram,unit_test_energy,BuiltInSort_SortsListCorrectly
_result,7,2024-12-10 15:43:00.995522+00:00,2024-12-13 15:43:00.995522+00:00,2024-12-13 15:31:52.276154+00:00,46.4267,avg_energy_dram,unit_test_energy,BuiltInSort_SortsListCorrectly
_result,7,2024-12-10 15:43:00.995522+00:00,2024-12-13 15:43:00.995522+00:00,2024-12-13 15:33:58.891362+00:00,45.2254,avg_energy_dram,unit_test_energy,BuiltInSort_SortsListCorrectly
_result,7,2024-12-10 15:43:00.995522+00:00,2024-12-13 15:43:00.995522+00:00,2024-12-13 15:36:06.077676+00:00,46.6497,avg_energy_dram,unit_test_energy,BuiltInSort_SortsListCorrectly
_result,7,2024-12-10 15:43:00.995522+00:00,2024-12-13 15:43:00.995522+00:00,2024-12-13 15:38:13.310764+00:00,45.5124,avg_energy_dram,unit_test_energy,BuiltInSort_SortsListCorrectly
_result,7,2024-12-10 15:43:00.995522+00:00,2024-12-13 15:43:00.995522+00:00,2024-12-13 15:40:19.855656+00:00,44.5921,avg_energy_dram,unit_test_energy,BuiltInSort_SortsListCorrectly
_result,8,2024-12-10 15:43:00.995522+00:00,2024-12-13 15:43:00.995522+00:00,2024-12-13 14:35:04.327306+00:00,116.9504,avg_energy_pkg,unit_test_energy,BuiltInSort_SortsListCorrectly
_result,8,2024-12-10 15:43:00.995522+00:00,2024-12-13 15:43:00.995522+00:00,2024-12-13 14:37:11.430841+00:00,117.054,avg_energy_pkg,unit_test_energy,BuiltInSort_SortsListCorrectly
_result,8,2024-12-10 15:43:00.995522+00:00,2024-12-13 15:43:00.995522+00:00,2024-12-13 14:39:18.443604+00:00,118.3363,avg_energy_pkg,unit_test_energy,BuiltInSort_SortsListCorrectly
_result,8,2024-12-10 15:43:00.995522+00:00,2024-12-13 15:43:00.995522+00:00,2024-12-13 14:41:26.049442+00:00,118.5856,avg_energy_pkg,unit_test_energy,BuiltInSort_SortsListCorrectly
_result,8,2024-12-10 15:43:00.995522+00:00,2024-12-13 15:43:00.995522+00:00,2024-12-13 14:43:33.018398+00:00,117.1673,avg_energy_pkg,unit_test_energy,BuiltInSort_SortsListCorrectly
_result,8,2024-12-10 15:43:00.995522+00:00,2024-12-13 15:43:00.995522+00:00,2024-12-13 14:45:39.634914+00:00,116.8564,avg_energy_pkg,unit_test_energy,BuiltInSort_SortsListCorrectly
_result,8,2024-12-10 15:43:00.995522+00:00,2024-12-13 15:43:00.995522+00:00,2024-12-13 14:47:45.947024+00:00,116.4434,avg_energy_pkg,unit_test_energy,BuiltInSort_SortsListCorrectly
_result,8,2024-12-10 15:43:00.995522+00:00,2024-12-13 15:43:00.995522+00:00,2024-12-13 14:49:52.889717+00:00,120.1498,avg_energy_pkg,unit_test_energy,BuiltInSort_SortsListCorrectly
_result,8,2024-12-10 15:43:00.995522+00:00,2024-12-13 15:43:00.995522+00:00,2024-12-13 14:52:00.223976+00:00,119.1894,avg_energy_pkg,unit_test_energy,BuiltInSort_SortsListCorrectly
_result,8,2024-12-10 15:43:00.995522+00:00,2024-12-13 15:43:00.995522+00:00,2024-12-13 14:54:07.543617+00:00,116.9245,avg_energy_pkg,unit_test_energy,BuiltInSort_SortsListCorrectly
_result,8,2024-12-10 15:43:00.995522+00:00,2024-12-13 15:43:00.995522+00:00,2024-12-13 14:56:14.780598+00:00,117.6847,avg_energy_pkg,unit_test_energy,BuiltInSort_SortsListCorrectly
_result,8,2024-12-10 15:43:00.995522+00:00,2024-12-13 15:43:00.995522+00:00,2024-12-13 14:58:21.358924+00:00,117.485,avg_energy_pkg,unit_test_energy,BuiltInSort_SortsListCorrectly
_result,8,2024-12-10 15:43:00.995522+00:00,2024-12-13 15:43:00.995522+00:00,2024-12-13 15:00:28.198458+00:00,119.5131,avg_energy_pkg,unit_test_energy,BuiltInSort_SortsListCorrectly
_result,8,2024-12-10 15:43:00.995522+00:00,2024-12-13 15:43:00.995522+00:00,2024-12-13 15:02:35.154803+00:00,67.5902,avg_energy_pkg,unit_test_energy,BuiltInSort_SortsListCorrectly
_result,8,2024-12-10 15:43:00.995522+00:00,2024-12-13 15:43:00.995522+00:00,2024-12-13 15:04:43.437141+00:00,141.7643,avg_energy_pkg,unit_test_energy,BuiltInSort_SortsListCorrectly
_result,8,2024-12-10 15:43:00.995522+00:00,2024-12-13 15:43:00.995522+00:00,2024-12-13 15:10:42.528876+00:00,116.3785,avg_energy_pkg,unit_test_energy,BuiltInSort_SortsListCorrectly
_result,8,2024-12-10 15:43:00.995522+00:00,2024-12-13 15:43:00.995522+00:00,2024-12-13 15:12:49.628823+00:00,116.6469,avg_energy_pkg,unit_test_energy,BuiltInSort_SortsListCorrectly
_result,8,2024-12-10 15:43:00.995522+00:00,2024-12-13 15:43:00.995522+00:00,2024-12-13 15:14:56.793692+00:00,116.1051,avg_energy_pkg,unit_test_energy,BuiltInSort_SortsListCorrectly
_result,8,2024-12-10 15:43:00.995522+00:00,2024-12-13 15:43:00.995522+00:00,2024-12-13 15:17:04.168499+00:00,118.3838,avg_energy_pkg,unit_test_energy,BuiltInSort_SortsListCorrectly
_result,8,2024-12-10 15:43:00.995522+00:00,2024-12-13 15:43:00.995522+00:00,2024-12-13 15:19:10.998320+00:00,115.716,avg_energy_pkg,unit_test_energy,BuiltInSort_SortsListCorrectly
_result,8,2024-12-10 15:43:00.995522+00:00,2024-12-13 15:43:00.995522+00:00,2024-12-13 15:21:18.604091+00:00,122.6287,avg_energy_pkg,unit_test_energy,BuiltInSort_SortsListCorrectly
_result,8,2024-12-10 15:43:00.995522+00:00,2024-12-13 15:43:00.995522+00:00,2024-12-13 15:23:25.342471+00:00,117.4601,avg_energy_pkg,unit_test_energy,BuiltInSort_SortsListCorrectly
_result,8,2024-12-10 15:43:00.995522+00:00,2024-12-13 15:43:00.995522+00:00,2024-12-13 15:25:31.899023+00:00,119.0311,avg_energy_pkg,unit_test_energy,BuiltInSort_SortsListCorrectly
_result,8,2024-12-10 15:43:00.995522+00:00,2024-12-13 15:43:00.995522+00:00,2024-12-13 15:27:38.720558+00:00,117.7603,avg_energy_pkg,unit_test_energy,BuiltInSort_SortsListCorrectly
_result,8,2024-12-10 15:43:00.995522+00:00,2024-12-13 15:43:00.995522+00:00,2024-12-13 15:29:45.541766+00:00,116.9738,avg_energy_pkg,unit_test_energy,BuiltInSort_SortsListCorrectly
_result,8,2024-12-10 15:43:00.995522+00:00,2024-12-13 15:43:00.995522+00:00,2024-12-13 15:31:52.276154+00:00,117.0619,avg_energy_pkg,unit_test_energy,BuiltInSort_SortsListCorrectly
_result,8,2024-12-10 15:43:00.995522+00:00,2024-12-13 15:43:00.995522+00:00,2024-12-13 15:33:58.891362+00:00,117.3261,avg_energy_pkg,unit_test_energy,BuiltInSort_SortsListCorrectly
_result,8,2024-12-10 15:43:00.995522+00:00,2024-12-13 15:43:00.995522+00:00,2024-12-13 15:36:06.077676+00:00,117.2339,avg_energy_pkg,unit_test_energy,BuiltInSort_SortsListCorrectly
_result,8,2024-12-10 15:43:00.995522+00:00,2024-12-13 15:43:00.995522+00:00,2024-12-13 15:38:13.310764+00:00,116.5549,avg_energy_pkg,unit_test_energy,BuiltInSort_SortsListCorrectly
_result,8,2024-12-10 15:43:00.995522+00:00,2024-12-13 15:43:00.995522+00:00,2024-12-13 15:40:19.855656+00:00,115.9065,avg_energy_pkg,unit_test_energy,BuiltInSort_SortsListCorrectly
_result,9,2024-12-10 15:43:00.995522+00:00,2024-12-13 15:43:00.995522+00:00,2024-12-13 14:35:04.327306+00:00,0.0729,duration,unit_test_energy,BuiltInSort_SortsListCorrectly
_result,9,2024-12-10 15:43:00.995522+00:00,2024-12-13 15:43:00.995522+00:00,2024-12-13 14:37:11.430841+00:00,0.0729,duration,unit_test_energy,BuiltInSort_SortsListCorrectly
_result,9,2024-12-10 15:43:00.995522+00:00,2024-12-13 15:43:00.995522+00:00,2024-12-13 14:39:18.443604+00:00,0.075,duration,unit_test_energy,BuiltInSort_SortsListCorrectly
_result,9,2024-12-10 15:43:00.995522+00:00,2024-12-13 15:43:00.995522+00:00,2024-12-13 14:41:26.049442+00:00,0.0724,duration,unit_test_energy,BuiltInSort_SortsListCorrectly
_result,9,2024-12-10 15:43:00.995522+00:00,2024-12-13 15:43:00.995522+00:00,2024-12-13 14:43:33.018398+00:00,0.0739,duration,unit_test_energy,BuiltInSort_SortsListCorrectly
_result,9,2024-12-10 15:43:00.995522+00:00,2024-12-13 15:43:00.995522+00:00,2024-12-13 14:45:39.634914+00:00,0.0793,duration,unit_test_energy,BuiltInSort_SortsListCorrectly
_result,9,2024-12-10 15:43:00.995522+00:00,2024-12-13 15:43:00.995522+00:00,2024-12-13 14:47:45.947024+00:00,0.0757,duration,unit_test_energy,BuiltInSort_SortsListCorrectly
_result,9,2024-12-10 15:43:00.995522+00:00,2024-12-13 15:43:00.995522+00:00,2024-12-13 14:49:52.889717+00:00,0.0768,duration,unit_test_energy,BuiltInSort_SortsListCorrectly
_result,9,2024-12-10 15:43:00.995522+00:00,2024-12-13 15:43:00.995522+00:00,2024-12-13 14:52:00.223976+00:00,0.0757,duration,unit_test_energy,BuiltInSort_SortsListCorrectly
_result,9,2024-12-10 15:43:00.995522+00:00,2024-12-13 15:43:00.995522+00:00,2024-12-13 14:54:07.543617+00:00,0.0723,duration,unit_test_energy,BuiltInSort_SortsListCorrectly
_result,9,2024-12-10 15:43:00.995522+00:00,2024-12-13 15:43:00.995522+00:00,2024-12-13 14:56:14.780598+00:00,0.0762,duration,unit_test_energy,BuiltInSort_SortsListCorrectly
_result,9,2024-12-10 15:43:00.995522+00:00,2024-12-13 15:43:00.995522+00:00,2024-12-13 14:58:21.358924+00:00,0.0731,duration,unit_test_energy,BuiltInSort_SortsListCorrectly
_result,9,2024-12-10 15:43:00.995522+00:00,2024-12-13 15:43:00.995522+00:00,2024-12-13 15:00:28.198458+00:00,0.0765,duration,unit_test_energy,BuiltInSort_SortsListCorrectly
_result,9,2024-12-10 15:43:00.995522+00:00,2024-12-13 15:43:00.995522+00:00,2024-12-13 15:02:35.154803+00:00,0.0749,duration,unit_test_energy,BuiltInSort_SortsListCorrectly
_result,9,2024-12-10 15:43:00.995522+00:00,2024-12-13 15:43:00.995522+00:00,2024-12-13 15:04:43.437141+00:00,0.0764,duration,unit_test_energy,BuiltInSort_SortsListCorrectly
_result,9,2024-12-10 15:43:00.995522+00:00,2024-12-13 15:43:00.995522+00:00,2024-12-13 15:10:42.528876+00:00,0.0778,duration,unit_test_energy,BuiltInSort_SortsListCorrectly
_result,9,2024-12-10 15:43:00.995522+00:00,2024-12-13 15:43:00.995522+00:00,2024-12-13 15:12:49.628823+00:00,0.073,duration,unit_test_energy,BuiltInSort_SortsListCorrectly
_result,9,2024-12-10 15:43:00.995522+00:00,2024-12-13 15:43:00.995522+00:00,2024-12-13 15:14:56.793692+00:00,0.0716,duration,unit_test_energy,BuiltInSort_SortsListCorrectly
_result,9,2024-12-10 15:43:00.995522+00:00,2024-12-13 15:43:00.995522+00:00,2024-12-13 15:17:04.168499+00:00,0.0763,duration,unit_test_energy,BuiltInSort_SortsListCorrectly
_result,9,2024-12-10 15:43:00.995522+00:00,2024-12-13 15:43:00.995522+00:00,2024-12-13 15:19:10.998320+00:00,0.0757,duration,unit_test_energy,BuiltInSort_SortsListCorrectly
_result,9,2024-12-10 15:43:00.995522+00:00,2024-12-13 15:43:00.995522+00:00,2024-12-13 15:21:18.604091+00:00,0.0729,duration,unit_test_energy,BuiltInSort_SortsListCorrectly
_result,9,2024-12-10 15:43:00.995522+00:00,2024-12-13 15:43:00.995522+00:00,2024-12-13 15:23:25.342471+00:00,0.0744,duration,unit_test_energy,BuiltInSort_SortsListCorrectly
_result,9,2024-12-10 15:43:00.995522+00:00,2024-12-13 15:43:00.995522+00:00,2024-12-13 15:25:31.899023+00:00,0.0756,duration,unit_test_energy,BuiltInSort_SortsListCorrectly
_result,9,2024-12-10 15:43:00.995522+00:00,2024-12-13 15:43:00.995522+00:00,2024-12-13 15:27:38.720558+00:00,0.0736,duration,unit_test_energy,BuiltInSort_SortsListCorrectly
_result,9,2024-12-10 15:43:00.995522+00:00,2024-12-13 15:43:00.995522+00:00,2024-12-13 15:29:45.541766+00:00,0.0794,duration,unit_test_energy,BuiltInSort_SortsListCorrectly
_result,9,2024-12-10 15:43:00.995522+00:00,2024-12-13 15:43:00.995522+00:00,2024-12-13 15:31:52.276154+00:00,0.0721,duration,unit_test_energy,BuiltInSort_SortsListCorrectly
_result,9,2024-12-10 15:43:00.995522+00:00,2024-12-13 15:43:00.995522+00:00,2024-12-13 15:33:58.891362+00:00,0.0752,duration,unit_test_energy,BuiltInSort_SortsListCorrectly
_result,9,2024-12-10 15:43:00.995522+00:00,2024-12-13 15:43:00.995522+00:00,2024-12-13 15:36:06.077676+00:00,0.075,duration,unit_test_energy,BuiltInSort_SortsListCorrectly
_result,9,2024-12-10 15:43:00.995522+00:00,2024-12-13 15:43:00.995522+00:00,2024-12-13 15:38:13.310764+00:00,0.0727,duration,unit_test_energy,BuiltInSort_SortsListCorrectly
_result,9,2024-12-10 15:43:00.995522+00:00,2024-12-13 15:43:00.995522+00:00,2024-12-13 15:40:19.855656+00:00,0.0753,duration,unit_test_energy,BuiltInSort_SortsListCorrectly
_result,10,2024-12-10 15:43:00.995522+00:00,2024-12-13 15:43:00.995522+00:00,2024-12-13 14:35:04.327306+00:00,45.8701,median_energy_dram,unit_test_energy,BuiltInSort_SortsListCorrectly
_result,10,2024-12-10 15:43:00.995522+00:00,2024-12-13 15:43:00.995522+00:00,2024-12-13 14:37:11.430841+00:00,45.8029,median_energy_dram,unit_test_energy,BuiltInSort_SortsListCorrectly
_result,10,2024-12-10 15:43:00.995522+00:00,2024-12-13 15:43:00.995522+00:00,2024-12-13 14:39:18.443604+00:00,47.7704,median_energy_dram,unit_test_energy,BuiltInSort_SortsListCorrectly
_result,10,2024-12-10 15:43:00.995522+00:00,2024-12-13 15:43:00.995522+00:00,2024-12-13 14:41:26.049442+00:00,46.2509,median_energy_dram,unit_test_energy,BuiltInSort_SortsListCorrectly
_result,10,2024-12-10 15:43:00.995522+00:00,2024-12-13 15:43:00.995522+00:00,2024-12-13 14:43:33.018398+00:00,45.6448,median_energy_dram,unit_test_energy,BuiltInSort_SortsListCorrectly
_result,10,2024-12-10 15:43:00.995522+00:00,2024-12-13 15:43:00.995522+00:00,2024-12-13 14:45:39.634914+00:00,47.7246,median_energy_dram,unit_test_energy,BuiltInSort_SortsListCorrectly
_result,10,2024-12-10 15:43:00.995522+00:00,2024-12-13 15:43:00.995522+00:00,2024-12-13 14:47:45.947024+00:00,47.6862,median_energy_dram,unit_test_energy,BuiltInSort_SortsListCorrectly
_result,10,2024-12-10 15:43:00.995522+00:00,2024-12-13 15:43:00.995522+00:00,2024-12-13 14:49:52.889717+00:00,45.6253,median_energy_dram,unit_test_energy,BuiltInSort_SortsListCorrectly
_result,10,2024-12-10 15:43:00.995522+00:00,2024-12-13 15:43:00.995522+00:00,2024-12-13 14:52:00.223976+00:00,46.6302,median_energy_dram,unit_test_energy,BuiltInSort_SortsListCorrectly
_result,10,2024-12-10 15:43:00.995522+00:00,2024-12-13 15:43:00.995522+00:00,2024-12-13 14:54:07.543617+00:00,47.1124,median_energy_dram,unit_test_energy,BuiltInSort_SortsListCorrectly
_result,10,2024-12-10 15:43:00.995522+00:00,2024-12-13 15:43:00.995522+00:00,2024-12-13 14:56:14.780598+00:00,47.9758,median_energy_dram,unit_test_energy,BuiltInSort_SortsListCorrectly
_result,10,2024-12-10 15:43:00.995522+00:00,2024-12-13 15:43:00.995522+00:00,2024-12-13 14:58:21.358924+00:00,45.9326,median_energy_dram,unit_test_energy,BuiltInSort_SortsListCorrectly
_result,10,2024-12-10 15:43:00.995522+00:00,2024-12-13 15:43:00.995522+00:00,2024-12-13 15:00:28.198458+00:00,45.1813,median_energy_dram,unit_test_energy,BuiltInSort_SortsListCorrectly
_result,10,2024-12-10 15:43:00.995522+00:00,2024-12-13 15:43:00.995522+00:00,2024-12-13 15:02:35.154803+00:00,37.3849,median_energy_dram,unit_test_energy,BuiltInSort_SortsListCorrectly
_result,10,2024-12-10 15:43:00.995522+00:00,2024-12-13 15:43:00.995522+00:00,2024-12-13 15:04:43.437141+00:00,54.3082,median_energy_dram,unit_test_energy,BuiltInSort_SortsListCorrectly
_result,10,2024-12-10 15:43:00.995522+00:00,2024-12-13 15:43:00.995522+00:00,2024-12-13 15:10:42.528876+00:00,43.9218,median_energy_dram,unit_test_energy,BuiltInSort_SortsListCorrectly
_result,10,2024-12-10 15:43:00.995522+00:00,2024-12-13 15:43:00.995522+00:00,2024-12-13 15:12:49.628823+00:00,47.2269,median_energy_dram,unit_test_energy,BuiltInSort_SortsListCorrectly
_result,10,2024-12-10 15:43:00.995522+00:00,2024-12-13 15:43:00.995522+00:00,2024-12-13 15:14:56.793692+00:00,44.5578,median_energy_dram,unit_test_energy,BuiltInSort_SortsListCorrectly
_result,10,2024-12-10 15:43:00.995522+00:00,2024-12-13 15:43:00.995522+00:00,2024-12-13 15:17:04.168499+00:00,48.1924,median_energy_dram,unit_test_energy,BuiltInSort_SortsListCorrectly
_result,10,2024-12-10 15:43:00.995522+00:00,2024-12-13 15:43:00.995522+00:00,2024-12-13 15:19:10.998320+00:00,44.1501,median_energy_dram,unit_test_energy,BuiltInSort_SortsListCorrectly
_result,10,2024-12-10 15:43:00.995522+00:00,2024-12-13 15:43:00.995522+00:00,2024-12-13 15:21:18.604091+00:00,55.2658,median_energy_dram,unit_test_energy,BuiltInSort_SortsListCorrectly
_result,10,2024-12-10 15:43:00.995522+00:00,2024-12-13 15:43:00.995522+00:00,2024-12-13 15:23:25.342471+00:00,47.8406,median_energy_dram,unit_test_energy,BuiltInSort_SortsListCorrectly
_result,10,2024-12-10 15:43:00.995522+00:00,2024-12-13 15:43:00.995522+00:00,2024-12-13 15:25:31.899023+00:00,47.1869,median_energy_dram,unit_test_energy,BuiltInSort_SortsListCorrectly
_result,10,2024-12-10 15:43:00.995522+00:00,2024-12-13 15:43:00.995522+00:00,2024-12-13 15:27:38.720558+00:00,47.6462,median_energy_dram,unit_test_energy,BuiltInSort_SortsListCorrectly
_result,10,2024-12-10 15:43:00.995522+00:00,2024-12-13 15:43:00.995522+00:00,2024-12-13 15:29:45.541766+00:00,45.5765,median_energy_dram,unit_test_energy,BuiltInSort_SortsListCorrectly
_result,10,2024-12-10 15:43:00.995522+00:00,2024-12-13 15:43:00.995522+00:00,2024-12-13 15:31:52.276154+00:00,48.9032,median_energy_dram,unit_test_energy,BuiltInSort_SortsListCorrectly
_result,10,2024-12-10 15:43:00.995522+00:00,2024-12-13 15:43:00.995522+00:00,2024-12-13 15:33:58.891362+00:00,47.7487,median_energy_dram,unit_test_energy,BuiltInSort_SortsListCorrectly
_result,10,2024-12-10 15:43:00.995522+00:00,2024-12-13 15:43:00.995522+00:00,2024-12-13 15:36:06.077676+00:00,47.5903,median_energy_dram,unit_test_energy,BuiltInSort_SortsListCorrectly
_result,10,2024-12-10 15:43:00.995522+00:00,2024-12-13 15:43:00.995522+00:00,2024-12-13 15:38:13.310764+00:00,45.6879,median_energy_dram,unit_test_energy,BuiltInSort_SortsListCorrectly
_result,10,2024-12-10 15:43:00.995522+00:00,2024-12-13 15:43:00.995522+00:00,2024-12-13 15:40:19.855656+00:00,47.4069,median_energy_dram,unit_test_energy,BuiltInSort_SortsListCorrectly
_result,11,2024-12-10 15:43:00.995522+00:00,2024-12-13 15:43:00.995522+00:00,2024-12-13 14:35:04.327306+00:00,118.9441,median_energy_pkg,unit_test_energy,BuiltInSort_SortsListCorrectly
_result,11,2024-12-10 15:43:00.995522+00:00,2024-12-13 15:43:00.995522+00:00,2024-12-13 14:37:11.430841+00:00,118.783,median_energy_pkg,unit_test_energy,BuiltInSort_SortsListCorrectly
_result,11,2024-12-10 15:43:00.995522+00:00,2024-12-13 15:43:00.995522+00:00,2024-12-13 14:39:18.443604+00:00,124.4043,median_energy_pkg,unit_test_energy,BuiltInSort_SortsListCorrectly
_result,11,2024-12-10 15:43:00.995522+00:00,2024-12-13 15:43:00.995522+00:00,2024-12-13 14:41:26.049442+00:00,120.0476,median_energy_pkg,unit_test_energy,BuiltInSort_SortsListCorrectly
_result,11,2024-12-10 15:43:00.995522+00:00,2024-12-13 15:43:00.995522+00:00,2024-12-13 14:43:33.018398+00:00,118.0005,median_energy_pkg,unit_test_energy,BuiltInSort_SortsListCorrectly
_result,11,2024-12-10 15:43:00.995522+00:00,2024-12-13 15:43:00.995522+00:00,2024-12-13 14:45:39.634914+00:00,123.1311,median_energy_pkg,unit_test_energy,BuiltInSort_SortsListCorrectly
_result,11,2024-12-10 15:43:00.995522+00:00,2024-12-13 15:43:00.995522+00:00,2024-12-13 14:47:45.947024+00:00,123.7976,median_energy_pkg,unit_test_energy,BuiltInSort_SortsListCorrectly
_result,11,2024-12-10 15:43:00.995522+00:00,2024-12-13 15:43:00.995522+00:00,2024-12-13 14:49:52.889717+00:00,121.0608,median_energy_pkg,unit_test_energy,BuiltInSort_SortsListCorrectly
_result,11,2024-12-10 15:43:00.995522+00:00,2024-12-13 15:43:00.995522+00:00,2024-12-13 14:52:00.223976+00:00,119.3542,median_energy_pkg,unit_test_energy,BuiltInSort_SortsListCorrectly
_result,11,2024-12-10 15:43:00.995522+00:00,2024-12-13 15:43:00.995522+00:00,2024-12-13 14:54:07.543617+00:00,122.4805,median_energy_pkg,unit_test_energy,BuiltInSort_SortsListCorrectly
_result,11,2024-12-10 15:43:00.995522+00:00,2024-12-13 15:43:00.995522+00:00,2024-12-13 14:56:14.780598+00:00,123.9673,median_energy_pkg,unit_test_energy,BuiltInSort_SortsListCorrectly
_result,11,2024-12-10 15:43:00.995522+00:00,2024-12-13 15:43:00.995522+00:00,2024-12-13 14:58:21.358924+00:00,119.0735,median_energy_pkg,unit_test_energy,BuiltInSort_SortsListCorrectly
_result,11,2024-12-10 15:43:00.995522+00:00,2024-12-13 15:43:00.995522+00:00,2024-12-13 15:00:28.198458+00:00,119.6118,median_energy_pkg,unit_test_energy,BuiltInSort_SortsListCorrectly
_result,11,2024-12-10 15:43:00.995522+00:00,2024-12-13 15:43:00.995522+00:00,2024-12-13 15:02:35.154803+00:00,71.355,median_energy_pkg,unit_test_energy,BuiltInSort_SortsListCorrectly
_result,11,2024-12-10 15:43:00.995522+00:00,2024-12-13 15:43:00.995522+00:00,2024-12-13 15:04:43.437141+00:00,148.9417,median_energy_pkg,unit_test_energy,BuiltInSort_SortsListCorrectly
_result,11,2024-12-10 15:43:00.995522+00:00,2024-12-13 15:43:00.995522+00:00,2024-12-13 15:10:42.528876+00:00,113.5681,median_energy_pkg,unit_test_energy,BuiltInSort_SortsListCorrectly
_result,11,2024-12-10 15:43:00.995522+00:00,2024-12-13 15:43:00.995522+00:00,2024-12-13 15:12:49.628823+00:00,122.478,median_energy_pkg,unit_test_energy,BuiltInSort_SortsListCorrectly
_result,11,2024-12-10 15:43:00.995522+00:00,2024-12-13 15:43:00.995522+00:00,2024-12-13 15:14:56.793692+00:00,117.3242,median_energy_pkg,unit_test_energy,BuiltInSort_SortsListCorrectly
_result,11,2024-12-10 15:43:00.995522+00:00,2024-12-13 15:43:00.995522+00:00,2024-12-13 15:17:04.168499+00:00,124.3518,median_energy_pkg,unit_test_energy,BuiltInSort_SortsListCorrectly
_result,11,2024-12-10 15:43:00.995522+00:00,2024-12-13 15:43:00.995522+00:00,2024-12-13 15:19:10.998320+00:00,117.3206,median_energy_pkg,unit_test_energy,BuiltInSort_SortsListCorrectly
_result,11,2024-12-10 15:43:00.995522+00:00,2024-12-13 15:43:00.995522+00:00,2024-12-13 15:21:18.604091+00:00,130.6763,median_energy_pkg,unit_test_energy,BuiltInSort_SortsListCorrectly
_result,11,2024-12-10 15:43:00.995522+00:00,2024-12-13 15:43:00.995522+00:00,2024-12-13 15:23:25.342471+00:00,123.4631,median_energy_pkg,unit_test_energy,BuiltInSort_SortsListCorrectly
_result,11,2024-12-10 15:43:00.995522+00:00,2024-12-13 15:43:00.995522+00:00,2024-12-13 15:25:31.899023+00:00,122.7661,median_energy_pkg,unit_test_energy,BuiltInSort_SortsListCorrectly
_result,11,2024-12-10 15:43:00.995522+00:00,2024-12-13 15:43:00.995522+00:00,2024-12-13 15:27:38.720558+00:00,123.8062,median_energy_pkg,unit_test_energy,BuiltInSort_SortsListCorrectly
_result,11,2024-12-10 15:43:00.995522+00:00,2024-12-13 15:43:00.995522+00:00,2024-12-13 15:29:45.541766+00:00,117.9858,median_energy_pkg,unit_test_energy,BuiltInSort_SortsListCorrectly
_result,11,2024-12-10 15:43:00.995522+00:00,2024-12-13 15:43:00.995522+00:00,2024-12-13 15:31:52.276154+00:00,123.2043,median_energy_pkg,unit_test_energy,BuiltInSort_SortsListCorrectly
_result,11,2024-12-10 15:43:00.995522+00:00,2024-12-13 15:43:00.995522+00:00,2024-12-13 15:33:58.891362+00:00,124.0381,median_energy_pkg,unit_test_energy,BuiltInSort_SortsListCorrectly
_result,11,2024-12-10 15:43:00.995522+00:00,2024-12-13 15:43:00.995522+00:00,2024-12-13 15:36:06.077676+00:00,119.5544,median_energy_pkg,unit_test_energy,BuiltInSort_SortsListCorrectly
_result,11,2024-12-10 15:43:00.995522+00:00,2024-12-13 15:43:00.995522+00:00,2024-12-13 15:38:13.310764+00:00,117.6514,median_energy_pkg,unit_test_energy,BuiltInSort_SortsListCorrectly
_result,11,2024-12-10 15:43:00.995522+00:00,2024-12-13 15:43:00.995522+00:00,2024-12-13 15:40:19.855656+00:00,123.136,median_energy_pkg,unit_test_energy,BuiltInSort_SortsListCorrectly
_result,12,2024-12-10 15:43:00.995522+00:00,2024-12-13 15:43:00.995522+00:00,2024-12-13 14:35:04.327306+00:00,3.289,total_energy_dram,unit_test_energy,BuiltInSort_SortsListCorrectly
_result,12,2024-12-10 15:43:00.995522+00:00,2024-12-13 15:43:00.995522+00:00,2024-12-13 14:37:11.430841+00:00,3.2902,total_energy_dram,unit_test_energy,BuiltInSort_SortsListCorrectly
_result,12,2024-12-10 15:43:00.995522+00:00,2024-12-13 15:43:00.995522+00:00,2024-12-13 14:39:18.443604+00:00,3.4111,total_energy_dram,unit_test_energy,BuiltInSort_SortsListCorrectly
_result,12,2024-12-10 15:43:00.995522+00:00,2024-12-13 15:43:00.995522+00:00,2024-12-13 14:41:26.049442+00:00,3.314,total_energy_dram,unit_test_energy,BuiltInSort_SortsListCorrectly
_result,12,2024-12-10 15:43:00.995522+00:00,2024-12-13 15:43:00.995522+00:00,2024-12-13 14:43:33.018398+00:00,3.3492,total_energy_dram,unit_test_energy,BuiltInSort_SortsListCorrectly
_result,12,2024-12-10 15:43:00.995522+00:00,2024-12-13 15:43:00.995522+00:00,2024-12-13 14:45:39.634914+00:00,3.5909,total_energy_dram,unit_test_energy,BuiltInSort_SortsListCorrectly
_result,12,2024-12-10 15:43:00.995522+00:00,2024-12-13 15:43:00.995522+00:00,2024-12-13 14:47:45.947024+00:00,3.402,total_energy_dram,unit_test_energy,BuiltInSort_SortsListCorrectly
_result,12,2024-12-10 15:43:00.995522+00:00,2024-12-13 15:43:00.995522+00:00,2024-12-13 14:49:52.889717+00:00,3.6218,total_energy_dram,unit_test_energy,BuiltInSort_SortsListCorrectly
_result,12,2024-12-10 15:43:00.995522+00:00,2024-12-13 15:43:00.995522+00:00,2024-12-13 14:52:00.223976+00:00,3.6364,total_energy_dram,unit_test_energy,BuiltInSort_SortsListCorrectly
_result,12,2024-12-10 15:43:00.995522+00:00,2024-12-13 15:43:00.995522+00:00,2024-12-13 14:54:07.543617+00:00,3.2613,total_energy_dram,unit_test_energy,BuiltInSort_SortsListCorrectly
_result,12,2024-12-10 15:43:00.995522+00:00,2024-12-13 15:43:00.995522+00:00,2024-12-13 14:56:14.780598+00:00,3.4738,total_energy_dram,unit_test_energy,BuiltInSort_SortsListCorrectly
_result,12,2024-12-10 15:43:00.995522+00:00,2024-12-13 15:43:00.995522+00:00,2024-12-13 14:58:21.358924+00:00,3.3193,total_energy_dram,unit_test_energy,BuiltInSort_SortsListCorrectly
_result,12,2024-12-10 15:43:00.995522+00:00,2024-12-13 15:43:00.995522+00:00,2024-12-13 15:00:28.198458+00:00,3.605,total_energy_dram,unit_test_energy,BuiltInSort_SortsListCorrectly
_result,12,2024-12-10 15:43:00.995522+00:00,2024-12-13 15:43:00.995522+00:00,2024-12-13 15:02:35.154803+00:00,2.6588,total_energy_dram,unit_test_energy,BuiltInSort_SortsListCorrectly
_result,12,2024-12-10 15:43:00.995522+00:00,2024-12-13 15:43:00.995522+00:00,2024-12-13 15:04:43.437141+00:00,3.9463,total_energy_dram,unit_test_energy,BuiltInSort_SortsListCorrectly
_result,12,2024-12-10 15:43:00.995522+00:00,2024-12-13 15:43:00.995522+00:00,2024-12-13 15:10:42.528876+00:00,3.4961,total_energy_dram,unit_test_energy,BuiltInSort_SortsListCorrectly
_result,12,2024-12-10 15:43:00.995522+00:00,2024-12-13 15:43:00.995522+00:00,2024-12-13 15:12:49.628823+00:00,3.2919,total_energy_dram,unit_test_energy,BuiltInSort_SortsListCorrectly
_result,12,2024-12-10 15:43:00.995522+00:00,2024-12-13 15:43:00.995522+00:00,2024-12-13 15:14:56.793692+00:00,3.1588,total_energy_dram,unit_test_energy,BuiltInSort_SortsListCorrectly
_result,12,2024-12-10 15:43:00.995522+00:00,2024-12-13 15:43:00.995522+00:00,2024-12-13 15:17:04.168499+00:00,3.5047,total_energy_dram,unit_test_energy,BuiltInSort_SortsListCorrectly
_result,12,2024-12-10 15:43:00.995522+00:00,2024-12-13 15:43:00.995522+00:00,2024-12-13 15:19:10.998320+00:00,3.3067,total_energy_dram,unit_test_energy,BuiltInSort_SortsListCorrectly
_result,12,2024-12-10 15:43:00.995522+00:00,2024-12-13 15:43:00.995522+00:00,2024-12-13 15:21:18.604091+00:00,3.7806,total_energy_dram,unit_test_energy,BuiltInSort_SortsListCorrectly
_result,12,2024-12-10 15:43:00.995522+00:00,2024-12-13 15:43:00.995522+00:00,2024-12-13 15:23:25.342471+00:00,3.388,total_energy_dram,unit_test_energy,BuiltInSort_SortsListCorrectly
_result,12,2024-12-10 15:43:00.995522+00:00,2024-12-13 15:43:00.995522+00:00,2024-12-13 15:25:31.899023+00:00,3.5329,total_energy_dram,unit_test_energy,BuiltInSort_SortsListCorrectly
_result,12,2024-12-10 15:43:00.995522+00:00,2024-12-13 15:43:00.995522+00:00,2024-12-13 15:27:38.720558+00:00,3.3425,total_energy_dram,unit_test_energy,BuiltInSort_SortsListCorrectly
_result,12,2024-12-10 15:43:00.995522+00:00,2024-12-13 15:43:00.995522+00:00,2024-12-13 15:29:45.541766+00:00,3.5939,total_energy_dram,unit_test_energy,BuiltInSort_SortsListCorrectly
_result,12,2024-12-10 15:43:00.995522+00:00,2024-12-13 15:43:00.995522+00:00,2024-12-13 15:31:52.276154+00:00,3.3496,total_energy_dram,unit_test_energy,BuiltInSort_SortsListCorrectly
_result,12,2024-12-10 15:43:00.995522+00:00,2024-12-13 15:43:00.995522+00:00,2024-12-13 15:33:58.891362+00:00,3.4023,total_energy_dram,unit_test_energy,BuiltInSort_SortsListCorrectly
_result,12,2024-12-10 15:43:00.995522+00:00,2024-12-13 15:43:00.995522+00:00,2024-12-13 15:36:06.077676+00:00,3.4967,total_energy_dram,unit_test_energy,BuiltInSort_SortsListCorrectly
_result,12,2024-12-10 15:43:00.995522+00:00,2024-12-13 15:43:00.995522+00:00,2024-12-13 15:38:13.310764+00:00,3.3069,total_energy_dram,unit_test_energy,BuiltInSort_SortsListCorrectly
_result,12,2024-12-10 15:43:00.995522+00:00,2024-12-13 15:43:00.995522+00:00,2024-12-13 15:40:19.855656+00:00,3.3573,total_energy_dram,unit_test_energy,BuiltInSort_SortsListCorrectly
_result,13,2024-12-10 15:43:00.995522+00:00,2024-12-13 15:43:00.995522+00:00,2024-12-13 14:35:04.327306+00:00,8.5233,total_energy_pkg,unit_test_energy,BuiltInSort_SortsListCorrectly
_result,13,2024-12-10 15:43:00.995522+00:00,2024-12-13 15:43:00.995522+00:00,2024-12-13 14:37:11.430841+00:00,8.5353,total_energy_pkg,unit_test_energy,BuiltInSort_SortsListCorrectly
_result,13,2024-12-10 15:43:00.995522+00:00,2024-12-13 15:43:00.995522+00:00,2024-12-13 14:39:18.443604+00:00,8.8795,total_energy_pkg,unit_test_energy,BuiltInSort_SortsListCorrectly
_result,13,2024-12-10 15:43:00.995522+00:00,2024-12-13 15:43:00.995522+00:00,2024-12-13 14:41:26.049442+00:00,8.5873,total_energy_pkg,unit_test_energy,BuiltInSort_SortsListCorrectly
_result,13,2024-12-10 15:43:00.995522+00:00,2024-12-13 15:43:00.995522+00:00,2024-12-13 14:43:33.018398+00:00,8.6617,total_energy_pkg,unit_test_energy,BuiltInSort_SortsListCorrectly
_result,13,2024-12-10 15:43:00.995522+00:00,2024-12-13 15:43:00.995522+00:00,2024-12-13 14:45:39.634914+00:00,9.2659,total_energy_pkg,unit_test_energy,BuiltInSort_SortsListCorrectly
_result,13,2024-12-10 15:43:00.995522+00:00,2024-12-13 15:43:00.995522+00:00,2024-12-13 14:47:45.947024+00:00,8.8148,total_energy_pkg,unit_test_energy,BuiltInSort_SortsListCorrectly
_result,13,2024-12-10 15:43:00.995522+00:00,2024-12-13 15:43:00.995522+00:00,2024-12-13 14:49:52.889717+00:00,9.2247,total_energy_pkg,unit_test_energy,BuiltInSort_SortsListCorrectly
_result,13,2024-12-10 15:43:00.995522+00:00,2024-12-13 15:43:00.995522+00:00,2024-12-13 14:52:00.223976+00:00,9.0248,total_energy_pkg,unit_test_energy,BuiltInSort_SortsListCorrectly
_result,13,2024-12-10 15:43:00.995522+00:00,2024-12-13 15:43:00.995522+00:00,2024-12-13 14:54:07.543617+00:00,8.4491,total_energy_pkg,unit_test_energy,BuiltInSort_SortsListCorrectly
_result,13,2024-12-10 15:43:00.995522+00:00,2024-12-13 15:43:00.995522+00:00,2024-12-13 14:56:14.780598+00:00,8.9661,total_energy_pkg,unit_test_energy,BuiltInSort_SortsListCorrectly
_result,13,2024-12-10 15:43:00.995522+00:00,2024-12-13 15:43:00.995522+00:00,2024-12-13 14:58:21.358924+00:00,8.5898,total_energy_pkg,unit_test_energy,BuiltInSort_SortsListCorrectly
_result,13,2024-12-10 15:43:00.995522+00:00,2024-12-13 15:43:00.995522+00:00,2024-12-13 15:00:28.198458+00:00,9.1414,total_energy_pkg,unit_test_energy,BuiltInSort_SortsListCorrectly
_result,13,2024-12-10 15:43:00.995522+00:00,2024-12-13 15:43:00.995522+00:00,2024-12-13 15:02:35.154803+00:00,5.0618,total_energy_pkg,unit_test_energy,BuiltInSort_SortsListCorrectly
_result,13,2024-12-10 15:43:00.995522+00:00,2024-12-13 15:43:00.995522+00:00,2024-12-13 15:04:43.437141+00:00,10.8238,total_energy_pkg,unit_test_energy,BuiltInSort_SortsListCorrectly
_result,13,2024-12-10 15:43:00.995522+00:00,2024-12-13 15:43:00.995522+00:00,2024-12-13 15:10:42.528876+00:00,9.0601,total_energy_pkg,unit_test_energy,BuiltInSort_SortsListCorrectly
_result,13,2024-12-10 15:43:00.995522+00:00,2024-12-13 15:43:00.995522+00:00,2024-12-13 15:12:49.628823+00:00,8.5179,total_energy_pkg,unit_test_energy,BuiltInSort_SortsListCorrectly
_result,13,2024-12-10 15:43:00.995522+00:00,2024-12-13 15:43:00.995522+00:00,2024-12-13 15:14:56.793692+00:00,8.3077,total_energy_pkg,unit_test_energy,BuiltInSort_SortsListCorrectly
_result,13,2024-12-10 15:43:00.995522+00:00,2024-12-13 15:43:00.995522+00:00,2024-12-13 15:17:04.168499+00:00,9.0359,total_energy_pkg,unit_test_energy,BuiltInSort_SortsListCorrectly
_result,13,2024-12-10 15:43:00.995522+00:00,2024-12-13 15:43:00.995522+00:00,2024-12-13 15:19:10.998320+00:00,8.7632,total_energy_pkg,unit_test_energy,BuiltInSort_SortsListCorrectly
_result,13,2024-12-10 15:43:00.995522+00:00,2024-12-13 15:43:00.995522+00:00,2024-12-13 15:21:18.604091+00:00,8.9366,total_energy_pkg,unit_test_energy,BuiltInSort_SortsListCorrectly
_result,13,2024-12-10 15:43:00.995522+00:00,2024-12-13 15:43:00.995522+00:00,2024-12-13 15:23:25.342471+00:00,8.7415,total_energy_pkg,unit_test_energy,BuiltInSort_SortsListCorrectly
_result,13,2024-12-10 15:43:00.995522+00:00,2024-12-13 15:43:00.995522+00:00,2024-12-13 15:25:31.899023+00:00,8.9972,total_energy_pkg,unit_test_energy,BuiltInSort_SortsListCorrectly
_result,13,2024-12-10 15:43:00.995522+00:00,2024-12-13 15:43:00.995522+00:00,2024-12-13 15:27:38.720558+00:00,8.6644,total_energy_pkg,unit_test_energy,BuiltInSort_SortsListCorrectly
_result,13,2024-12-10 15:43:00.995522+00:00,2024-12-13 15:43:00.995522+00:00,2024-12-13 15:29:45.541766+00:00,9.2882,total_energy_pkg,unit_test_energy,BuiltInSort_SortsListCorrectly
_result,13,2024-12-10 15:43:00.995522+00:00,2024-12-13 15:43:00.995522+00:00,2024-12-13 15:31:52.276154+00:00,8.4459,total_energy_pkg,unit_test_energy,BuiltInSort_SortsListCorrectly
_result,13,2024-12-10 15:43:00.995522+00:00,2024-12-13 15:43:00.995522+00:00,2024-12-13 15:33:58.891362+00:00,8.8264,total_energy_pkg,unit_test_energy,BuiltInSort_SortsListCorrectly
_result,13,2024-12-10 15:43:00.995522+00:00,2024-12-13 15:43:00.995522+00:00,2024-12-13 15:36:06.077676+00:00,8.7874,total_energy_pkg,unit_test_energy,BuiltInSort_SortsListCorrectly
_result,13,2024-12-10 15:43:00.995522+00:00,2024-12-13 15:43:00.995522+00:00,2024-12-13 15:38:13.310764+00:00,8.4687,total_energy_pkg,unit_test_energy,BuiltInSort_SortsListCorrectly
_result,13,2024-12-10 15:43:00.995522+00:00,2024-12-13 15:43:00.995522+00:00,2024-12-13 15:40:19.855656+00:00,8.7265,total_energy_pkg,unit_test_energy,BuiltInSort_SortsListCorrectly
_result,14,2024-12-10 15:43:00.995522+00:00,2024-12-13 15:43:00.995522+00:00,2024-12-13 14:34:48.907440+00:00,51.3043,avg_energy_dram,unit_test_energy,InsertionSort_100000Entries
_result,14,2024-12-10 15:43:00.995522+00:00,2024-12-13 15:43:00.995522+00:00,2024-12-13 14:36:56.017797+00:00,51.5577,avg_energy_dram,unit_test_energy,InsertionSort_100000Entries
_result,14,2024-12-10 15:43:00.995522+00:00,2024-12-13 15:43:00.995522+00:00,2024-12-13 14:39:03.019276+00:00,51.7237,avg_energy_dram,unit_test_energy,InsertionSort_100000Entries
_result,14,2024-12-10 15:43:00.995522+00:00,2024-12-13 15:43:00.995522+00:00,2024-12-13 14:41:10.619742+00:00,51.523,avg_energy_dram,unit_test_energy,InsertionSort_100000Entries
_result,14,2024-12-10 15:43:00.995522+00:00,2024-12-13 15:43:00.995522+00:00,2024-12-13 14:43:17.591420+00:00,51.4974,avg_energy_dram,unit_test_energy,InsertionSort_100000Entries
_result,14,2024-12-10 15:43:00.995522+00:00,2024-12-13 15:43:00.995522+00:00,2024-12-13 14:45:24.217182+00:00,51.6598,avg_energy_dram,unit_test_energy,InsertionSort_100000Entries
_result,14,2024-12-10 15:43:00.995522+00:00,2024-12-13 15:43:00.995522+00:00,2024-12-13 14:47:30.528780+00:00,51.6793,avg_energy_dram,unit_test_energy,InsertionSort_100000Entries
_result,14,2024-12-10 15:43:00.995522+00:00,2024-12-13 15:43:00.995522+00:00,2024-12-13 14:49:37.416537+00:00,51.6609,avg_energy_dram,unit_test_energy,InsertionSort_100000Entries
_result,14,2024-12-10 15:43:00.995522+00:00,2024-12-13 15:43:00.995522+00:00,2024-12-13 14:51:44.803712+00:00,51.6346,avg_energy_dram,unit_test_energy,InsertionSort_100000Entries
_result,14,2024-12-10 15:43:00.995522+00:00,2024-12-13 15:43:00.995522+00:00,2024-12-13 14:53:52.118925+00:00,51.5758,avg_energy_dram,unit_test_energy,InsertionSort_100000Entries
_result,14,2024-12-10 15:43:00.995522+00:00,2024-12-13 15:43:00.995522+00:00,2024-12-13 14:55:59.354365+00:00,51.6322,avg_energy_dram,unit_test_energy,InsertionSort_100000Entries
_result,14,2024-12-10 15:43:00.995522+00:00,2024-12-13 15:43:00.995522+00:00,2024-12-13 14:58:05.947228+00:00,51.6926,avg_energy_dram,unit_test_energy,InsertionSort_100000Entries
_result,14,2024-12-10 15:43:00.995522+00:00,2024-12-13 15:43:00.995522+00:00,2024-12-13 15:00:12.671618+00:00,51.5803,avg_energy_dram,unit_test_energy,InsertionSort_100000Entries
_result,14,2024-12-10 15:43:00.995522+00:00,2024-12-13 15:43:00.995522+00:00,2024-12-13 15:02:19.724139+00:00,43.008,avg_energy_dram,unit_test_energy,InsertionSort_100000Entries
_result,14,2024-12-10 15:43:00.995522+00:00,2024-12-13 15:43:00.995522+00:00,2024-12-13 15:04:28.021535+00:00,51.0037,avg_energy_dram,unit_test_energy,InsertionSort_100000Entries
_result,14,2024-12-10 15:43:00.995522+00:00,2024-12-13 15:43:00.995522+00:00,2024-12-13 15:10:27.075001+00:00,51.6456,avg_energy_dram,unit_test_energy,InsertionSort_100000Entries
_result,14,2024-12-10 15:43:00.995522+00:00,2024-12-13 15:43:00.995522+00:00,2024-12-13 15:12:34.183759+00:00,51.6657,avg_energy_dram,unit_test_energy,InsertionSort_100000Entries
_result,14,2024-12-10 15:43:00.995522+00:00,2024-12-13 15:43:00.995522+00:00,2024-12-13 15:14:41.387380+00:00,51.6083,avg_energy_dram,unit_test_energy,InsertionSort_100000Entries
_result,14,2024-12-10 15:43:00.995522+00:00,2024-12-13 15:43:00.995522+00:00,2024-12-13 15:16:48.736954+00:00,51.5704,avg_energy_dram,unit_test_energy,InsertionSort_100000Entries
_result,14,2024-12-10 15:43:00.995522+00:00,2024-12-13 15:43:00.995522+00:00,2024-12-13 15:18:55.514137+00:00,51.5911,avg_energy_dram,unit_test_energy,InsertionSort_100000Entries
_result,14,2024-12-10 15:43:00.995522+00:00,2024-12-13 15:43:00.995522+00:00,2024-12-13 15:21:03.198250+00:00,51.5786,avg_energy_dram,unit_test_energy,InsertionSort_100000Entries
_result,14,2024-12-10 15:43:00.995522+00:00,2024-12-13 15:43:00.995522+00:00,2024-12-13 15:23:09.919023+00:00,51.5752,avg_energy_dram,unit_test_energy,InsertionSort_100000Entries
_result,14,2024-12-10 15:43:00.995522+00:00,2024-12-13 15:43:00.995522+00:00,2024-12-13 15:25:16.391861+00:00,51.6921,avg_energy_dram,unit_test_energy,InsertionSort_100000Entries
_result,14,2024-12-10 15:43:00.995522+00:00,2024-12-13 15:43:00.995522+00:00,2024-12-13 15:27:23.293592+00:00,51.6535,avg_energy_dram,unit_test_energy,InsertionSort_100000Entries
_result,14,2024-12-10 15:43:00.995522+00:00,2024-12-13 15:43:00.995522+00:00,2024-12-13 15:29:30.089920+00:00,51.658,avg_energy_dram,unit_test_energy,InsertionSort_100000Entries
_result,14,2024-12-10 15:43:00.995522+00:00,2024-12-13 15:43:00.995522+00:00,2024-12-13 15:31:36.863196+00:00,51.6993,avg_energy_dram,unit_test_energy,InsertionSort_100000Entries
_result,14,2024-12-10 15:43:00.995522+00:00,2024-12-13 15:43:00.995522+00:00,2024-12-13 15:33:43.463335+00:00,51.6946,avg_energy_dram,unit_test_energy,InsertionSort_100000Entries
_result,14,2024-12-10 15:43:00.995522+00:00,2024-12-13 15:43:00.995522+00:00,2024-12-13 15:35:50.669561+00:00,51.5309,avg_energy_dram,unit_test_energy,InsertionSort_100000Entries
_result,14,2024-12-10 15:43:00.995522+00:00,2024-12-13 15:43:00.995522+00:00,2024-12-13 15:37:57.899097+00:00,51.5648,avg_energy_dram,unit_test_energy,InsertionSort_100000Entries
_result,14,2024-12-10 15:43:00.995522+00:00,2024-12-13 15:43:00.995522+00:00,2024-12-13 15:40:04.385627+00:00,51.72,avg_energy_dram,unit_test_energy,InsertionSort_100000Entries
_result,15,2024-12-10 15:43:00.995522+00:00,2024-12-13 15:43:00.995522+00:00,2024-12-13 14:34:48.907440+00:00,128.2925,avg_energy_pkg,unit_test_energy,InsertionSort_100000Entries
_result,15,2024-12-10 15:43:00.995522+00:00,2024-12-13 15:43:00.995522+00:00,2024-12-13 14:36:56.017797+00:00,129.1805,avg_energy_pkg,unit_test_energy,InsertionSort_100000Entries
_result,15,2024-12-10 15:43:00.995522+00:00,2024-12-13 15:43:00.995522+00:00,2024-12-13 14:39:03.019276+00:00,129.3728,avg_energy_pkg,unit_test_energy,InsertionSort_100000Entries
_result,15,2024-12-10 15:43:00.995522+00:00,2024-12-13 15:43:00.995522+00:00,2024-12-13 14:41:10.619742+00:00,129.2571,avg_energy_pkg,unit_test_energy,InsertionSort_100000Entries
_result,15,2024-12-10 15:43:00.995522+00:00,2024-12-13 15:43:00.995522+00:00,2024-12-13 14:43:17.591420+00:00,128.8626,avg_energy_pkg,unit_test_energy,InsertionSort_100000Entries
_result,15,2024-12-10 15:43:00.995522+00:00,2024-12-13 15:43:00.995522+00:00,2024-12-13 14:45:24.217182+00:00,128.8258,avg_energy_pkg,unit_test_energy,InsertionSort_100000Entries
_result,15,2024-12-10 15:43:00.995522+00:00,2024-12-13 15:43:00.995522+00:00,2024-12-13 14:47:30.528780+00:00,129.7438,avg_energy_pkg,unit_test_energy,InsertionSort_100000Entries
_result,15,2024-12-10 15:43:00.995522+00:00,2024-12-13 15:43:00.995522+00:00,2024-12-13 14:49:37.416537+00:00,129.7904,avg_energy_pkg,unit_test_energy,InsertionSort_100000Entries
_result,15,2024-12-10 15:43:00.995522+00:00,2024-12-13 15:43:00.995522+00:00,2024-12-13 14:51:44.803712+00:00,129.1498,avg_energy_pkg,unit_test_energy,InsertionSort_100000Entries
_result,15,2024-12-10 15:43:00.995522+00:00,2024-12-13 15:43:00.995522+00:00,2024-12-13 14:53:52.118925+00:00,129.2638,avg_energy_pkg,unit_test_energy,InsertionSort_100000Entries
_result,15,2024-12-10 15:43:00.995522+00:00,2024-12-13 15:43:00.995522+00:00,2024-12-13 14:55:59.354365+00:00,129.3907,avg_energy_pkg,unit_test_energy,InsertionSort_100000Entries
_result,15,2024-12-10 15:43:00.995522+00:00,2024-12-13 15:43:00.995522+00:00,2024-12-13 14:58:05.947228+00:00,129.3045,avg_energy_pkg,unit_test_energy,InsertionSort_100000Entries
_result,15,2024-12-10 15:43:00.995522+00:00,2024-12-13 15:43:00.995522+00:00,2024-12-13 15:00:12.671618+00:00,129.3181,avg_energy_pkg,unit_test_energy,InsertionSort_100000Entries
_result,15,2024-12-10 15:43:00.995522+00:00,2024-12-13 15:43:00.995522+00:00,2024-12-13 15:02:19.724139+00:00,111.9321,avg_energy_pkg,unit_test_energy,InsertionSort_100000Entries
_result,15,2024-12-10 15:43:00.995522+00:00,2024-12-13 15:43:00.995522+00:00,2024-12-13 15:04:28.021535+00:00,145.9167,avg_energy_pkg,unit_test_energy,InsertionSort_100000Entries
_result,15,2024-12-10 15:43:00.995522+00:00,2024-12-13 15:43:00.995522+00:00,2024-12-13 15:10:27.075001+00:00,129.3159,avg_energy_pkg,unit_test_energy,InsertionSort_100000Entries
_result,15,2024-12-10 15:43:00.995522+00:00,2024-12-13 15:43:00.995522+00:00,2024-12-13 15:12:34.183759+00:00,129.011,avg_energy_pkg,unit_test_energy,InsertionSort_100000Entries
_result,15,2024-12-10 15:43:00.995522+00:00,2024-12-13 15:43:00.995522+00:00,2024-12-13 15:14:41.387380+00:00,128.9355,avg_energy_pkg,unit_test_energy,InsertionSort_100000Entries
_result,15,2024-12-10 15:43:00.995522+00:00,2024-12-13 15:43:00.995522+00:00,2024-12-13 15:16:48.736954+00:00,128.8376,avg_energy_pkg,unit_test_energy,InsertionSort_100000Entries
_result,15,2024-12-10 15:43:00.995522+00:00,2024-12-13 15:43:00.995522+00:00,2024-12-13 15:18:55.514137+00:00,128.8709,avg_energy_pkg,unit_test_energy,InsertionSort_100000Entries
_result,15,2024-12-10 15:43:00.995522+00:00,2024-12-13 15:43:00.995522+00:00,2024-12-13 15:21:03.198250+00:00,129.0601,avg_energy_pkg,unit_test_energy,InsertionSort_100000Entries
_result,15,2024-12-10 15:43:00.995522+00:00,2024-12-13 15:43:00.995522+00:00,2024-12-13 15:23:09.919023+00:00,129.214,avg_energy_pkg,unit_test_energy,InsertionSort_100000Entries
_result,15,2024-12-10 15:43:00.995522+00:00,2024-12-13 15:43:00.995522+00:00,2024-12-13 15:25:16.391861+00:00,128.8016,avg_energy_pkg,unit_test_energy,InsertionSort_100000Entries
_result,15,2024-12-10 15:43:00.995522+00:00,2024-12-13 15:43:00.995522+00:00,2024-12-13 15:27:23.293592+00:00,129.2815,avg_energy_pkg,unit_test_energy,InsertionSort_100000Entries
_result,15,2024-12-10 15:43:00.995522+00:00,2024-12-13 15:43:00.995522+00:00,2024-12-13 15:29:30.089920+00:00,129.7132,avg_energy_pkg,unit_test_energy,InsertionSort_100000Entries
_result,15,2024-12-10 15:43:00.995522+00:00,2024-12-13 15:43:00.995522+00:00,2024-12-13 15:31:36.863196+00:00,129.3704,avg_energy_pkg,unit_test_energy,InsertionSort_100000Entries
_result,15,2024-12-10 15:43:00.995522+00:00,2024-12-13 15:43:00.995522+00:00,2024-12-13 15:33:43.463335+00:00,129.4225,avg_energy_pkg,unit_test_energy,InsertionSort_100000Entries
_result,15,2024-12-10 15:43:00.995522+00:00,2024-12-13 15:43:00.995522+00:00,2024-12-13 15:35:50.669561+00:00,128.6834,avg_energy_pkg,unit_test_energy,InsertionSort_100000Entries
_result,15,2024-12-10 15:43:00.995522+00:00,2024-12-13 15:43:00.995522+00:00,2024-12-13 15:37:57.899097+00:00,128.6611,avg_energy_pkg,unit_test_energy,InsertionSort_100000Entries
_result,15,2024-12-10 15:43:00.995522+00:00,2024-12-13 15:43:00.995522+00:00,2024-12-13 15:40:04.385627+00:00,129.4377,avg_energy_pkg,unit_test_energy,InsertionSort_100000Entries
_result,16,2024-12-10 15:43:00.995522+00:00,2024-12-13 15:43:00.995522+00:00,2024-12-13 14:34:48.907440+00:00,20.6486,duration,unit_test_energy,InsertionSort_100000Entries
_result,16,2024-12-10 15:43:00.995522+00:00,2024-12-13 15:43:00.995522+00:00,2024-12-13 14:36:56.017797+00:00,20.4074,duration,unit_test_energy,InsertionSort_100000Entries
_result,16,2024-12-10 15:43:00.995522+00:00,2024-12-13 15:43:00.995522+00:00,2024-12-13 14:39:03.019276+00:00,20.2799,duration,unit_test_energy,InsertionSort_100000Entries
_result,16,2024-12-10 15:43:00.995522+00:00,2024-12-13 15:43:00.995522+00:00,2024-12-13 14:41:10.619742+00:00,20.6249,duration,unit_test_energy,InsertionSort_100000Entries
_result,16,2024-12-10 15:43:00.995522+00:00,2024-12-13 15:43:00.995522+00:00,2024-12-13 14:43:17.591420+00:00,20.5454,duration,unit_test_energy,InsertionSort_100000Entries
_result,16,2024-12-10 15:43:00.995522+00:00,2024-12-13 15:43:00.995522+00:00,2024-12-13 14:45:24.217182+00:00,20.2697,duration,unit_test_energy,InsertionSort_100000Entries
_result,16,2024-12-10 15:43:00.995522+00:00,2024-12-13 15:43:00.995522+00:00,2024-12-13 14:47:30.528780+00:00,20.1373,duration,unit_test_energy,InsertionSort_100000Entries
_result,16,2024-12-10 15:43:00.995522+00:00,2024-12-13 15:43:00.995522+00:00,2024-12-13 14:49:37.416537+00:00,20.1328,duration,unit_test_energy,InsertionSort_100000Entries
_result,16,2024-12-10 15:43:00.995522+00:00,2024-12-13 15:43:00.995522+00:00,2024-12-13 14:51:44.803712+00:00,20.4697,duration,unit_test_energy,InsertionSort_100000Entries
_result,16,2024-12-10 15:43:00.995522+00:00,2024-12-13 15:43:00.995522+00:00,2024-12-13 14:53:52.118925+00:00,20.251,duration,unit_test_energy,InsertionSort_100000Entries
_result,16,2024-12-10 15:43:00.995522+00:00,2024-12-13 15:43:00.995522+00:00,2024-12-13 14:55:59.354365+00:00,20.4711,duration,unit_test_energy,InsertionSort_100000Entries
_result,16,2024-12-10 15:43:00.995522+00:00,2024-12-13 15:43:00.995522+00:00,2024-12-13 14:58:05.947228+00:00,20.1815,duration,unit_test_energy,InsertionSort_100000Entries
_result,16,2024-12-10 15:43:00.995522+00:00,2024-12-13 15:43:00.995522+00:00,2024-12-13 15:00:12.671618+00:00,20.2494,duration,unit_test_energy,InsertionSort_100000Entries
_result,16,2024-12-10 15:43:00.995522+00:00,2024-12-13 15:43:00.995522+00:00,2024-12-13 15:02:19.724139+00:00,20.4286,duration,unit_test_energy,InsertionSort_100000Entries
_result,16,2024-12-10 15:43:00.995522+00:00,2024-12-13 15:43:00.995522+00:00,2024-12-13 15:04:28.021535+00:00,20.8567,duration,unit_test_energy,InsertionSort_100000Entries
_result,16,2024-12-10 15:43:00.995522+00:00,2024-12-13 15:43:00.995522+00:00,2024-12-13 15:10:27.075001+00:00,20.4565,duration,unit_test_energy,InsertionSort_100000Entries
_result,16,2024-12-10 15:43:00.995522+00:00,2024-12-13 15:43:00.995522+00:00,2024-12-13 15:12:34.183759+00:00,20.3218,duration,unit_test_energy,InsertionSort_100000Entries
_result,16,2024-12-10 15:43:00.995522+00:00,2024-12-13 15:43:00.995522+00:00,2024-12-13 15:14:41.387380+00:00,20.3694,duration,unit_test_energy,InsertionSort_100000Entries
_result,16,2024-12-10 15:43:00.995522+00:00,2024-12-13 15:43:00.995522+00:00,2024-12-13 15:16:48.736954+00:00,20.5208,duration,unit_test_energy,InsertionSort_100000Entries
_result,16,2024-12-10 15:43:00.995522+00:00,2024-12-13 15:43:00.995522+00:00,2024-12-13 15:18:55.514137+00:00,20.5203,duration,unit_test_energy,InsertionSort_100000Entries
_result,16,2024-12-10 15:43:00.995522+00:00,2024-12-13 15:43:00.995522+00:00,2024-12-13 15:21:03.198250+00:00,20.4883,duration,unit_test_energy,InsertionSort_100000Entries
_result,16,2024-12-10 15:43:00.995522+00:00,2024-12-13 15:43:00.995522+00:00,2024-12-13 15:23:09.919023+00:00,20.2875,duration,unit_test_energy,InsertionSort_100000Entries
_result,16,2024-12-10 15:43:00.995522+00:00,2024-12-13 15:43:00.995522+00:00,2024-12-13 15:25:16.391861+00:00,20.2487,duration,unit_test_energy,InsertionSort_100000Entries
_result,16,2024-12-10 15:43:00.995522+00:00,2024-12-13 15:43:00.995522+00:00,2024-12-13 15:27:23.293592+00:00,20.2904,duration,unit_test_energy,InsertionSort_100000Entries
_result,16,2024-12-10 15:43:00.995522+00:00,2024-12-13 15:43:00.995522+00:00,2024-12-13 15:29:30.089920+00:00,20.2042,duration,unit_test_energy,InsertionSort_100000Entries
_result,16,2024-12-10 15:43:00.995522+00:00,2024-12-13 15:43:00.995522+00:00,2024-12-13 15:31:36.863196+00:00,20.3037,duration,unit_test_energy,InsertionSort_100000Entries
_result,16,2024-12-10 15:43:00.995522+00:00,2024-12-13 15:43:00.995522+00:00,2024-12-13 15:33:43.463335+00:00,20.1847,duration,unit_test_energy,InsertionSort_100000Entries
_result,16,2024-12-10 15:43:00.995522+00:00,2024-12-13 15:43:00.995522+00:00,2024-12-13 15:35:50.669561+00:00,20.475,duration,unit_test_energy,InsertionSort_100000Entries
_result,16,2024-12-10 15:43:00.995522+00:00,2024-12-13 15:43:00.995522+00:00,2024-12-13 15:37:57.899097+00:00,20.3654,duration,unit_test_energy,InsertionSort_100000Entries
_result,16,2024-12-10 15:43:00.995522+00:00,2024-12-13 15:43:00.995522+00:00,2024-12-13 15:40:04.385627+00:00,20.0857,duration,unit_test_energy,InsertionSort_100000Entries
_result,17,2024-12-10 15:43:00.995522+00:00,2024-12-13 15:43:00.995522+00:00,2024-12-13 14:34:48.907440+00:00,51.1011,median_energy_dram,unit_test_energy,InsertionSort_100000Entries
_result,17,2024-12-10 15:43:00.995522+00:00,2024-12-13 15:43:00.995522+00:00,2024-12-13 14:36:56.017797+00:00,51.3849,median_energy_dram,unit_test_energy,InsertionSort_100000Entries
_result,17,2024-12-10 15:43:00.995522+00:00,2024-12-13 15:43:00.995522+00:00,2024-12-13 14:39:03.019276+00:00,51.3,median_energy_dram,unit_test_energy,InsertionSort_100000Entries
_result,17,2024-12-10 15:43:00.995522+00:00,2024-12-13 15:43:00.995522+00:00,2024-12-13 14:41:10.619742+00:00,51.4011,median_energy_dram,unit_test_energy,InsertionSort_100000Entries
_result,17,2024-12-10 15:43:00.995522+00:00,2024-12-13 15:43:00.995522+00:00,2024-12-13 14:43:17.591420+00:00,51.1203,median_energy_dram,unit_test_energy,InsertionSort_100000Entries
_result,17,2024-12-10 15:43:00.995522+00:00,2024-12-13 15:43:00.995522+00:00,2024-12-13 14:45:24.217182+00:00,51.4316,median_energy_dram,unit_test_energy,InsertionSort_100000Entries
_result,17,2024-12-10 15:43:00.995522+00:00,2024-12-13 15:43:00.995522+00:00,2024-12-13 14:47:30.528780+00:00,51.1993,median_energy_dram,unit_test_energy,InsertionSort_100000Entries
_result,17,2024-12-10 15:43:00.995522+00:00,2024-12-13 15:43:00.995522+00:00,2024-12-13 14:49:37.416537+00:00,51.4941,median_energy_dram,unit_test_energy,InsertionSort_100000Entries
_result,17,2024-12-10 15:43:00.995522+00:00,2024-12-13 15:43:00.995522+00:00,2024-12-13 14:51:44.803712+00:00,51.151,median_energy_dram,unit_test_energy,InsertionSort_100000Entries
_result,17,2024-12-10 15:43:00.995522+00:00,2024-12-13 15:43:00.995522+00:00,2024-12-13 14:53:52.118925+00:00,51.4151,median_energy_dram,unit_test_energy,InsertionSort_100000Entries
_result,17,2024-12-10 15:43:00.995522+00:00,2024-12-13 15:43:00.995522+00:00,2024-12-13 14:55:59.354365+00:00,51.1469,median_energy_dram,unit_test_energy,InsertionSort_100000Entries
_result,17,2024-12-10 15:43:00.995522+00:00,2024-12-13 15:43:00.995522+00:00,2024-12-13 14:58:05.947228+00:00,51.4316,median_energy_dram,unit_test_energy,InsertionSort_100000Entries
_result,17,2024-12-10 15:43:00.995522+00:00,2024-12-13 15:43:00.995522+00:00,2024-12-13 15:00:12.671618+00:00,51.1765,median_energy_dram,unit_test_energy,InsertionSort_100000Entries
_result,17,2024-12-10 15:43:00.995522+00:00,2024-12-13 15:43:00.995522+00:00,2024-12-13 15:02:19.724139+00:00,43.0344,median_energy_dram,unit_test_energy,InsertionSort_100000Entries
_result,17,2024-12-10 15:43:00.995522+00:00,2024-12-13 15:43:00.995522+00:00,2024-12-13 15:04:28.021535+00:00,50.5414,median_energy_dram,unit_test_energy,InsertionSort_100000Entries
_result,17,2024-12-10 15:43:00.995522+00:00,2024-12-13 15:43:00.995522+00:00,2024-12-13 15:10:27.075001+00:00,51.2395,median_energy_dram,unit_test_energy,InsertionSort_100000Entries
_result,17,2024-12-10 15:43:00.995522+00:00,2024-12-13 15:43:00.995522+00:00,2024-12-13 15:12:34.183759+00:00,51.424,median_energy_dram,unit_test_energy,InsertionSort_100000Entries
_result,17,2024-12-10 15:43:00.995522+00:00,2024-12-13 15:43:00.995522+00:00,2024-12-13 15:14:41.387380+00:00,51.2119,median_energy_dram,unit_test_energy,InsertionSort_100000Entries
_result,17,2024-12-10 15:43:00.995522+00:00,2024-12-13 15:43:00.995522+00:00,2024-12-13 15:16:48.736954+00:00,51.0318,median_energy_dram,unit_test_energy,InsertionSort_100000Entries
_result,17,2024-12-10 15:43:00.995522+00:00,2024-12-13 15:43:00.995522+00:00,2024-12-13 15:18:55.514137+00:00,51.163,median_energy_dram,unit_test_energy,InsertionSort_100000Entries
_result,17,2024-12-10 15:43:00.995522+00:00,2024-12-13 15:43:00.995522+00:00,2024-12-13 15:21:03.198250+00:00,51.153,median_energy_dram,unit_test_energy,InsertionSort_100000Entries
_result,17,2024-12-10 15:43:00.995522+00:00,2024-12-13 15:43:00.995522+00:00,2024-12-13 15:23:09.919023+00:00,51.1008,median_energy_dram,unit_test_energy,InsertionSort_100000Entries
_result,17,2024-12-10 15:43:00.995522+00:00,2024-12-13 15:43:00.995522+00:00,2024-12-13 15:25:16.391861+00:00,51.3745,median_energy_dram,unit_test_energy,InsertionSort_100000Entries
_result,17,2024-12-10 15:43:00.995522+00:00,2024-12-13 15:43:00.995522+00:00,2024-12-13 15:27:23.293592+00:00,51.3393,median_energy_dram,unit_test_energy,InsertionSort_100000Entries
_result,17,2024-12-10 15:43:00.995522+00:00,2024-12-13 15:43:00.995522+00:00,2024-12-13 15:29:30.089920+00:00,51.1801,median_energy_dram,unit_test_energy,InsertionSort_100000Entries
_result,17,2024-12-10 15:43:00.995522+00:00,2024-12-13 15:43:00.995522+00:00,2024-12-13 15:31:36.863196+00:00,51.1459,median_energy_dram,unit_test_energy,InsertionSort_100000Entries
_result,17,2024-12-10 15:43:00.995522+00:00,2024-12-13 15:43:00.995522+00:00,2024-12-13 15:33:43.463335+00:00,51.2903,median_energy_dram,unit_test_energy,InsertionSort_100000Entries
_result,17,2024-12-10 15:43:00.995522+00:00,2024-12-13 15:43:00.995522+00:00,2024-12-13 15:35:50.669561+00:00,51.115,median_energy_dram,unit_test_energy,InsertionSort_100000Entries
_result,17,2024-12-10 15:43:00.995522+00:00,2024-12-13 15:43:00.995522+00:00,2024-12-13 15:37:57.899097+00:00,50.929,median_energy_dram,unit_test_energy,InsertionSort_100000Entries
_result,17,2024-12-10 15:43:00.995522+00:00,2024-12-13 15:43:00.995522+00:00,2024-12-13 15:40:04.385627+00:00,51.1882,median_energy_dram,unit_test_energy,InsertionSort_100000Entries
_result,18,2024-12-10 15:43:00.995522+00:00,2024-12-13 15:43:00.995522+00:00,2024-12-13 14:34:48.907440+00:00,127.533,median_energy_pkg,unit_test_energy,InsertionSort_100000Entries
_result,18,2024-12-10 15:43:00.995522+00:00,2024-12-13 15:43:00.995522+00:00,2024-12-13 14:36:56.017797+00:00,129.3176,median_energy_pkg,unit_test_energy,InsertionSort_100000Entries
_result,18,2024-12-10 15:43:00.995522+00:00,2024-12-13 15:43:00.995522+00:00,2024-12-13 14:39:03.019276+00:00,128.1732,median_energy_pkg,unit_test_energy,InsertionSort_100000Entries
_result,18,2024-12-10 15:43:00.995522+00:00,2024-12-13 15:43:00.995522+00:00,2024-12-13 14:41:10.619742+00:00,129.6179,median_energy_pkg,unit_test_energy,InsertionSort_100000Entries
_result,18,2024-12-10 15:43:00.995522+00:00,2024-12-13 15:43:00.995522+00:00,2024-12-13 14:43:17.591420+00:00,127.1118,median_energy_pkg,unit_test_energy,InsertionSort_100000Entries
_result,18,2024-12-10 15:43:00.995522+00:00,2024-12-13 15:43:00.995522+00:00,2024-12-13 14:45:24.217182+00:00,128.8116,median_energy_pkg,unit_test_energy,InsertionSort_100000Entries
_result,18,2024-12-10 15:43:00.995522+00:00,2024-12-13 15:43:00.995522+00:00,2024-12-13 14:47:30.528780+00:00,128.4766,median_energy_pkg,unit_test_energy,InsertionSort_100000Entries
_result,18,2024-12-10 15:43:00.995522+00:00,2024-12-13 15:43:00.995522+00:00,2024-12-13 14:49:37.416537+00:00,129.8755,median_energy_pkg,unit_test_energy,InsertionSort_100000Entries
_result,18,2024-12-10 15:43:00.995522+00:00,2024-12-13 15:43:00.995522+00:00,2024-12-13 14:51:44.803712+00:00,127.2205,median_energy_pkg,unit_test_energy,InsertionSort_100000Entries
_result,18,2024-12-10 15:43:00.995522+00:00,2024-12-13 15:43:00.995522+00:00,2024-12-13 14:53:52.118925+00:00,129.4849,median_energy_pkg,unit_test_energy,InsertionSort_100000Entries
_result,18,2024-12-10 15:43:00.995522+00:00,2024-12-13 15:43:00.995522+00:00,2024-12-13 14:55:59.354365+00:00,127.9852,median_energy_pkg,unit_test_energy,InsertionSort_100000Entries
_result,18,2024-12-10 15:43:00.995522+00:00,2024-12-13 15:43:00.995522+00:00,2024-12-13 14:58:05.947228+00:00,129.2639,median_energy_pkg,unit_test_energy,InsertionSort_100000Entries
_result,18,2024-12-10 15:43:00.995522+00:00,2024-12-13 15:43:00.995522+00:00,2024-12-13 15:00:12.671618+00:00,127.5769,median_energy_pkg,unit_test_energy,InsertionSort_100000Entries
_result,18,2024-12-10 15:43:00.995522+00:00,2024-12-13 15:43:00.995522+00:00,2024-12-13 15:02:19.724139+00:00,112.1545,median_energy_pkg,unit_test_energy,InsertionSort_100000Entries
_result,18,2024-12-10 15:43:00.995522+00:00,2024-12-13 15:43:00.995522+00:00,2024-12-13 15:04:28.021535+00:00,144.4818,median_energy_pkg,unit_test_energy,InsertionSort_100000Entries
_result,18,2024-12-10 15:43:00.995522+00:00,2024-12-13 15:43:00.995522+00:00,2024-12-13 15:10:27.075001+00:00,127.4182,median_energy_pkg,unit_test_energy,InsertionSort_100000Entries
_result,18,2024-12-10 15:43:00.995522+00:00,2024-12-13 15:43:00.995522+00:00,2024-12-13 15:12:34.183759+00:00,128.8928,median_energy_pkg,unit_test_energy,InsertionSort_100000Entries
_result,18,2024-12-10 15:43:00.995522+00:00,2024-12-13 15:43:00.995522+00:00,2024-12-13 15:14:41.387380+00:00,127.0526,median_energy_pkg,unit_test_energy,InsertionSort_100000Entries
_result,18,2024-12-10 15:43:00.995522+00:00,2024-12-13 15:43:00.995522+00:00,2024-12-13 15:16:48.736954+00:00,126.8872,median_energy_pkg,unit_test_energy,InsertionSort_100000Entries
_result,18,2024-12-10 15:43:00.995522+00:00,2024-12-13 15:43:00.995522+00:00,2024-12-13 15:18:55.514137+00:00,126.9446,median_energy_pkg,unit_test_energy,InsertionSort_100000Entries
_result,18,2024-12-10 15:43:00.995522+00:00,2024-12-13 15:43:00.995522+00:00,2024-12-13 15:21:03.198250+00:00,127.356,median_energy_pkg,unit_test_energy,InsertionSort_100000Entries
_result,18,2024-12-10 15:43:00.995522+00:00,2024-12-13 15:43:00.995522+00:00,2024-12-13 15:23:09.919023+00:00,127.2412,median_energy_pkg,unit_test_energy,InsertionSort_100000Entries
_result,18,2024-12-10 15:43:00.995522+00:00,2024-12-13 15:43:00.995522+00:00,2024-12-13 15:25:16.391861+00:00,127.8491,median_energy_pkg,unit_test_energy,InsertionSort_100000Entries
_result,18,2024-12-10 15:43:00.995522+00:00,2024-12-13 15:43:00.995522+00:00,2024-12-13 15:27:23.293592+00:00,128.3618,median_energy_pkg,unit_test_energy,InsertionSort_100000Entries
_result,18,2024-12-10 15:43:00.995522+00:00,2024-12-13 15:43:00.995522+00:00,2024-12-13 15:29:30.089920+00:00,128.4937,median_energy_pkg,unit_test_energy,InsertionSort_100000Entries
_result,18,2024-12-10 15:43:00.995522+00:00,2024-12-13 15:43:00.995522+00:00,2024-12-13 15:31:36.863196+00:00,127.229,median_energy_pkg,unit_test_energy,InsertionSort_100000Entries
_result,18,2024-12-10 15:43:00.995522+00:00,2024-12-13 15:43:00.995522+00:00,2024-12-13 15:33:43.463335+00:00,127.2797,median_energy_pkg,unit_test_energy,InsertionSort_100000Entries
_result,18,2024-12-10 15:43:00.995522+00:00,2024-12-13 15:43:00.995522+00:00,2024-12-13 15:35:50.669561+00:00,126.6797,median_energy_pkg,unit_test_energy,InsertionSort_100000Entries
_result,18,2024-12-10 15:43:00.995522+00:00,2024-12-13 15:43:00.995522+00:00,2024-12-13 15:37:57.899097+00:00,126.6913,median_energy_pkg,unit_test_energy,InsertionSort_100000Entries
_result,18,2024-12-10 15:43:00.995522+00:00,2024-12-13 15:43:00.995522+00:00,2024-12-13 15:40:04.385627+00:00,128.1317,median_energy_pkg,unit_test_energy,InsertionSort_100000Entries
_result,19,2024-12-10 15:43:00.995522+00:00,2024-12-13 15:43:00.995522+00:00,2024-12-13 14:34:48.907440+00:00,1059.3632,total_energy_dram,unit_test_energy,InsertionSort_100000Entries
_result,19,2024-12-10 15:43:00.995522+00:00,2024-12-13 15:43:00.995522+00:00,2024-12-13 14:36:56.017797+00:00,1052.159,total_energy_dram,unit_test_energy,InsertionSort_100000Entries
_result,19,2024-12-10 15:43:00.995522+00:00,2024-12-13 15:43:00.995522+00:00,2024-12-13 14:39:03.019276+00:00,1048.9518,total_energy_dram,unit_test_energy,InsertionSort_100000Entries
_result,19,2024-12-10 15:43:00.995522+00:00,2024-12-13 15:43:00.995522+00:00,2024-12-13 14:41:10.619742+00:00,1062.655,total_energy_dram,unit_test_energy,InsertionSort_100000Entries
_result,19,2024-12-10 15:43:00.995522+00:00,2024-12-13 15:43:00.995522+00:00,2024-12-13 14:43:17.591420+00:00,1058.0362,total_energy_dram,unit_test_energy,InsertionSort_100000Entries
_result,19,2024-12-10 15:43:00.995522+00:00,2024-12-13 15:43:00.995522+00:00,2024-12-13 14:45:24.217182+00:00,1047.1294,total_energy_dram,unit_test_energy,InsertionSort_100000Entries
_result,19,2024-12-10 15:43:00.995522+00:00,2024-12-13 15:43:00.995522+00:00,2024-12-13 14:47:30.528780+00:00,1040.6816,total_energy_dram,unit_test_energy,InsertionSort_100000Entries
_result,19,2024-12-10 15:43:00.995522+00:00,2024-12-13 15:43:00.995522+00:00,2024-12-13 14:49:37.416537+00:00,1040.0772,total_energy_dram,unit_test_energy,InsertionSort_100000Entries
_result,19,2024-12-10 15:43:00.995522+00:00,2024-12-13 15:43:00.995522+00:00,2024-12-13 14:51:44.803712+00:00,1056.9442,total_energy_dram,unit_test_energy,InsertionSort_100000Entries
_result,19,2024-12-10 15:43:00.995522+00:00,2024-12-13 15:43:00.995522+00:00,2024-12-13 14:53:52.118925+00:00,1044.4596,total_energy_dram,unit_test_energy,InsertionSort_100000Entries
_result,19,2024-12-10 15:43:00.995522+00:00,2024-12-13 15:43:00.995522+00:00,2024-12-13 14:55:59.354365+00:00,1056.9648,total_energy_dram,unit_test_energy,InsertionSort_100000Entries
_result,19,2024-12-10 15:43:00.995522+00:00,2024-12-13 15:43:00.995522+00:00,2024-12-13 14:58:05.947228+00:00,1043.2326,total_energy_dram,unit_test_energy,InsertionSort_100000Entries
_result,19,2024-12-10 15:43:00.995522+00:00,2024-12-13 15:43:00.995522+00:00,2024-12-13 15:00:12.671618+00:00,1044.4698,total_energy_dram,unit_test_energy,InsertionSort_100000Entries
_result,19,2024-12-10 15:43:00.995522+00:00,2024-12-13 15:43:00.995522+00:00,2024-12-13 15:02:19.724139+00:00,878.5914,total_energy_dram,unit_test_energy,InsertionSort_100000Entries
_result,19,2024-12-10 15:43:00.995522+00:00,2024-12-13 15:43:00.995522+00:00,2024-12-13 15:04:28.021535+00:00,1063.7687,total_energy_dram,unit_test_energy,InsertionSort_100000Entries
_result,19,2024-12-10 15:43:00.995522+00:00,2024-12-13 15:43:00.995522+00:00,2024-12-13 15:10:27.075001+00:00,1056.4897,total_energy_dram,unit_test_energy,InsertionSort_100000Entries
_result,19,2024-12-10 15:43:00.995522+00:00,2024-12-13 15:43:00.995522+00:00,2024-12-13 15:12:34.183759+00:00,1049.9421,total_energy_dram,unit_test_energy,InsertionSort_100000Entries
_result,19,2024-12-10 15:43:00.995522+00:00,2024-12-13 15:43:00.995522+00:00,2024-12-13 15:14:41.387380+00:00,1051.2279,total_energy_dram,unit_test_energy,InsertionSort_100000Entries
_result,19,2024-12-10 15:43:00.995522+00:00,2024-12-13 15:43:00.995522+00:00,2024-12-13 15:16:48.736954+00:00,1058.2663,total_energy_dram,unit_test_energy,InsertionSort_100000Entries
_result,19,2024-12-10 15:43:00.995522+00:00,2024-12-13 15:43:00.995522+00:00,2024-12-13 15:18:55.514137+00:00,1058.6653,total_energy_dram,unit_test_energy,InsertionSort_100000Entries
_result,19,2024-12-10 15:43:00.995522+00:00,2024-12-13 15:43:00.995522+00:00,2024-12-13 15:21:03.198250+00:00,1056.7598,total_energy_dram,unit_test_energy,InsertionSort_100000Entries
_result,19,2024-12-10 15:43:00.995522+00:00,2024-12-13 15:43:00.995522+00:00,2024-12-13 15:23:09.919023+00:00,1046.3317,total_energy_dram,unit_test_energy,InsertionSort_100000Entries
_result,19,2024-12-10 15:43:00.995522+00:00,2024-12-13 15:43:00.995522+00:00,2024-12-13 15:25:16.391861+00:00,1046.6975,total_energy_dram,unit_test_energy,InsertionSort_100000Entries
_result,19,2024-12-10 15:43:00.995522+00:00,2024-12-13 15:43:00.995522+00:00,2024-12-13 15:27:23.293592+00:00,1048.0692,total_energy_dram,unit_test_energy,InsertionSort_100000Entries
_result,19,2024-12-10 15:43:00.995522+00:00,2024-12-13 15:43:00.995522+00:00,2024-12-13 15:29:30.089920+00:00,1043.7081,total_energy_dram,unit_test_energy,InsertionSort_100000Entries
_result,19,2024-12-10 15:43:00.995522+00:00,2024-12-13 15:43:00.995522+00:00,2024-12-13 15:31:36.863196+00:00,1049.6896,total_energy_dram,unit_test_energy,InsertionSort_100000Entries
_result,19,2024-12-10 15:43:00.995522+00:00,2024-12-13 15:43:00.995522+00:00,2024-12-13 15:33:43.463335+00:00,1043.441,total_energy_dram,unit_test_energy,InsertionSort_100000Entries
_result,19,2024-12-10 15:43:00.995522+00:00,2024-12-13 15:43:00.995522+00:00,2024-12-13 15:35:50.669561+00:00,1055.0928,total_energy_dram,unit_test_energy,InsertionSort_100000Entries
_result,19,2024-12-10 15:43:00.995522+00:00,2024-12-13 15:43:00.995522+00:00,2024-12-13 15:37:57.899097+00:00,1050.1377,total_energy_dram,unit_test_energy,InsertionSort_100000Entries
_result,19,2024-12-10 15:43:00.995522+00:00,2024-12-13 15:43:00.995522+00:00,2024-12-13 15:40:04.385627+00:00,1038.8346,total_energy_dram,unit_test_energy,InsertionSort_100000Entries
_result,20,2024-12-10 15:43:00.995522+00:00,2024-12-13 15:43:00.995522+00:00,2024-12-13 14:34:48.907440+00:00,2649.0615,total_energy_pkg,unit_test_energy,InsertionSort_100000Entries
_result,20,2024-12-10 15:43:00.995522+00:00,2024-12-13 15:43:00.995522+00:00,2024-12-13 14:36:56.017797+00:00,2636.2406,total_energy_pkg,unit_test_energy,InsertionSort_100000Entries
_result,20,2024-12-10 15:43:00.995522+00:00,2024-12-13 15:43:00.995522+00:00,2024-12-13 14:39:03.019276+00:00,2623.671,total_energy_pkg,unit_test_energy,InsertionSort_100000Entries
_result,20,2024-12-10 15:43:00.995522+00:00,2024-12-13 15:43:00.995522+00:00,2024-12-13 14:41:10.619742+00:00,2665.9078,total_energy_pkg,unit_test_energy,InsertionSort_100000Entries
_result,20,2024-12-10 15:43:00.995522+00:00,2024-12-13 15:43:00.995522+00:00,2024-12-13 14:43:17.591420+00:00,2647.537,total_energy_pkg,unit_test_energy,InsertionSort_100000Entries
_result,20,2024-12-10 15:43:00.995522+00:00,2024-12-13 15:43:00.995522+00:00,2024-12-13 14:45:24.217182+00:00,2611.2645,total_energy_pkg,unit_test_energy,InsertionSort_100000Entries
_result,20,2024-12-10 15:43:00.995522+00:00,2024-12-13 15:43:00.995522+00:00,2024-12-13 14:47:30.528780+00:00,2612.6907,total_energy_pkg,unit_test_energy,InsertionSort_100000Entries
_result,20,2024-12-10 15:43:00.995522+00:00,2024-12-13 15:43:00.995522+00:00,2024-12-13 14:49:37.416537+00:00,2613.0419,total_energy_pkg,unit_test_energy,InsertionSort_100000Entries
_result,20,2024-12-10 15:43:00.995522+00:00,2024-12-13 15:43:00.995522+00:00,2024-12-13 14:51:44.803712+00:00,2643.6551,total_energy_pkg,unit_test_energy,InsertionSort_100000Entries
_result,20,2024-12-10 15:43:00.995522+00:00,2024-12-13 15:43:00.995522+00:00,2024-12-13 14:53:52.118925+00:00,2617.7166,total_energy_pkg,unit_test_energy,InsertionSort_100000Entries
_result,20,2024-12-10 15:43:00.995522+00:00,2024-12-13 15:43:00.995522+00:00,2024-12-13 14:55:59.354365+00:00,2648.764,total_energy_pkg,unit_test_energy,InsertionSort_100000Entries
_result,20,2024-12-10 15:43:00.995522+00:00,2024-12-13 15:43:00.995522+00:00,2024-12-13 14:58:05.947228+00:00,2609.5551,total_energy_pkg,unit_test_energy,InsertionSort_100000Entries
_result,20,2024-12-10 15:43:00.995522+00:00,2024-12-13 15:43:00.995522+00:00,2024-12-13 15:00:12.671618+00:00,2618.6141,total_energy_pkg,unit_test_energy,InsertionSort_100000Entries
_result,20,2024-12-10 15:43:00.995522+00:00,2024-12-13 15:43:00.995522+00:00,2024-12-13 15:02:19.724139+00:00,2286.611,total_energy_pkg,unit_test_energy,InsertionSort_100000Entries
_result,20,2024-12-10 15:43:00.995522+00:00,2024-12-13 15:43:00.995522+00:00,2024-12-13 15:04:28.021535+00:00,3043.3433,total_energy_pkg,unit_test_energy,InsertionSort_100000Entries
_result,20,2024-12-10 15:43:00.995522+00:00,2024-12-13 15:43:00.995522+00:00,2024-12-13 15:10:27.075001+00:00,2645.3534,total_energy_pkg,unit_test_energy,InsertionSort_100000Entries
_result,20,2024-12-10 15:43:00.995522+00:00,2024-12-13 15:43:00.995522+00:00,2024-12-13 15:12:34.183759+00:00,2621.7412,total_energy_pkg,unit_test_energy,InsertionSort_100000Entries
_result,20,2024-12-10 15:43:00.995522+00:00,2024-12-13 15:43:00.995522+00:00,2024-12-13 15:14:41.387380+00:00,2626.3358,total_energy_pkg,unit_test_energy,InsertionSort_100000Entries
_result,20,2024-12-10 15:43:00.995522+00:00,2024-12-13 15:43:00.995522+00:00,2024-12-13 15:16:48.736954+00:00,2643.85,total_energy_pkg,unit_test_energy,InsertionSort_100000Entries
_result,20,2024-12-10 15:43:00.995522+00:00,2024-12-13 15:43:00.995522+00:00,2024-12-13 15:18:55.514137+00:00,2644.4716,total_energy_pkg,unit_test_energy,InsertionSort_100000Entries
_result,20,2024-12-10 15:43:00.995522+00:00,2024-12-13 15:43:00.995522+00:00,2024-12-13 15:21:03.198250+00:00,2644.2255,total_energy_pkg,unit_test_energy,InsertionSort_100000Entries
_result,20,2024-12-10 15:43:00.995522+00:00,2024-12-13 15:43:00.995522+00:00,2024-12-13 15:23:09.919023+00:00,2621.4285,total_energy_pkg,unit_test_energy,InsertionSort_100000Entries
_result,20,2024-12-10 15:43:00.995522+00:00,2024-12-13 15:43:00.995522+00:00,2024-12-13 15:25:16.391861+00:00,2608.0635,total_energy_pkg,unit_test_energy,InsertionSort_100000Entries
_result,20,2024-12-10 15:43:00.995522+00:00,2024-12-13 15:43:00.995522+00:00,2024-12-13 15:27:23.293592+00:00,2623.1716,total_energy_pkg,unit_test_energy,InsertionSort_100000Entries
_result,20,2024-12-10 15:43:00.995522+00:00,2024-12-13 15:43:00.995522+00:00,2024-12-13 15:29:30.089920+00:00,2620.7526,total_energy_pkg,unit_test_energy,InsertionSort_100000Entries
_result,20,2024-12-10 15:43:00.995522+00:00,2024-12-13 15:43:00.995522+00:00,2024-12-13 15:31:36.863196+00:00,2626.7039,total_energy_pkg,unit_test_energy,InsertionSort_100000Entries
_result,20,2024-12-10 15:43:00.995522+00:00,2024-12-13 15:43:00.995522+00:00,2024-12-13 15:33:43.463335+00:00,2612.3549,total_energy_pkg,unit_test_energy,InsertionSort_100000Entries
_result,20,2024-12-10 15:43:00.995522+00:00,2024-12-13 15:43:00.995522+00:00,2024-12-13 15:35:50.669561+00:00,2634.7874,total_energy_pkg,unit_test_energy,InsertionSort_100000Entries
_result,20,2024-12-10 15:43:00.995522+00:00,2024-12-13 15:43:00.995522+00:00,2024-12-13 15:37:57.899097+00:00,2620.2363,total_energy_pkg,unit_test_energy,InsertionSort_100000Entries
_result,20,2024-12-10 15:43:00.995522+00:00,2024-12-13 15:43:00.995522+00:00,2024-12-13 15:40:04.385627+00:00,2599.8519,total_energy_pkg,unit_test_energy,InsertionSort_100000Entries
_result,21,2024-12-10 15:43:00.995522+00:00,2024-12-13 15:43:00.995522+00:00,2024-12-13 14:34:59.222811+00:00,49.2603,avg_energy_dram,unit_test_energy,InsertionSort_10000Entries
_result,21,2024-12-10 15:43:00.995522+00:00,2024-12-13 15:43:00.995522+00:00,2024-12-13 14:37:06.330115+00:00,49.9571,avg_energy_dram,unit_test_energy,InsertionSort_10000Entries
_result,21,2024-12-10 15:43:00.995522+00:00,2024-12-13 15:43:00.995522+00:00,2024-12-13 14:39:13.341171+00:00,46.5465,avg_energy_dram,unit_test_energy,InsertionSort_10000Entries
_result,21,2024-12-10 15:43:00.995522+00:00,2024-12-13 15:43:00.995522+00:00,2024-12-13 14:41:20.950071+00:00,45.1882,avg_energy_dram,unit_test_energy,InsertionSort_10000Entries
_result,21,2024-12-10 15:43:00.995522+00:00,2024-12-13 15:43:00.995522+00:00,2024-12-13 14:43:27.915530+00:00,46.4665,avg_energy_dram,unit_test_energy,InsertionSort_10000Entries
_result,21,2024-12-10 15:43:00.995522+00:00,2024-12-13 15:43:00.995522+00:00,2024-12-13 14:45:34.526530+00:00,50.2726,avg_energy_dram,unit_test_energy,InsertionSort_10000Entries
_result,21,2024-12-10 15:43:00.995522+00:00,2024-12-13 15:43:00.995522+00:00,2024-12-13 14:47:40.841807+00:00,50.1679,avg_energy_dram,unit_test_energy,InsertionSort_10000Entries
_result,21,2024-12-10 15:43:00.995522+00:00,2024-12-13 15:43:00.995522+00:00,2024-12-13 14:49:47.785233+00:00,46.6255,avg_energy_dram,unit_test_energy,InsertionSort_10000Entries
_result,21,2024-12-10 15:43:00.995522+00:00,2024-12-13 15:43:00.995522+00:00,2024-12-13 14:51:55.121485+00:00,51.2268,avg_energy_dram,unit_test_energy,InsertionSort_10000Entries
_result,21,2024-12-10 15:43:00.995522+00:00,2024-12-13 15:43:00.995522+00:00,2024-12-13 14:54:02.442341+00:00,51.9391,avg_energy_dram,unit_test_energy,InsertionSort_10000Entries
_result,21,2024-12-10 15:43:00.995522+00:00,2024-12-13 15:43:00.995522+00:00,2024-12-13 14:56:09.677570+00:00,45.1881,avg_energy_dram,unit_test_energy,InsertionSort_10000Entries
_result,21,2024-12-10 15:43:00.995522+00:00,2024-12-13 15:43:00.995522+00:00,2024-12-13 14:58:16.257843+00:00,49.297,avg_energy_dram,unit_test_energy,InsertionSort_10000Entries
_result,21,2024-12-10 15:43:00.995522+00:00,2024-12-13 15:43:00.995522+00:00,2024-12-13 15:00:23.094176+00:00,43.2144,avg_energy_dram,unit_test_energy,InsertionSort_10000Entries
_result,21,2024-12-10 15:43:00.995522+00:00,2024-12-13 15:43:00.995522+00:00,2024-12-13 15:02:30.052151+00:00,39.3488,avg_energy_dram,unit_test_energy,InsertionSort_10000Entries
_result,21,2024-12-10 15:43:00.995522+00:00,2024-12-13 15:43:00.995522+00:00,2024-12-13 15:04:38.333582+00:00,51.0507,avg_energy_dram,unit_test_energy,InsertionSort_10000Entries
_result,21,2024-12-10 15:43:00.995522+00:00,2024-12-13 15:43:00.995522+00:00,2024-12-13 15:10:37.422856+00:00,45.2382,avg_energy_dram,unit_test_energy,InsertionSort_10000Entries
_result,21,2024-12-10 15:43:00.995522+00:00,2024-12-13 15:43:00.995522+00:00,2024-12-13 15:12:44.527903+00:00,45.3949,avg_energy_dram,unit_test_energy,InsertionSort_10000Entries
_result,21,2024-12-10 15:43:00.995522+00:00,2024-12-13 15:43:00.995522+00:00,2024-12-13 15:14:51.695302+00:00,48.4311,avg_energy_dram,unit_test_energy,InsertionSort_10000Entries
_result,21,2024-12-10 15:43:00.995522+00:00,2024-12-13 15:43:00.995522+00:00,2024-12-13 15:16:59.064254+00:00,45.2014,avg_energy_dram,unit_test_energy,InsertionSort_10000Entries
_result,21,2024-12-10 15:43:00.995522+00:00,2024-12-13 15:43:00.995522+00:00,2024-12-13 15:19:05.894979+00:00,45.3658,avg_energy_dram,unit_test_energy,InsertionSort_10000Entries
_result,21,2024-12-10 15:43:00.995522+00:00,2024-12-13 15:43:00.995522+00:00,2024-12-13 15:21:13.503722+00:00,48.8323,avg_energy_dram,unit_test_energy,InsertionSort_10000Entries
_result,21,2024-12-10 15:43:00.995522+00:00,2024-12-13 15:43:00.995522+00:00,2024-12-13 15:23:20.240381+00:00,45.2022,avg_energy_dram,unit_test_energy,InsertionSort_10000Entries
_result,21,2024-12-10 15:43:00.995522+00:00,2024-12-13 15:43:00.995522+00:00,2024-12-13 15:25:26.794714+00:00,45.231,avg_energy_dram,unit_test_energy,InsertionSort_10000Entries
_result,21,2024-12-10 15:43:00.995522+00:00,2024-12-13 15:43:00.995522+00:00,2024-12-13 15:27:33.618074+00:00,45.1763,avg_energy_dram,unit_test_energy,InsertionSort_10000Entries
_result,21,2024-12-10 15:43:00.995522+00:00,2024-12-13 15:43:00.995522+00:00,2024-12-13 15:29:40.434871+00:00,45.1008,avg_energy_dram,unit_test_energy,InsertionSort_10000Entries
_result,21,2024-12-10 15:43:00.995522+00:00,2024-12-13 15:43:00.995522+00:00,2024-12-13 15:31:47.175798+00:00,50.4909,avg_energy_dram,unit_test_energy,InsertionSort_10000Entries
_result,21,2024-12-10 15:43:00.995522+00:00,2024-12-13 15:43:00.995522+00:00,2024-12-13 15:33:53.788706+00:00,44.9557,avg_energy_dram,unit_test_energy,InsertionSort_10000Entries
_result,21,2024-12-10 15:43:00.995522+00:00,2024-12-13 15:43:00.995522+00:00,2024-12-13 15:36:00.972706+00:00,46.1204,avg_energy_dram,unit_test_energy,InsertionSort_10000Entries
_result,21,2024-12-10 15:43:00.995522+00:00,2024-12-13 15:43:00.995522+00:00,2024-12-13 15:38:08.211154+00:00,45.244,avg_energy_dram,unit_test_energy,InsertionSort_10000Entries
_result,21,2024-12-10 15:43:00.995522+00:00,2024-12-13 15:43:00.995522+00:00,2024-12-13 15:40:14.752717+00:00,46.4562,avg_energy_dram,unit_test_energy,InsertionSort_10000Entries
_result,22,2024-12-10 15:43:00.995522+00:00,2024-12-13 15:43:00.995522+00:00,2024-12-13 14:34:59.222811+00:00,124.5707,avg_energy_pkg,unit_test_energy,InsertionSort_10000Entries
_result,22,2024-12-10 15:43:00.995522+00:00,2024-12-13 15:43:00.995522+00:00,2024-12-13 14:37:06.330115+00:00,124.8818,avg_energy_pkg,unit_test_energy,InsertionSort_10000Entries
_result,22,2024-12-10 15:43:00.995522+00:00,2024-12-13 15:43:00.995522+00:00,2024-12-13 14:39:13.341171+00:00,121.0437,avg_energy_pkg,unit_test_energy,InsertionSort_10000Entries
_result,22,2024-12-10 15:43:00.995522+00:00,2024-12-13 15:43:00.995522+00:00,2024-12-13 14:41:20.950071+00:00,120.0658,avg_energy_pkg,unit_test_energy,InsertionSort_10000Entries
_result,22,2024-12-10 15:43:00.995522+00:00,2024-12-13 15:43:00.995522+00:00,2024-12-13 14:43:27.915530+00:00,120.348,avg_energy_pkg,unit_test_energy,InsertionSort_10000Entries
_result,22,2024-12-10 15:43:00.995522+00:00,2024-12-13 15:43:00.995522+00:00,2024-12-13 14:45:34.526530+00:00,125.2881,avg_energy_pkg,unit_test_energy,InsertionSort_10000Entries
_result,22,2024-12-10 15:43:00.995522+00:00,2024-12-13 15:43:00.995522+00:00,2024-12-13 14:47:40.841807+00:00,125.5576,avg_energy_pkg,unit_test_energy,InsertionSort_10000Entries
_result,22,2024-12-10 15:43:00.995522+00:00,2024-12-13 15:43:00.995522+00:00,2024-12-13 14:49:47.785233+00:00,119.2537,avg_energy_pkg,unit_test_energy,InsertionSort_10000Entries
_result,22,2024-12-10 15:43:00.995522+00:00,2024-12-13 15:43:00.995522+00:00,2024-12-13 14:51:55.121485+00:00,126.0839,avg_energy_pkg,unit_test_energy,InsertionSort_10000Entries
_result,22,2024-12-10 15:43:00.995522+00:00,2024-12-13 15:43:00.995522+00:00,2024-12-13 14:54:02.442341+00:00,126.749,avg_energy_pkg,unit_test_energy,InsertionSort_10000Entries
_result,22,2024-12-10 15:43:00.995522+00:00,2024-12-13 15:43:00.995522+00:00,2024-12-13 14:56:09.677570+00:00,120.2935,avg_energy_pkg,unit_test_energy,InsertionSort_10000Entries
_result,22,2024-12-10 15:43:00.995522+00:00,2024-12-13 15:43:00.995522+00:00,2024-12-13 14:58:16.257843+00:00,124.8548,avg_energy_pkg,unit_test_energy,InsertionSort_10000Entries
_result,22,2024-12-10 15:43:00.995522+00:00,2024-12-13 15:43:00.995522+00:00,2024-12-13 15:00:23.094176+00:00,101.4634,avg_energy_pkg,unit_test_energy,InsertionSort_10000Entries
_result,22,2024-12-10 15:43:00.995522+00:00,2024-12-13 15:43:00.995522+00:00,2024-12-13 15:02:30.052151+00:00,80.9744,avg_energy_pkg,unit_test_energy,InsertionSort_10000Entries
_result,22,2024-12-10 15:43:00.995522+00:00,2024-12-13 15:43:00.995522+00:00,2024-12-13 15:04:38.333582+00:00,145.1689,avg_energy_pkg,unit_test_energy,InsertionSort_10000Entries
_result,22,2024-12-10 15:43:00.995522+00:00,2024-12-13 15:43:00.995522+00:00,2024-12-13 15:10:37.422856+00:00,119.1941,avg_energy_pkg,unit_test_energy,InsertionSort_10000Entries
_result,22,2024-12-10 15:43:00.995522+00:00,2024-12-13 15:43:00.995522+00:00,2024-12-13 15:12:44.527903+00:00,119.1188,avg_energy_pkg,unit_test_energy,InsertionSort_10000Entries
_result,22,2024-12-10 15:43:00.995522+00:00,2024-12-13 15:43:00.995522+00:00,2024-12-13 15:14:51.695302+00:00,123.5733,avg_energy_pkg,unit_test_energy,InsertionSort_10000Entries
_result,22,2024-12-10 15:43:00.995522+00:00,2024-12-13 15:43:00.995522+00:00,2024-12-13 15:16:59.064254+00:00,119.9186,avg_energy_pkg,unit_test_energy,InsertionSort_10000Entries
_result,22,2024-12-10 15:43:00.995522+00:00,2024-12-13 15:43:00.995522+00:00,2024-12-13 15:19:05.894979+00:00,118.4211,avg_energy_pkg,unit_test_energy,InsertionSort_10000Entries
_result,22,2024-12-10 15:43:00.995522+00:00,2024-12-13 15:43:00.995522+00:00,2024-12-13 15:21:13.503722+00:00,124.8052,avg_energy_pkg,unit_test_energy,InsertionSort_10000Entries
_result,22,2024-12-10 15:43:00.995522+00:00,2024-12-13 15:43:00.995522+00:00,2024-12-13 15:23:20.240381+00:00,120.0213,avg_energy_pkg,unit_test_energy,InsertionSort_10000Entries
_result,22,2024-12-10 15:43:00.995522+00:00,2024-12-13 15:43:00.995522+00:00,2024-12-13 15:25:26.794714+00:00,116.443,avg_energy_pkg,unit_test_energy,InsertionSort_10000Entries
_result,22,2024-12-10 15:43:00.995522+00:00,2024-12-13 15:43:00.995522+00:00,2024-12-13 15:27:33.618074+00:00,119.9936,avg_energy_pkg,unit_test_energy,InsertionSort_10000Entries
_result,22,2024-12-10 15:43:00.995522+00:00,2024-12-13 15:43:00.995522+00:00,2024-12-13 15:29:40.434871+00:00,119.3916,avg_energy_pkg,unit_test_energy,InsertionSort_10000Entries
_result,22,2024-12-10 15:43:00.995522+00:00,2024-12-13 15:43:00.995522+00:00,2024-12-13 15:31:47.175798+00:00,125.536,avg_energy_pkg,unit_test_energy,InsertionSort_10000Entries
_result,22,2024-12-10 15:43:00.995522+00:00,2024-12-13 15:43:00.995522+00:00,2024-12-13 15:33:53.788706+00:00,120.0822,avg_energy_pkg,unit_test_energy,InsertionSort_10000Entries
_result,22,2024-12-10 15:43:00.995522+00:00,2024-12-13 15:43:00.995522+00:00,2024-12-13 15:36:00.972706+00:00,115.1675,avg_energy_pkg,unit_test_energy,InsertionSort_10000Entries
_result,22,2024-12-10 15:43:00.995522+00:00,2024-12-13 15:43:00.995522+00:00,2024-12-13 15:38:08.211154+00:00,120.3954,avg_energy_pkg,unit_test_energy,InsertionSort_10000Entries
_result,22,2024-12-10 15:43:00.995522+00:00,2024-12-13 15:43:00.995522+00:00,2024-12-13 15:40:14.752717+00:00,118.9023,avg_energy_pkg,unit_test_energy,InsertionSort_10000Entries
_result,23,2024-12-10 15:43:00.995522+00:00,2024-12-13 15:43:00.995522+00:00,2024-12-13 14:34:59.222811+00:00,0.2504,duration,unit_test_energy,InsertionSort_10000Entries
_result,23,2024-12-10 15:43:00.995522+00:00,2024-12-13 15:43:00.995522+00:00,2024-12-13 14:37:06.330115+00:00,0.2514,duration,unit_test_energy,InsertionSort_10000Entries
_result,23,2024-12-10 15:43:00.995522+00:00,2024-12-13 15:43:00.995522+00:00,2024-12-13 14:39:13.341171+00:00,0.2565,duration,unit_test_energy,InsertionSort_10000Entries
_result,23,2024-12-10 15:43:00.995522+00:00,2024-12-13 15:43:00.995522+00:00,2024-12-13 14:41:20.950071+00:00,0.2634,duration,unit_test_energy,InsertionSort_10000Entries
_result,23,2024-12-10 15:43:00.995522+00:00,2024-12-13 15:43:00.995522+00:00,2024-12-13 14:43:27.915530+00:00,0.2616,duration,unit_test_energy,InsertionSort_10000Entries
_result,23,2024-12-10 15:43:00.995522+00:00,2024-12-13 15:43:00.995522+00:00,2024-12-13 14:45:34.526530+00:00,0.2449,duration,unit_test_energy,InsertionSort_10000Entries
_result,23,2024-12-10 15:43:00.995522+00:00,2024-12-13 15:43:00.995522+00:00,2024-12-13 14:47:40.841807+00:00,0.2481,duration,unit_test_energy,InsertionSort_10000Entries
_result,23,2024-12-10 15:43:00.995522+00:00,2024-12-13 15:43:00.995522+00:00,2024-12-13 14:49:47.785233+00:00,0.3041,duration,unit_test_energy,InsertionSort_10000Entries
_result,23,2024-12-10 15:43:00.995522+00:00,2024-12-13 15:43:00.995522+00:00,2024-12-13 14:51:55.121485+00:00,0.2575,duration,unit_test_energy,InsertionSort_10000Entries
_result,23,2024-12-10 15:43:00.995522+00:00,2024-12-13 15:43:00.995522+00:00,2024-12-13 14:54:02.442341+00:00,0.2603,duration,unit_test_energy,InsertionSort_10000Entries
_result,23,2024-12-10 15:43:00.995522+00:00,2024-12-13 15:43:00.995522+00:00,2024-12-13 14:56:09.677570+00:00,0.2577,duration,unit_test_energy,InsertionSort_10000Entries
_result,23,2024-12-10 15:43:00.995522+00:00,2024-12-13 15:43:00.995522+00:00,2024-12-13 14:58:16.257843+00:00,0.2467,duration,unit_test_energy,InsertionSort_10000Entries
_result,23,2024-12-10 15:43:00.995522+00:00,2024-12-13 15:43:00.995522+00:00,2024-12-13 15:00:23.094176+00:00,0.3768,duration,unit_test_energy,InsertionSort_10000Entries
_result,23,2024-12-10 15:43:00.995522+00:00,2024-12-13 15:43:00.995522+00:00,2024-12-13 15:02:30.052151+00:00,0.2616,duration,unit_test_energy,InsertionSort_10000Entries
_result,23,2024-12-10 15:43:00.995522+00:00,2024-12-13 15:43:00.995522+00:00,2024-12-13 15:04:38.333582+00:00,0.2489,duration,unit_test_energy,InsertionSort_10000Entries
_result,23,2024-12-10 15:43:00.995522+00:00,2024-12-13 15:43:00.995522+00:00,2024-12-13 15:10:37.422856+00:00,0.2847,duration,unit_test_energy,InsertionSort_10000Entries
_result,23,2024-12-10 15:43:00.995522+00:00,2024-12-13 15:43:00.995522+00:00,2024-12-13 15:12:44.527903+00:00,0.2821,duration,unit_test_energy,InsertionSort_10000Entries
_result,23,2024-12-10 15:43:00.995522+00:00,2024-12-13 15:43:00.995522+00:00,2024-12-13 15:14:51.695302+00:00,0.2482,duration,unit_test_energy,InsertionSort_10000Entries
_result,23,2024-12-10 15:43:00.995522+00:00,2024-12-13 15:43:00.995522+00:00,2024-12-13 15:16:59.064254+00:00,0.2603,duration,unit_test_energy,InsertionSort_10000Entries
_result,23,2024-12-10 15:43:00.995522+00:00,2024-12-13 15:43:00.995522+00:00,2024-12-13 15:19:05.894979+00:00,0.3199,duration,unit_test_energy,InsertionSort_10000Entries
_result,23,2024-12-10 15:43:00.995522+00:00,2024-12-13 15:43:00.995522+00:00,2024-12-13 15:21:13.503722+00:00,0.2434,duration,unit_test_energy,InsertionSort_10000Entries
_result,23,2024-12-10 15:43:00.995522+00:00,2024-12-13 15:43:00.995522+00:00,2024-12-13 15:23:20.240381+00:00,0.2568,duration,unit_test_energy,InsertionSort_10000Entries
_result,23,2024-12-10 15:43:00.995522+00:00,2024-12-13 15:43:00.995522+00:00,2024-12-13 15:25:26.794714+00:00,0.344,duration,unit_test_energy,InsertionSort_10000Entries
_result,23,2024-12-10 15:43:00.995522+00:00,2024-12-13 15:43:00.995522+00:00,2024-12-13 15:27:33.618074+00:00,0.258,duration,unit_test_energy,InsertionSort_10000Entries
_result,23,2024-12-10 15:43:00.995522+00:00,2024-12-13 15:43:00.995522+00:00,2024-12-13 15:29:40.434871+00:00,0.2799,duration,unit_test_energy,InsertionSort_10000Entries
_result,23,2024-12-10 15:43:00.995522+00:00,2024-12-13 15:43:00.995522+00:00,2024-12-13 15:31:47.175798+00:00,0.2466,duration,unit_test_energy,InsertionSort_10000Entries
_result,23,2024-12-10 15:43:00.995522+00:00,2024-12-13 15:43:00.995522+00:00,2024-12-13 15:33:53.788706+00:00,0.2604,duration,unit_test_energy,InsertionSort_10000Entries
_result,23,2024-12-10 15:43:00.995522+00:00,2024-12-13 15:43:00.995522+00:00,2024-12-13 15:36:00.972706+00:00,0.2384,duration,unit_test_energy,InsertionSort_10000Entries
_result,23,2024-12-10 15:43:00.995522+00:00,2024-12-13 15:43:00.995522+00:00,2024-12-13 15:38:08.211154+00:00,0.2512,duration,unit_test_energy,InsertionSort_10000Entries
_result,23,2024-12-10 15:43:00.995522+00:00,2024-12-13 15:43:00.995522+00:00,2024-12-13 15:40:14.752717+00:00,0.303,duration,unit_test_energy,InsertionSort_10000Entries
_result,24,2024-12-10 15:43:00.995522+00:00,2024-12-13 15:43:00.995522+00:00,2024-12-13 14:34:59.222811+00:00,50.3494,median_energy_dram,unit_test_energy,InsertionSort_10000Entries
_result,24,2024-12-10 15:43:00.995522+00:00,2024-12-13 15:43:00.995522+00:00,2024-12-13 14:37:06.330115+00:00,51.7502,median_energy_dram,unit_test_energy,InsertionSort_10000Entries
_result,24,2024-12-10 15:43:00.995522+00:00,2024-12-13 15:43:00.995522+00:00,2024-12-13 14:39:13.341171+00:00,46.8602,median_energy_dram,unit_test_energy,InsertionSort_10000Entries
_result,24,2024-12-10 15:43:00.995522+00:00,2024-12-13 15:43:00.995522+00:00,2024-12-13 14:41:20.950071+00:00,44.8088,median_energy_dram,unit_test_energy,InsertionSort_10000Entries
_result,24,2024-12-10 15:43:00.995522+00:00,2024-12-13 15:43:00.995522+00:00,2024-12-13 14:43:27.915530+00:00,46.1174,median_energy_dram,unit_test_energy,InsertionSort_10000Entries
_result,24,2024-12-10 15:43:00.995522+00:00,2024-12-13 15:43:00.995522+00:00,2024-12-13 14:45:34.526530+00:00,50.1932,median_energy_dram,unit_test_energy,InsertionSort_10000Entries
_result,24,2024-12-10 15:43:00.995522+00:00,2024-12-13 15:43:00.995522+00:00,2024-12-13 14:47:40.841807+00:00,50.2731,median_energy_dram,unit_test_energy,InsertionSort_10000Entries
_result,24,2024-12-10 15:43:00.995522+00:00,2024-12-13 15:43:00.995522+00:00,2024-12-13 14:49:47.785233+00:00,45.3391,median_energy_dram,unit_test_energy,InsertionSort_10000Entries
_result,24,2024-12-10 15:43:00.995522+00:00,2024-12-13 15:43:00.995522+00:00,2024-12-13 14:51:55.121485+00:00,51.6527,median_energy_dram,unit_test_energy,InsertionSort_10000Entries
_result,24,2024-12-10 15:43:00.995522+00:00,2024-12-13 15:43:00.995522+00:00,2024-12-13 14:54:02.442341+00:00,51.423,median_energy_dram,unit_test_energy,InsertionSort_10000Entries
_result,24,2024-12-10 15:43:00.995522+00:00,2024-12-13 15:43:00.995522+00:00,2024-12-13 14:56:09.677570+00:00,44.5456,median_energy_dram,unit_test_energy,InsertionSort_10000Entries
_result,24,2024-12-10 15:43:00.995522+00:00,2024-12-13 15:43:00.995522+00:00,2024-12-13 14:58:16.257843+00:00,50.3568,median_energy_dram,unit_test_energy,InsertionSort_10000Entries
_result,24,2024-12-10 15:43:00.995522+00:00,2024-12-13 15:43:00.995522+00:00,2024-12-13 15:00:23.094176+00:00,41.3345,median_energy_dram,unit_test_energy,InsertionSort_10000Entries
_result,24,2024-12-10 15:43:00.995522+00:00,2024-12-13 15:43:00.995522+00:00,2024-12-13 15:02:30.052151+00:00,41.3535,median_energy_dram,unit_test_energy,InsertionSort_10000Entries
_result,24,2024-12-10 15:43:00.995522+00:00,2024-12-13 15:43:00.995522+00:00,2024-12-13 15:04:38.333582+00:00,48.9722,median_energy_dram,unit_test_energy,InsertionSort_10000Entries
_result,24,2024-12-10 15:43:00.995522+00:00,2024-12-13 15:43:00.995522+00:00,2024-12-13 15:10:37.422856+00:00,44.8343,median_energy_dram,unit_test_energy,InsertionSort_10000Entries
_result,24,2024-12-10 15:43:00.995522+00:00,2024-12-13 15:43:00.995522+00:00,2024-12-13 15:12:44.527903+00:00,45.3268,median_energy_dram,unit_test_energy,InsertionSort_10000Entries
_result,24,2024-12-10 15:43:00.995522+00:00,2024-12-13 15:43:00.995522+00:00,2024-12-13 15:14:51.695302+00:00,49.9002,median_energy_dram,unit_test_energy,InsertionSort_10000Entries
_result,24,2024-12-10 15:43:00.995522+00:00,2024-12-13 15:43:00.995522+00:00,2024-12-13 15:16:59.064254+00:00,44.888,median_energy_dram,unit_test_energy,InsertionSort_10000Entries
_result,24,2024-12-10 15:43:00.995522+00:00,2024-12-13 15:43:00.995522+00:00,2024-12-13 15:19:05.894979+00:00,43.8419,median_energy_dram,unit_test_energy,InsertionSort_10000Entries
_result,24,2024-12-10 15:43:00.995522+00:00,2024-12-13 15:43:00.995522+00:00,2024-12-13 15:21:13.503722+00:00,49.3365,median_energy_dram,unit_test_energy,InsertionSort_10000Entries
_result,24,2024-12-10 15:43:00.995522+00:00,2024-12-13 15:43:00.995522+00:00,2024-12-13 15:23:20.240381+00:00,44.5462,median_energy_dram,unit_test_energy,InsertionSort_10000Entries
_result,24,2024-12-10 15:43:00.995522+00:00,2024-12-13 15:43:00.995522+00:00,2024-12-13 15:25:26.794714+00:00,43.8824,median_energy_dram,unit_test_energy,InsertionSort_10000Entries
_result,24,2024-12-10 15:43:00.995522+00:00,2024-12-13 15:43:00.995522+00:00,2024-12-13 15:27:33.618074+00:00,44.7635,median_energy_dram,unit_test_energy,InsertionSort_10000Entries
_result,24,2024-12-10 15:43:00.995522+00:00,2024-12-13 15:43:00.995522+00:00,2024-12-13 15:29:40.434871+00:00,44.8,median_energy_dram,unit_test_energy,InsertionSort_10000Entries
_result,24,2024-12-10 15:43:00.995522+00:00,2024-12-13 15:43:00.995522+00:00,2024-12-13 15:31:47.175798+00:00,50.3531,median_energy_dram,unit_test_energy,InsertionSort_10000Entries
_result,24,2024-12-10 15:43:00.995522+00:00,2024-12-13 15:43:00.995522+00:00,2024-12-13 15:33:53.788706+00:00,44.8399,median_energy_dram,unit_test_energy,InsertionSort_10000Entries
_result,24,2024-12-10 15:43:00.995522+00:00,2024-12-13 15:43:00.995522+00:00,2024-12-13 15:36:00.972706+00:00,47.7612,median_energy_dram,unit_test_energy,InsertionSort_10000Entries
_result,24,2024-12-10 15:43:00.995522+00:00,2024-12-13 15:43:00.995522+00:00,2024-12-13 15:38:08.211154+00:00,43.9169,median_energy_dram,unit_test_energy,InsertionSort_10000Entries
_result,24,2024-12-10 15:43:00.995522+00:00,2024-12-13 15:43:00.995522+00:00,2024-12-13 15:40:14.752717+00:00,45.6274,median_energy_dram,unit_test_energy,InsertionSort_10000Entries
_result,25,2024-12-10 15:43:00.995522+00:00,2024-12-13 15:43:00.995522+00:00,2024-12-13 14:34:59.222811+00:00,125.5835,median_energy_pkg,unit_test_energy,InsertionSort_10000Entries
_result,25,2024-12-10 15:43:00.995522+00:00,2024-12-13 15:43:00.995522+00:00,2024-12-13 14:37:06.330115+00:00,128.0804,median_energy_pkg,unit_test_energy,InsertionSort_10000Entries
_result,25,2024-12-10 15:43:00.995522+00:00,2024-12-13 15:43:00.995522+00:00,2024-12-13 14:39:13.341171+00:00,123.9111,median_energy_pkg,unit_test_energy,InsertionSort_10000Entries
_result,25,2024-12-10 15:43:00.995522+00:00,2024-12-13 15:43:00.995522+00:00,2024-12-13 14:41:20.950071+00:00,119.6497,median_energy_pkg,unit_test_energy,InsertionSort_10000Entries
_result,25,2024-12-10 15:43:00.995522+00:00,2024-12-13 15:43:00.995522+00:00,2024-12-13 14:43:27.915530+00:00,121.1938,median_energy_pkg,unit_test_energy,InsertionSort_10000Entries
_result,25,2024-12-10 15:43:00.995522+00:00,2024-12-13 15:43:00.995522+00:00,2024-12-13 14:45:34.526530+00:00,124.3933,median_energy_pkg,unit_test_energy,InsertionSort_10000Entries
_result,25,2024-12-10 15:43:00.995522+00:00,2024-12-13 15:43:00.995522+00:00,2024-12-13 14:47:40.841807+00:00,124.906,median_energy_pkg,unit_test_energy,InsertionSort_10000Entries
_result,25,2024-12-10 15:43:00.995522+00:00,2024-12-13 15:43:00.995522+00:00,2024-12-13 14:49:47.785233+00:00,116.3489,median_energy_pkg,unit_test_energy,InsertionSort_10000Entries
_result,25,2024-12-10 15:43:00.995522+00:00,2024-12-13 15:43:00.995522+00:00,2024-12-13 14:51:55.121485+00:00,127.6636,median_energy_pkg,unit_test_energy,InsertionSort_10000Entries
_result,25,2024-12-10 15:43:00.995522+00:00,2024-12-13 15:43:00.995522+00:00,2024-12-13 14:54:02.442341+00:00,127.2559,median_energy_pkg,unit_test_energy,InsertionSort_10000Entries
_result,25,2024-12-10 15:43:00.995522+00:00,2024-12-13 15:43:00.995522+00:00,2024-12-13 14:56:09.677570+00:00,121.1438,median_energy_pkg,unit_test_energy,InsertionSort_10000Entries
_result,25,2024-12-10 15:43:00.995522+00:00,2024-12-13 15:43:00.995522+00:00,2024-12-13 14:58:16.257843+00:00,125.885,median_energy_pkg,unit_test_energy,InsertionSort_10000Entries
_result,25,2024-12-10 15:43:00.995522+00:00,2024-12-13 15:43:00.995522+00:00,2024-12-13 15:00:23.094176+00:00,96.2366,median_energy_pkg,unit_test_energy,InsertionSort_10000Entries
_result,25,2024-12-10 15:43:00.995522+00:00,2024-12-13 15:43:00.995522+00:00,2024-12-13 15:02:30.052151+00:00,79.9609,median_energy_pkg,unit_test_energy,InsertionSort_10000Entries
_result,25,2024-12-10 15:43:00.995522+00:00,2024-12-13 15:43:00.995522+00:00,2024-12-13 15:04:38.333582+00:00,142.1252,median_energy_pkg,unit_test_energy,InsertionSort_10000Entries
_result,25,2024-12-10 15:43:00.995522+00:00,2024-12-13 15:43:00.995522+00:00,2024-12-13 15:10:37.422856+00:00,120.542,median_energy_pkg,unit_test_energy,InsertionSort_10000Entries
_result,25,2024-12-10 15:43:00.995522+00:00,2024-12-13 15:43:00.995522+00:00,2024-12-13 15:12:44.527903+00:00,116.7688,median_energy_pkg,unit_test_energy,InsertionSort_10000Entries
_result,25,2024-12-10 15:43:00.995522+00:00,2024-12-13 15:43:00.995522+00:00,2024-12-13 15:14:51.695302+00:00,124.8816,median_energy_pkg,unit_test_energy,InsertionSort_10000Entries
_result,25,2024-12-10 15:43:00.995522+00:00,2024-12-13 15:43:00.995522+00:00,2024-12-13 15:16:59.064254+00:00,120.835,median_energy_pkg,unit_test_energy,InsertionSort_10000Entries
_result,25,2024-12-10 15:43:00.995522+00:00,2024-12-13 15:43:00.995522+00:00,2024-12-13 15:19:05.894979+00:00,113.8464,median_energy_pkg,unit_test_energy,InsertionSort_10000Entries
_result,25,2024-12-10 15:43:00.995522+00:00,2024-12-13 15:43:00.995522+00:00,2024-12-13 15:21:13.503722+00:00,123.7085,median_energy_pkg,unit_test_energy,InsertionSort_10000Entries
_result,25,2024-12-10 15:43:00.995522+00:00,2024-12-13 15:43:00.995522+00:00,2024-12-13 15:23:20.240381+00:00,120.3931,median_energy_pkg,unit_test_energy,InsertionSort_10000Entries
_result,25,2024-12-10 15:43:00.995522+00:00,2024-12-13 15:43:00.995522+00:00,2024-12-13 15:25:26.794714+00:00,112.7136,median_energy_pkg,unit_test_energy,InsertionSort_10000Entries
_result,25,2024-12-10 15:43:00.995522+00:00,2024-12-13 15:43:00.995522+00:00,2024-12-13 15:27:33.618074+00:00,120.8014,median_energy_pkg,unit_test_energy,InsertionSort_10000Entries
_result,25,2024-12-10 15:43:00.995522+00:00,2024-12-13 15:43:00.995522+00:00,2024-12-13 15:29:40.434871+00:00,120.0549,median_energy_pkg,unit_test_energy,InsertionSort_10000Entries
_result,25,2024-12-10 15:43:00.995522+00:00,2024-12-13 15:43:00.995522+00:00,2024-12-13 15:31:47.175798+00:00,124.3628,median_energy_pkg,unit_test_energy,InsertionSort_10000Entries
_result,25,2024-12-10 15:43:00.995522+00:00,2024-12-13 15:43:00.995522+00:00,2024-12-13 15:33:53.788706+00:00,121.3025,median_energy_pkg,unit_test_energy,InsertionSort_10000Entries
_result,25,2024-12-10 15:43:00.995522+00:00,2024-12-13 15:43:00.995522+00:00,2024-12-13 15:36:00.972706+00:00,120.3967,median_energy_pkg,unit_test_energy,InsertionSort_10000Entries
_result,25,2024-12-10 15:43:00.995522+00:00,2024-12-13 15:43:00.995522+00:00,2024-12-13 15:38:08.211154+00:00,117.5537,median_energy_pkg,unit_test_energy,InsertionSort_10000Entries
_result,25,2024-12-10 15:43:00.995522+00:00,2024-12-13 15:43:00.995522+00:00,2024-12-13 15:40:14.752717+00:00,117.1375,median_energy_pkg,unit_test_energy,InsertionSort_10000Entries
_result,26,2024-12-10 15:43:00.995522+00:00,2024-12-13 15:43:00.995522+00:00,2024-12-13 14:34:59.222811+00:00,12.3346,total_energy_dram,unit_test_energy,InsertionSort_10000Entries
_result,26,2024-12-10 15:43:00.995522+00:00,2024-12-13 15:43:00.995522+00:00,2024-12-13 14:37:06.330115+00:00,12.5569,total_energy_dram,unit_test_energy,InsertionSort_10000Entries
_result,26,2024-12-10 15:43:00.995522+00:00,2024-12-13 15:43:00.995522+00:00,2024-12-13 14:39:13.341171+00:00,11.9407,total_energy_dram,unit_test_energy,InsertionSort_10000Entries
_result,26,2024-12-10 15:43:00.995522+00:00,2024-12-13 15:43:00.995522+00:00,2024-12-13 14:41:20.950071+00:00,11.9033,total_energy_dram,unit_test_energy,InsertionSort_10000Entries
_result,26,2024-12-10 15:43:00.995522+00:00,2024-12-13 15:43:00.995522+00:00,2024-12-13 14:43:27.915530+00:00,12.1546,total_energy_dram,unit_test_energy,InsertionSort_10000Entries
_result,26,2024-12-10 15:43:00.995522+00:00,2024-12-13 15:43:00.995522+00:00,2024-12-13 14:45:34.526530+00:00,12.3131,total_energy_dram,unit_test_energy,InsertionSort_10000Entries
_result,26,2024-12-10 15:43:00.995522+00:00,2024-12-13 15:43:00.995522+00:00,2024-12-13 14:47:40.841807+00:00,12.4462,total_energy_dram,unit_test_energy,InsertionSort_10000Entries
_result,26,2024-12-10 15:43:00.995522+00:00,2024-12-13 15:43:00.995522+00:00,2024-12-13 14:49:47.785233+00:00,14.1809,total_energy_dram,unit_test_energy,InsertionSort_10000Entries
_result,26,2024-12-10 15:43:00.995522+00:00,2024-12-13 15:43:00.995522+00:00,2024-12-13 14:51:55.121485+00:00,13.1891,total_energy_dram,unit_test_energy,InsertionSort_10000Entries
_result,26,2024-12-10 15:43:00.995522+00:00,2024-12-13 15:43:00.995522+00:00,2024-12-13 14:54:02.442341+00:00,13.5216,total_energy_dram,unit_test_energy,InsertionSort_10000Entries
_result,26,2024-12-10 15:43:00.995522+00:00,2024-12-13 15:43:00.995522+00:00,2024-12-13 14:56:09.677570+00:00,11.6466,total_energy_dram,unit_test_energy,InsertionSort_10000Entries
_result,26,2024-12-10 15:43:00.995522+00:00,2024-12-13 15:43:00.995522+00:00,2024-12-13 14:58:16.257843+00:00,12.1609,total_energy_dram,unit_test_energy,InsertionSort_10000Entries
_result,26,2024-12-10 15:43:00.995522+00:00,2024-12-13 15:43:00.995522+00:00,2024-12-13 15:00:23.094176+00:00,16.2816,total_energy_dram,unit_test_energy,InsertionSort_10000Entries
_result,26,2024-12-10 15:43:00.995522+00:00,2024-12-13 15:43:00.995522+00:00,2024-12-13 15:02:30.052151+00:00,10.2942,total_energy_dram,unit_test_energy,InsertionSort_10000Entries
_result,26,2024-12-10 15:43:00.995522+00:00,2024-12-13 15:43:00.995522+00:00,2024-12-13 15:04:38.333582+00:00,12.7061,total_energy_dram,unit_test_energy,InsertionSort_10000Entries
_result,26,2024-12-10 15:43:00.995522+00:00,2024-12-13 15:43:00.995522+00:00,2024-12-13 15:10:37.422856+00:00,12.8784,total_energy_dram,unit_test_energy,InsertionSort_10000Entries
_result,26,2024-12-10 15:43:00.995522+00:00,2024-12-13 15:43:00.995522+00:00,2024-12-13 15:12:44.527903+00:00,12.8045,total_energy_dram,unit_test_energy,InsertionSort_10000Entries
_result,26,2024-12-10 15:43:00.995522+00:00,2024-12-13 15:43:00.995522+00:00,2024-12-13 15:14:51.695302+00:00,12.0225,total_energy_dram,unit_test_energy,InsertionSort_10000Entries
_result,26,2024-12-10 15:43:00.995522+00:00,2024-12-13 15:43:00.995522+00:00,2024-12-13 15:16:59.064254+00:00,11.7667,total_energy_dram,unit_test_energy,InsertionSort_10000Entries
_result,26,2024-12-10 15:43:00.995522+00:00,2024-12-13 15:43:00.995522+00:00,2024-12-13 15:19:05.894979+00:00,14.5135,total_energy_dram,unit_test_energy,InsertionSort_10000Entries
_result,26,2024-12-10 15:43:00.995522+00:00,2024-12-13 15:43:00.995522+00:00,2024-12-13 15:21:13.503722+00:00,11.8849,total_energy_dram,unit_test_energy,InsertionSort_10000Entries
_result,26,2024-12-10 15:43:00.995522+00:00,2024-12-13 15:43:00.995522+00:00,2024-12-13 15:23:20.240381+00:00,11.6076,total_energy_dram,unit_test_energy,InsertionSort_10000Entries
_result,26,2024-12-10 15:43:00.995522+00:00,2024-12-13 15:43:00.995522+00:00,2024-12-13 15:25:26.794714+00:00,15.5572,total_energy_dram,unit_test_energy,InsertionSort_10000Entries
_result,26,2024-12-10 15:43:00.995522+00:00,2024-12-13 15:43:00.995522+00:00,2024-12-13 15:27:33.618074+00:00,11.6571,total_energy_dram,unit_test_energy,InsertionSort_10000Entries
_result,26,2024-12-10 15:43:00.995522+00:00,2024-12-13 15:43:00.995522+00:00,2024-12-13 15:29:40.434871+00:00,12.6246,total_energy_dram,unit_test_energy,InsertionSort_10000Entries
_result,26,2024-12-10 15:43:00.995522+00:00,2024-12-13 15:43:00.995522+00:00,2024-12-13 15:31:47.175798+00:00,12.4528,total_energy_dram,unit_test_energy,InsertionSort_10000Entries
_result,26,2024-12-10 15:43:00.995522+00:00,2024-12-13 15:43:00.995522+00:00,2024-12-13 15:33:53.788706+00:00,11.7075,total_energy_dram,unit_test_energy,InsertionSort_10000Entries
_result,26,2024-12-10 15:43:00.995522+00:00,2024-12-13 15:43:00.995522+00:00,2024-12-13 15:36:00.972706+00:00,10.9933,total_energy_dram,unit_test_energy,InsertionSort_10000Entries
_result,26,2024-12-10 15:43:00.995522+00:00,2024-12-13 15:43:00.995522+00:00,2024-12-13 15:38:08.211154+00:00,11.3649,total_energy_dram,unit_test_energy,InsertionSort_10000Entries
_result,26,2024-12-10 15:43:00.995522+00:00,2024-12-13 15:43:00.995522+00:00,2024-12-13 15:40:14.752717+00:00,14.0748,total_energy_dram,unit_test_energy,InsertionSort_10000Entries
_result,27,2024-12-10 15:43:00.995522+00:00,2024-12-13 15:43:00.995522+00:00,2024-12-13 14:34:59.222811+00:00,31.192,total_energy_pkg,unit_test_energy,InsertionSort_10000Entries
_result,27,2024-12-10 15:43:00.995522+00:00,2024-12-13 15:43:00.995522+00:00,2024-12-13 14:37:06.330115+00:00,31.3895,total_energy_pkg,unit_test_energy,InsertionSort_10000Entries
_result,27,2024-12-10 15:43:00.995522+00:00,2024-12-13 15:43:00.995522+00:00,2024-12-13 14:39:13.341171+00:00,31.0517,total_energy_pkg,unit_test_energy,InsertionSort_10000Entries
_result,27,2024-12-10 15:43:00.995522+00:00,2024-12-13 15:43:00.995522+00:00,2024-12-13 14:41:20.950071+00:00,31.6272,total_energy_pkg,unit_test_energy,InsertionSort_10000Entries
_result,27,2024-12-10 15:43:00.995522+00:00,2024-12-13 15:43:00.995522+00:00,2024-12-13 14:43:27.915530+00:00,31.4802,total_energy_pkg,unit_test_energy,InsertionSort_10000Entries
_result,27,2024-12-10 15:43:00.995522+00:00,2024-12-13 15:43:00.995522+00:00,2024-12-13 14:45:34.526530+00:00,30.6863,total_energy_pkg,unit_test_energy,InsertionSort_10000Entries
_result,27,2024-12-10 15:43:00.995522+00:00,2024-12-13 15:43:00.995522+00:00,2024-12-13 14:47:40.841807+00:00,31.1497,total_energy_pkg,unit_test_energy,InsertionSort_10000Entries
_result,27,2024-12-10 15:43:00.995522+00:00,2024-12-13 15:43:00.995522+00:00,2024-12-13 14:49:47.785233+00:00,36.2703,total_energy_pkg,unit_test_energy,InsertionSort_10000Entries
_result,27,2024-12-10 15:43:00.995522+00:00,2024-12-13 15:43:00.995522+00:00,2024-12-13 14:51:55.121485+00:00,32.4622,total_energy_pkg,unit_test_energy,InsertionSort_10000Entries
_result,27,2024-12-10 15:43:00.995522+00:00,2024-12-13 15:43:00.995522+00:00,2024-12-13 14:54:02.442341+00:00,32.9973,total_energy_pkg,unit_test_energy,InsertionSort_10000Entries
_result,27,2024-12-10 15:43:00.995522+00:00,2024-12-13 15:43:00.995522+00:00,2024-12-13 14:56:09.677570+00:00,31.0039,total_energy_pkg,unit_test_energy,InsertionSort_10000Entries
_result,27,2024-12-10 15:43:00.995522+00:00,2024-12-13 15:43:00.995522+00:00,2024-12-13 14:58:16.257843+00:00,30.8,total_energy_pkg,unit_test_energy,InsertionSort_10000Entries
_result,27,2024-12-10 15:43:00.995522+00:00,2024-12-13 15:43:00.995522+00:00,2024-12-13 15:00:23.094176+00:00,38.2277,total_energy_pkg,unit_test_energy,InsertionSort_10000Entries
_result,27,2024-12-10 15:43:00.995522+00:00,2024-12-13 15:43:00.995522+00:00,2024-12-13 15:02:30.052151+00:00,21.184,total_energy_pkg,unit_test_energy,InsertionSort_10000Entries
_result,27,2024-12-10 15:43:00.995522+00:00,2024-12-13 15:43:00.995522+00:00,2024-12-13 15:04:38.333582+00:00,36.1315,total_energy_pkg,unit_test_energy,InsertionSort_10000Entries
_result,27,2024-12-10 15:43:00.995522+00:00,2024-12-13 15:43:00.995522+00:00,2024-12-13 15:10:37.422856+00:00,33.9321,total_energy_pkg,unit_test_energy,InsertionSort_10000Entries
_result,27,2024-12-10 15:43:00.995522+00:00,2024-12-13 15:43:00.995522+00:00,2024-12-13 15:12:44.527903+00:00,33.5997,total_energy_pkg,unit_test_energy,InsertionSort_10000Entries
_result,27,2024-12-10 15:43:00.995522+00:00,2024-12-13 15:43:00.995522+00:00,2024-12-13 15:14:51.695302+00:00,30.6758,total_energy_pkg,unit_test_energy,InsertionSort_10000Entries
_result,27,2024-12-10 15:43:00.995522+00:00,2024-12-13 15:43:00.995522+00:00,2024-12-13 15:16:59.064254+00:00,31.2169,total_energy_pkg,unit_test_energy,InsertionSort_10000Entries
_result,27,2024-12-10 15:43:00.995522+00:00,2024-12-13 15:43:00.995522+00:00,2024-12-13 15:19:05.894979+00:00,37.8854,total_energy_pkg,unit_test_energy,InsertionSort_10000Entries
_result,27,2024-12-10 15:43:00.995522+00:00,2024-12-13 15:43:00.995522+00:00,2024-12-13 15:21:13.503722+00:00,30.3754,total_energy_pkg,unit_test_energy,InsertionSort_10000Entries
_result,27,2024-12-10 15:43:00.995522+00:00,2024-12-13 15:43:00.995522+00:00,2024-12-13 15:23:20.240381+00:00,30.8206,total_energy_pkg,unit_test_energy,InsertionSort_10000Entries
_result,27,2024-12-10 15:43:00.995522+00:00,2024-12-13 15:43:00.995522+00:00,2024-12-13 15:25:26.794714+00:00,40.0506,total_energy_pkg,unit_test_energy,InsertionSort_10000Entries
_result,27,2024-12-10 15:43:00.995522+00:00,2024-12-13 15:43:00.995522+00:00,2024-12-13 15:27:33.618074+00:00,30.9627,total_energy_pkg,unit_test_energy,InsertionSort_10000Entries
_result,27,2024-12-10 15:43:00.995522+00:00,2024-12-13 15:43:00.995522+00:00,2024-12-13 15:29:40.434871+00:00,33.4201,total_energy_pkg,unit_test_energy,InsertionSort_10000Entries
_result,27,2024-12-10 15:43:00.995522+00:00,2024-12-13 15:43:00.995522+00:00,2024-12-13 15:31:47.175798+00:00,30.9615,total_energy_pkg,unit_test_energy,InsertionSort_10000Entries
_result,27,2024-12-10 15:43:00.995522+00:00,2024-12-13 15:43:00.995522+00:00,2024-12-13 15:33:53.788706+00:00,31.2721,total_energy_pkg,unit_test_energy,InsertionSort_10000Entries
_result,27,2024-12-10 15:43:00.995522+00:00,2024-12-13 15:43:00.995522+00:00,2024-12-13 15:36:00.972706+00:00,27.4514,total_energy_pkg,unit_test_energy,InsertionSort_10000Entries
_result,27,2024-12-10 15:43:00.995522+00:00,2024-12-13 15:43:00.995522+00:00,2024-12-13 15:38:08.211154+00:00,30.2422,total_energy_pkg,unit_test_energy,InsertionSort_10000Entries
_result,27,2024-12-10 15:43:00.995522+00:00,2024-12-13 15:43:00.995522+00:00,2024-12-13 15:40:14.752717+00:00,36.0236,total_energy_pkg,unit_test_energy,InsertionSort_10000Entries
_result,28,2024-12-10 15:43:00.995522+00:00,2024-12-13 15:43:00.995522+00:00,2024-12-13 14:33:39.177471+00:00,51.5109,avg_energy_dram,unit_test_energy,InsertionSort_1000Entries
_result,28,2024-12-10 15:43:00.995522+00:00,2024-12-13 15:43:00.995522+00:00,2024-12-13 14:35:46.736368+00:00,50.9471,avg_energy_dram,unit_test_energy,InsertionSort_1000Entries
_result,28,2024-12-10 15:43:00.995522+00:00,2024-12-13 15:43:00.995522+00:00,2024-12-13 14:37:53.895737+00:00,51.7469,avg_energy_dram,unit_test_energy,InsertionSort_1000Entries
_result,28,2024-12-10 15:43:00.995522+00:00,2024-12-13 15:43:00.995522+00:00,2024-12-13 14:40:01.122447+00:00,46.252,avg_energy_dram,unit_test_energy,InsertionSort_1000Entries
_result,28,2024-12-10 15:43:00.995522+00:00,2024-12-13 15:43:00.995522+00:00,2024-12-13 14:42:08.233724+00:00,51.5115,avg_energy_dram,unit_test_energy,InsertionSort_1000Entries
_result,28,2024-12-10 15:43:00.995522+00:00,2024-12-13 15:43:00.995522+00:00,2024-12-13 14:44:15.009895+00:00,52.1695,avg_energy_dram,unit_test_energy,InsertionSort_1000Entries
_result,28,2024-12-10 15:43:00.995522+00:00,2024-12-13 15:43:00.995522+00:00,2024-12-13 14:46:21.541144+00:00,47.7299,avg_energy_dram,unit_test_energy,InsertionSort_1000Entries
_result,28,2024-12-10 15:43:00.995522+00:00,2024-12-13 15:43:00.995522+00:00,2024-12-13 14:48:28.419633+00:00,52.8852,avg_energy_dram,unit_test_energy,InsertionSort_1000Entries
_result,28,2024-12-10 15:43:00.995522+00:00,2024-12-13 15:43:00.995522+00:00,2024-12-13 14:50:35.393519+00:00,46.5192,avg_energy_dram,unit_test_energy,InsertionSort_1000Entries
_result,28,2024-12-10 15:43:00.995522+00:00,2024-12-13 15:43:00.995522+00:00,2024-12-13 14:52:42.988986+00:00,51.6608,avg_energy_dram,unit_test_energy,InsertionSort_1000Entries
_result,28,2024-12-10 15:43:00.995522+00:00,2024-12-13 15:43:00.995522+00:00,2024-12-13 14:54:50.072984+00:00,44.7735,avg_energy_dram,unit_test_energy,InsertionSort_1000Entries
_result,28,2024-12-10 15:43:00.995522+00:00,2024-12-13 15:43:00.995522+00:00,2024-12-13 14:56:56.971574+00:00,52.4152,avg_energy_dram,unit_test_energy,InsertionSort_1000Entries
_result,28,2024-12-10 15:43:00.995522+00:00,2024-12-13 15:43:00.995522+00:00,2024-12-13 14:59:03.557300+00:00,45.3411,avg_energy_dram,unit_test_energy,InsertionSort_1000Entries
_result,28,2024-12-10 15:43:00.995522+00:00,2024-12-13 15:43:00.995522+00:00,2024-12-13 15:01:10.405718+00:00,52.3668,avg_energy_dram,unit_test_energy,InsertionSort_1000Entries
_result,28,2024-12-10 15:43:00.995522+00:00,2024-12-13 15:43:00.995522+00:00,2024-12-13 15:03:18.001585+00:00,51.5321,avg_energy_dram,unit_test_energy,InsertionSort_1000Entries
_result,28,2024-12-10 15:43:00.995522+00:00,2024-12-13 15:43:00.995522+00:00,2024-12-13 15:09:17.712990+00:00,45.3233,avg_energy_dram,unit_test_energy,InsertionSort_1000Entries
_result,28,2024-12-10 15:43:00.995522+00:00,2024-12-13 15:43:00.995522+00:00,2024-12-13 15:11:25.001681+00:00,51.9062,avg_energy_dram,unit_test_energy,InsertionSort_1000Entries
_result,28,2024-12-10 15:43:00.995522+00:00,2024-12-13 15:43:00.995522+00:00,2024-12-13 15:13:32.079363+00:00,45.2104,avg_energy_dram,unit_test_energy,InsertionSort_1000Entries
_result,28,2024-12-10 15:43:00.995522+00:00,2024-12-13 15:43:00.995522+00:00,2024-12-13 15:15:39.341475+00:00,44.6905,avg_energy_dram,unit_test_energy,InsertionSort_1000Entries
_result,28,2024-12-10 15:43:00.995522+00:00,2024-12-13 15:43:00.995522+00:00,2024-12-13 15:17:46.175985+00:00,51.8063,avg_energy_dram,unit_test_energy,InsertionSort_1000Entries
_result,28,2024-12-10 15:43:00.995522+00:00,2024-12-13 15:43:00.995522+00:00,2024-12-13 15:19:53.810524+00:00,52.2641,avg_energy_dram,unit_test_energy,InsertionSort_1000Entries
_result,28,2024-12-10 15:43:00.995522+00:00,2024-12-13 15:43:00.995522+00:00,2024-12-13 15:22:00.883860+00:00,52.5416,avg_energy_dram,unit_test_energy,InsertionSort_1000Entries
_result,28,2024-12-10 15:43:00.995522+00:00,2024-12-13 15:43:00.995522+00:00,2024-12-13 15:24:07.335857+00:00,45.8169,avg_energy_dram,unit_test_energy,InsertionSort_1000Entries
_result,28,2024-12-10 15:43:00.995522+00:00,2024-12-13 15:43:00.995522+00:00,2024-12-13 15:26:14.208676+00:00,52.8526,avg_energy_dram,unit_test_energy,InsertionSort_1000Entries
_result,28,2024-12-10 15:43:00.995522+00:00,2024-12-13 15:43:00.995522+00:00,2024-12-13 15:28:21.107512+00:00,52.101,avg_energy_dram,unit_test_energy,InsertionSort_1000Entries
_result,28,2024-12-10 15:43:00.995522+00:00,2024-12-13 15:43:00.995522+00:00,2024-12-13 15:30:27.761579+00:00,50.8558,avg_energy_dram,unit_test_energy,InsertionSort_1000Entries
_result,28,2024-12-10 15:43:00.995522+00:00,2024-12-13 15:43:00.995522+00:00,2024-12-13 15:32:34.375438+00:00,52.26,avg_energy_dram,unit_test_energy,InsertionSort_1000Entries
_result,28,2024-12-10 15:43:00.995522+00:00,2024-12-13 15:43:00.995522+00:00,2024-12-13 15:34:41.313233+00:00,47.9656,avg_energy_dram,unit_test_energy,InsertionSort_1000Entries
_result,28,2024-12-10 15:43:00.995522+00:00,2024-12-13 15:43:00.995522+00:00,2024-12-13 15:36:48.696324+00:00,46.4456,avg_energy_dram,unit_test_energy,InsertionSort_1000Entries
_result,28,2024-12-10 15:43:00.995522+00:00,2024-12-13 15:43:00.995522+00:00,2024-12-13 15:38:55.439251+00:00,45.1535,avg_energy_dram,unit_test_energy,InsertionSort_1000Entries
_result,29,2024-12-10 15:43:00.995522+00:00,2024-12-13 15:43:00.995522+00:00,2024-12-13 14:33:39.177471+00:00,137.4603,avg_energy_pkg,unit_test_energy,InsertionSort_1000Entries
_result,29,2024-12-10 15:43:00.995522+00:00,2024-12-13 15:43:00.995522+00:00,2024-12-13 14:35:46.736368+00:00,128.7759,avg_energy_pkg,unit_test_energy,InsertionSort_1000Entries
_result,29,2024-12-10 15:43:00.995522+00:00,2024-12-13 15:43:00.995522+00:00,2024-12-13 14:37:53.895737+00:00,120.8647,avg_energy_pkg,unit_test_energy,InsertionSort_1000Entries
_result,29,2024-12-10 15:43:00.995522+00:00,2024-12-13 15:43:00.995522+00:00,2024-12-13 14:40:01.122447+00:00,122.1353,avg_energy_pkg,unit_test_energy,InsertionSort_1000Entries
_result,29,2024-12-10 15:43:00.995522+00:00,2024-12-13 15:43:00.995522+00:00,2024-12-13 14:42:08.233724+00:00,124.0151,avg_energy_pkg,unit_test_energy,InsertionSort_1000Entries
_result,29,2024-12-10 15:43:00.995522+00:00,2024-12-13 15:43:00.995522+00:00,2024-12-13 14:44:15.009895+00:00,130.2914,avg_energy_pkg,unit_test_energy,InsertionSort_1000Entries
_result,29,2024-12-10 15:43:00.995522+00:00,2024-12-13 15:43:00.995522+00:00,2024-12-13 14:46:21.541144+00:00,121.942,avg_energy_pkg,unit_test_energy,InsertionSort_1000Entries
_result,29,2024-12-10 15:43:00.995522+00:00,2024-12-13 15:43:00.995522+00:00,2024-12-13 14:48:28.419633+00:00,134.048,avg_energy_pkg,unit_test_energy,InsertionSort_1000Entries
_result,29,2024-12-10 15:43:00.995522+00:00,2024-12-13 15:43:00.995522+00:00,2024-12-13 14:50:35.393519+00:00,120.3832,avg_energy_pkg,unit_test_energy,InsertionSort_1000Entries
_result,29,2024-12-10 15:43:00.995522+00:00,2024-12-13 15:43:00.995522+00:00,2024-12-13 14:52:42.988986+00:00,124.9766,avg_energy_pkg,unit_test_energy,InsertionSort_1000Entries
_result,29,2024-12-10 15:43:00.995522+00:00,2024-12-13 15:43:00.995522+00:00,2024-12-13 14:54:50.072984+00:00,118.7233,avg_energy_pkg,unit_test_energy,InsertionSort_1000Entries
_result,29,2024-12-10 15:43:00.995522+00:00,2024-12-13 15:43:00.995522+00:00,2024-12-13 14:56:56.971574+00:00,130.6106,avg_energy_pkg,unit_test_energy,InsertionSort_1000Entries
_result,29,2024-12-10 15:43:00.995522+00:00,2024-12-13 15:43:00.995522+00:00,2024-12-13 14:59:03.557300+00:00,117.9026,avg_energy_pkg,unit_test_energy,InsertionSort_1000Entries
_result,29,2024-12-10 15:43:00.995522+00:00,2024-12-13 15:43:00.995522+00:00,2024-12-13 15:01:10.405718+00:00,124.7463,avg_energy_pkg,unit_test_energy,InsertionSort_1000Entries
_result,29,2024-12-10 15:43:00.995522+00:00,2024-12-13 15:43:00.995522+00:00,2024-12-13 15:03:18.001585+00:00,142.8234,avg_energy_pkg,unit_test_energy,InsertionSort_1000Entries
_result,29,2024-12-10 15:43:00.995522+00:00,2024-12-13 15:43:00.995522+00:00,2024-12-13 15:09:17.712990+00:00,116.8589,avg_energy_pkg,unit_test_energy,InsertionSort_1000Entries
_result,29,2024-12-10 15:43:00.995522+00:00,2024-12-13 15:43:00.995522+00:00,2024-12-13 15:11:25.001681+00:00,129.9662,avg_energy_pkg,unit_test_energy,InsertionSort_1000Entries
_result,29,2024-12-10 15:43:00.995522+00:00,2024-12-13 15:43:00.995522+00:00,2024-12-13 15:13:32.079363+00:00,119.4445,avg_energy_pkg,unit_test_energy,InsertionSort_1000Entries
_result,29,2024-12-10 15:43:00.995522+00:00,2024-12-13 15:43:00.995522+00:00,2024-12-13 15:15:39.341475+00:00,119.9913,avg_energy_pkg,unit_test_energy,InsertionSort_1000Entries
_result,29,2024-12-10 15:43:00.995522+00:00,2024-12-13 15:43:00.995522+00:00,2024-12-13 15:17:46.175985+00:00,130.1627,avg_energy_pkg,unit_test_energy,InsertionSort_1000Entries
_result,29,2024-12-10 15:43:00.995522+00:00,2024-12-13 15:43:00.995522+00:00,2024-12-13 15:19:53.810524+00:00,125.2506,avg_energy_pkg,unit_test_energy,InsertionSort_1000Entries
_result,29,2024-12-10 15:43:00.995522+00:00,2024-12-13 15:43:00.995522+00:00,2024-12-13 15:22:00.883860+00:00,131.0141,avg_energy_pkg,unit_test_energy,InsertionSort_1000Entries
_result,29,2024-12-10 15:43:00.995522+00:00,2024-12-13 15:43:00.995522+00:00,2024-12-13 15:24:07.335857+00:00,120.7101,avg_energy_pkg,unit_test_energy,InsertionSort_1000Entries
_result,29,2024-12-10 15:43:00.995522+00:00,2024-12-13 15:43:00.995522+00:00,2024-12-13 15:26:14.208676+00:00,127.8598,avg_energy_pkg,unit_test_energy,InsertionSort_1000Entries
_result,29,2024-12-10 15:43:00.995522+00:00,2024-12-13 15:43:00.995522+00:00,2024-12-13 15:28:21.107512+00:00,131.0733,avg_energy_pkg,unit_test_energy,InsertionSort_1000Entries
_result,29,2024-12-10 15:43:00.995522+00:00,2024-12-13 15:43:00.995522+00:00,2024-12-13 15:30:27.761579+00:00,134.6478,avg_energy_pkg,unit_test_energy,InsertionSort_1000Entries
_result,29,2024-12-10 15:43:00.995522+00:00,2024-12-13 15:43:00.995522+00:00,2024-12-13 15:32:34.375438+00:00,130.5013,avg_energy_pkg,unit_test_energy,InsertionSort_1000Entries
_result,29,2024-12-10 15:43:00.995522+00:00,2024-12-13 15:43:00.995522+00:00,2024-12-13 15:34:41.313233+00:00,123.1515,avg_energy_pkg,unit_test_energy,InsertionSort_1000Entries
_result,29,2024-12-10 15:43:00.995522+00:00,2024-12-13 15:43:00.995522+00:00,2024-12-13 15:36:48.696324+00:00,118.0877,avg_energy_pkg,unit_test_energy,InsertionSort_1000Entries
_result,29,2024-12-10 15:43:00.995522+00:00,2024-12-13 15:43:00.995522+00:00,2024-12-13 15:38:55.439251+00:00,119.4396,avg_energy_pkg,unit_test_energy,InsertionSort_1000Entries
_result,30,2024-12-10 15:43:00.995522+00:00,2024-12-13 15:43:00.995522+00:00,2024-12-13 14:33:39.177471+00:00,0.0316,duration,unit_test_energy,InsertionSort_1000Entries
_result,30,2024-12-10 15:43:00.995522+00:00,2024-12-13 15:43:00.995522+00:00,2024-12-13 14:35:46.736368+00:00,0.0193,duration,unit_test_energy,InsertionSort_1000Entries
_result,30,2024-12-10 15:43:00.995522+00:00,2024-12-13 15:43:00.995522+00:00,2024-12-13 14:37:53.895737+00:00,0.0336,duration,unit_test_energy,InsertionSort_1000Entries
_result,30,2024-12-10 15:43:00.995522+00:00,2024-12-13 15:43:00.995522+00:00,2024-12-13 14:40:01.122447+00:00,0.0311,duration,unit_test_energy,InsertionSort_1000Entries
_result,30,2024-12-10 15:43:00.995522+00:00,2024-12-13 15:43:00.995522+00:00,2024-12-13 14:42:08.233724+00:00,0.0303,duration,unit_test_energy,InsertionSort_1000Entries
_result,30,2024-12-10 15:43:00.995522+00:00,2024-12-13 15:43:00.995522+00:00,2024-12-13 14:44:15.009895+00:00,0.0319,duration,unit_test_energy,InsertionSort_1000Entries
_result,30,2024-12-10 15:43:00.995522+00:00,2024-12-13 15:43:00.995522+00:00,2024-12-13 14:46:21.541144+00:00,0.0317,duration,unit_test_energy,InsertionSort_1000Entries
_result,30,2024-12-10 15:43:00.995522+00:00,2024-12-13 15:43:00.995522+00:00,2024-12-13 14:48:28.419633+00:00,0.0197,duration,unit_test_energy,InsertionSort_1000Entries
_result,30,2024-12-10 15:43:00.995522+00:00,2024-12-13 15:43:00.995522+00:00,2024-12-13 14:50:35.393519+00:00,0.0315,duration,unit_test_energy,InsertionSort_1000Entries
_result,30,2024-12-10 15:43:00.995522+00:00,2024-12-13 15:43:00.995522+00:00,2024-12-13 14:52:42.988986+00:00,0.0312,duration,unit_test_energy,InsertionSort_1000Entries
_result,30,2024-12-10 15:43:00.995522+00:00,2024-12-13 15:43:00.995522+00:00,2024-12-13 14:54:50.072984+00:00,0.0314,duration,unit_test_energy,InsertionSort_1000Entries
_result,30,2024-12-10 15:43:00.995522+00:00,2024-12-13 15:43:00.995522+00:00,2024-12-13 14:56:56.971574+00:00,0.0228,duration,unit_test_energy,InsertionSort_1000Entries
_result,30,2024-12-10 15:43:00.995522+00:00,2024-12-13 15:43:00.995522+00:00,2024-12-13 14:59:03.557300+00:00,0.0315,duration,unit_test_energy,InsertionSort_1000Entries
_result,30,2024-12-10 15:43:00.995522+00:00,2024-12-13 15:43:00.995522+00:00,2024-12-13 15:01:10.405718+00:00,0.0316,duration,unit_test_energy,InsertionSort_1000Entries
_result,30,2024-12-10 15:43:00.995522+00:00,2024-12-13 15:43:00.995522+00:00,2024-12-13 15:03:18.001585+00:00,0.0317,duration,unit_test_energy,InsertionSort_1000Entries
_result,30,2024-12-10 15:43:00.995522+00:00,2024-12-13 15:43:00.995522+00:00,2024-12-13 15:09:17.712990+00:00,0.0317,duration,unit_test_energy,InsertionSort_1000Entries
_result,30,2024-12-10 15:43:00.995522+00:00,2024-12-13 15:43:00.995522+00:00,2024-12-13 15:11:25.001681+00:00,0.0315,duration,unit_test_energy,InsertionSort_1000Entries
_result,30,2024-12-10 15:43:00.995522+00:00,2024-12-13 15:43:00.995522+00:00,2024-12-13 15:13:32.079363+00:00,0.0302,duration,unit_test_energy,InsertionSort_1000Entries
_result,30,2024-12-10 15:43:00.995522+00:00,2024-12-13 15:43:00.995522+00:00,2024-12-13 15:15:39.341475+00:00,0.0314,duration,unit_test_energy,InsertionSort_1000Entries
_result,30,2024-12-10 15:43:00.995522+00:00,2024-12-13 15:43:00.995522+00:00,2024-12-13 15:17:46.175985+00:00,0.0306,duration,unit_test_energy,InsertionSort_1000Entries
_result,30,2024-12-10 15:43:00.995522+00:00,2024-12-13 15:43:00.995522+00:00,2024-12-13 15:19:53.810524+00:00,0.0311,duration,unit_test_energy,InsertionSort_1000Entries
_result,30,2024-12-10 15:43:00.995522+00:00,2024-12-13 15:43:00.995522+00:00,2024-12-13 15:22:00.883860+00:00,0.0193,duration,unit_test_energy,InsertionSort_1000Entries
_result,30,2024-12-10 15:43:00.995522+00:00,2024-12-13 15:43:00.995522+00:00,2024-12-13 15:24:07.335857+00:00,0.0303,duration,unit_test_energy,InsertionSort_1000Entries
_result,30,2024-12-10 15:43:00.995522+00:00,2024-12-13 15:43:00.995522+00:00,2024-12-13 15:26:14.208676+00:00,0.0315,duration,unit_test_energy,InsertionSort_1000Entries
_result,30,2024-12-10 15:43:00.995522+00:00,2024-12-13 15:43:00.995522+00:00,2024-12-13 15:28:21.107512+00:00,0.0304,duration,unit_test_energy,InsertionSort_1000Entries
_result,30,2024-12-10 15:43:00.995522+00:00,2024-12-13 15:43:00.995522+00:00,2024-12-13 15:30:27.761579+00:00,0.0317,duration,unit_test_energy,InsertionSort_1000Entries
_result,30,2024-12-10 15:43:00.995522+00:00,2024-12-13 15:43:00.995522+00:00,2024-12-13 15:32:34.375438+00:00,0.0194,duration,unit_test_energy,InsertionSort_1000Entries
_result,30,2024-12-10 15:43:00.995522+00:00,2024-12-13 15:43:00.995522+00:00,2024-12-13 15:34:41.313233+00:00,0.0314,duration,unit_test_energy,InsertionSort_1000Entries
_result,30,2024-12-10 15:43:00.995522+00:00,2024-12-13 15:43:00.995522+00:00,2024-12-13 15:36:48.696324+00:00,0.0315,duration,unit_test_energy,InsertionSort_1000Entries
_result,30,2024-12-10 15:43:00.995522+00:00,2024-12-13 15:43:00.995522+00:00,2024-12-13 15:38:55.439251+00:00,0.0303,duration,unit_test_energy,InsertionSort_1000Entries
_result,31,2024-12-10 15:43:00.995522+00:00,2024-12-13 15:43:00.995522+00:00,2024-12-13 14:33:39.177471+00:00,0.0,median_energy_dram,unit_test_energy,InsertionSort_1000Entries
_result,31,2024-12-10 15:43:00.995522+00:00,2024-12-13 15:43:00.995522+00:00,2024-12-13 14:35:46.736368+00:00,0.0,median_energy_dram,unit_test_energy,InsertionSort_1000Entries
_result,31,2024-12-10 15:43:00.995522+00:00,2024-12-13 15:43:00.995522+00:00,2024-12-13 14:37:53.895737+00:00,0.0,median_energy_dram,unit_test_energy,InsertionSort_1000Entries
_result,31,2024-12-10 15:43:00.995522+00:00,2024-12-13 15:43:00.995522+00:00,2024-12-13 14:40:01.122447+00:00,0.0,median_energy_dram,unit_test_energy,InsertionSort_1000Entries
_result,31,2024-12-10 15:43:00.995522+00:00,2024-12-13 15:43:00.995522+00:00,2024-12-13 14:42:08.233724+00:00,0.0,median_energy_dram,unit_test_energy,InsertionSort_1000Entries
_result,31,2024-12-10 15:43:00.995522+00:00,2024-12-13 15:43:00.995522+00:00,2024-12-13 14:44:15.009895+00:00,0.0,median_energy_dram,unit_test_energy,InsertionSort_1000Entries
_result,31,2024-12-10 15:43:00.995522+00:00,2024-12-13 15:43:00.995522+00:00,2024-12-13 14:46:21.541144+00:00,0.0,median_energy_dram,unit_test_energy,InsertionSort_1000Entries
_result,31,2024-12-10 15:43:00.995522+00:00,2024-12-13 15:43:00.995522+00:00,2024-12-13 14:48:28.419633+00:00,0.0,median_energy_dram,unit_test_energy,InsertionSort_1000Entries
_result,31,2024-12-10 15:43:00.995522+00:00,2024-12-13 15:43:00.995522+00:00,2024-12-13 14:50:35.393519+00:00,0.0,median_energy_dram,unit_test_energy,InsertionSort_1000Entries
_result,31,2024-12-10 15:43:00.995522+00:00,2024-12-13 15:43:00.995522+00:00,2024-12-13 14:52:42.988986+00:00,0.0,median_energy_dram,unit_test_energy,InsertionSort_1000Entries
_result,31,2024-12-10 15:43:00.995522+00:00,2024-12-13 15:43:00.995522+00:00,2024-12-13 14:54:50.072984+00:00,0.0,median_energy_dram,unit_test_energy,InsertionSort_1000Entries
_result,31,2024-12-10 15:43:00.995522+00:00,2024-12-13 15:43:00.995522+00:00,2024-12-13 14:56:56.971574+00:00,0.0,median_energy_dram,unit_test_energy,InsertionSort_1000Entries
_result,31,2024-12-10 15:43:00.995522+00:00,2024-12-13 15:43:00.995522+00:00,2024-12-13 14:59:03.557300+00:00,0.0,median_energy_dram,unit_test_energy,InsertionSort_1000Entries
_result,31,2024-12-10 15:43:00.995522+00:00,2024-12-13 15:43:00.995522+00:00,2024-12-13 15:01:10.405718+00:00,0.0,median_energy_dram,unit_test_energy,InsertionSort_1000Entries
_result,31,2024-12-10 15:43:00.995522+00:00,2024-12-13 15:43:00.995522+00:00,2024-12-13 15:03:18.001585+00:00,0.0,median_energy_dram,unit_test_energy,InsertionSort_1000Entries
_result,31,2024-12-10 15:43:00.995522+00:00,2024-12-13 15:43:00.995522+00:00,2024-12-13 15:09:17.712990+00:00,0.0,median_energy_dram,unit_test_energy,InsertionSort_1000Entries
_result,31,2024-12-10 15:43:00.995522+00:00,2024-12-13 15:43:00.995522+00:00,2024-12-13 15:11:25.001681+00:00,0.0,median_energy_dram,unit_test_energy,InsertionSort_1000Entries
_result,31,2024-12-10 15:43:00.995522+00:00,2024-12-13 15:43:00.995522+00:00,2024-12-13 15:13:32.079363+00:00,0.0,median_energy_dram,unit_test_energy,InsertionSort_1000Entries
_result,31,2024-12-10 15:43:00.995522+00:00,2024-12-13 15:43:00.995522+00:00,2024-12-13 15:15:39.341475+00:00,0.0,median_energy_dram,unit_test_energy,InsertionSort_1000Entries
_result,31,2024-12-10 15:43:00.995522+00:00,2024-12-13 15:43:00.995522+00:00,2024-12-13 15:17:46.175985+00:00,0.0,median_energy_dram,unit_test_energy,InsertionSort_1000Entries
_result,31,2024-12-10 15:43:00.995522+00:00,2024-12-13 15:43:00.995522+00:00,2024-12-13 15:19:53.810524+00:00,0.0,median_energy_dram,unit_test_energy,InsertionSort_1000Entries
_result,31,2024-12-10 15:43:00.995522+00:00,2024-12-13 15:43:00.995522+00:00,2024-12-13 15:22:00.883860+00:00,0.0,median_energy_dram,unit_test_energy,InsertionSort_1000Entries
_result,31,2024-12-10 15:43:00.995522+00:00,2024-12-13 15:43:00.995522+00:00,2024-12-13 15:24:07.335857+00:00,0.0,median_energy_dram,unit_test_energy,InsertionSort_1000Entries
_result,31,2024-12-10 15:43:00.995522+00:00,2024-12-13 15:43:00.995522+00:00,2024-12-13 15:26:14.208676+00:00,0.0,median_energy_dram,unit_test_energy,InsertionSort_1000Entries
_result,31,2024-12-10 15:43:00.995522+00:00,2024-12-13 15:43:00.995522+00:00,2024-12-13 15:28:21.107512+00:00,0.0,median_energy_dram,unit_test_energy,InsertionSort_1000Entries
_result,31,2024-12-10 15:43:00.995522+00:00,2024-12-13 15:43:00.995522+00:00,2024-12-13 15:30:27.761579+00:00,0.0,median_energy_dram,unit_test_energy,InsertionSort_1000Entries
_result,31,2024-12-10 15:43:00.995522+00:00,2024-12-13 15:43:00.995522+00:00,2024-12-13 15:32:34.375438+00:00,0.0,median_energy_dram,unit_test_energy,InsertionSort_1000Entries
_result,31,2024-12-10 15:43:00.995522+00:00,2024-12-13 15:43:00.995522+00:00,2024-12-13 15:34:41.313233+00:00,0.0,median_energy_dram,unit_test_energy,InsertionSort_1000Entries
_result,31,2024-12-10 15:43:00.995522+00:00,2024-12-13 15:43:00.995522+00:00,2024-12-13 15:36:48.696324+00:00,0.0,median_energy_dram,unit_test_energy,InsertionSort_1000Entries
_result,31,2024-12-10 15:43:00.995522+00:00,2024-12-13 15:43:00.995522+00:00,2024-12-13 15:38:55.439251+00:00,0.0,median_energy_dram,unit_test_energy,InsertionSort_1000Entries
_result,32,2024-12-10 15:43:00.995522+00:00,2024-12-13 15:43:00.995522+00:00,2024-12-13 14:33:39.177471+00:00,0.0,median_energy_pkg,unit_test_energy,InsertionSort_1000Entries
_result,32,2024-12-10 15:43:00.995522+00:00,2024-12-13 15:43:00.995522+00:00,2024-12-13 14:35:46.736368+00:00,0.0,median_energy_pkg,unit_test_energy,InsertionSort_1000Entries
_result,32,2024-12-10 15:43:00.995522+00:00,2024-12-13 15:43:00.995522+00:00,2024-12-13 14:37:53.895737+00:00,0.0,median_energy_pkg,unit_test_energy,InsertionSort_1000Entries
_result,32,2024-12-10 15:43:00.995522+00:00,2024-12-13 15:43:00.995522+00:00,2024-12-13 14:40:01.122447+00:00,0.0,median_energy_pkg,unit_test_energy,InsertionSort_1000Entries
_result,32,2024-12-10 15:43:00.995522+00:00,2024-12-13 15:43:00.995522+00:00,2024-12-13 14:42:08.233724+00:00,0.0,median_energy_pkg,unit_test_energy,InsertionSort_1000Entries
_result,32,2024-12-10 15:43:00.995522+00:00,2024-12-13 15:43:00.995522+00:00,2024-12-13 14:44:15.009895+00:00,0.0,median_energy_pkg,unit_test_energy,InsertionSort_1000Entries
_result,32,2024-12-10 15:43:00.995522+00:00,2024-12-13 15:43:00.995522+00:00,2024-12-13 14:46:21.541144+00:00,0.0,median_energy_pkg,unit_test_energy,InsertionSort_1000Entries
_result,32,2024-12-10 15:43:00.995522+00:00,2024-12-13 15:43:00.995522+00:00,2024-12-13 14:48:28.419633+00:00,0.0,median_energy_pkg,unit_test_energy,InsertionSort_1000Entries
_result,32,2024-12-10 15:43:00.995522+00:00,2024-12-13 15:43:00.995522+00:00,2024-12-13 14:50:35.393519+00:00,0.0,median_energy_pkg,unit_test_energy,InsertionSort_1000Entries
_result,32,2024-12-10 15:43:00.995522+00:00,2024-12-13 15:43:00.995522+00:00,2024-12-13 14:52:42.988986+00:00,0.0,median_energy_pkg,unit_test_energy,InsertionSort_1000Entries
_result,32,2024-12-10 15:43:00.995522+00:00,2024-12-13 15:43:00.995522+00:00,2024-12-13 14:54:50.072984+00:00,0.0,median_energy_pkg,unit_test_energy,InsertionSort_1000Entries
_result,32,2024-12-10 15:43:00.995522+00:00,2024-12-13 15:43:00.995522+00:00,2024-12-13 14:56:56.971574+00:00,0.0,median_energy_pkg,unit_test_energy,InsertionSort_1000Entries
_result,32,2024-12-10 15:43:00.995522+00:00,2024-12-13 15:43:00.995522+00:00,2024-12-13 14:59:03.557300+00:00,0.0,median_energy_pkg,unit_test_energy,InsertionSort_1000Entries
_result,32,2024-12-10 15:43:00.995522+00:00,2024-12-13 15:43:00.995522+00:00,2024-12-13 15:01:10.405718+00:00,0.0,median_energy_pkg,unit_test_energy,InsertionSort_1000Entries
_result,32,2024-12-10 15:43:00.995522+00:00,2024-12-13 15:43:00.995522+00:00,2024-12-13 15:03:18.001585+00:00,0.0,median_energy_pkg,unit_test_energy,InsertionSort_1000Entries
_result,32,2024-12-10 15:43:00.995522+00:00,2024-12-13 15:43:00.995522+00:00,2024-12-13 15:09:17.712990+00:00,0.0,median_energy_pkg,unit_test_energy,InsertionSort_1000Entries
_result,32,2024-12-10 15:43:00.995522+00:00,2024-12-13 15:43:00.995522+00:00,2024-12-13 15:11:25.001681+00:00,0.0,median_energy_pkg,unit_test_energy,InsertionSort_1000Entries
_result,32,2024-12-10 15:43:00.995522+00:00,2024-12-13 15:43:00.995522+00:00,2024-12-13 15:13:32.079363+00:00,0.0,median_energy_pkg,unit_test_energy,InsertionSort_1000Entries
_result,32,2024-12-10 15:43:00.995522+00:00,2024-12-13 15:43:00.995522+00:00,2024-12-13 15:15:39.341475+00:00,0.0,median_energy_pkg,unit_test_energy,InsertionSort_1000Entries
_result,32,2024-12-10 15:43:00.995522+00:00,2024-12-13 15:43:00.995522+00:00,2024-12-13 15:17:46.175985+00:00,0.0,median_energy_pkg,unit_test_energy,InsertionSort_1000Entries
_result,32,2024-12-10 15:43:00.995522+00:00,2024-12-13 15:43:00.995522+00:00,2024-12-13 15:19:53.810524+00:00,0.0,median_energy_pkg,unit_test_energy,InsertionSort_1000Entries
_result,32,2024-12-10 15:43:00.995522+00:00,2024-12-13 15:43:00.995522+00:00,2024-12-13 15:22:00.883860+00:00,0.0,median_energy_pkg,unit_test_energy,InsertionSort_1000Entries
_result,32,2024-12-10 15:43:00.995522+00:00,2024-12-13 15:43:00.995522+00:00,2024-12-13 15:24:07.335857+00:00,0.0,median_energy_pkg,unit_test_energy,InsertionSort_1000Entries
_result,32,2024-12-10 15:43:00.995522+00:00,2024-12-13 15:43:00.995522+00:00,2024-12-13 15:26:14.208676+00:00,0.0,median_energy_pkg,unit_test_energy,InsertionSort_1000Entries
_result,32,2024-12-10 15:43:00.995522+00:00,2024-12-13 15:43:00.995522+00:00,2024-12-13 15:28:21.107512+00:00,0.0,median_energy_pkg,unit_test_energy,InsertionSort_1000Entries
_result,32,2024-12-10 15:43:00.995522+00:00,2024-12-13 15:43:00.995522+00:00,2024-12-13 15:30:27.761579+00:00,0.0,median_energy_pkg,unit_test_energy,InsertionSort_1000Entries
_result,32,2024-12-10 15:43:00.995522+00:00,2024-12-13 15:43:00.995522+00:00,2024-12-13 15:32:34.375438+00:00,0.0,median_energy_pkg,unit_test_energy,InsertionSort_1000Entries
_result,32,2024-12-10 15:43:00.995522+00:00,2024-12-13 15:43:00.995522+00:00,2024-12-13 15:34:41.313233+00:00,0.0,median_energy_pkg,unit_test_energy,InsertionSort_1000Entries
_result,32,2024-12-10 15:43:00.995522+00:00,2024-12-13 15:43:00.995522+00:00,2024-12-13 15:36:48.696324+00:00,0.0,median_energy_pkg,unit_test_energy,InsertionSort_1000Entries
_result,32,2024-12-10 15:43:00.995522+00:00,2024-12-13 15:43:00.995522+00:00,2024-12-13 15:38:55.439251+00:00,0.0,median_energy_pkg,unit_test_energy,InsertionSort_1000Entries
_result,33,2024-12-10 15:43:00.995522+00:00,2024-12-13 15:43:00.995522+00:00,2024-12-13 14:33:39.177471+00:00,1.6261,total_energy_dram,unit_test_energy,InsertionSort_1000Entries
_result,33,2024-12-10 15:43:00.995522+00:00,2024-12-13 15:43:00.995522+00:00,2024-12-13 14:35:46.736368+00:00,0.9846,total_energy_dram,unit_test_energy,InsertionSort_1000Entries
_result,33,2024-12-10 15:43:00.995522+00:00,2024-12-13 15:43:00.995522+00:00,2024-12-13 14:37:53.895737+00:00,1.7382,total_energy_dram,unit_test_energy,InsertionSort_1000Entries
_result,33,2024-12-10 15:43:00.995522+00:00,2024-12-13 15:43:00.995522+00:00,2024-12-13 14:40:01.122447+00:00,1.4395,total_energy_dram,unit_test_energy,InsertionSort_1000Entries
_result,33,2024-12-10 15:43:00.995522+00:00,2024-12-13 15:43:00.995522+00:00,2024-12-13 14:42:08.233724+00:00,1.56,total_energy_dram,unit_test_energy,InsertionSort_1000Entries
_result,33,2024-12-10 15:43:00.995522+00:00,2024-12-13 15:43:00.995522+00:00,2024-12-13 14:44:15.009895+00:00,1.663,total_energy_dram,unit_test_energy,InsertionSort_1000Entries
_result,33,2024-12-10 15:43:00.995522+00:00,2024-12-13 15:43:00.995522+00:00,2024-12-13 14:46:21.541144+00:00,1.5109,total_energy_dram,unit_test_energy,InsertionSort_1000Entries
_result,33,2024-12-10 15:43:00.995522+00:00,2024-12-13 15:43:00.995522+00:00,2024-12-13 14:48:28.419633+00:00,1.0411,total_energy_dram,unit_test_energy,InsertionSort_1000Entries
_result,33,2024-12-10 15:43:00.995522+00:00,2024-12-13 15:43:00.995522+00:00,2024-12-13 14:50:35.393519+00:00,1.4674,total_energy_dram,unit_test_energy,InsertionSort_1000Entries
_result,33,2024-12-10 15:43:00.995522+00:00,2024-12-13 15:43:00.995522+00:00,2024-12-13 14:52:42.988986+00:00,1.6117,total_energy_dram,unit_test_energy,InsertionSort_1000Entries
_result,33,2024-12-10 15:43:00.995522+00:00,2024-12-13 15:43:00.995522+00:00,2024-12-13 14:54:50.072984+00:00,1.4069,total_energy_dram,unit_test_energy,InsertionSort_1000Entries
_result,33,2024-12-10 15:43:00.995522+00:00,2024-12-13 15:43:00.995522+00:00,2024-12-13 14:56:56.971574+00:00,1.1948,total_energy_dram,unit_test_energy,InsertionSort_1000Entries
_result,33,2024-12-10 15:43:00.995522+00:00,2024-12-13 15:43:00.995522+00:00,2024-12-13 14:59:03.557300+00:00,1.4262,total_energy_dram,unit_test_energy,InsertionSort_1000Entries
_result,33,2024-12-10 15:43:00.995522+00:00,2024-12-13 15:43:00.995522+00:00,2024-12-13 15:01:10.405718+00:00,1.6535,total_energy_dram,unit_test_energy,InsertionSort_1000Entries
_result,33,2024-12-10 15:43:00.995522+00:00,2024-12-13 15:43:00.995522+00:00,2024-12-13 15:03:18.001585+00:00,1.6352,total_energy_dram,unit_test_energy,InsertionSort_1000Entries
_result,33,2024-12-10 15:43:00.995522+00:00,2024-12-13 15:43:00.995522+00:00,2024-12-13 15:09:17.712990+00:00,1.4366,total_energy_dram,unit_test_energy,InsertionSort_1000Entries
_result,33,2024-12-10 15:43:00.995522+00:00,2024-12-13 15:43:00.995522+00:00,2024-12-13 15:11:25.001681+00:00,1.6363,total_energy_dram,unit_test_energy,InsertionSort_1000Entries
_result,33,2024-12-10 15:43:00.995522+00:00,2024-12-13 15:43:00.995522+00:00,2024-12-13 15:13:32.079363+00:00,1.3675,total_energy_dram,unit_test_energy,InsertionSort_1000Entries
_result,33,2024-12-10 15:43:00.995522+00:00,2024-12-13 15:43:00.995522+00:00,2024-12-13 15:15:39.341475+00:00,1.4042,total_energy_dram,unit_test_energy,InsertionSort_1000Entries
_result,33,2024-12-10 15:43:00.995522+00:00,2024-12-13 15:43:00.995522+00:00,2024-12-13 15:17:46.175985+00:00,1.5834,total_energy_dram,unit_test_energy,InsertionSort_1000Entries
_result,33,2024-12-10 15:43:00.995522+00:00,2024-12-13 15:43:00.995522+00:00,2024-12-13 15:19:53.810524+00:00,1.6251,total_energy_dram,unit_test_energy,InsertionSort_1000Entries
_result,33,2024-12-10 15:43:00.995522+00:00,2024-12-13 15:43:00.995522+00:00,2024-12-13 15:22:00.883860+00:00,1.0121,total_energy_dram,unit_test_energy,InsertionSort_1000Entries
_result,33,2024-12-10 15:43:00.995522+00:00,2024-12-13 15:43:00.995522+00:00,2024-12-13 15:24:07.335857+00:00,1.3891,total_energy_dram,unit_test_energy,InsertionSort_1000Entries
_result,33,2024-12-10 15:43:00.995522+00:00,2024-12-13 15:43:00.995522+00:00,2024-12-13 15:26:14.208676+00:00,1.6635,total_energy_dram,unit_test_energy,InsertionSort_1000Entries
_result,33,2024-12-10 15:43:00.995522+00:00,2024-12-13 15:43:00.995522+00:00,2024-12-13 15:28:21.107512+00:00,1.5843,total_energy_dram,unit_test_energy,InsertionSort_1000Entries
_result,33,2024-12-10 15:43:00.995522+00:00,2024-12-13 15:43:00.995522+00:00,2024-12-13 15:30:27.761579+00:00,1.6105,total_energy_dram,unit_test_energy,InsertionSort_1000Entries
_result,33,2024-12-10 15:43:00.995522+00:00,2024-12-13 15:43:00.995522+00:00,2024-12-13 15:32:34.375438+00:00,1.0132,total_energy_dram,unit_test_energy,InsertionSort_1000Entries
_result,33,2024-12-10 15:43:00.995522+00:00,2024-12-13 15:43:00.995522+00:00,2024-12-13 15:34:41.313233+00:00,1.5052,total_energy_dram,unit_test_energy,InsertionSort_1000Entries
_result,33,2024-12-10 15:43:00.995522+00:00,2024-12-13 15:43:00.995522+00:00,2024-12-13 15:36:48.696324+00:00,1.4635,total_energy_dram,unit_test_energy,InsertionSort_1000Entries
_result,33,2024-12-10 15:43:00.995522+00:00,2024-12-13 15:43:00.995522+00:00,2024-12-13 15:38:55.439251+00:00,1.3669,total_energy_dram,unit_test_energy,InsertionSort_1000Entries
_result,34,2024-12-10 15:43:00.995522+00:00,2024-12-13 15:43:00.995522+00:00,2024-12-13 14:33:39.177471+00:00,4.3392,total_energy_pkg,unit_test_energy,InsertionSort_1000Entries
_result,34,2024-12-10 15:43:00.995522+00:00,2024-12-13 15:43:00.995522+00:00,2024-12-13 14:35:46.736368+00:00,2.4886,total_energy_pkg,unit_test_energy,InsertionSort_1000Entries
_result,34,2024-12-10 15:43:00.995522+00:00,2024-12-13 15:43:00.995522+00:00,2024-12-13 14:37:53.895737+00:00,4.0599,total_energy_pkg,unit_test_energy,InsertionSort_1000Entries
_result,34,2024-12-10 15:43:00.995522+00:00,2024-12-13 15:43:00.995522+00:00,2024-12-13 14:40:01.122447+00:00,3.8013,total_energy_pkg,unit_test_energy,InsertionSort_1000Entries
_result,34,2024-12-10 15:43:00.995522+00:00,2024-12-13 15:43:00.995522+00:00,2024-12-13 14:42:08.233724+00:00,3.7556,total_energy_pkg,unit_test_energy,InsertionSort_1000Entries
_result,34,2024-12-10 15:43:00.995522+00:00,2024-12-13 15:43:00.995522+00:00,2024-12-13 14:44:15.009895+00:00,4.1534,total_energy_pkg,unit_test_energy,InsertionSort_1000Entries
_result,34,2024-12-10 15:43:00.995522+00:00,2024-12-13 15:43:00.995522+00:00,2024-12-13 14:46:21.541144+00:00,3.86,total_energy_pkg,unit_test_energy,InsertionSort_1000Entries
_result,34,2024-12-10 15:43:00.995522+00:00,2024-12-13 15:43:00.995522+00:00,2024-12-13 14:48:28.419633+00:00,2.6389,total_energy_pkg,unit_test_energy,InsertionSort_1000Entries
_result,34,2024-12-10 15:43:00.995522+00:00,2024-12-13 15:43:00.995522+00:00,2024-12-13 14:50:35.393519+00:00,3.7974,total_energy_pkg,unit_test_energy,InsertionSort_1000Entries
_result,34,2024-12-10 15:43:00.995522+00:00,2024-12-13 15:43:00.995522+00:00,2024-12-13 14:52:42.988986+00:00,3.899,total_energy_pkg,unit_test_energy,InsertionSort_1000Entries
_result,34,2024-12-10 15:43:00.995522+00:00,2024-12-13 15:43:00.995522+00:00,2024-12-13 14:54:50.072984+00:00,3.7305,total_energy_pkg,unit_test_energy,InsertionSort_1000Entries
_result,34,2024-12-10 15:43:00.995522+00:00,2024-12-13 15:43:00.995522+00:00,2024-12-13 14:56:56.971574+00:00,2.9774,total_energy_pkg,unit_test_energy,InsertionSort_1000Entries
_result,34,2024-12-10 15:43:00.995522+00:00,2024-12-13 15:43:00.995522+00:00,2024-12-13 14:59:03.557300+00:00,3.7086,total_energy_pkg,unit_test_energy,InsertionSort_1000Entries
_result,34,2024-12-10 15:43:00.995522+00:00,2024-12-13 15:43:00.995522+00:00,2024-12-13 15:01:10.405718+00:00,3.939,total_energy_pkg,unit_test_energy,InsertionSort_1000Entries
_result,34,2024-12-10 15:43:00.995522+00:00,2024-12-13 15:43:00.995522+00:00,2024-12-13 15:03:18.001585+00:00,4.5319,total_energy_pkg,unit_test_energy,InsertionSort_1000Entries
_result,34,2024-12-10 15:43:00.995522+00:00,2024-12-13 15:43:00.995522+00:00,2024-12-13 15:09:17.712990+00:00,3.704,total_energy_pkg,unit_test_energy,InsertionSort_1000Entries
_result,34,2024-12-10 15:43:00.995522+00:00,2024-12-13 15:43:00.995522+00:00,2024-12-13 15:11:25.001681+00:00,4.0972,total_energy_pkg,unit_test_energy,InsertionSort_1000Entries
_result,34,2024-12-10 15:43:00.995522+00:00,2024-12-13 15:43:00.995522+00:00,2024-12-13 15:13:32.079363+00:00,3.6128,total_energy_pkg,unit_test_energy,InsertionSort_1000Entries
_result,34,2024-12-10 15:43:00.995522+00:00,2024-12-13 15:43:00.995522+00:00,2024-12-13 15:15:39.341475+00:00,3.7701,total_energy_pkg,unit_test_energy,InsertionSort_1000Entries
_result,34,2024-12-10 15:43:00.995522+00:00,2024-12-13 15:43:00.995522+00:00,2024-12-13 15:17:46.175985+00:00,3.9782,total_energy_pkg,unit_test_energy,InsertionSort_1000Entries
_result,34,2024-12-10 15:43:00.995522+00:00,2024-12-13 15:43:00.995522+00:00,2024-12-13 15:19:53.810524+00:00,3.8946,total_energy_pkg,unit_test_energy,InsertionSort_1000Entries
_result,34,2024-12-10 15:43:00.995522+00:00,2024-12-13 15:43:00.995522+00:00,2024-12-13 15:22:00.883860+00:00,2.5237,total_energy_pkg,unit_test_energy,InsertionSort_1000Entries
_result,34,2024-12-10 15:43:00.995522+00:00,2024-12-13 15:43:00.995522+00:00,2024-12-13 15:24:07.335857+00:00,3.6597,total_energy_pkg,unit_test_energy,InsertionSort_1000Entries
_result,34,2024-12-10 15:43:00.995522+00:00,2024-12-13 15:43:00.995522+00:00,2024-12-13 15:26:14.208676+00:00,4.0243,total_energy_pkg,unit_test_energy,InsertionSort_1000Entries
_result,34,2024-12-10 15:43:00.995522+00:00,2024-12-13 15:43:00.995522+00:00,2024-12-13 15:28:21.107512+00:00,3.9857,total_energy_pkg,unit_test_energy,InsertionSort_1000Entries
_result,34,2024-12-10 15:43:00.995522+00:00,2024-12-13 15:43:00.995522+00:00,2024-12-13 15:30:27.761579+00:00,4.264,total_energy_pkg,unit_test_energy,InsertionSort_1000Entries
_result,34,2024-12-10 15:43:00.995522+00:00,2024-12-13 15:43:00.995522+00:00,2024-12-13 15:32:34.375438+00:00,2.5302,total_energy_pkg,unit_test_energy,InsertionSort_1000Entries
_result,34,2024-12-10 15:43:00.995522+00:00,2024-12-13 15:43:00.995522+00:00,2024-12-13 15:34:41.313233+00:00,3.8646,total_energy_pkg,unit_test_energy,InsertionSort_1000Entries
_result,34,2024-12-10 15:43:00.995522+00:00,2024-12-13 15:43:00.995522+00:00,2024-12-13 15:36:48.696324+00:00,3.7208,total_energy_pkg,unit_test_energy,InsertionSort_1000Entries
_result,34,2024-12-10 15:43:00.995522+00:00,2024-12-13 15:43:00.995522+00:00,2024-12-13 15:38:55.439251+00:00,3.6157,total_energy_pkg,unit_test_energy,InsertionSort_1000Entries
_result,35,2024-12-10 15:43:00.995522+00:00,2024-12-13 15:43:00.995522+00:00,2024-12-13 14:33:57.933471+00:00,50.2838,avg_energy_dram,unit_test_energy,InsertionSort_100Entries
_result,35,2024-12-10 15:43:00.995522+00:00,2024-12-13 15:43:00.995522+00:00,2024-12-13 14:36:05.343257+00:00,55.5664,avg_energy_dram,unit_test_energy,InsertionSort_100Entries
_result,35,2024-12-10 15:43:00.995522+00:00,2024-12-13 15:43:00.995522+00:00,2024-12-13 14:38:12.469295+00:00,46.6039,avg_energy_dram,unit_test_energy,InsertionSort_100Entries
_result,35,2024-12-10 15:43:00.995522+00:00,2024-12-13 15:43:00.995522+00:00,2024-12-13 14:40:19.722293+00:00,48.4413,avg_energy_dram,unit_test_energy,InsertionSort_100Entries
_result,35,2024-12-10 15:43:00.995522+00:00,2024-12-13 15:43:00.995522+00:00,2024-12-13 14:42:26.783225+00:00,43.8935,avg_energy_dram,unit_test_energy,InsertionSort_100Entries
_result,35,2024-12-10 15:43:00.995522+00:00,2024-12-13 15:43:00.995522+00:00,2024-12-13 14:44:33.677477+00:00,45.2775,avg_energy_dram,unit_test_energy,InsertionSort_100Entries
_result,35,2024-12-10 15:43:00.995522+00:00,2024-12-13 15:43:00.995522+00:00,2024-12-13 14:46:40.116633+00:00,39.5026,avg_energy_dram,unit_test_energy,InsertionSort_100Entries
_result,35,2024-12-10 15:43:00.995522+00:00,2024-12-13 15:43:00.995522+00:00,2024-12-13 14:48:47.012471+00:00,58.9921,avg_energy_dram,unit_test_energy,InsertionSort_100Entries
_result,35,2024-12-10 15:43:00.995522+00:00,2024-12-13 15:43:00.995522+00:00,2024-12-13 14:50:54.063729+00:00,52.4639,avg_energy_dram,unit_test_energy,InsertionSort_100Entries
_result,35,2024-12-10 15:43:00.995522+00:00,2024-12-13 15:43:00.995522+00:00,2024-12-13 14:53:01.589744+00:00,54.3895,avg_energy_dram,unit_test_energy,InsertionSort_100Entries
_result,35,2024-12-10 15:43:00.995522+00:00,2024-12-13 15:43:00.995522+00:00,2024-12-13 14:55:08.613720+00:00,43.9887,avg_energy_dram,unit_test_energy,InsertionSort_100Entries
_result,35,2024-12-10 15:43:00.995522+00:00,2024-12-13 15:43:00.995522+00:00,2024-12-13 14:57:15.494973+00:00,63.3678,avg_energy_dram,unit_test_energy,InsertionSort_100Entries
_result,35,2024-12-10 15:43:00.995522+00:00,2024-12-13 15:43:00.995522+00:00,2024-12-13 14:59:22.146387+00:00,46.2509,avg_energy_dram,unit_test_energy,InsertionSort_100Entries
_result,35,2024-12-10 15:43:00.995522+00:00,2024-12-13 15:43:00.995522+00:00,2024-12-13 15:01:29.023561+00:00,49.4863,avg_energy_dram,unit_test_energy,InsertionSort_100Entries
_result,35,2024-12-10 15:43:00.995522+00:00,2024-12-13 15:43:00.995522+00:00,2024-12-13 15:03:36.852027+00:00,54.3988,avg_energy_dram,unit_test_energy,InsertionSort_100Entries
_result,35,2024-12-10 15:43:00.995522+00:00,2024-12-13 15:43:00.995522+00:00,2024-12-13 15:09:36.341744+00:00,34.1578,avg_energy_dram,unit_test_energy,InsertionSort_100Entries
_result,35,2024-12-10 15:43:00.995522+00:00,2024-12-13 15:43:00.995522+00:00,2024-12-13 15:11:43.592199+00:00,57.5837,avg_energy_dram,unit_test_energy,InsertionSort_100Entries
_result,35,2024-12-10 15:43:00.995522+00:00,2024-12-13 15:43:00.995522+00:00,2024-12-13 15:13:50.747578+00:00,43.4385,avg_energy_dram,unit_test_energy,InsertionSort_100Entries
_result,35,2024-12-10 15:43:00.995522+00:00,2024-12-13 15:43:00.995522+00:00,2024-12-13 15:15:57.941768+00:00,44.626,avg_energy_dram,unit_test_energy,InsertionSort_100Entries
_result,35,2024-12-10 15:43:00.995522+00:00,2024-12-13 15:43:00.995522+00:00,2024-12-13 15:18:04.722475+00:00,40.5165,avg_energy_dram,unit_test_energy,InsertionSort_100Entries
_result,35,2024-12-10 15:43:00.995522+00:00,2024-12-13 15:43:00.995522+00:00,2024-12-13 15:20:12.438457+00:00,58.3369,avg_energy_dram,unit_test_energy,InsertionSort_100Entries
_result,35,2024-12-10 15:43:00.995522+00:00,2024-12-13 15:43:00.995522+00:00,2024-12-13 15:22:19.359679+00:00,59.2595,avg_energy_dram,unit_test_energy,InsertionSort_100Entries
_result,35,2024-12-10 15:43:00.995522+00:00,2024-12-13 15:43:00.995522+00:00,2024-12-13 15:24:25.873467+00:00,48.8742,avg_energy_dram,unit_test_energy,InsertionSort_100Entries
_result,35,2024-12-10 15:43:00.995522+00:00,2024-12-13 15:43:00.995522+00:00,2024-12-13 15:26:32.733200+00:00,43.634,avg_energy_dram,unit_test_energy,InsertionSort_100Entries
_result,35,2024-12-10 15:43:00.995522+00:00,2024-12-13 15:43:00.995522+00:00,2024-12-13 15:28:39.610082+00:00,44.6298,avg_energy_dram,unit_test_energy,InsertionSort_100Entries
_result,35,2024-12-10 15:43:00.995522+00:00,2024-12-13 15:43:00.995522+00:00,2024-12-13 15:30:46.292823+00:00,48.9335,avg_energy_dram,unit_test_energy,InsertionSort_100Entries
_result,35,2024-12-10 15:43:00.995522+00:00,2024-12-13 15:43:00.995522+00:00,2024-12-13 15:32:53.002689+00:00,45.7158,avg_energy_dram,unit_test_energy,InsertionSort_100Entries
_result,35,2024-12-10 15:43:00.995522+00:00,2024-12-13 15:43:00.995522+00:00,2024-12-13 15:34:59.925364+00:00,47.0906,avg_energy_dram,unit_test_energy,InsertionSort_100Entries
_result,35,2024-12-10 15:43:00.995522+00:00,2024-12-13 15:43:00.995522+00:00,2024-12-13 15:37:07.273867+00:00,82.3824,avg_energy_dram,unit_test_energy,InsertionSort_100Entries
_result,35,2024-12-10 15:43:00.995522+00:00,2024-12-13 15:43:00.995522+00:00,2024-12-13 15:39:14.033486+00:00,47.0518,avg_energy_dram,unit_test_energy,InsertionSort_100Entries
_result,36,2024-12-10 15:43:00.995522+00:00,2024-12-13 15:43:00.995522+00:00,2024-12-13 14:33:57.933471+00:00,122.9735,avg_energy_pkg,unit_test_energy,InsertionSort_100Entries
_result,36,2024-12-10 15:43:00.995522+00:00,2024-12-13 15:43:00.995522+00:00,2024-12-13 14:36:05.343257+00:00,137.6197,avg_energy_pkg,unit_test_energy,InsertionSort_100Entries
_result,36,2024-12-10 15:43:00.995522+00:00,2024-12-13 15:43:00.995522+00:00,2024-12-13 14:38:12.469295+00:00,115.0564,avg_energy_pkg,unit_test_energy,InsertionSort_100Entries
_result,36,2024-12-10 15:43:00.995522+00:00,2024-12-13 15:43:00.995522+00:00,2024-12-13 14:40:19.722293+00:00,124.138,avg_energy_pkg,unit_test_energy,InsertionSort_100Entries
_result,36,2024-12-10 15:43:00.995522+00:00,2024-12-13 15:43:00.995522+00:00,2024-12-13 14:42:26.783225+00:00,107.0756,avg_energy_pkg,unit_test_energy,InsertionSort_100Entries
_result,36,2024-12-10 15:43:00.995522+00:00,2024-12-13 15:43:00.995522+00:00,2024-12-13 14:44:33.677477+00:00,114.9384,avg_energy_pkg,unit_test_energy,InsertionSort_100Entries
_result,36,2024-12-10 15:43:00.995522+00:00,2024-12-13 15:43:00.995522+00:00,2024-12-13 14:46:40.116633+00:00,93.8486,avg_energy_pkg,unit_test_energy,InsertionSort_100Entries
_result,36,2024-12-10 15:43:00.995522+00:00,2024-12-13 15:43:00.995522+00:00,2024-12-13 14:48:47.012471+00:00,147.8101,avg_energy_pkg,unit_test_energy,InsertionSort_100Entries
_result,36,2024-12-10 15:43:00.995522+00:00,2024-12-13 15:43:00.995522+00:00,2024-12-13 14:50:54.063729+00:00,112.7062,avg_energy_pkg,unit_test_energy,InsertionSort_100Entries
_result,36,2024-12-10 15:43:00.995522+00:00,2024-12-13 15:43:00.995522+00:00,2024-12-13 14:53:01.589744+00:00,134.6336,avg_energy_pkg,unit_test_energy,InsertionSort_100Entries
_result,36,2024-12-10 15:43:00.995522+00:00,2024-12-13 15:43:00.995522+00:00,2024-12-13 14:55:08.613720+00:00,107.0465,avg_energy_pkg,unit_test_energy,InsertionSort_100Entries
_result,36,2024-12-10 15:43:00.995522+00:00,2024-12-13 15:43:00.995522+00:00,2024-12-13 14:57:15.494973+00:00,155.2086,avg_energy_pkg,unit_test_energy,InsertionSort_100Entries
_result,36,2024-12-10 15:43:00.995522+00:00,2024-12-13 15:43:00.995522+00:00,2024-12-13 14:59:22.146387+00:00,114.0215,avg_energy_pkg,unit_test_energy,InsertionSort_100Entries
_result,36,2024-12-10 15:43:00.995522+00:00,2024-12-13 15:43:00.995522+00:00,2024-12-13 15:01:29.023561+00:00,128.2534,avg_energy_pkg,unit_test_energy,InsertionSort_100Entries
_result,36,2024-12-10 15:43:00.995522+00:00,2024-12-13 15:43:00.995522+00:00,2024-12-13 15:03:36.852027+00:00,148.0981,avg_energy_pkg,unit_test_energy,InsertionSort_100Entries
_result,36,2024-12-10 15:43:00.995522+00:00,2024-12-13 15:43:00.995522+00:00,2024-12-13 15:09:36.341744+00:00,41.3465,avg_energy_pkg,unit_test_energy,InsertionSort_100Entries
_result,36,2024-12-10 15:43:00.995522+00:00,2024-12-13 15:43:00.995522+00:00,2024-12-13 15:11:43.592199+00:00,154.0356,avg_energy_pkg,unit_test_energy,InsertionSort_100Entries
_result,36,2024-12-10 15:43:00.995522+00:00,2024-12-13 15:43:00.995522+00:00,2024-12-13 15:13:50.747578+00:00,109.2937,avg_energy_pkg,unit_test_energy,InsertionSort_100Entries
_result,36,2024-12-10 15:43:00.995522+00:00,2024-12-13 15:43:00.995522+00:00,2024-12-13 15:15:57.941768+00:00,110.6879,avg_energy_pkg,unit_test_energy,InsertionSort_100Entries
_result,36,2024-12-10 15:43:00.995522+00:00,2024-12-13 15:43:00.995522+00:00,2024-12-13 15:18:04.722475+00:00,108.1562,avg_energy_pkg,unit_test_energy,InsertionSort_100Entries
_result,36,2024-12-10 15:43:00.995522+00:00,2024-12-13 15:43:00.995522+00:00,2024-12-13 15:20:12.438457+00:00,154.6298,avg_energy_pkg,unit_test_energy,InsertionSort_100Entries
_result,36,2024-12-10 15:43:00.995522+00:00,2024-12-13 15:43:00.995522+00:00,2024-12-13 15:22:19.359679+00:00,152.1401,avg_energy_pkg,unit_test_energy,InsertionSort_100Entries
_result,36,2024-12-10 15:43:00.995522+00:00,2024-12-13 15:43:00.995522+00:00,2024-12-13 15:24:25.873467+00:00,127.1712,avg_energy_pkg,unit_test_energy,InsertionSort_100Entries
_result,36,2024-12-10 15:43:00.995522+00:00,2024-12-13 15:43:00.995522+00:00,2024-12-13 15:26:32.733200+00:00,106.616,avg_energy_pkg,unit_test_energy,InsertionSort_100Entries
_result,36,2024-12-10 15:43:00.995522+00:00,2024-12-13 15:43:00.995522+00:00,2024-12-13 15:28:39.610082+00:00,118.66,avg_energy_pkg,unit_test_energy,InsertionSort_100Entries
_result,36,2024-12-10 15:43:00.995522+00:00,2024-12-13 15:43:00.995522+00:00,2024-12-13 15:30:46.292823+00:00,121.621,avg_energy_pkg,unit_test_energy,InsertionSort_100Entries
_result,36,2024-12-10 15:43:00.995522+00:00,2024-12-13 15:43:00.995522+00:00,2024-12-13 15:32:53.002689+00:00,109.1417,avg_energy_pkg,unit_test_energy,InsertionSort_100Entries
_result,36,2024-12-10 15:43:00.995522+00:00,2024-12-13 15:43:00.995522+00:00,2024-12-13 15:34:59.925364+00:00,123.9352,avg_energy_pkg,unit_test_energy,InsertionSort_100Entries
_result,36,2024-12-10 15:43:00.995522+00:00,2024-12-13 15:43:00.995522+00:00,2024-12-13 15:37:07.273867+00:00,208.8391,avg_energy_pkg,unit_test_energy,InsertionSort_100Entries
_result,36,2024-12-10 15:43:00.995522+00:00,2024-12-13 15:43:00.995522+00:00,2024-12-13 15:39:14.033486+00:00,115.3106,avg_energy_pkg,unit_test_energy,InsertionSort_100Entries
_result,37,2024-12-10 15:43:00.995522+00:00,2024-12-13 15:43:00.995522+00:00,2024-12-13 14:33:57.933471+00:00,0.0028,duration,unit_test_energy,InsertionSort_100Entries
_result,37,2024-12-10 15:43:00.995522+00:00,2024-12-13 15:43:00.995522+00:00,2024-12-13 14:36:05.343257+00:00,0.0014,duration,unit_test_energy,InsertionSort_100Entries
_result,37,2024-12-10 15:43:00.995522+00:00,2024-12-13 15:43:00.995522+00:00,2024-12-13 14:38:12.469295+00:00,0.0016,duration,unit_test_energy,InsertionSort_100Entries
_result,37,2024-12-10 15:43:00.995522+00:00,2024-12-13 15:43:00.995522+00:00,2024-12-13 14:40:19.722293+00:00,0.0028,duration,unit_test_energy,InsertionSort_100Entries
_result,37,2024-12-10 15:43:00.995522+00:00,2024-12-13 15:43:00.995522+00:00,2024-12-13 14:42:26.783225+00:00,0.0011,duration,unit_test_energy,InsertionSort_100Entries
_result,37,2024-12-10 15:43:00.995522+00:00,2024-12-13 15:43:00.995522+00:00,2024-12-13 14:44:33.677477+00:00,0.0015,duration,unit_test_energy,InsertionSort_100Entries
_result,37,2024-12-10 15:43:00.995522+00:00,2024-12-13 15:43:00.995522+00:00,2024-12-13 14:46:40.116633+00:00,0.0012,duration,unit_test_energy,InsertionSort_100Entries
_result,37,2024-12-10 15:43:00.995522+00:00,2024-12-13 15:43:00.995522+00:00,2024-12-13 14:48:47.012471+00:00,0.0016,duration,unit_test_energy,InsertionSort_100Entries
_result,37,2024-12-10 15:43:00.995522+00:00,2024-12-13 15:43:00.995522+00:00,2024-12-13 14:50:54.063729+00:00,0.0012,duration,unit_test_energy,InsertionSort_100Entries
_result,37,2024-12-10 15:43:00.995522+00:00,2024-12-13 15:43:00.995522+00:00,2024-12-13 14:53:01.589744+00:00,0.0014,duration,unit_test_energy,InsertionSort_100Entries
_result,37,2024-12-10 15:43:00.995522+00:00,2024-12-13 15:43:00.995522+00:00,2024-12-13 14:55:08.613720+00:00,0.0022,duration,unit_test_energy,InsertionSort_100Entries
_result,37,2024-12-10 15:43:00.995522+00:00,2024-12-13 15:43:00.995522+00:00,2024-12-13 14:57:15.494973+00:00,0.0012,duration,unit_test_energy,InsertionSort_100Entries
_result,37,2024-12-10 15:43:00.995522+00:00,2024-12-13 15:43:00.995522+00:00,2024-12-13 14:59:22.146387+00:00,0.0014,duration,unit_test_energy,InsertionSort_100Entries
_result,37,2024-12-10 15:43:00.995522+00:00,2024-12-13 15:43:00.995522+00:00,2024-12-13 15:01:29.023561+00:00,0.0014,duration,unit_test_energy,InsertionSort_100Entries
_result,37,2024-12-10 15:43:00.995522+00:00,2024-12-13 15:43:00.995522+00:00,2024-12-13 15:03:36.852027+00:00,0.0014,duration,unit_test_energy,InsertionSort_100Entries
_result,37,2024-12-10 15:43:00.995522+00:00,2024-12-13 15:43:00.995522+00:00,2024-12-13 15:09:36.341744+00:00,0.0013,duration,unit_test_energy,InsertionSort_100Entries
_result,37,2024-12-10 15:43:00.995522+00:00,2024-12-13 15:43:00.995522+00:00,2024-12-13 15:11:43.592199+00:00,0.0017,duration,unit_test_energy,InsertionSort_100Entries
_result,37,2024-12-10 15:43:00.995522+00:00,2024-12-13 15:43:00.995522+00:00,2024-12-13 15:13:50.747578+00:00,0.0015,duration,unit_test_energy,InsertionSort_100Entries
_result,37,2024-12-10 15:43:00.995522+00:00,2024-12-13 15:43:00.995522+00:00,2024-12-13 15:15:57.941768+00:00,0.001,duration,unit_test_energy,InsertionSort_100Entries
_result,37,2024-12-10 15:43:00.995522+00:00,2024-12-13 15:43:00.995522+00:00,2024-12-13 15:18:04.722475+00:00,0.0016,duration,unit_test_energy,InsertionSort_100Entries
_result,37,2024-12-10 15:43:00.995522+00:00,2024-12-13 15:43:00.995522+00:00,2024-12-13 15:20:12.438457+00:00,0.0016,duration,unit_test_energy,InsertionSort_100Entries
_result,37,2024-12-10 15:43:00.995522+00:00,2024-12-13 15:43:00.995522+00:00,2024-12-13 15:22:19.359679+00:00,0.0015,duration,unit_test_energy,InsertionSort_100Entries
_result,37,2024-12-10 15:43:00.995522+00:00,2024-12-13 15:43:00.995522+00:00,2024-12-13 15:24:25.873467+00:00,0.0028,duration,unit_test_energy,InsertionSort_100Entries
_result,37,2024-12-10 15:43:00.995522+00:00,2024-12-13 15:43:00.995522+00:00,2024-12-13 15:26:32.733200+00:00,0.0016,duration,unit_test_energy,InsertionSort_100Entries
_result,37,2024-12-10 15:43:00.995522+00:00,2024-12-13 15:43:00.995522+00:00,2024-12-13 15:28:39.610082+00:00,0.001,duration,unit_test_energy,InsertionSort_100Entries
_result,37,2024-12-10 15:43:00.995522+00:00,2024-12-13 15:43:00.995522+00:00,2024-12-13 15:30:46.292823+00:00,0.0011,duration,unit_test_energy,InsertionSort_100Entries
_result,37,2024-12-10 15:43:00.995522+00:00,2024-12-13 15:43:00.995522+00:00,2024-12-13 15:32:53.002689+00:00,0.0015,duration,unit_test_energy,InsertionSort_100Entries
_result,37,2024-12-10 15:43:00.995522+00:00,2024-12-13 15:43:00.995522+00:00,2024-12-13 15:34:59.925364+00:00,0.0014,duration,unit_test_energy,InsertionSort_100Entries
_result,37,2024-12-10 15:43:00.995522+00:00,2024-12-13 15:43:00.995522+00:00,2024-12-13 15:37:07.273867+00:00,0.0011,duration,unit_test_energy,InsertionSort_100Entries
_result,37,2024-12-10 15:43:00.995522+00:00,2024-12-13 15:43:00.995522+00:00,2024-12-13 15:39:14.033486+00:00,0.0014,duration,unit_test_energy,InsertionSort_100Entries
_result,38,2024-12-10 15:43:00.995522+00:00,2024-12-13 15:43:00.995522+00:00,2024-12-13 14:33:57.933471+00:00,0.0,median_energy_dram,unit_test_energy,InsertionSort_100Entries
_result,38,2024-12-10 15:43:00.995522+00:00,2024-12-13 15:43:00.995522+00:00,2024-12-13 14:36:05.343257+00:00,0.0,median_energy_dram,unit_test_energy,InsertionSort_100Entries
_result,38,2024-12-10 15:43:00.995522+00:00,2024-12-13 15:43:00.995522+00:00,2024-12-13 14:38:12.469295+00:00,0.0,median_energy_dram,unit_test_energy,InsertionSort_100Entries
_result,38,2024-12-10 15:43:00.995522+00:00,2024-12-13 15:43:00.995522+00:00,2024-12-13 14:40:19.722293+00:00,0.0,median_energy_dram,unit_test_energy,InsertionSort_100Entries
_result,38,2024-12-10 15:43:00.995522+00:00,2024-12-13 15:43:00.995522+00:00,2024-12-13 14:42:26.783225+00:00,0.0,median_energy_dram,unit_test_energy,InsertionSort_100Entries
_result,38,2024-12-10 15:43:00.995522+00:00,2024-12-13 15:43:00.995522+00:00,2024-12-13 14:44:33.677477+00:00,0.0,median_energy_dram,unit_test_energy,InsertionSort_100Entries
_result,38,2024-12-10 15:43:00.995522+00:00,2024-12-13 15:43:00.995522+00:00,2024-12-13 14:46:40.116633+00:00,0.0,median_energy_dram,unit_test_energy,InsertionSort_100Entries
_result,38,2024-12-10 15:43:00.995522+00:00,2024-12-13 15:43:00.995522+00:00,2024-12-13 14:48:47.012471+00:00,0.0,median_energy_dram,unit_test_energy,InsertionSort_100Entries
_result,38,2024-12-10 15:43:00.995522+00:00,2024-12-13 15:43:00.995522+00:00,2024-12-13 14:50:54.063729+00:00,0.0,median_energy_dram,unit_test_energy,InsertionSort_100Entries
_result,38,2024-12-10 15:43:00.995522+00:00,2024-12-13 15:43:00.995522+00:00,2024-12-13 14:53:01.589744+00:00,0.0,median_energy_dram,unit_test_energy,InsertionSort_100Entries
_result,38,2024-12-10 15:43:00.995522+00:00,2024-12-13 15:43:00.995522+00:00,2024-12-13 14:55:08.613720+00:00,0.0,median_energy_dram,unit_test_energy,InsertionSort_100Entries
_result,38,2024-12-10 15:43:00.995522+00:00,2024-12-13 15:43:00.995522+00:00,2024-12-13 14:57:15.494973+00:00,0.0,median_energy_dram,unit_test_energy,InsertionSort_100Entries
_result,38,2024-12-10 15:43:00.995522+00:00,2024-12-13 15:43:00.995522+00:00,2024-12-13 14:59:22.146387+00:00,0.0,median_energy_dram,unit_test_energy,InsertionSort_100Entries
_result,38,2024-12-10 15:43:00.995522+00:00,2024-12-13 15:43:00.995522+00:00,2024-12-13 15:01:29.023561+00:00,0.0,median_energy_dram,unit_test_energy,InsertionSort_100Entries
_result,38,2024-12-10 15:43:00.995522+00:00,2024-12-13 15:43:00.995522+00:00,2024-12-13 15:03:36.852027+00:00,0.0,median_energy_dram,unit_test_energy,InsertionSort_100Entries
_result,38,2024-12-10 15:43:00.995522+00:00,2024-12-13 15:43:00.995522+00:00,2024-12-13 15:09:36.341744+00:00,0.0,median_energy_dram,unit_test_energy,InsertionSort_100Entries
_result,38,2024-12-10 15:43:00.995522+00:00,2024-12-13 15:43:00.995522+00:00,2024-12-13 15:11:43.592199+00:00,0.0,median_energy_dram,unit_test_energy,InsertionSort_100Entries
_result,38,2024-12-10 15:43:00.995522+00:00,2024-12-13 15:43:00.995522+00:00,2024-12-13 15:13:50.747578+00:00,0.0,median_energy_dram,unit_test_energy,InsertionSort_100Entries
_result,38,2024-12-10 15:43:00.995522+00:00,2024-12-13 15:43:00.995522+00:00,2024-12-13 15:15:57.941768+00:00,0.0,median_energy_dram,unit_test_energy,InsertionSort_100Entries
_result,38,2024-12-10 15:43:00.995522+00:00,2024-12-13 15:43:00.995522+00:00,2024-12-13 15:18:04.722475+00:00,0.0,median_energy_dram,unit_test_energy,InsertionSort_100Entries
_result,38,2024-12-10 15:43:00.995522+00:00,2024-12-13 15:43:00.995522+00:00,2024-12-13 15:20:12.438457+00:00,0.0,median_energy_dram,unit_test_energy,InsertionSort_100Entries
_result,38,2024-12-10 15:43:00.995522+00:00,2024-12-13 15:43:00.995522+00:00,2024-12-13 15:22:19.359679+00:00,0.0,median_energy_dram,unit_test_energy,InsertionSort_100Entries
_result,38,2024-12-10 15:43:00.995522+00:00,2024-12-13 15:43:00.995522+00:00,2024-12-13 15:24:25.873467+00:00,0.0,median_energy_dram,unit_test_energy,InsertionSort_100Entries
_result,38,2024-12-10 15:43:00.995522+00:00,2024-12-13 15:43:00.995522+00:00,2024-12-13 15:26:32.733200+00:00,0.0,median_energy_dram,unit_test_energy,InsertionSort_100Entries
_result,38,2024-12-10 15:43:00.995522+00:00,2024-12-13 15:43:00.995522+00:00,2024-12-13 15:28:39.610082+00:00,0.0,median_energy_dram,unit_test_energy,InsertionSort_100Entries
_result,38,2024-12-10 15:43:00.995522+00:00,2024-12-13 15:43:00.995522+00:00,2024-12-13 15:30:46.292823+00:00,0.0,median_energy_dram,unit_test_energy,InsertionSort_100Entries
_result,38,2024-12-10 15:43:00.995522+00:00,2024-12-13 15:43:00.995522+00:00,2024-12-13 15:32:53.002689+00:00,0.0,median_energy_dram,unit_test_energy,InsertionSort_100Entries
_result,38,2024-12-10 15:43:00.995522+00:00,2024-12-13 15:43:00.995522+00:00,2024-12-13 15:34:59.925364+00:00,0.0,median_energy_dram,unit_test_energy,InsertionSort_100Entries
_result,38,2024-12-10 15:43:00.995522+00:00,2024-12-13 15:43:00.995522+00:00,2024-12-13 15:37:07.273867+00:00,0.0,median_energy_dram,unit_test_energy,InsertionSort_100Entries
_result,38,2024-12-10 15:43:00.995522+00:00,2024-12-13 15:43:00.995522+00:00,2024-12-13 15:39:14.033486+00:00,0.0,median_energy_dram,unit_test_energy,InsertionSort_100Entries
_result,39,2024-12-10 15:43:00.995522+00:00,2024-12-13 15:43:00.995522+00:00,2024-12-13 14:33:57.933471+00:00,0.0,median_energy_pkg,unit_test_energy,InsertionSort_100Entries
_result,39,2024-12-10 15:43:00.995522+00:00,2024-12-13 15:43:00.995522+00:00,2024-12-13 14:36:05.343257+00:00,0.0,median_energy_pkg,unit_test_energy,InsertionSort_100Entries
_result,39,2024-12-10 15:43:00.995522+00:00,2024-12-13 15:43:00.995522+00:00,2024-12-13 14:38:12.469295+00:00,0.0,median_energy_pkg,unit_test_energy,InsertionSort_100Entries
_result,39,2024-12-10 15:43:00.995522+00:00,2024-12-13 15:43:00.995522+00:00,2024-12-13 14:40:19.722293+00:00,0.0,median_energy_pkg,unit_test_energy,InsertionSort_100Entries
_result,39,2024-12-10 15:43:00.995522+00:00,2024-12-13 15:43:00.995522+00:00,2024-12-13 14:42:26.783225+00:00,0.0,median_energy_pkg,unit_test_energy,InsertionSort_100Entries
_result,39,2024-12-10 15:43:00.995522+00:00,2024-12-13 15:43:00.995522+00:00,2024-12-13 14:44:33.677477+00:00,0.0,median_energy_pkg,unit_test_energy,InsertionSort_100Entries
_result,39,2024-12-10 15:43:00.995522+00:00,2024-12-13 15:43:00.995522+00:00,2024-12-13 14:46:40.116633+00:00,0.0,median_energy_pkg,unit_test_energy,InsertionSort_100Entries
_result,39,2024-12-10 15:43:00.995522+00:00,2024-12-13 15:43:00.995522+00:00,2024-12-13 14:48:47.012471+00:00,0.0,median_energy_pkg,unit_test_energy,InsertionSort_100Entries
_result,39,2024-12-10 15:43:00.995522+00:00,2024-12-13 15:43:00.995522+00:00,2024-12-13 14:50:54.063729+00:00,0.0,median_energy_pkg,unit_test_energy,InsertionSort_100Entries
_result,39,2024-12-10 15:43:00.995522+00:00,2024-12-13 15:43:00.995522+00:00,2024-12-13 14:53:01.589744+00:00,0.0,median_energy_pkg,unit_test_energy,InsertionSort_100Entries
_result,39,2024-12-10 15:43:00.995522+00:00,2024-12-13 15:43:00.995522+00:00,2024-12-13 14:55:08.613720+00:00,0.0,median_energy_pkg,unit_test_energy,InsertionSort_100Entries
_result,39,2024-12-10 15:43:00.995522+00:00,2024-12-13 15:43:00.995522+00:00,2024-12-13 14:57:15.494973+00:00,0.0,median_energy_pkg,unit_test_energy,InsertionSort_100Entries
_result,39,2024-12-10 15:43:00.995522+00:00,2024-12-13 15:43:00.995522+00:00,2024-12-13 14:59:22.146387+00:00,0.0,median_energy_pkg,unit_test_energy,InsertionSort_100Entries
_result,39,2024-12-10 15:43:00.995522+00:00,2024-12-13 15:43:00.995522+00:00,2024-12-13 15:01:29.023561+00:00,0.0,median_energy_pkg,unit_test_energy,InsertionSort_100Entries
_result,39,2024-12-10 15:43:00.995522+00:00,2024-12-13 15:43:00.995522+00:00,2024-12-13 15:03:36.852027+00:00,0.0,median_energy_pkg,unit_test_energy,InsertionSort_100Entries
_result,39,2024-12-10 15:43:00.995522+00:00,2024-12-13 15:43:00.995522+00:00,2024-12-13 15:09:36.341744+00:00,0.0,median_energy_pkg,unit_test_energy,InsertionSort_100Entries
_result,39,2024-12-10 15:43:00.995522+00:00,2024-12-13 15:43:00.995522+00:00,2024-12-13 15:11:43.592199+00:00,0.0,median_energy_pkg,unit_test_energy,InsertionSort_100Entries
_result,39,2024-12-10 15:43:00.995522+00:00,2024-12-13 15:43:00.995522+00:00,2024-12-13 15:13:50.747578+00:00,0.0,median_energy_pkg,unit_test_energy,InsertionSort_100Entries
_result,39,2024-12-10 15:43:00.995522+00:00,2024-12-13 15:43:00.995522+00:00,2024-12-13 15:15:57.941768+00:00,0.0,median_energy_pkg,unit_test_energy,InsertionSort_100Entries
_result,39,2024-12-10 15:43:00.995522+00:00,2024-12-13 15:43:00.995522+00:00,2024-12-13 15:18:04.722475+00:00,0.0,median_energy_pkg,unit_test_energy,InsertionSort_100Entries
_result,39,2024-12-10 15:43:00.995522+00:00,2024-12-13 15:43:00.995522+00:00,2024-12-13 15:20:12.438457+00:00,0.0,median_energy_pkg,unit_test_energy,InsertionSort_100Entries
_result,39,2024-12-10 15:43:00.995522+00:00,2024-12-13 15:43:00.995522+00:00,2024-12-13 15:22:19.359679+00:00,0.0,median_energy_pkg,unit_test_energy,InsertionSort_100Entries
_result,39,2024-12-10 15:43:00.995522+00:00,2024-12-13 15:43:00.995522+00:00,2024-12-13 15:24:25.873467+00:00,0.0,median_energy_pkg,unit_test_energy,InsertionSort_100Entries
_result,39,2024-12-10 15:43:00.995522+00:00,2024-12-13 15:43:00.995522+00:00,2024-12-13 15:26:32.733200+00:00,0.0,median_energy_pkg,unit_test_energy,InsertionSort_100Entries
_result,39,2024-12-10 15:43:00.995522+00:00,2024-12-13 15:43:00.995522+00:00,2024-12-13 15:28:39.610082+00:00,0.0,median_energy_pkg,unit_test_energy,InsertionSort_100Entries
_result,39,2024-12-10 15:43:00.995522+00:00,2024-12-13 15:43:00.995522+00:00,2024-12-13 15:30:46.292823+00:00,0.0,median_energy_pkg,unit_test_energy,InsertionSort_100Entries
_result,39,2024-12-10 15:43:00.995522+00:00,2024-12-13 15:43:00.995522+00:00,2024-12-13 15:32:53.002689+00:00,0.0,median_energy_pkg,unit_test_energy,InsertionSort_100Entries
_result,39,2024-12-10 15:43:00.995522+00:00,2024-12-13 15:43:00.995522+00:00,2024-12-13 15:34:59.925364+00:00,0.0,median_energy_pkg,unit_test_energy,InsertionSort_100Entries
_result,39,2024-12-10 15:43:00.995522+00:00,2024-12-13 15:43:00.995522+00:00,2024-12-13 15:37:07.273867+00:00,0.0,median_energy_pkg,unit_test_energy,InsertionSort_100Entries
_result,39,2024-12-10 15:43:00.995522+00:00,2024-12-13 15:43:00.995522+00:00,2024-12-13 15:39:14.033486+00:00,0.0,median_energy_pkg,unit_test_energy,InsertionSort_100Entries
_result,40,2024-12-10 15:43:00.995522+00:00,2024-12-13 15:43:00.995522+00:00,2024-12-13 14:33:57.933471+00:00,0.1422,total_energy_dram,unit_test_energy,InsertionSort_100Entries
_result,40,2024-12-10 15:43:00.995522+00:00,2024-12-13 15:43:00.995522+00:00,2024-12-13 14:36:05.343257+00:00,0.0788,total_energy_dram,unit_test_energy,InsertionSort_100Entries
_result,40,2024-12-10 15:43:00.995522+00:00,2024-12-13 15:43:00.995522+00:00,2024-12-13 14:38:12.469295+00:00,0.0729,total_energy_dram,unit_test_energy,InsertionSort_100Entries
_result,40,2024-12-10 15:43:00.995522+00:00,2024-12-13 15:43:00.995522+00:00,2024-12-13 14:40:19.722293+00:00,0.1375,total_energy_dram,unit_test_energy,InsertionSort_100Entries
_result,40,2024-12-10 15:43:00.995522+00:00,2024-12-13 15:43:00.995522+00:00,2024-12-13 14:42:26.783225+00:00,0.0467,total_energy_dram,unit_test_energy,InsertionSort_100Entries
_result,40,2024-12-10 15:43:00.995522+00:00,2024-12-13 15:43:00.995522+00:00,2024-12-13 14:44:33.677477+00:00,0.0657,total_energy_dram,unit_test_energy,InsertionSort_100Entries
_result,40,2024-12-10 15:43:00.995522+00:00,2024-12-13 15:43:00.995522+00:00,2024-12-13 14:46:40.116633+00:00,0.0478,total_energy_dram,unit_test_energy,InsertionSort_100Entries
_result,40,2024-12-10 15:43:00.995522+00:00,2024-12-13 15:43:00.995522+00:00,2024-12-13 14:48:47.012471+00:00,0.0955,total_energy_dram,unit_test_energy,InsertionSort_100Entries
_result,40,2024-12-10 15:43:00.995522+00:00,2024-12-13 15:43:00.995522+00:00,2024-12-13 14:50:54.063729+00:00,0.0605,total_energy_dram,unit_test_energy,InsertionSort_100Entries
_result,40,2024-12-10 15:43:00.995522+00:00,2024-12-13 15:43:00.995522+00:00,2024-12-13 14:53:01.589744+00:00,0.0737,total_energy_dram,unit_test_energy,InsertionSort_100Entries
_result,40,2024-12-10 15:43:00.995522+00:00,2024-12-13 15:43:00.995522+00:00,2024-12-13 14:55:08.613720+00:00,0.0951,total_energy_dram,unit_test_energy,InsertionSort_100Entries
_result,40,2024-12-10 15:43:00.995522+00:00,2024-12-13 15:43:00.995522+00:00,2024-12-13 14:57:15.494973+00:00,0.075,total_energy_dram,unit_test_energy,InsertionSort_100Entries
_result,40,2024-12-10 15:43:00.995522+00:00,2024-12-13 15:43:00.995522+00:00,2024-12-13 14:59:22.146387+00:00,0.0653,total_energy_dram,unit_test_energy,InsertionSort_100Entries
_result,40,2024-12-10 15:43:00.995522+00:00,2024-12-13 15:43:00.995522+00:00,2024-12-13 15:01:29.023561+00:00,0.0716,total_energy_dram,unit_test_energy,InsertionSort_100Entries
_result,40,2024-12-10 15:43:00.995522+00:00,2024-12-13 15:43:00.995522+00:00,2024-12-13 15:03:36.852027+00:00,0.0777,total_energy_dram,unit_test_energy,InsertionSort_100Entries
_result,40,2024-12-10 15:43:00.995522+00:00,2024-12-13 15:43:00.995522+00:00,2024-12-13 15:09:36.341744+00:00,0.0455,total_energy_dram,unit_test_energy,InsertionSort_100Entries
_result,40,2024-12-10 15:43:00.995522+00:00,2024-12-13 15:43:00.995522+00:00,2024-12-13 15:11:43.592199+00:00,0.0954,total_energy_dram,unit_test_energy,InsertionSort_100Entries
_result,40,2024-12-10 15:43:00.995522+00:00,2024-12-13 15:43:00.995522+00:00,2024-12-13 15:13:50.747578+00:00,0.0661,total_energy_dram,unit_test_energy,InsertionSort_100Entries
_result,40,2024-12-10 15:43:00.995522+00:00,2024-12-13 15:43:00.995522+00:00,2024-12-13 15:15:57.941768+00:00,0.0462,total_energy_dram,unit_test_energy,InsertionSort_100Entries
_result,40,2024-12-10 15:43:00.995522+00:00,2024-12-13 15:43:00.995522+00:00,2024-12-13 15:18:04.722475+00:00,0.0661,total_energy_dram,unit_test_energy,InsertionSort_100Entries
_result,40,2024-12-10 15:43:00.995522+00:00,2024-12-13 15:43:00.995522+00:00,2024-12-13 15:20:12.438457+00:00,0.0914,total_energy_dram,unit_test_energy,InsertionSort_100Entries
_result,40,2024-12-10 15:43:00.995522+00:00,2024-12-13 15:43:00.995522+00:00,2024-12-13 15:22:19.359679+00:00,0.091,total_energy_dram,unit_test_energy,InsertionSort_100Entries
_result,40,2024-12-10 15:43:00.995522+00:00,2024-12-13 15:43:00.995522+00:00,2024-12-13 15:24:25.873467+00:00,0.135,total_energy_dram,unit_test_energy,InsertionSort_100Entries
_result,40,2024-12-10 15:43:00.995522+00:00,2024-12-13 15:43:00.995522+00:00,2024-12-13 15:26:32.733200+00:00,0.0692,total_energy_dram,unit_test_energy,InsertionSort_100Entries
_result,40,2024-12-10 15:43:00.995522+00:00,2024-12-13 15:43:00.995522+00:00,2024-12-13 15:28:39.610082+00:00,0.0463,total_energy_dram,unit_test_energy,InsertionSort_100Entries
_result,40,2024-12-10 15:43:00.995522+00:00,2024-12-13 15:43:00.995522+00:00,2024-12-13 15:30:46.292823+00:00,0.0519,total_energy_dram,unit_test_energy,InsertionSort_100Entries
_result,40,2024-12-10 15:43:00.995522+00:00,2024-12-13 15:43:00.995522+00:00,2024-12-13 15:32:53.002689+00:00,0.0688,total_energy_dram,unit_test_energy,InsertionSort_100Entries
_result,40,2024-12-10 15:43:00.995522+00:00,2024-12-13 15:43:00.995522+00:00,2024-12-13 15:34:59.925364+00:00,0.0654,total_energy_dram,unit_test_energy,InsertionSort_100Entries
_result,40,2024-12-10 15:43:00.995522+00:00,2024-12-13 15:43:00.995522+00:00,2024-12-13 15:37:07.273867+00:00,0.0918,total_energy_dram,unit_test_energy,InsertionSort_100Entries
_result,40,2024-12-10 15:43:00.995522+00:00,2024-12-13 15:43:00.995522+00:00,2024-12-13 15:39:14.033486+00:00,0.0681,total_energy_dram,unit_test_energy,InsertionSort_100Entries
_result,41,2024-12-10 15:43:00.995522+00:00,2024-12-13 15:43:00.995522+00:00,2024-12-13 14:33:57.933471+00:00,0.3477,total_energy_pkg,unit_test_energy,InsertionSort_100Entries
_result,41,2024-12-10 15:43:00.995522+00:00,2024-12-13 15:43:00.995522+00:00,2024-12-13 14:36:05.343257+00:00,0.1952,total_energy_pkg,unit_test_energy,InsertionSort_100Entries
_result,41,2024-12-10 15:43:00.995522+00:00,2024-12-13 15:43:00.995522+00:00,2024-12-13 14:38:12.469295+00:00,0.18,total_energy_pkg,unit_test_energy,InsertionSort_100Entries
_result,41,2024-12-10 15:43:00.995522+00:00,2024-12-13 15:43:00.995522+00:00,2024-12-13 14:40:19.722293+00:00,0.3524,total_energy_pkg,unit_test_energy,InsertionSort_100Entries
_result,41,2024-12-10 15:43:00.995522+00:00,2024-12-13 15:43:00.995522+00:00,2024-12-13 14:42:26.783225+00:00,0.114,total_energy_pkg,unit_test_energy,InsertionSort_100Entries
_result,41,2024-12-10 15:43:00.995522+00:00,2024-12-13 15:43:00.995522+00:00,2024-12-13 14:44:33.677477+00:00,0.1669,total_energy_pkg,unit_test_energy,InsertionSort_100Entries
_result,41,2024-12-10 15:43:00.995522+00:00,2024-12-13 15:43:00.995522+00:00,2024-12-13 14:46:40.116633+00:00,0.1136,total_energy_pkg,unit_test_energy,InsertionSort_100Entries
_result,41,2024-12-10 15:43:00.995522+00:00,2024-12-13 15:43:00.995522+00:00,2024-12-13 14:48:47.012471+00:00,0.2393,total_energy_pkg,unit_test_energy,InsertionSort_100Entries
_result,41,2024-12-10 15:43:00.995522+00:00,2024-12-13 15:43:00.995522+00:00,2024-12-13 14:50:54.063729+00:00,0.13,total_energy_pkg,unit_test_energy,InsertionSort_100Entries
_result,41,2024-12-10 15:43:00.995522+00:00,2024-12-13 15:43:00.995522+00:00,2024-12-13 14:53:01.589744+00:00,0.1824,total_energy_pkg,unit_test_energy,InsertionSort_100Entries
_result,41,2024-12-10 15:43:00.995522+00:00,2024-12-13 15:43:00.995522+00:00,2024-12-13 14:55:08.613720+00:00,0.2314,total_energy_pkg,unit_test_energy,InsertionSort_100Entries
_result,41,2024-12-10 15:43:00.995522+00:00,2024-12-13 15:43:00.995522+00:00,2024-12-13 14:57:15.494973+00:00,0.1837,total_energy_pkg,unit_test_energy,InsertionSort_100Entries
_result,41,2024-12-10 15:43:00.995522+00:00,2024-12-13 15:43:00.995522+00:00,2024-12-13 14:59:22.146387+00:00,0.1609,total_energy_pkg,unit_test_energy,InsertionSort_100Entries
_result,41,2024-12-10 15:43:00.995522+00:00,2024-12-13 15:43:00.995522+00:00,2024-12-13 15:01:29.023561+00:00,0.1857,total_energy_pkg,unit_test_energy,InsertionSort_100Entries
_result,41,2024-12-10 15:43:00.995522+00:00,2024-12-13 15:43:00.995522+00:00,2024-12-13 15:03:36.852027+00:00,0.2115,total_energy_pkg,unit_test_energy,InsertionSort_100Entries
_result,41,2024-12-10 15:43:00.995522+00:00,2024-12-13 15:43:00.995522+00:00,2024-12-13 15:09:36.341744+00:00,0.0551,total_energy_pkg,unit_test_energy,InsertionSort_100Entries
_result,41,2024-12-10 15:43:00.995522+00:00,2024-12-13 15:43:00.995522+00:00,2024-12-13 15:11:43.592199+00:00,0.2551,total_energy_pkg,unit_test_energy,InsertionSort_100Entries
_result,41,2024-12-10 15:43:00.995522+00:00,2024-12-13 15:43:00.995522+00:00,2024-12-13 15:13:50.747578+00:00,0.1662,total_energy_pkg,unit_test_energy,InsertionSort_100Entries
_result,41,2024-12-10 15:43:00.995522+00:00,2024-12-13 15:43:00.995522+00:00,2024-12-13 15:15:57.941768+00:00,0.1146,total_energy_pkg,unit_test_energy,InsertionSort_100Entries
_result,41,2024-12-10 15:43:00.995522+00:00,2024-12-13 15:43:00.995522+00:00,2024-12-13 15:18:04.722475+00:00,0.1763,total_energy_pkg,unit_test_energy,InsertionSort_100Entries
_result,41,2024-12-10 15:43:00.995522+00:00,2024-12-13 15:43:00.995522+00:00,2024-12-13 15:20:12.438457+00:00,0.2422,total_energy_pkg,unit_test_energy,InsertionSort_100Entries
_result,41,2024-12-10 15:43:00.995522+00:00,2024-12-13 15:43:00.995522+00:00,2024-12-13 15:22:19.359679+00:00,0.2335,total_energy_pkg,unit_test_energy,InsertionSort_100Entries
_result,41,2024-12-10 15:43:00.995522+00:00,2024-12-13 15:43:00.995522+00:00,2024-12-13 15:24:25.873467+00:00,0.3513,total_energy_pkg,unit_test_energy,InsertionSort_100Entries
_result,41,2024-12-10 15:43:00.995522+00:00,2024-12-13 15:43:00.995522+00:00,2024-12-13 15:26:32.733200+00:00,0.169,total_energy_pkg,unit_test_energy,InsertionSort_100Entries
_result,41,2024-12-10 15:43:00.995522+00:00,2024-12-13 15:43:00.995522+00:00,2024-12-13 15:28:39.610082+00:00,0.1232,total_energy_pkg,unit_test_energy,InsertionSort_100Entries
_result,41,2024-12-10 15:43:00.995522+00:00,2024-12-13 15:43:00.995522+00:00,2024-12-13 15:30:46.292823+00:00,0.1289,total_energy_pkg,unit_test_energy,InsertionSort_100Entries
_result,41,2024-12-10 15:43:00.995522+00:00,2024-12-13 15:43:00.995522+00:00,2024-12-13 15:32:53.002689+00:00,0.1642,total_energy_pkg,unit_test_energy,InsertionSort_100Entries
_result,41,2024-12-10 15:43:00.995522+00:00,2024-12-13 15:43:00.995522+00:00,2024-12-13 15:34:59.925364+00:00,0.1722,total_energy_pkg,unit_test_energy,InsertionSort_100Entries
_result,41,2024-12-10 15:43:00.995522+00:00,2024-12-13 15:43:00.995522+00:00,2024-12-13 15:37:07.273867+00:00,0.2327,total_energy_pkg,unit_test_energy,InsertionSort_100Entries
_result,41,2024-12-10 15:43:00.995522+00:00,2024-12-13 15:43:00.995522+00:00,2024-12-13 15:39:14.033486+00:00,0.1669,total_energy_pkg,unit_test_energy,InsertionSort_100Entries
_result,42,2024-12-10 15:43:00.995522+00:00,2024-12-13 15:43:00.995522+00:00,2024-12-13 14:34:02.963655+00:00,49.8331,avg_energy_dram,unit_test_energy,InsertionSort_10Entries
_result,42,2024-12-10 15:43:00.995522+00:00,2024-12-13 15:43:00.995522+00:00,2024-12-13 14:36:10.366691+00:00,57.5811,avg_energy_dram,unit_test_energy,InsertionSort_10Entries
_result,42,2024-12-10 15:43:00.995522+00:00,2024-12-13 15:43:00.995522+00:00,2024-12-13 14:38:17.496979+00:00,25.6992,avg_energy_dram,unit_test_energy,InsertionSort_10Entries
_result,42,2024-12-10 15:43:00.995522+00:00,2024-12-13 15:43:00.995522+00:00,2024-12-13 14:40:24.751607+00:00,51.111,avg_energy_dram,unit_test_energy,InsertionSort_10Entries
_result,42,2024-12-10 15:43:00.995522+00:00,2024-12-13 15:43:00.995522+00:00,2024-12-13 14:42:31.812450+00:00,54.4556,avg_energy_dram,unit_test_energy,InsertionSort_10Entries
_result,42,2024-12-10 15:43:00.995522+00:00,2024-12-13 15:43:00.995522+00:00,2024-12-13 14:44:38.705077+00:00,33.0851,avg_energy_dram,unit_test_energy,InsertionSort_10Entries
_result,42,2024-12-10 15:43:00.995522+00:00,2024-12-13 15:43:00.995522+00:00,2024-12-13 14:46:45.144945+00:00,54.9524,avg_energy_dram,unit_test_energy,InsertionSort_10Entries
_result,42,2024-12-10 15:43:00.995522+00:00,2024-12-13 15:43:00.995522+00:00,2024-12-13 14:48:52.040768+00:00,50.7268,avg_energy_dram,unit_test_energy,InsertionSort_10Entries
_result,42,2024-12-10 15:43:00.995522+00:00,2024-12-13 15:43:00.995522+00:00,2024-12-13 14:50:59.091093+00:00,57.7058,avg_energy_dram,unit_test_energy,InsertionSort_10Entries
_result,42,2024-12-10 15:43:00.995522+00:00,2024-12-13 15:43:00.995522+00:00,2024-12-13 14:53:06.619284+00:00,24.3341,avg_energy_dram,unit_test_energy,InsertionSort_10Entries
_result,42,2024-12-10 15:43:00.995522+00:00,2024-12-13 15:43:00.995522+00:00,2024-12-13 14:55:13.641062+00:00,57.2067,avg_energy_dram,unit_test_energy,InsertionSort_10Entries
_result,42,2024-12-10 15:43:00.995522+00:00,2024-12-13 15:43:00.995522+00:00,2024-12-13 14:57:20.522670+00:00,58.904,avg_energy_dram,unit_test_energy,InsertionSort_10Entries
_result,42,2024-12-10 15:43:00.995522+00:00,2024-12-13 15:43:00.995522+00:00,2024-12-13 14:59:27.174300+00:00,58.3467,avg_energy_dram,unit_test_energy,InsertionSort_10Entries
_result,42,2024-12-10 15:43:00.995522+00:00,2024-12-13 15:43:00.995522+00:00,2024-12-13 15:01:34.051227+00:00,58.1371,avg_energy_dram,unit_test_energy,InsertionSort_10Entries
_result,42,2024-12-10 15:43:00.995522+00:00,2024-12-13 15:43:00.995522+00:00,2024-12-13 15:03:41.881070+00:00,59.843,avg_energy_dram,unit_test_energy,InsertionSort_10Entries
_result,42,2024-12-10 15:43:00.995522+00:00,2024-12-13 15:43:00.995522+00:00,2024-12-13 15:09:41.369833+00:00,0.0,avg_energy_dram,unit_test_energy,InsertionSort_10Entries
_result,42,2024-12-10 15:43:00.995522+00:00,2024-12-13 15:43:00.995522+00:00,2024-12-13 15:11:48.618899+00:00,63.198,avg_energy_dram,unit_test_energy,InsertionSort_10Entries
_result,42,2024-12-10 15:43:00.995522+00:00,2024-12-13 15:43:00.995522+00:00,2024-12-13 15:13:55.774921+00:00,64.4278,avg_energy_dram,unit_test_energy,InsertionSort_10Entries
_result,42,2024-12-10 15:43:00.995522+00:00,2024-12-13 15:43:00.995522+00:00,2024-12-13 15:16:02.971674+00:00,77.5515,avg_energy_dram,unit_test_energy,InsertionSort_10Entries
_result,42,2024-12-10 15:43:00.995522+00:00,2024-12-13 15:43:00.995522+00:00,2024-12-13 15:18:09.750664+00:00,54.1339,avg_energy_dram,unit_test_energy,InsertionSort_10Entries
_result,42,2024-12-10 15:43:00.995522+00:00,2024-12-13 15:43:00.995522+00:00,2024-12-13 15:20:17.466651+00:00,47.311,avg_energy_dram,unit_test_energy,InsertionSort_10Entries
_result,42,2024-12-10 15:43:00.995522+00:00,2024-12-13 15:43:00.995522+00:00,2024-12-13 15:22:24.388295+00:00,53.6018,avg_energy_dram,unit_test_energy,InsertionSort_10Entries
_result,42,2024-12-10 15:43:00.995522+00:00,2024-12-13 15:43:00.995522+00:00,2024-12-13 15:24:30.901601+00:00,58.1332,avg_energy_dram,unit_test_energy,InsertionSort_10Entries
_result,42,2024-12-10 15:43:00.995522+00:00,2024-12-13 15:43:00.995522+00:00,2024-12-13 15:26:37.760868+00:00,62.0924,avg_energy_dram,unit_test_energy,InsertionSort_10Entries
_result,42,2024-12-10 15:43:00.995522+00:00,2024-12-13 15:43:00.995522+00:00,2024-12-13 15:28:44.638197+00:00,58.935,avg_energy_dram,unit_test_energy,InsertionSort_10Entries
_result,42,2024-12-10 15:43:00.995522+00:00,2024-12-13 15:43:00.995522+00:00,2024-12-13 15:30:51.321005+00:00,48.0042,avg_energy_dram,unit_test_energy,InsertionSort_10Entries
_result,42,2024-12-10 15:43:00.995522+00:00,2024-12-13 15:43:00.995522+00:00,2024-12-13 15:32:58.031747+00:00,54.2305,avg_energy_dram,unit_test_energy,InsertionSort_10Entries
_result,42,2024-12-10 15:43:00.995522+00:00,2024-12-13 15:43:00.995522+00:00,2024-12-13 15:35:04.952990+00:00,70.661,avg_energy_dram,unit_test_energy,InsertionSort_10Entries
_result,42,2024-12-10 15:43:00.995522+00:00,2024-12-13 15:43:00.995522+00:00,2024-12-13 15:37:12.301856+00:00,58.3629,avg_energy_dram,unit_test_energy,InsertionSort_10Entries
_result,42,2024-12-10 15:43:00.995522+00:00,2024-12-13 15:43:00.995522+00:00,2024-12-13 15:39:19.061046+00:00,63.0279,avg_energy_dram,unit_test_energy,InsertionSort_10Entries
_result,43,2024-12-10 15:43:00.995522+00:00,2024-12-13 15:43:00.995522+00:00,2024-12-13 14:34:02.963655+00:00,125.1773,avg_energy_pkg,unit_test_energy,InsertionSort_10Entries
_result,43,2024-12-10 15:43:00.995522+00:00,2024-12-13 15:43:00.995522+00:00,2024-12-13 14:36:10.366691+00:00,154.3656,avg_energy_pkg,unit_test_energy,InsertionSort_10Entries
_result,43,2024-12-10 15:43:00.995522+00:00,2024-12-13 15:43:00.995522+00:00,2024-12-13 14:38:17.496979+00:00,69.9589,avg_energy_pkg,unit_test_energy,InsertionSort_10Entries
_result,43,2024-12-10 15:43:00.995522+00:00,2024-12-13 15:43:00.995522+00:00,2024-12-13 14:40:24.751607+00:00,137.9185,avg_energy_pkg,unit_test_energy,InsertionSort_10Entries
_result,43,2024-12-10 15:43:00.995522+00:00,2024-12-13 15:43:00.995522+00:00,2024-12-13 14:42:31.812450+00:00,143.0967,avg_energy_pkg,unit_test_energy,InsertionSort_10Entries
_result,43,2024-12-10 15:43:00.995522+00:00,2024-12-13 15:43:00.995522+00:00,2024-12-13 14:44:38.705077+00:00,72.4028,avg_energy_pkg,unit_test_energy,InsertionSort_10Entries
_result,43,2024-12-10 15:43:00.995522+00:00,2024-12-13 15:43:00.995522+00:00,2024-12-13 14:46:45.144945+00:00,134.0474,avg_energy_pkg,unit_test_energy,InsertionSort_10Entries
_result,43,2024-12-10 15:43:00.995522+00:00,2024-12-13 15:43:00.995522+00:00,2024-12-13 14:48:52.040768+00:00,124.5439,avg_energy_pkg,unit_test_energy,InsertionSort_10Entries
_result,43,2024-12-10 15:43:00.995522+00:00,2024-12-13 15:43:00.995522+00:00,2024-12-13 14:50:59.091093+00:00,149.7737,avg_energy_pkg,unit_test_energy,InsertionSort_10Entries
_result,43,2024-12-10 15:43:00.995522+00:00,2024-12-13 15:43:00.995522+00:00,2024-12-13 14:53:06.619284+00:00,68.687,avg_energy_pkg,unit_test_energy,InsertionSort_10Entries
_result,43,2024-12-10 15:43:00.995522+00:00,2024-12-13 15:43:00.995522+00:00,2024-12-13 14:55:13.641062+00:00,147.0096,avg_energy_pkg,unit_test_energy,InsertionSort_10Entries
_result,43,2024-12-10 15:43:00.995522+00:00,2024-12-13 15:43:00.995522+00:00,2024-12-13 14:57:20.522670+00:00,152.7436,avg_energy_pkg,unit_test_energy,InsertionSort_10Entries
_result,43,2024-12-10 15:43:00.995522+00:00,2024-12-13 15:43:00.995522+00:00,2024-12-13 14:59:27.174300+00:00,154.0159,avg_energy_pkg,unit_test_energy,InsertionSort_10Entries
_result,43,2024-12-10 15:43:00.995522+00:00,2024-12-13 15:43:00.995522+00:00,2024-12-13 15:01:34.051227+00:00,155.7223,avg_energy_pkg,unit_test_energy,InsertionSort_10Entries
_result,43,2024-12-10 15:43:00.995522+00:00,2024-12-13 15:43:00.995522+00:00,2024-12-13 15:03:41.881070+00:00,142.5363,avg_energy_pkg,unit_test_energy,InsertionSort_10Entries
_result,43,2024-12-10 15:43:00.995522+00:00,2024-12-13 15:43:00.995522+00:00,2024-12-13 15:09:41.369833+00:00,0.0,avg_energy_pkg,unit_test_energy,InsertionSort_10Entries
_result,43,2024-12-10 15:43:00.995522+00:00,2024-12-13 15:43:00.995522+00:00,2024-12-13 15:11:48.618899+00:00,165.6731,avg_energy_pkg,unit_test_energy,InsertionSort_10Entries
_result,43,2024-12-10 15:43:00.995522+00:00,2024-12-13 15:43:00.995522+00:00,2024-12-13 15:13:55.774921+00:00,164.5161,avg_energy_pkg,unit_test_energy,InsertionSort_10Entries
_result,43,2024-12-10 15:43:00.995522+00:00,2024-12-13 15:43:00.995522+00:00,2024-12-13 15:16:02.971674+00:00,202.9549,avg_energy_pkg,unit_test_energy,InsertionSort_10Entries
_result,43,2024-12-10 15:43:00.995522+00:00,2024-12-13 15:43:00.995522+00:00,2024-12-13 15:18:09.750664+00:00,143.1681,avg_energy_pkg,unit_test_energy,InsertionSort_10Entries
_result,43,2024-12-10 15:43:00.995522+00:00,2024-12-13 15:43:00.995522+00:00,2024-12-13 15:20:17.466651+00:00,123.625,avg_energy_pkg,unit_test_energy,InsertionSort_10Entries
_result,43,2024-12-10 15:43:00.995522+00:00,2024-12-13 15:43:00.995522+00:00,2024-12-13 15:22:24.388295+00:00,138.4506,avg_energy_pkg,unit_test_energy,InsertionSort_10Entries
_result,43,2024-12-10 15:43:00.995522+00:00,2024-12-13 15:43:00.995522+00:00,2024-12-13 15:24:30.901601+00:00,144.0548,avg_energy_pkg,unit_test_energy,InsertionSort_10Entries
_result,43,2024-12-10 15:43:00.995522+00:00,2024-12-13 15:43:00.995522+00:00,2024-12-13 15:26:37.760868+00:00,180.3377,avg_energy_pkg,unit_test_energy,InsertionSort_10Entries
_result,43,2024-12-10 15:43:00.995522+00:00,2024-12-13 15:43:00.995522+00:00,2024-12-13 15:28:44.638197+00:00,153.9433,avg_energy_pkg,unit_test_energy,InsertionSort_10Entries
_result,43,2024-12-10 15:43:00.995522+00:00,2024-12-13 15:43:00.995522+00:00,2024-12-13 15:30:51.321005+00:00,144.6694,avg_energy_pkg,unit_test_energy,InsertionSort_10Entries
_result,43,2024-12-10 15:43:00.995522+00:00,2024-12-13 15:43:00.995522+00:00,2024-12-13 15:32:58.031747+00:00,131.4046,avg_energy_pkg,unit_test_energy,InsertionSort_10Entries
_result,43,2024-12-10 15:43:00.995522+00:00,2024-12-13 15:43:00.995522+00:00,2024-12-13 15:35:04.952990+00:00,185.81,avg_energy_pkg,unit_test_energy,InsertionSort_10Entries
_result,43,2024-12-10 15:43:00.995522+00:00,2024-12-13 15:43:00.995522+00:00,2024-12-13 15:37:12.301856+00:00,149.9749,avg_energy_pkg,unit_test_energy,InsertionSort_10Entries
_result,43,2024-12-10 15:43:00.995522+00:00,2024-12-13 15:43:00.995522+00:00,2024-12-13 15:39:19.061046+00:00,158.0996,avg_energy_pkg,unit_test_energy,InsertionSort_10Entries
_result,44,2024-12-10 15:43:00.995522+00:00,2024-12-13 15:43:00.995522+00:00,2024-12-13 14:34:02.963655+00:00,0.0009,duration,unit_test_energy,InsertionSort_10Entries
_result,44,2024-12-10 15:43:00.995522+00:00,2024-12-13 15:43:00.995522+00:00,2024-12-13 14:36:10.366691+00:00,0.0008,duration,unit_test_energy,InsertionSort_10Entries
_result,44,2024-12-10 15:43:00.995522+00:00,2024-12-13 15:43:00.995522+00:00,2024-12-13 14:38:17.496979+00:00,0.0008,duration,unit_test_energy,InsertionSort_10Entries
_result,44,2024-12-10 15:43:00.995522+00:00,2024-12-13 15:43:00.995522+00:00,2024-12-13 14:40:24.751607+00:00,0.0009,duration,unit_test_energy,InsertionSort_10Entries
_result,44,2024-12-10 15:43:00.995522+00:00,2024-12-13 15:43:00.995522+00:00,2024-12-13 14:42:31.812450+00:00,0.0008,duration,unit_test_energy,InsertionSort_10Entries
_result,44,2024-12-10 15:43:00.995522+00:00,2024-12-13 15:43:00.995522+00:00,2024-12-13 14:44:38.705077+00:00,0.0008,duration,unit_test_energy,InsertionSort_10Entries
_result,44,2024-12-10 15:43:00.995522+00:00,2024-12-13 15:43:00.995522+00:00,2024-12-13 14:46:45.144945+00:00,0.0009,duration,unit_test_energy,InsertionSort_10Entries
_result,44,2024-12-10 15:43:00.995522+00:00,2024-12-13 15:43:00.995522+00:00,2024-12-13 14:48:52.040768+00:00,0.0009,duration,unit_test_energy,InsertionSort_10Entries
_result,44,2024-12-10 15:43:00.995522+00:00,2024-12-13 15:43:00.995522+00:00,2024-12-13 14:50:59.091093+00:00,0.0008,duration,unit_test_energy,InsertionSort_10Entries
_result,44,2024-12-10 15:43:00.995522+00:00,2024-12-13 15:43:00.995522+00:00,2024-12-13 14:53:06.619284+00:00,0.0009,duration,unit_test_energy,InsertionSort_10Entries
_result,44,2024-12-10 15:43:00.995522+00:00,2024-12-13 15:43:00.995522+00:00,2024-12-13 14:55:13.641062+00:00,0.0008,duration,unit_test_energy,InsertionSort_10Entries
_result,44,2024-12-10 15:43:00.995522+00:00,2024-12-13 15:43:00.995522+00:00,2024-12-13 14:57:20.522670+00:00,0.0008,duration,unit_test_energy,InsertionSort_10Entries
_result,44,2024-12-10 15:43:00.995522+00:00,2024-12-13 15:43:00.995522+00:00,2024-12-13 14:59:27.174300+00:00,0.0008,duration,unit_test_energy,InsertionSort_10Entries
_result,44,2024-12-10 15:43:00.995522+00:00,2024-12-13 15:43:00.995522+00:00,2024-12-13 15:01:34.051227+00:00,0.0008,duration,unit_test_energy,InsertionSort_10Entries
_result,44,2024-12-10 15:43:00.995522+00:00,2024-12-13 15:43:00.995522+00:00,2024-12-13 15:03:41.881070+00:00,0.0009,duration,unit_test_energy,InsertionSort_10Entries
_result,44,2024-12-10 15:43:00.995522+00:00,2024-12-13 15:43:00.995522+00:00,2024-12-13 15:09:41.369833+00:00,0.0007,duration,unit_test_energy,InsertionSort_10Entries
_result,44,2024-12-10 15:43:00.995522+00:00,2024-12-13 15:43:00.995522+00:00,2024-12-13 15:11:48.618899+00:00,0.0007,duration,unit_test_energy,InsertionSort_10Entries
_result,44,2024-12-10 15:43:00.995522+00:00,2024-12-13 15:43:00.995522+00:00,2024-12-13 15:13:55.774921+00:00,0.0007,duration,unit_test_energy,InsertionSort_10Entries
_result,44,2024-12-10 15:43:00.995522+00:00,2024-12-13 15:43:00.995522+00:00,2024-12-13 15:16:02.971674+00:00,0.0009,duration,unit_test_energy,InsertionSort_10Entries
_result,44,2024-12-10 15:43:00.995522+00:00,2024-12-13 15:43:00.995522+00:00,2024-12-13 15:18:09.750664+00:00,0.0009,duration,unit_test_energy,InsertionSort_10Entries
_result,44,2024-12-10 15:43:00.995522+00:00,2024-12-13 15:43:00.995522+00:00,2024-12-13 15:20:17.466651+00:00,0.001,duration,unit_test_energy,InsertionSort_10Entries
_result,44,2024-12-10 15:43:00.995522+00:00,2024-12-13 15:43:00.995522+00:00,2024-12-13 15:22:24.388295+00:00,0.0009,duration,unit_test_energy,InsertionSort_10Entries
_result,44,2024-12-10 15:43:00.995522+00:00,2024-12-13 15:43:00.995522+00:00,2024-12-13 15:24:30.901601+00:00,0.0008,duration,unit_test_energy,InsertionSort_10Entries
_result,44,2024-12-10 15:43:00.995522+00:00,2024-12-13 15:43:00.995522+00:00,2024-12-13 15:26:37.760868+00:00,0.0008,duration,unit_test_energy,InsertionSort_10Entries
_result,44,2024-12-10 15:43:00.995522+00:00,2024-12-13 15:43:00.995522+00:00,2024-12-13 15:28:44.638197+00:00,0.0008,duration,unit_test_energy,InsertionSort_10Entries
_result,44,2024-12-10 15:43:00.995522+00:00,2024-12-13 15:43:00.995522+00:00,2024-12-13 15:30:51.321005+00:00,0.001,duration,unit_test_energy,InsertionSort_10Entries
_result,44,2024-12-10 15:43:00.995522+00:00,2024-12-13 15:43:00.995522+00:00,2024-12-13 15:32:58.031747+00:00,0.0008,duration,unit_test_energy,InsertionSort_10Entries
_result,44,2024-12-10 15:43:00.995522+00:00,2024-12-13 15:43:00.995522+00:00,2024-12-13 15:35:04.952990+00:00,0.0007,duration,unit_test_energy,InsertionSort_10Entries
_result,44,2024-12-10 15:43:00.995522+00:00,2024-12-13 15:43:00.995522+00:00,2024-12-13 15:37:12.301856+00:00,0.0008,duration,unit_test_energy,InsertionSort_10Entries
_result,44,2024-12-10 15:43:00.995522+00:00,2024-12-13 15:43:00.995522+00:00,2024-12-13 15:39:19.061046+00:00,0.0007,duration,unit_test_energy,InsertionSort_10Entries
_result,45,2024-12-10 15:43:00.995522+00:00,2024-12-13 15:43:00.995522+00:00,2024-12-13 14:34:02.963655+00:00,0.0,median_energy_dram,unit_test_energy,InsertionSort_10Entries
_result,45,2024-12-10 15:43:00.995522+00:00,2024-12-13 15:43:00.995522+00:00,2024-12-13 14:36:10.366691+00:00,0.0,median_energy_dram,unit_test_energy,InsertionSort_10Entries
_result,45,2024-12-10 15:43:00.995522+00:00,2024-12-13 15:43:00.995522+00:00,2024-12-13 14:38:17.496979+00:00,0.0,median_energy_dram,unit_test_energy,InsertionSort_10Entries
_result,45,2024-12-10 15:43:00.995522+00:00,2024-12-13 15:43:00.995522+00:00,2024-12-13 14:40:24.751607+00:00,0.0,median_energy_dram,unit_test_energy,InsertionSort_10Entries
_result,45,2024-12-10 15:43:00.995522+00:00,2024-12-13 15:43:00.995522+00:00,2024-12-13 14:42:31.812450+00:00,0.0,median_energy_dram,unit_test_energy,InsertionSort_10Entries
_result,45,2024-12-10 15:43:00.995522+00:00,2024-12-13 15:43:00.995522+00:00,2024-12-13 14:44:38.705077+00:00,0.0,median_energy_dram,unit_test_energy,InsertionSort_10Entries
_result,45,2024-12-10 15:43:00.995522+00:00,2024-12-13 15:43:00.995522+00:00,2024-12-13 14:46:45.144945+00:00,0.0,median_energy_dram,unit_test_energy,InsertionSort_10Entries
_result,45,2024-12-10 15:43:00.995522+00:00,2024-12-13 15:43:00.995522+00:00,2024-12-13 14:48:52.040768+00:00,0.0,median_energy_dram,unit_test_energy,InsertionSort_10Entries
_result,45,2024-12-10 15:43:00.995522+00:00,2024-12-13 15:43:00.995522+00:00,2024-12-13 14:50:59.091093+00:00,0.0,median_energy_dram,unit_test_energy,InsertionSort_10Entries
_result,45,2024-12-10 15:43:00.995522+00:00,2024-12-13 15:43:00.995522+00:00,2024-12-13 14:53:06.619284+00:00,0.0,median_energy_dram,unit_test_energy,InsertionSort_10Entries
_result,45,2024-12-10 15:43:00.995522+00:00,2024-12-13 15:43:00.995522+00:00,2024-12-13 14:55:13.641062+00:00,0.0,median_energy_dram,unit_test_energy,InsertionSort_10Entries
_result,45,2024-12-10 15:43:00.995522+00:00,2024-12-13 15:43:00.995522+00:00,2024-12-13 14:57:20.522670+00:00,0.0,median_energy_dram,unit_test_energy,InsertionSort_10Entries
_result,45,2024-12-10 15:43:00.995522+00:00,2024-12-13 15:43:00.995522+00:00,2024-12-13 14:59:27.174300+00:00,0.0,median_energy_dram,unit_test_energy,InsertionSort_10Entries
_result,45,2024-12-10 15:43:00.995522+00:00,2024-12-13 15:43:00.995522+00:00,2024-12-13 15:01:34.051227+00:00,0.0,median_energy_dram,unit_test_energy,InsertionSort_10Entries
_result,45,2024-12-10 15:43:00.995522+00:00,2024-12-13 15:43:00.995522+00:00,2024-12-13 15:03:41.881070+00:00,0.0,median_energy_dram,unit_test_energy,InsertionSort_10Entries
_result,45,2024-12-10 15:43:00.995522+00:00,2024-12-13 15:43:00.995522+00:00,2024-12-13 15:09:41.369833+00:00,0.0,median_energy_dram,unit_test_energy,InsertionSort_10Entries
_result,45,2024-12-10 15:43:00.995522+00:00,2024-12-13 15:43:00.995522+00:00,2024-12-13 15:11:48.618899+00:00,0.0,median_energy_dram,unit_test_energy,InsertionSort_10Entries
_result,45,2024-12-10 15:43:00.995522+00:00,2024-12-13 15:43:00.995522+00:00,2024-12-13 15:13:55.774921+00:00,0.0,median_energy_dram,unit_test_energy,InsertionSort_10Entries
_result,45,2024-12-10 15:43:00.995522+00:00,2024-12-13 15:43:00.995522+00:00,2024-12-13 15:16:02.971674+00:00,0.0,median_energy_dram,unit_test_energy,InsertionSort_10Entries
_result,45,2024-12-10 15:43:00.995522+00:00,2024-12-13 15:43:00.995522+00:00,2024-12-13 15:18:09.750664+00:00,0.0,median_energy_dram,unit_test_energy,InsertionSort_10Entries
_result,45,2024-12-10 15:43:00.995522+00:00,2024-12-13 15:43:00.995522+00:00,2024-12-13 15:20:17.466651+00:00,0.0,median_energy_dram,unit_test_energy,InsertionSort_10Entries
_result,45,2024-12-10 15:43:00.995522+00:00,2024-12-13 15:43:00.995522+00:00,2024-12-13 15:22:24.388295+00:00,0.0,median_energy_dram,unit_test_energy,InsertionSort_10Entries
_result,45,2024-12-10 15:43:00.995522+00:00,2024-12-13 15:43:00.995522+00:00,2024-12-13 15:24:30.901601+00:00,0.0,median_energy_dram,unit_test_energy,InsertionSort_10Entries
_result,45,2024-12-10 15:43:00.995522+00:00,2024-12-13 15:43:00.995522+00:00,2024-12-13 15:26:37.760868+00:00,0.0,median_energy_dram,unit_test_energy,InsertionSort_10Entries
_result,45,2024-12-10 15:43:00.995522+00:00,2024-12-13 15:43:00.995522+00:00,2024-12-13 15:28:44.638197+00:00,0.0,median_energy_dram,unit_test_energy,InsertionSort_10Entries
_result,45,2024-12-10 15:43:00.995522+00:00,2024-12-13 15:43:00.995522+00:00,2024-12-13 15:30:51.321005+00:00,0.0,median_energy_dram,unit_test_energy,InsertionSort_10Entries
_result,45,2024-12-10 15:43:00.995522+00:00,2024-12-13 15:43:00.995522+00:00,2024-12-13 15:32:58.031747+00:00,0.0,median_energy_dram,unit_test_energy,InsertionSort_10Entries
_result,45,2024-12-10 15:43:00.995522+00:00,2024-12-13 15:43:00.995522+00:00,2024-12-13 15:35:04.952990+00:00,0.0,median_energy_dram,unit_test_energy,InsertionSort_10Entries
_result,45,2024-12-10 15:43:00.995522+00:00,2024-12-13 15:43:00.995522+00:00,2024-12-13 15:37:12.301856+00:00,0.0,median_energy_dram,unit_test_energy,InsertionSort_10Entries
_result,45,2024-12-10 15:43:00.995522+00:00,2024-12-13 15:43:00.995522+00:00,2024-12-13 15:39:19.061046+00:00,0.0,median_energy_dram,unit_test_energy,InsertionSort_10Entries
_result,46,2024-12-10 15:43:00.995522+00:00,2024-12-13 15:43:00.995522+00:00,2024-12-13 14:34:02.963655+00:00,0.0,median_energy_pkg,unit_test_energy,InsertionSort_10Entries
_result,46,2024-12-10 15:43:00.995522+00:00,2024-12-13 15:43:00.995522+00:00,2024-12-13 14:36:10.366691+00:00,0.0,median_energy_pkg,unit_test_energy,InsertionSort_10Entries
_result,46,2024-12-10 15:43:00.995522+00:00,2024-12-13 15:43:00.995522+00:00,2024-12-13 14:38:17.496979+00:00,0.0,median_energy_pkg,unit_test_energy,InsertionSort_10Entries
_result,46,2024-12-10 15:43:00.995522+00:00,2024-12-13 15:43:00.995522+00:00,2024-12-13 14:40:24.751607+00:00,0.0,median_energy_pkg,unit_test_energy,InsertionSort_10Entries
_result,46,2024-12-10 15:43:00.995522+00:00,2024-12-13 15:43:00.995522+00:00,2024-12-13 14:42:31.812450+00:00,0.0,median_energy_pkg,unit_test_energy,InsertionSort_10Entries
_result,46,2024-12-10 15:43:00.995522+00:00,2024-12-13 15:43:00.995522+00:00,2024-12-13 14:44:38.705077+00:00,0.0,median_energy_pkg,unit_test_energy,InsertionSort_10Entries
_result,46,2024-12-10 15:43:00.995522+00:00,2024-12-13 15:43:00.995522+00:00,2024-12-13 14:46:45.144945+00:00,0.0,median_energy_pkg,unit_test_energy,InsertionSort_10Entries
_result,46,2024-12-10 15:43:00.995522+00:00,2024-12-13 15:43:00.995522+00:00,2024-12-13 14:48:52.040768+00:00,0.0,median_energy_pkg,unit_test_energy,InsertionSort_10Entries
_result,46,2024-12-10 15:43:00.995522+00:00,2024-12-13 15:43:00.995522+00:00,2024-12-13 14:50:59.091093+00:00,0.0,median_energy_pkg,unit_test_energy,InsertionSort_10Entries
_result,46,2024-12-10 15:43:00.995522+00:00,2024-12-13 15:43:00.995522+00:00,2024-12-13 14:53:06.619284+00:00,0.0,median_energy_pkg,unit_test_energy,InsertionSort_10Entries
_result,46,2024-12-10 15:43:00.995522+00:00,2024-12-13 15:43:00.995522+00:00,2024-12-13 14:55:13.641062+00:00,0.0,median_energy_pkg,unit_test_energy,InsertionSort_10Entries
_result,46,2024-12-10 15:43:00.995522+00:00,2024-12-13 15:43:00.995522+00:00,2024-12-13 14:57:20.522670+00:00,0.0,median_energy_pkg,unit_test_energy,InsertionSort_10Entries
_result,46,2024-12-10 15:43:00.995522+00:00,2024-12-13 15:43:00.995522+00:00,2024-12-13 14:59:27.174300+00:00,0.0,median_energy_pkg,unit_test_energy,InsertionSort_10Entries
_result,46,2024-12-10 15:43:00.995522+00:00,2024-12-13 15:43:00.995522+00:00,2024-12-13 15:01:34.051227+00:00,0.0,median_energy_pkg,unit_test_energy,InsertionSort_10Entries
_result,46,2024-12-10 15:43:00.995522+00:00,2024-12-13 15:43:00.995522+00:00,2024-12-13 15:03:41.881070+00:00,0.0,median_energy_pkg,unit_test_energy,InsertionSort_10Entries
_result,46,2024-12-10 15:43:00.995522+00:00,2024-12-13 15:43:00.995522+00:00,2024-12-13 15:09:41.369833+00:00,0.0,median_energy_pkg,unit_test_energy,InsertionSort_10Entries
_result,46,2024-12-10 15:43:00.995522+00:00,2024-12-13 15:43:00.995522+00:00,2024-12-13 15:11:48.618899+00:00,0.0,median_energy_pkg,unit_test_energy,InsertionSort_10Entries
_result,46,2024-12-10 15:43:00.995522+00:00,2024-12-13 15:43:00.995522+00:00,2024-12-13 15:13:55.774921+00:00,0.0,median_energy_pkg,unit_test_energy,InsertionSort_10Entries
_result,46,2024-12-10 15:43:00.995522+00:00,2024-12-13 15:43:00.995522+00:00,2024-12-13 15:16:02.971674+00:00,0.0,median_energy_pkg,unit_test_energy,InsertionSort_10Entries
_result,46,2024-12-10 15:43:00.995522+00:00,2024-12-13 15:43:00.995522+00:00,2024-12-13 15:18:09.750664+00:00,0.0,median_energy_pkg,unit_test_energy,InsertionSort_10Entries
_result,46,2024-12-10 15:43:00.995522+00:00,2024-12-13 15:43:00.995522+00:00,2024-12-13 15:20:17.466651+00:00,0.0,median_energy_pkg,unit_test_energy,InsertionSort_10Entries
_result,46,2024-12-10 15:43:00.995522+00:00,2024-12-13 15:43:00.995522+00:00,2024-12-13 15:22:24.388295+00:00,0.0,median_energy_pkg,unit_test_energy,InsertionSort_10Entries
_result,46,2024-12-10 15:43:00.995522+00:00,2024-12-13 15:43:00.995522+00:00,2024-12-13 15:24:30.901601+00:00,0.0,median_energy_pkg,unit_test_energy,InsertionSort_10Entries
_result,46,2024-12-10 15:43:00.995522+00:00,2024-12-13 15:43:00.995522+00:00,2024-12-13 15:26:37.760868+00:00,0.0,median_energy_pkg,unit_test_energy,InsertionSort_10Entries
_result,46,2024-12-10 15:43:00.995522+00:00,2024-12-13 15:43:00.995522+00:00,2024-12-13 15:28:44.638197+00:00,0.0,median_energy_pkg,unit_test_energy,InsertionSort_10Entries
_result,46,2024-12-10 15:43:00.995522+00:00,2024-12-13 15:43:00.995522+00:00,2024-12-13 15:30:51.321005+00:00,0.0,median_energy_pkg,unit_test_energy,InsertionSort_10Entries
_result,46,2024-12-10 15:43:00.995522+00:00,2024-12-13 15:43:00.995522+00:00,2024-12-13 15:32:58.031747+00:00,0.0,median_energy_pkg,unit_test_energy,InsertionSort_10Entries
_result,46,2024-12-10 15:43:00.995522+00:00,2024-12-13 15:43:00.995522+00:00,2024-12-13 15:35:04.952990+00:00,0.0,median_energy_pkg,unit_test_energy,InsertionSort_10Entries
_result,46,2024-12-10 15:43:00.995522+00:00,2024-12-13 15:43:00.995522+00:00,2024-12-13 15:37:12.301856+00:00,0.0,median_energy_pkg,unit_test_energy,InsertionSort_10Entries
_result,46,2024-12-10 15:43:00.995522+00:00,2024-12-13 15:43:00.995522+00:00,2024-12-13 15:39:19.061046+00:00,0.0,median_energy_pkg,unit_test_energy,InsertionSort_10Entries
_result,47,2024-12-10 15:43:00.995522+00:00,2024-12-13 15:43:00.995522+00:00,2024-12-13 14:34:02.963655+00:00,0.0473,total_energy_dram,unit_test_energy,InsertionSort_10Entries
_result,47,2024-12-10 15:43:00.995522+00:00,2024-12-13 15:43:00.995522+00:00,2024-12-13 14:36:10.366691+00:00,0.0474,total_energy_dram,unit_test_energy,InsertionSort_10Entries
_result,47,2024-12-10 15:43:00.995522+00:00,2024-12-13 15:43:00.995522+00:00,2024-12-13 14:38:17.496979+00:00,0.0198,total_energy_dram,unit_test_energy,InsertionSort_10Entries
_result,47,2024-12-10 15:43:00.995522+00:00,2024-12-13 15:43:00.995522+00:00,2024-12-13 14:40:24.751607+00:00,0.0461,total_energy_dram,unit_test_energy,InsertionSort_10Entries
_result,47,2024-12-10 15:43:00.995522+00:00,2024-12-13 15:43:00.995522+00:00,2024-12-13 14:42:31.812450+00:00,0.0455,total_energy_dram,unit_test_energy,InsertionSort_10Entries
_result,47,2024-12-10 15:43:00.995522+00:00,2024-12-13 15:43:00.995522+00:00,2024-12-13 14:44:38.705077+00:00,0.0271,total_energy_dram,unit_test_energy,InsertionSort_10Entries
_result,47,2024-12-10 15:43:00.995522+00:00,2024-12-13 15:43:00.995522+00:00,2024-12-13 14:46:45.144945+00:00,0.0478,total_energy_dram,unit_test_energy,InsertionSort_10Entries
_result,47,2024-12-10 15:43:00.995522+00:00,2024-12-13 15:43:00.995522+00:00,2024-12-13 14:48:52.040768+00:00,0.0473,total_energy_dram,unit_test_energy,InsertionSort_10Entries
_result,47,2024-12-10 15:43:00.995522+00:00,2024-12-13 15:43:00.995522+00:00,2024-12-13 14:50:59.091093+00:00,0.0471,total_energy_dram,unit_test_energy,InsertionSort_10Entries
_result,47,2024-12-10 15:43:00.995522+00:00,2024-12-13 15:43:00.995522+00:00,2024-12-13 14:53:06.619284+00:00,0.0207,total_energy_dram,unit_test_energy,InsertionSort_10Entries
_result,47,2024-12-10 15:43:00.995522+00:00,2024-12-13 15:43:00.995522+00:00,2024-12-13 14:55:13.641062+00:00,0.0454,total_energy_dram,unit_test_energy,InsertionSort_10Entries
_result,47,2024-12-10 15:43:00.995522+00:00,2024-12-13 15:43:00.995522+00:00,2024-12-13 14:57:20.522670+00:00,0.0473,total_energy_dram,unit_test_energy,InsertionSort_10Entries
_result,47,2024-12-10 15:43:00.995522+00:00,2024-12-13 15:43:00.995522+00:00,2024-12-13 14:59:27.174300+00:00,0.0475,total_energy_dram,unit_test_energy,InsertionSort_10Entries
_result,47,2024-12-10 15:43:00.995522+00:00,2024-12-13 15:43:00.995522+00:00,2024-12-13 15:01:34.051227+00:00,0.0463,total_energy_dram,unit_test_energy,InsertionSort_10Entries
_result,47,2024-12-10 15:43:00.995522+00:00,2024-12-13 15:43:00.995522+00:00,2024-12-13 15:03:41.881070+00:00,0.0524,total_energy_dram,unit_test_energy,InsertionSort_10Entries
_result,47,2024-12-10 15:43:00.995522+00:00,2024-12-13 15:43:00.995522+00:00,2024-12-13 15:09:41.369833+00:00,0.0,total_energy_dram,unit_test_energy,InsertionSort_10Entries
_result,47,2024-12-10 15:43:00.995522+00:00,2024-12-13 15:43:00.995522+00:00,2024-12-13 15:11:48.618899+00:00,0.0473,total_energy_dram,unit_test_energy,InsertionSort_10Entries
_result,47,2024-12-10 15:43:00.995522+00:00,2024-12-13 15:43:00.995522+00:00,2024-12-13 15:13:55.774921+00:00,0.0469,total_energy_dram,unit_test_energy,InsertionSort_10Entries
_result,47,2024-12-10 15:43:00.995522+00:00,2024-12-13 15:43:00.995522+00:00,2024-12-13 15:16:02.971674+00:00,0.0726,total_energy_dram,unit_test_energy,InsertionSort_10Entries
_result,47,2024-12-10 15:43:00.995522+00:00,2024-12-13 15:43:00.995522+00:00,2024-12-13 15:18:09.750664+00:00,0.0472,total_energy_dram,unit_test_energy,InsertionSort_10Entries
_result,47,2024-12-10 15:43:00.995522+00:00,2024-12-13 15:43:00.995522+00:00,2024-12-13 15:20:17.466651+00:00,0.0459,total_energy_dram,unit_test_energy,InsertionSort_10Entries
_result,47,2024-12-10 15:43:00.995522+00:00,2024-12-13 15:43:00.995522+00:00,2024-12-13 15:22:24.388295+00:00,0.0462,total_energy_dram,unit_test_energy,InsertionSort_10Entries
_result,47,2024-12-10 15:43:00.995522+00:00,2024-12-13 15:43:00.995522+00:00,2024-12-13 15:24:30.901601+00:00,0.0479,total_energy_dram,unit_test_energy,InsertionSort_10Entries
_result,47,2024-12-10 15:43:00.995522+00:00,2024-12-13 15:43:00.995522+00:00,2024-12-13 15:26:37.760868+00:00,0.0467,total_energy_dram,unit_test_energy,InsertionSort_10Entries
_result,47,2024-12-10 15:43:00.995522+00:00,2024-12-13 15:43:00.995522+00:00,2024-12-13 15:28:44.638197+00:00,0.047,total_energy_dram,unit_test_energy,InsertionSort_10Entries
_result,47,2024-12-10 15:43:00.995522+00:00,2024-12-13 15:43:00.995522+00:00,2024-12-13 15:30:51.321005+00:00,0.0457,total_energy_dram,unit_test_energy,InsertionSort_10Entries
_result,47,2024-12-10 15:43:00.995522+00:00,2024-12-13 15:43:00.995522+00:00,2024-12-13 15:32:58.031747+00:00,0.046,total_energy_dram,unit_test_energy,InsertionSort_10Entries
_result,47,2024-12-10 15:43:00.995522+00:00,2024-12-13 15:43:00.995522+00:00,2024-12-13 15:35:04.952990+00:00,0.051,total_energy_dram,unit_test_energy,InsertionSort_10Entries
_result,47,2024-12-10 15:43:00.995522+00:00,2024-12-13 15:43:00.995522+00:00,2024-12-13 15:37:12.301856+00:00,0.0453,total_energy_dram,unit_test_energy,InsertionSort_10Entries
_result,47,2024-12-10 15:43:00.995522+00:00,2024-12-13 15:43:00.995522+00:00,2024-12-13 15:39:19.061046+00:00,0.0463,total_energy_dram,unit_test_energy,InsertionSort_10Entries
_result,48,2024-12-10 15:43:00.995522+00:00,2024-12-13 15:43:00.995522+00:00,2024-12-13 14:34:02.963655+00:00,0.1189,total_energy_pkg,unit_test_energy,InsertionSort_10Entries
_result,48,2024-12-10 15:43:00.995522+00:00,2024-12-13 15:43:00.995522+00:00,2024-12-13 14:36:10.366691+00:00,0.127,total_energy_pkg,unit_test_energy,InsertionSort_10Entries
_result,48,2024-12-10 15:43:00.995522+00:00,2024-12-13 15:43:00.995522+00:00,2024-12-13 14:38:17.496979+00:00,0.0538,total_energy_pkg,unit_test_energy,InsertionSort_10Entries
_result,48,2024-12-10 15:43:00.995522+00:00,2024-12-13 15:43:00.995522+00:00,2024-12-13 14:40:24.751607+00:00,0.1245,total_energy_pkg,unit_test_energy,InsertionSort_10Entries
_result,48,2024-12-10 15:43:00.995522+00:00,2024-12-13 15:43:00.995522+00:00,2024-12-13 14:42:31.812450+00:00,0.1196,total_energy_pkg,unit_test_energy,InsertionSort_10Entries
_result,48,2024-12-10 15:43:00.995522+00:00,2024-12-13 15:43:00.995522+00:00,2024-12-13 14:44:38.705077+00:00,0.0592,total_energy_pkg,unit_test_energy,InsertionSort_10Entries
_result,48,2024-12-10 15:43:00.995522+00:00,2024-12-13 15:43:00.995522+00:00,2024-12-13 14:46:45.144945+00:00,0.1166,total_energy_pkg,unit_test_energy,InsertionSort_10Entries
_result,48,2024-12-10 15:43:00.995522+00:00,2024-12-13 15:43:00.995522+00:00,2024-12-13 14:48:52.040768+00:00,0.1162,total_energy_pkg,unit_test_energy,InsertionSort_10Entries
_result,48,2024-12-10 15:43:00.995522+00:00,2024-12-13 15:43:00.995522+00:00,2024-12-13 14:50:59.091093+00:00,0.1224,total_energy_pkg,unit_test_energy,InsertionSort_10Entries
_result,48,2024-12-10 15:43:00.995522+00:00,2024-12-13 15:43:00.995522+00:00,2024-12-13 14:53:06.619284+00:00,0.0585,total_energy_pkg,unit_test_energy,InsertionSort_10Entries
_result,48,2024-12-10 15:43:00.995522+00:00,2024-12-13 15:43:00.995522+00:00,2024-12-13 14:55:13.641062+00:00,0.1166,total_energy_pkg,unit_test_energy,InsertionSort_10Entries
_result,48,2024-12-10 15:43:00.995522+00:00,2024-12-13 15:43:00.995522+00:00,2024-12-13 14:57:20.522670+00:00,0.1226,total_energy_pkg,unit_test_energy,InsertionSort_10Entries
_result,48,2024-12-10 15:43:00.995522+00:00,2024-12-13 15:43:00.995522+00:00,2024-12-13 14:59:27.174300+00:00,0.1253,total_energy_pkg,unit_test_energy,InsertionSort_10Entries
_result,48,2024-12-10 15:43:00.995522+00:00,2024-12-13 15:43:00.995522+00:00,2024-12-13 15:01:34.051227+00:00,0.124,total_energy_pkg,unit_test_energy,InsertionSort_10Entries
_result,48,2024-12-10 15:43:00.995522+00:00,2024-12-13 15:43:00.995522+00:00,2024-12-13 15:03:41.881070+00:00,0.1249,total_energy_pkg,unit_test_energy,InsertionSort_10Entries
_result,48,2024-12-10 15:43:00.995522+00:00,2024-12-13 15:43:00.995522+00:00,2024-12-13 15:09:41.369833+00:00,0.0,total_energy_pkg,unit_test_energy,InsertionSort_10Entries
_result,48,2024-12-10 15:43:00.995522+00:00,2024-12-13 15:43:00.995522+00:00,2024-12-13 15:11:48.618899+00:00,0.124,total_energy_pkg,unit_test_energy,InsertionSort_10Entries
_result,48,2024-12-10 15:43:00.995522+00:00,2024-12-13 15:43:00.995522+00:00,2024-12-13 15:13:55.774921+00:00,0.1198,total_energy_pkg,unit_test_energy,InsertionSort_10Entries
_result,48,2024-12-10 15:43:00.995522+00:00,2024-12-13 15:43:00.995522+00:00,2024-12-13 15:16:02.971674+00:00,0.1899,total_energy_pkg,unit_test_energy,InsertionSort_10Entries
_result,48,2024-12-10 15:43:00.995522+00:00,2024-12-13 15:43:00.995522+00:00,2024-12-13 15:18:09.750664+00:00,0.1249,total_energy_pkg,unit_test_energy,InsertionSort_10Entries
_result,48,2024-12-10 15:43:00.995522+00:00,2024-12-13 15:43:00.995522+00:00,2024-12-13 15:20:17.466651+00:00,0.1199,total_energy_pkg,unit_test_energy,InsertionSort_10Entries
_result,48,2024-12-10 15:43:00.995522+00:00,2024-12-13 15:43:00.995522+00:00,2024-12-13 15:22:24.388295+00:00,0.1193,total_energy_pkg,unit_test_energy,InsertionSort_10Entries
_result,48,2024-12-10 15:43:00.995522+00:00,2024-12-13 15:43:00.995522+00:00,2024-12-13 15:24:30.901601+00:00,0.1187,total_energy_pkg,unit_test_energy,InsertionSort_10Entries
_result,48,2024-12-10 15:43:00.995522+00:00,2024-12-13 15:43:00.995522+00:00,2024-12-13 15:26:37.760868+00:00,0.1357,total_energy_pkg,unit_test_energy,InsertionSort_10Entries
_result,48,2024-12-10 15:43:00.995522+00:00,2024-12-13 15:43:00.995522+00:00,2024-12-13 15:28:44.638197+00:00,0.1227,total_energy_pkg,unit_test_energy,InsertionSort_10Entries
_result,48,2024-12-10 15:43:00.995522+00:00,2024-12-13 15:43:00.995522+00:00,2024-12-13 15:30:51.321005+00:00,0.1378,total_energy_pkg,unit_test_energy,InsertionSort_10Entries
_result,48,2024-12-10 15:43:00.995522+00:00,2024-12-13 15:43:00.995522+00:00,2024-12-13 15:32:58.031747+00:00,0.1115,total_energy_pkg,unit_test_energy,InsertionSort_10Entries
_result,48,2024-12-10 15:43:00.995522+00:00,2024-12-13 15:43:00.995522+00:00,2024-12-13 15:35:04.952990+00:00,0.1342,total_energy_pkg,unit_test_energy,InsertionSort_10Entries
_result,48,2024-12-10 15:43:00.995522+00:00,2024-12-13 15:43:00.995522+00:00,2024-12-13 15:37:12.301856+00:00,0.1165,total_energy_pkg,unit_test_energy,InsertionSort_10Entries
_result,48,2024-12-10 15:43:00.995522+00:00,2024-12-13 15:43:00.995522+00:00,2024-12-13 15:39:19.061046+00:00,0.1161,total_energy_pkg,unit_test_energy,InsertionSort_10Entries
_result,49,2024-12-10 15:43:00.995522+00:00,2024-12-13 15:43:00.995522+00:00,2024-12-13 14:34:08.163697+00:00,42.1812,avg_energy_dram,unit_test_energy,MergeSort_SortsListCorrectly
_result,49,2024-12-10 15:43:00.995522+00:00,2024-12-13 15:43:00.995522+00:00,2024-12-13 14:36:15.520452+00:00,45.3459,avg_energy_dram,unit_test_energy,MergeSort_SortsListCorrectly
_result,49,2024-12-10 15:43:00.995522+00:00,2024-12-13 15:43:00.995522+00:00,2024-12-13 14:38:22.646188+00:00,47.0874,avg_energy_dram,unit_test_energy,MergeSort_SortsListCorrectly
_result,49,2024-12-10 15:43:00.995522+00:00,2024-12-13 15:43:00.995522+00:00,2024-12-13 14:40:29.902389+00:00,46.9703,avg_energy_dram,unit_test_energy,MergeSort_SortsListCorrectly
_result,49,2024-12-10 15:43:00.995522+00:00,2024-12-13 15:43:00.995522+00:00,2024-12-13 14:42:36.959441+00:00,48.2041,avg_energy_dram,unit_test_energy,MergeSort_SortsListCorrectly
_result,49,2024-12-10 15:43:00.995522+00:00,2024-12-13 15:43:00.995522+00:00,2024-12-13 14:44:43.853677+00:00,47.3404,avg_energy_dram,unit_test_energy,MergeSort_SortsListCorrectly
_result,49,2024-12-10 15:43:00.995522+00:00,2024-12-13 15:43:00.995522+00:00,2024-12-13 14:46:50.298280+00:00,46.9413,avg_energy_dram,unit_test_energy,MergeSort_SortsListCorrectly
_result,49,2024-12-10 15:43:00.995522+00:00,2024-12-13 15:43:00.995522+00:00,2024-12-13 14:48:57.190843+00:00,47.405,avg_energy_dram,unit_test_energy,MergeSort_SortsListCorrectly
_result,49,2024-12-10 15:43:00.995522+00:00,2024-12-13 15:43:00.995522+00:00,2024-12-13 14:51:04.245196+00:00,45.4074,avg_energy_dram,unit_test_energy,MergeSort_SortsListCorrectly
_result,49,2024-12-10 15:43:00.995522+00:00,2024-12-13 15:43:00.995522+00:00,2024-12-13 14:53:11.777282+00:00,46.5933,avg_energy_dram,unit_test_energy,MergeSort_SortsListCorrectly
_result,49,2024-12-10 15:43:00.995522+00:00,2024-12-13 15:43:00.995522+00:00,2024-12-13 14:55:18.787819+00:00,47.5891,avg_energy_dram,unit_test_energy,MergeSort_SortsListCorrectly
_result,49,2024-12-10 15:43:00.995522+00:00,2024-12-13 15:43:00.995522+00:00,2024-12-13 14:57:25.676847+00:00,46.6492,avg_energy_dram,unit_test_energy,MergeSort_SortsListCorrectly
_result,49,2024-12-10 15:43:00.995522+00:00,2024-12-13 15:43:00.995522+00:00,2024-12-13 14:59:32.331749+00:00,46.4199,avg_energy_dram,unit_test_energy,MergeSort_SortsListCorrectly
_result,49,2024-12-10 15:43:00.995522+00:00,2024-12-13 15:43:00.995522+00:00,2024-12-13 15:01:39.204896+00:00,46.5371,avg_energy_dram,unit_test_energy,MergeSort_SortsListCorrectly
_result,49,2024-12-10 15:43:00.995522+00:00,2024-12-13 15:43:00.995522+00:00,2024-12-13 15:03:47.066636+00:00,51.3901,avg_energy_dram,unit_test_energy,MergeSort_SortsListCorrectly
_result,49,2024-12-10 15:43:00.995522+00:00,2024-12-13 15:43:00.995522+00:00,2024-12-13 15:09:46.526490+00:00,44.7721,avg_energy_dram,unit_test_energy,MergeSort_SortsListCorrectly
_result,49,2024-12-10 15:43:00.995522+00:00,2024-12-13 15:43:00.995522+00:00,2024-12-13 15:11:53.772871+00:00,46.5748,avg_energy_dram,unit_test_energy,MergeSort_SortsListCorrectly
_result,49,2024-12-10 15:43:00.995522+00:00,2024-12-13 15:43:00.995522+00:00,2024-12-13 15:14:00.927834+00:00,45.234,avg_energy_dram,unit_test_energy,MergeSort_SortsListCorrectly
_result,49,2024-12-10 15:43:00.995522+00:00,2024-12-13 15:43:00.995522+00:00,2024-12-13 15:16:08.124378+00:00,45.0543,avg_energy_dram,unit_test_energy,MergeSort_SortsListCorrectly
_result,49,2024-12-10 15:43:00.995522+00:00,2024-12-13 15:43:00.995522+00:00,2024-12-13 15:18:14.905570+00:00,45.3987,avg_energy_dram,unit_test_energy,MergeSort_SortsListCorrectly
_result,49,2024-12-10 15:43:00.995522+00:00,2024-12-13 15:43:00.995522+00:00,2024-12-13 15:20:22.621541+00:00,45.2995,avg_energy_dram,unit_test_energy,MergeSort_SortsListCorrectly
_result,49,2024-12-10 15:43:00.995522+00:00,2024-12-13 15:43:00.995522+00:00,2024-12-13 15:22:29.538134+00:00,45.3846,avg_energy_dram,unit_test_energy,MergeSort_SortsListCorrectly
_result,49,2024-12-10 15:43:00.995522+00:00,2024-12-13 15:43:00.995522+00:00,2024-12-13 15:24:36.046933+00:00,47.4158,avg_energy_dram,unit_test_energy,MergeSort_SortsListCorrectly
_result,49,2024-12-10 15:43:00.995522+00:00,2024-12-13 15:43:00.995522+00:00,2024-12-13 15:26:42.908920+00:00,47.0072,avg_energy_dram,unit_test_energy,MergeSort_SortsListCorrectly
_result,49,2024-12-10 15:43:00.995522+00:00,2024-12-13 15:43:00.995522+00:00,2024-12-13 15:28:49.796143+00:00,46.76,avg_energy_dram,unit_test_energy,MergeSort_SortsListCorrectly
_result,49,2024-12-10 15:43:00.995522+00:00,2024-12-13 15:43:00.995522+00:00,2024-12-13 15:30:56.466133+00:00,45.403,avg_energy_dram,unit_test_energy,MergeSort_SortsListCorrectly
_result,49,2024-12-10 15:43:00.995522+00:00,2024-12-13 15:43:00.995522+00:00,2024-12-13 15:33:03.185310+00:00,45.0841,avg_energy_dram,unit_test_energy,MergeSort_SortsListCorrectly
_result,49,2024-12-10 15:43:00.995522+00:00,2024-12-13 15:43:00.995522+00:00,2024-12-13 15:35:10.099803+00:00,46.7671,avg_energy_dram,unit_test_energy,MergeSort_SortsListCorrectly
_result,49,2024-12-10 15:43:00.995522+00:00,2024-12-13 15:43:00.995522+00:00,2024-12-13 15:37:17.443833+00:00,45.3576,avg_energy_dram,unit_test_energy,MergeSort_SortsListCorrectly
_result,49,2024-12-10 15:43:00.995522+00:00,2024-12-13 15:43:00.995522+00:00,2024-12-13 15:39:24.209797+00:00,45.4456,avg_energy_dram,unit_test_energy,MergeSort_SortsListCorrectly
_result,50,2024-12-10 15:43:00.995522+00:00,2024-12-13 15:43:00.995522+00:00,2024-12-13 14:34:08.163697+00:00,112.0677,avg_energy_pkg,unit_test_energy,MergeSort_SortsListCorrectly
_result,50,2024-12-10 15:43:00.995522+00:00,2024-12-13 15:43:00.995522+00:00,2024-12-13 14:36:15.520452+00:00,118.3879,avg_energy_pkg,unit_test_energy,MergeSort_SortsListCorrectly
_result,50,2024-12-10 15:43:00.995522+00:00,2024-12-13 15:43:00.995522+00:00,2024-12-13 14:38:22.646188+00:00,119.9956,avg_energy_pkg,unit_test_energy,MergeSort_SortsListCorrectly
_result,50,2024-12-10 15:43:00.995522+00:00,2024-12-13 15:43:00.995522+00:00,2024-12-13 14:40:29.902389+00:00,120.7667,avg_energy_pkg,unit_test_energy,MergeSort_SortsListCorrectly
_result,50,2024-12-10 15:43:00.995522+00:00,2024-12-13 15:43:00.995522+00:00,2024-12-13 14:42:36.959441+00:00,121.0643,avg_energy_pkg,unit_test_energy,MergeSort_SortsListCorrectly
_result,50,2024-12-10 15:43:00.995522+00:00,2024-12-13 15:43:00.995522+00:00,2024-12-13 14:44:43.853677+00:00,120.7212,avg_energy_pkg,unit_test_energy,MergeSort_SortsListCorrectly
_result,50,2024-12-10 15:43:00.995522+00:00,2024-12-13 15:43:00.995522+00:00,2024-12-13 14:46:50.298280+00:00,119.8794,avg_energy_pkg,unit_test_energy,MergeSort_SortsListCorrectly
_result,50,2024-12-10 15:43:00.995522+00:00,2024-12-13 15:43:00.995522+00:00,2024-12-13 14:48:57.190843+00:00,120.5519,avg_energy_pkg,unit_test_energy,MergeSort_SortsListCorrectly
_result,50,2024-12-10 15:43:00.995522+00:00,2024-12-13 15:43:00.995522+00:00,2024-12-13 14:51:04.245196+00:00,118.8457,avg_energy_pkg,unit_test_energy,MergeSort_SortsListCorrectly
_result,50,2024-12-10 15:43:00.995522+00:00,2024-12-13 15:43:00.995522+00:00,2024-12-13 14:53:11.777282+00:00,117.8254,avg_energy_pkg,unit_test_energy,MergeSort_SortsListCorrectly
_result,50,2024-12-10 15:43:00.995522+00:00,2024-12-13 15:43:00.995522+00:00,2024-12-13 14:55:18.787819+00:00,120.7344,avg_energy_pkg,unit_test_energy,MergeSort_SortsListCorrectly
_result,50,2024-12-10 15:43:00.995522+00:00,2024-12-13 15:43:00.995522+00:00,2024-12-13 14:57:25.676847+00:00,119.7552,avg_energy_pkg,unit_test_energy,MergeSort_SortsListCorrectly
_result,50,2024-12-10 15:43:00.995522+00:00,2024-12-13 15:43:00.995522+00:00,2024-12-13 14:59:32.331749+00:00,119.106,avg_energy_pkg,unit_test_energy,MergeSort_SortsListCorrectly
_result,50,2024-12-10 15:43:00.995522+00:00,2024-12-13 15:43:00.995522+00:00,2024-12-13 15:01:39.204896+00:00,118.4512,avg_energy_pkg,unit_test_energy,MergeSort_SortsListCorrectly
_result,50,2024-12-10 15:43:00.995522+00:00,2024-12-13 15:43:00.995522+00:00,2024-12-13 15:03:47.066636+00:00,138.865,avg_energy_pkg,unit_test_energy,MergeSort_SortsListCorrectly
_result,50,2024-12-10 15:43:00.995522+00:00,2024-12-13 15:43:00.995522+00:00,2024-12-13 15:09:46.526490+00:00,117.8798,avg_energy_pkg,unit_test_energy,MergeSort_SortsListCorrectly
_result,50,2024-12-10 15:43:00.995522+00:00,2024-12-13 15:43:00.995522+00:00,2024-12-13 15:11:53.772871+00:00,119.2771,avg_energy_pkg,unit_test_energy,MergeSort_SortsListCorrectly
_result,50,2024-12-10 15:43:00.995522+00:00,2024-12-13 15:43:00.995522+00:00,2024-12-13 15:14:00.927834+00:00,118.3104,avg_energy_pkg,unit_test_energy,MergeSort_SortsListCorrectly
_result,50,2024-12-10 15:43:00.995522+00:00,2024-12-13 15:43:00.995522+00:00,2024-12-13 15:16:08.124378+00:00,117.2625,avg_energy_pkg,unit_test_energy,MergeSort_SortsListCorrectly
_result,50,2024-12-10 15:43:00.995522+00:00,2024-12-13 15:43:00.995522+00:00,2024-12-13 15:18:14.905570+00:00,118.2562,avg_energy_pkg,unit_test_energy,MergeSort_SortsListCorrectly
_result,50,2024-12-10 15:43:00.995522+00:00,2024-12-13 15:43:00.995522+00:00,2024-12-13 15:20:22.621541+00:00,117.4858,avg_energy_pkg,unit_test_energy,MergeSort_SortsListCorrectly
_result,50,2024-12-10 15:43:00.995522+00:00,2024-12-13 15:43:00.995522+00:00,2024-12-13 15:22:29.538134+00:00,118.3854,avg_energy_pkg,unit_test_energy,MergeSort_SortsListCorrectly
_result,50,2024-12-10 15:43:00.995522+00:00,2024-12-13 15:43:00.995522+00:00,2024-12-13 15:24:36.046933+00:00,120.5101,avg_energy_pkg,unit_test_energy,MergeSort_SortsListCorrectly
_result,50,2024-12-10 15:43:00.995522+00:00,2024-12-13 15:43:00.995522+00:00,2024-12-13 15:26:42.908920+00:00,119.8986,avg_energy_pkg,unit_test_energy,MergeSort_SortsListCorrectly
_result,50,2024-12-10 15:43:00.995522+00:00,2024-12-13 15:43:00.995522+00:00,2024-12-13 15:28:49.796143+00:00,118.5149,avg_energy_pkg,unit_test_energy,MergeSort_SortsListCorrectly
_result,50,2024-12-10 15:43:00.995522+00:00,2024-12-13 15:43:00.995522+00:00,2024-12-13 15:30:56.466133+00:00,118.4892,avg_energy_pkg,unit_test_energy,MergeSort_SortsListCorrectly
_result,50,2024-12-10 15:43:00.995522+00:00,2024-12-13 15:43:00.995522+00:00,2024-12-13 15:33:03.185310+00:00,117.7804,avg_energy_pkg,unit_test_energy,MergeSort_SortsListCorrectly
_result,50,2024-12-10 15:43:00.995522+00:00,2024-12-13 15:43:00.995522+00:00,2024-12-13 15:35:10.099803+00:00,118.998,avg_energy_pkg,unit_test_energy,MergeSort_SortsListCorrectly
_result,50,2024-12-10 15:43:00.995522+00:00,2024-12-13 15:43:00.995522+00:00,2024-12-13 15:37:17.443833+00:00,119.0647,avg_energy_pkg,unit_test_energy,MergeSort_SortsListCorrectly
_result,50,2024-12-10 15:43:00.995522+00:00,2024-12-13 15:43:00.995522+00:00,2024-12-13 15:39:24.209797+00:00,118.545,avg_energy_pkg,unit_test_energy,MergeSort_SortsListCorrectly
_result,51,2024-12-10 15:43:00.995522+00:00,2024-12-13 15:43:00.995522+00:00,2024-12-13 14:34:08.163697+00:00,0.1731,duration,unit_test_energy,MergeSort_SortsListCorrectly
_result,51,2024-12-10 15:43:00.995522+00:00,2024-12-13 15:43:00.995522+00:00,2024-12-13 14:36:15.520452+00:00,0.1269,duration,unit_test_energy,MergeSort_SortsListCorrectly
_result,51,2024-12-10 15:43:00.995522+00:00,2024-12-13 15:43:00.995522+00:00,2024-12-13 14:38:22.646188+00:00,0.1221,duration,unit_test_energy,MergeSort_SortsListCorrectly
_result,51,2024-12-10 15:43:00.995522+00:00,2024-12-13 15:43:00.995522+00:00,2024-12-13 14:40:29.902389+00:00,0.1232,duration,unit_test_energy,MergeSort_SortsListCorrectly
_result,51,2024-12-10 15:43:00.995522+00:00,2024-12-13 15:43:00.995522+00:00,2024-12-13 14:42:36.959441+00:00,0.1205,duration,unit_test_energy,MergeSort_SortsListCorrectly
_result,51,2024-12-10 15:43:00.995522+00:00,2024-12-13 15:43:00.995522+00:00,2024-12-13 14:44:43.853677+00:00,0.1223,duration,unit_test_energy,MergeSort_SortsListCorrectly
_result,51,2024-12-10 15:43:00.995522+00:00,2024-12-13 15:43:00.995522+00:00,2024-12-13 14:46:50.298280+00:00,0.1263,duration,unit_test_energy,MergeSort_SortsListCorrectly
_result,51,2024-12-10 15:43:00.995522+00:00,2024-12-13 15:43:00.995522+00:00,2024-12-13 14:48:57.190843+00:00,0.123,duration,unit_test_energy,MergeSort_SortsListCorrectly
_result,51,2024-12-10 15:43:00.995522+00:00,2024-12-13 15:43:00.995522+00:00,2024-12-13 14:51:04.245196+00:00,0.1275,duration,unit_test_energy,MergeSort_SortsListCorrectly
_result,51,2024-12-10 15:43:00.995522+00:00,2024-12-13 15:43:00.995522+00:00,2024-12-13 14:53:11.777282+00:00,0.1301,duration,unit_test_energy,MergeSort_SortsListCorrectly
_result,51,2024-12-10 15:43:00.995522+00:00,2024-12-13 15:43:00.995522+00:00,2024-12-13 14:55:18.787819+00:00,0.1199,duration,unit_test_energy,MergeSort_SortsListCorrectly
_result,51,2024-12-10 15:43:00.995522+00:00,2024-12-13 15:43:00.995522+00:00,2024-12-13 14:57:25.676847+00:00,0.1277,duration,unit_test_energy,MergeSort_SortsListCorrectly
_result,51,2024-12-10 15:43:00.995522+00:00,2024-12-13 15:43:00.995522+00:00,2024-12-13 14:59:32.331749+00:00,0.1301,duration,unit_test_energy,MergeSort_SortsListCorrectly
_result,51,2024-12-10 15:43:00.995522+00:00,2024-12-13 15:43:00.995522+00:00,2024-12-13 15:01:39.204896+00:00,0.1259,duration,unit_test_energy,MergeSort_SortsListCorrectly
_result,51,2024-12-10 15:43:00.995522+00:00,2024-12-13 15:43:00.995522+00:00,2024-12-13 15:03:47.066636+00:00,0.1558,duration,unit_test_energy,MergeSort_SortsListCorrectly
_result,51,2024-12-10 15:43:00.995522+00:00,2024-12-13 15:43:00.995522+00:00,2024-12-13 15:09:46.526490+00:00,0.1287,duration,unit_test_energy,MergeSort_SortsListCorrectly
_result,51,2024-12-10 15:43:00.995522+00:00,2024-12-13 15:43:00.995522+00:00,2024-12-13 15:11:53.772871+00:00,0.1271,duration,unit_test_energy,MergeSort_SortsListCorrectly
_result,51,2024-12-10 15:43:00.995522+00:00,2024-12-13 15:43:00.995522+00:00,2024-12-13 15:14:00.927834+00:00,0.1261,duration,unit_test_energy,MergeSort_SortsListCorrectly
_result,51,2024-12-10 15:43:00.995522+00:00,2024-12-13 15:43:00.995522+00:00,2024-12-13 15:16:08.124378+00:00,0.1252,duration,unit_test_energy,MergeSort_SortsListCorrectly
_result,51,2024-12-10 15:43:00.995522+00:00,2024-12-13 15:43:00.995522+00:00,2024-12-13 15:18:14.905570+00:00,0.1278,duration,unit_test_energy,MergeSort_SortsListCorrectly
_result,51,2024-12-10 15:43:00.995522+00:00,2024-12-13 15:43:00.995522+00:00,2024-12-13 15:20:22.621541+00:00,0.1279,duration,unit_test_energy,MergeSort_SortsListCorrectly
_result,51,2024-12-10 15:43:00.995522+00:00,2024-12-13 15:43:00.995522+00:00,2024-12-13 15:22:29.538134+00:00,0.1225,duration,unit_test_energy,MergeSort_SortsListCorrectly
_result,51,2024-12-10 15:43:00.995522+00:00,2024-12-13 15:43:00.995522+00:00,2024-12-13 15:24:36.046933+00:00,0.1185,duration,unit_test_energy,MergeSort_SortsListCorrectly
_result,51,2024-12-10 15:43:00.995522+00:00,2024-12-13 15:43:00.995522+00:00,2024-12-13 15:26:42.908920+00:00,0.1211,duration,unit_test_energy,MergeSort_SortsListCorrectly
_result,51,2024-12-10 15:43:00.995522+00:00,2024-12-13 15:43:00.995522+00:00,2024-12-13 15:28:49.796143+00:00,0.1309,duration,unit_test_energy,MergeSort_SortsListCorrectly
_result,51,2024-12-10 15:43:00.995522+00:00,2024-12-13 15:43:00.995522+00:00,2024-12-13 15:30:56.466133+00:00,0.1181,duration,unit_test_energy,MergeSort_SortsListCorrectly
_result,51,2024-12-10 15:43:00.995522+00:00,2024-12-13 15:43:00.995522+00:00,2024-12-13 15:33:03.185310+00:00,0.1261,duration,unit_test_energy,MergeSort_SortsListCorrectly
_result,51,2024-12-10 15:43:00.995522+00:00,2024-12-13 15:43:00.995522+00:00,2024-12-13 15:35:10.099803+00:00,0.1198,duration,unit_test_energy,MergeSort_SortsListCorrectly
_result,51,2024-12-10 15:43:00.995522+00:00,2024-12-13 15:43:00.995522+00:00,2024-12-13 15:37:17.443833+00:00,0.1171,duration,unit_test_energy,MergeSort_SortsListCorrectly
_result,51,2024-12-10 15:43:00.995522+00:00,2024-12-13 15:43:00.995522+00:00,2024-12-13 15:39:24.209797+00:00,0.1219,duration,unit_test_energy,MergeSort_SortsListCorrectly
_result,52,2024-12-10 15:43:00.995522+00:00,2024-12-13 15:43:00.995522+00:00,2024-12-13 14:34:08.163697+00:00,41.4471,median_energy_dram,unit_test_energy,MergeSort_SortsListCorrectly
_result,52,2024-12-10 15:43:00.995522+00:00,2024-12-13 15:43:00.995522+00:00,2024-12-13 14:36:15.520452+00:00,44.0973,median_energy_dram,unit_test_energy,MergeSort_SortsListCorrectly
_result,52,2024-12-10 15:43:00.995522+00:00,2024-12-13 15:43:00.995522+00:00,2024-12-13 14:38:22.646188+00:00,45.6577,median_energy_dram,unit_test_energy,MergeSort_SortsListCorrectly
_result,52,2024-12-10 15:43:00.995522+00:00,2024-12-13 15:43:00.995522+00:00,2024-12-13 14:40:29.902389+00:00,44.4278,median_energy_dram,unit_test_energy,MergeSort_SortsListCorrectly
_result,52,2024-12-10 15:43:00.995522+00:00,2024-12-13 15:43:00.995522+00:00,2024-12-13 14:42:36.959441+00:00,45.9229,median_energy_dram,unit_test_energy,MergeSort_SortsListCorrectly
_result,52,2024-12-10 15:43:00.995522+00:00,2024-12-13 15:43:00.995522+00:00,2024-12-13 14:44:43.853677+00:00,45.4401,median_energy_dram,unit_test_energy,MergeSort_SortsListCorrectly
_result,52,2024-12-10 15:43:00.995522+00:00,2024-12-13 15:43:00.995522+00:00,2024-12-13 14:46:50.298280+00:00,44.4717,median_energy_dram,unit_test_energy,MergeSort_SortsListCorrectly
_result,52,2024-12-10 15:43:00.995522+00:00,2024-12-13 15:43:00.995522+00:00,2024-12-13 14:48:57.190843+00:00,45.2713,median_energy_dram,unit_test_energy,MergeSort_SortsListCorrectly
_result,52,2024-12-10 15:43:00.995522+00:00,2024-12-13 15:43:00.995522+00:00,2024-12-13 14:51:04.245196+00:00,43.66,median_energy_dram,unit_test_energy,MergeSort_SortsListCorrectly
_result,52,2024-12-10 15:43:00.995522+00:00,2024-12-13 15:43:00.995522+00:00,2024-12-13 14:53:11.777282+00:00,44.8355,median_energy_dram,unit_test_energy,MergeSort_SortsListCorrectly
_result,52,2024-12-10 15:43:00.995522+00:00,2024-12-13 15:43:00.995522+00:00,2024-12-13 14:55:18.787819+00:00,47.3694,median_energy_dram,unit_test_energy,MergeSort_SortsListCorrectly
_result,52,2024-12-10 15:43:00.995522+00:00,2024-12-13 15:43:00.995522+00:00,2024-12-13 14:57:25.676847+00:00,43.6749,median_energy_dram,unit_test_energy,MergeSort_SortsListCorrectly
_result,52,2024-12-10 15:43:00.995522+00:00,2024-12-13 15:43:00.995522+00:00,2024-12-13 14:59:32.331749+00:00,43.6935,median_energy_dram,unit_test_energy,MergeSort_SortsListCorrectly
_result,52,2024-12-10 15:43:00.995522+00:00,2024-12-13 15:43:00.995522+00:00,2024-12-13 15:01:39.204896+00:00,44.7797,median_energy_dram,unit_test_energy,MergeSort_SortsListCorrectly
_result,52,2024-12-10 15:43:00.995522+00:00,2024-12-13 15:43:00.995522+00:00,2024-12-13 15:03:47.066636+00:00,51.2367,median_energy_dram,unit_test_energy,MergeSort_SortsListCorrectly
_result,52,2024-12-10 15:43:00.995522+00:00,2024-12-13 15:43:00.995522+00:00,2024-12-13 15:09:46.526490+00:00,43.3157,median_energy_dram,unit_test_energy,MergeSort_SortsListCorrectly
_result,52,2024-12-10 15:43:00.995522+00:00,2024-12-13 15:43:00.995522+00:00,2024-12-13 15:11:53.772871+00:00,43.6801,median_energy_dram,unit_test_energy,MergeSort_SortsListCorrectly
_result,52,2024-12-10 15:43:00.995522+00:00,2024-12-13 15:43:00.995522+00:00,2024-12-13 15:14:00.927834+00:00,43.598,median_energy_dram,unit_test_energy,MergeSort_SortsListCorrectly
_result,52,2024-12-10 15:43:00.995522+00:00,2024-12-13 15:43:00.995522+00:00,2024-12-13 15:16:08.124378+00:00,43.4116,median_energy_dram,unit_test_energy,MergeSort_SortsListCorrectly
_result,52,2024-12-10 15:43:00.995522+00:00,2024-12-13 15:43:00.995522+00:00,2024-12-13 15:18:14.905570+00:00,43.591,median_energy_dram,unit_test_energy,MergeSort_SortsListCorrectly
_result,52,2024-12-10 15:43:00.995522+00:00,2024-12-13 15:43:00.995522+00:00,2024-12-13 15:20:22.621541+00:00,43.5834,median_energy_dram,unit_test_energy,MergeSort_SortsListCorrectly
_result,52,2024-12-10 15:43:00.995522+00:00,2024-12-13 15:43:00.995522+00:00,2024-12-13 15:22:29.538134+00:00,43.5233,median_energy_dram,unit_test_energy,MergeSort_SortsListCorrectly
_result,52,2024-12-10 15:43:00.995522+00:00,2024-12-13 15:43:00.995522+00:00,2024-12-13 15:24:36.046933+00:00,46.5009,median_energy_dram,unit_test_energy,MergeSort_SortsListCorrectly
_result,52,2024-12-10 15:43:00.995522+00:00,2024-12-13 15:43:00.995522+00:00,2024-12-13 15:26:42.908920+00:00,44.9768,median_energy_dram,unit_test_energy,MergeSort_SortsListCorrectly
_result,52,2024-12-10 15:43:00.995522+00:00,2024-12-13 15:43:00.995522+00:00,2024-12-13 15:28:49.796143+00:00,44.8309,median_energy_dram,unit_test_energy,MergeSort_SortsListCorrectly
_result,52,2024-12-10 15:43:00.995522+00:00,2024-12-13 15:43:00.995522+00:00,2024-12-13 15:30:56.466133+00:00,44.0479,median_energy_dram,unit_test_energy,MergeSort_SortsListCorrectly
_result,52,2024-12-10 15:43:00.995522+00:00,2024-12-13 15:43:00.995522+00:00,2024-12-13 15:33:03.185310+00:00,43.6777,median_energy_dram,unit_test_energy,MergeSort_SortsListCorrectly
_result,52,2024-12-10 15:43:00.995522+00:00,2024-12-13 15:43:00.995522+00:00,2024-12-13 15:35:10.099803+00:00,44.8563,median_energy_dram,unit_test_energy,MergeSort_SortsListCorrectly
_result,52,2024-12-10 15:43:00.995522+00:00,2024-12-13 15:43:00.995522+00:00,2024-12-13 15:37:17.443833+00:00,43.5681,median_energy_dram,unit_test_energy,MergeSort_SortsListCorrectly
_result,52,2024-12-10 15:43:00.995522+00:00,2024-12-13 15:43:00.995522+00:00,2024-12-13 15:39:24.209797+00:00,43.6176,median_energy_dram,unit_test_energy,MergeSort_SortsListCorrectly
_result,53,2024-12-10 15:43:00.995522+00:00,2024-12-13 15:43:00.995522+00:00,2024-12-13 14:34:08.163697+00:00,110.4138,median_energy_pkg,unit_test_energy,MergeSort_SortsListCorrectly
_result,53,2024-12-10 15:43:00.995522+00:00,2024-12-13 15:43:00.995522+00:00,2024-12-13 14:36:15.520452+00:00,113.9148,median_energy_pkg,unit_test_energy,MergeSort_SortsListCorrectly
_result,53,2024-12-10 15:43:00.995522+00:00,2024-12-13 15:43:00.995522+00:00,2024-12-13 14:38:22.646188+00:00,116.4319,median_energy_pkg,unit_test_energy,MergeSort_SortsListCorrectly
_result,53,2024-12-10 15:43:00.995522+00:00,2024-12-13 15:43:00.995522+00:00,2024-12-13 14:40:29.902389+00:00,115.2185,median_energy_pkg,unit_test_energy,MergeSort_SortsListCorrectly
_result,53,2024-12-10 15:43:00.995522+00:00,2024-12-13 15:43:00.995522+00:00,2024-12-13 14:42:36.959441+00:00,115.4028,median_energy_pkg,unit_test_energy,MergeSort_SortsListCorrectly
_result,53,2024-12-10 15:43:00.995522+00:00,2024-12-13 15:43:00.995522+00:00,2024-12-13 14:44:43.853677+00:00,116.167,median_energy_pkg,unit_test_energy,MergeSort_SortsListCorrectly
_result,53,2024-12-10 15:43:00.995522+00:00,2024-12-13 15:43:00.995522+00:00,2024-12-13 14:46:50.298280+00:00,115.0159,median_energy_pkg,unit_test_energy,MergeSort_SortsListCorrectly
_result,53,2024-12-10 15:43:00.995522+00:00,2024-12-13 15:43:00.995522+00:00,2024-12-13 14:48:57.190843+00:00,115.0,median_energy_pkg,unit_test_energy,MergeSort_SortsListCorrectly
_result,53,2024-12-10 15:43:00.995522+00:00,2024-12-13 15:43:00.995522+00:00,2024-12-13 14:51:04.245196+00:00,112.3987,median_energy_pkg,unit_test_energy,MergeSort_SortsListCorrectly
_result,53,2024-12-10 15:43:00.995522+00:00,2024-12-13 15:43:00.995522+00:00,2024-12-13 14:53:11.777282+00:00,112.6111,median_energy_pkg,unit_test_energy,MergeSort_SortsListCorrectly
_result,53,2024-12-10 15:43:00.995522+00:00,2024-12-13 15:43:00.995522+00:00,2024-12-13 14:55:18.787819+00:00,120.1404,median_energy_pkg,unit_test_energy,MergeSort_SortsListCorrectly
_result,53,2024-12-10 15:43:00.995522+00:00,2024-12-13 15:43:00.995522+00:00,2024-12-13 14:57:25.676847+00:00,113.1274,median_energy_pkg,unit_test_energy,MergeSort_SortsListCorrectly
_result,53,2024-12-10 15:43:00.995522+00:00,2024-12-13 15:43:00.995522+00:00,2024-12-13 14:59:32.331749+00:00,113.1213,median_energy_pkg,unit_test_energy,MergeSort_SortsListCorrectly
_result,53,2024-12-10 15:43:00.995522+00:00,2024-12-13 15:43:00.995522+00:00,2024-12-13 15:01:39.204896+00:00,112.6562,median_energy_pkg,unit_test_energy,MergeSort_SortsListCorrectly
_result,53,2024-12-10 15:43:00.995522+00:00,2024-12-13 15:43:00.995522+00:00,2024-12-13 15:03:47.066636+00:00,138.537,median_energy_pkg,unit_test_energy,MergeSort_SortsListCorrectly
_result,53,2024-12-10 15:43:00.995522+00:00,2024-12-13 15:43:00.995522+00:00,2024-12-13 15:09:46.526490+00:00,113.2422,median_energy_pkg,unit_test_energy,MergeSort_SortsListCorrectly
_result,53,2024-12-10 15:43:00.995522+00:00,2024-12-13 15:43:00.995522+00:00,2024-12-13 15:11:53.772871+00:00,113.2593,median_energy_pkg,unit_test_energy,MergeSort_SortsListCorrectly
_result,53,2024-12-10 15:43:00.995522+00:00,2024-12-13 15:43:00.995522+00:00,2024-12-13 15:14:00.927834+00:00,112.5476,median_energy_pkg,unit_test_energy,MergeSort_SortsListCorrectly
_result,53,2024-12-10 15:43:00.995522+00:00,2024-12-13 15:43:00.995522+00:00,2024-12-13 15:16:08.124378+00:00,113.0823,median_energy_pkg,unit_test_energy,MergeSort_SortsListCorrectly
_result,53,2024-12-10 15:43:00.995522+00:00,2024-12-13 15:43:00.995522+00:00,2024-12-13 15:18:14.905570+00:00,112.3938,median_energy_pkg,unit_test_energy,MergeSort_SortsListCorrectly
_result,53,2024-12-10 15:43:00.995522+00:00,2024-12-13 15:43:00.995522+00:00,2024-12-13 15:20:22.621541+00:00,110.6018,median_energy_pkg,unit_test_energy,MergeSort_SortsListCorrectly
_result,53,2024-12-10 15:43:00.995522+00:00,2024-12-13 15:43:00.995522+00:00,2024-12-13 15:22:29.538134+00:00,113.0518,median_energy_pkg,unit_test_energy,MergeSort_SortsListCorrectly
_result,53,2024-12-10 15:43:00.995522+00:00,2024-12-13 15:43:00.995522+00:00,2024-12-13 15:24:36.046933+00:00,117.8308,median_energy_pkg,unit_test_energy,MergeSort_SortsListCorrectly
_result,53,2024-12-10 15:43:00.995522+00:00,2024-12-13 15:43:00.995522+00:00,2024-12-13 15:26:42.908920+00:00,114.7302,median_energy_pkg,unit_test_energy,MergeSort_SortsListCorrectly
_result,53,2024-12-10 15:43:00.995522+00:00,2024-12-13 15:43:00.995522+00:00,2024-12-13 15:28:49.796143+00:00,112.7136,median_energy_pkg,unit_test_energy,MergeSort_SortsListCorrectly
_result,53,2024-12-10 15:43:00.995522+00:00,2024-12-13 15:43:00.995522+00:00,2024-12-13 15:30:56.466133+00:00,114.9658,median_energy_pkg,unit_test_energy,MergeSort_SortsListCorrectly
_result,53,2024-12-10 15:43:00.995522+00:00,2024-12-13 15:43:00.995522+00:00,2024-12-13 15:33:03.185310+00:00,112.5049,median_energy_pkg,unit_test_energy,MergeSort_SortsListCorrectly
_result,53,2024-12-10 15:43:00.995522+00:00,2024-12-13 15:43:00.995522+00:00,2024-12-13 15:35:10.099803+00:00,113.8599,median_energy_pkg,unit_test_energy,MergeSort_SortsListCorrectly
_result,53,2024-12-10 15:43:00.995522+00:00,2024-12-13 15:43:00.995522+00:00,2024-12-13 15:37:17.443833+00:00,114.4214,median_energy_pkg,unit_test_energy,MergeSort_SortsListCorrectly
_result,53,2024-12-10 15:43:00.995522+00:00,2024-12-13 15:43:00.995522+00:00,2024-12-13 15:39:24.209797+00:00,113.4656,median_energy_pkg,unit_test_energy,MergeSort_SortsListCorrectly
_result,54,2024-12-10 15:43:00.995522+00:00,2024-12-13 15:43:00.995522+00:00,2024-12-13 14:34:08.163697+00:00,7.3004,total_energy_dram,unit_test_energy,MergeSort_SortsListCorrectly
_result,54,2024-12-10 15:43:00.995522+00:00,2024-12-13 15:43:00.995522+00:00,2024-12-13 14:36:15.520452+00:00,5.7549,total_energy_dram,unit_test_energy,MergeSort_SortsListCorrectly
_result,54,2024-12-10 15:43:00.995522+00:00,2024-12-13 15:43:00.995522+00:00,2024-12-13 14:38:22.646188+00:00,5.7491,total_energy_dram,unit_test_energy,MergeSort_SortsListCorrectly
_result,54,2024-12-10 15:43:00.995522+00:00,2024-12-13 15:43:00.995522+00:00,2024-12-13 14:40:29.902389+00:00,5.7859,total_energy_dram,unit_test_energy,MergeSort_SortsListCorrectly
_result,54,2024-12-10 15:43:00.995522+00:00,2024-12-13 15:43:00.995522+00:00,2024-12-13 14:42:36.959441+00:00,5.8088,total_energy_dram,unit_test_energy,MergeSort_SortsListCorrectly
_result,54,2024-12-10 15:43:00.995522+00:00,2024-12-13 15:43:00.995522+00:00,2024-12-13 14:44:43.853677+00:00,5.7907,total_energy_dram,unit_test_energy,MergeSort_SortsListCorrectly
_result,54,2024-12-10 15:43:00.995522+00:00,2024-12-13 15:43:00.995522+00:00,2024-12-13 14:46:50.298280+00:00,5.9299,total_energy_dram,unit_test_energy,MergeSort_SortsListCorrectly
_result,54,2024-12-10 15:43:00.995522+00:00,2024-12-13 15:43:00.995522+00:00,2024-12-13 14:48:57.190843+00:00,5.8324,total_energy_dram,unit_test_energy,MergeSort_SortsListCorrectly
_result,54,2024-12-10 15:43:00.995522+00:00,2024-12-13 15:43:00.995522+00:00,2024-12-13 14:51:04.245196+00:00,5.7899,total_energy_dram,unit_test_energy,MergeSort_SortsListCorrectly
_result,54,2024-12-10 15:43:00.995522+00:00,2024-12-13 15:43:00.995522+00:00,2024-12-13 14:53:11.777282+00:00,6.0636,total_energy_dram,unit_test_energy,MergeSort_SortsListCorrectly
_result,54,2024-12-10 15:43:00.995522+00:00,2024-12-13 15:43:00.995522+00:00,2024-12-13 14:55:18.787819+00:00,5.7039,total_energy_dram,unit_test_energy,MergeSort_SortsListCorrectly
_result,54,2024-12-10 15:43:00.995522+00:00,2024-12-13 15:43:00.995522+00:00,2024-12-13 14:57:25.676847+00:00,5.9575,total_energy_dram,unit_test_energy,MergeSort_SortsListCorrectly
_result,54,2024-12-10 15:43:00.995522+00:00,2024-12-13 15:43:00.995522+00:00,2024-12-13 14:59:32.331749+00:00,6.0406,total_energy_dram,unit_test_energy,MergeSort_SortsListCorrectly
_result,54,2024-12-10 15:43:00.995522+00:00,2024-12-13 15:43:00.995522+00:00,2024-12-13 15:01:39.204896+00:00,5.8609,total_energy_dram,unit_test_energy,MergeSort_SortsListCorrectly
_result,54,2024-12-10 15:43:00.995522+00:00,2024-12-13 15:43:00.995522+00:00,2024-12-13 15:03:47.066636+00:00,8.0058,total_energy_dram,unit_test_energy,MergeSort_SortsListCorrectly
_result,54,2024-12-10 15:43:00.995522+00:00,2024-12-13 15:43:00.995522+00:00,2024-12-13 15:09:46.526490+00:00,5.7617,total_energy_dram,unit_test_energy,MergeSort_SortsListCorrectly
_result,54,2024-12-10 15:43:00.995522+00:00,2024-12-13 15:43:00.995522+00:00,2024-12-13 15:11:53.772871+00:00,5.9217,total_energy_dram,unit_test_energy,MergeSort_SortsListCorrectly
_result,54,2024-12-10 15:43:00.995522+00:00,2024-12-13 15:43:00.995522+00:00,2024-12-13 15:14:00.927834+00:00,5.7052,total_energy_dram,unit_test_energy,MergeSort_SortsListCorrectly
_result,54,2024-12-10 15:43:00.995522+00:00,2024-12-13 15:43:00.995522+00:00,2024-12-13 15:16:08.124378+00:00,5.6393,total_energy_dram,unit_test_energy,MergeSort_SortsListCorrectly
_result,54,2024-12-10 15:43:00.995522+00:00,2024-12-13 15:43:00.995522+00:00,2024-12-13 15:18:14.905570+00:00,5.8041,total_energy_dram,unit_test_energy,MergeSort_SortsListCorrectly
_result,54,2024-12-10 15:43:00.995522+00:00,2024-12-13 15:43:00.995522+00:00,2024-12-13 15:20:22.621541+00:00,5.7958,total_energy_dram,unit_test_energy,MergeSort_SortsListCorrectly
_result,54,2024-12-10 15:43:00.995522+00:00,2024-12-13 15:43:00.995522+00:00,2024-12-13 15:22:29.538134+00:00,5.558,total_energy_dram,unit_test_energy,MergeSort_SortsListCorrectly
_result,54,2024-12-10 15:43:00.995522+00:00,2024-12-13 15:43:00.995522+00:00,2024-12-13 15:24:36.046933+00:00,5.6172,total_energy_dram,unit_test_energy,MergeSort_SortsListCorrectly
_result,54,2024-12-10 15:43:00.995522+00:00,2024-12-13 15:43:00.995522+00:00,2024-12-13 15:26:42.908920+00:00,5.6907,total_energy_dram,unit_test_energy,MergeSort_SortsListCorrectly
_result,54,2024-12-10 15:43:00.995522+00:00,2024-12-13 15:43:00.995522+00:00,2024-12-13 15:28:49.796143+00:00,6.1219,total_energy_dram,unit_test_energy,MergeSort_SortsListCorrectly
_result,54,2024-12-10 15:43:00.995522+00:00,2024-12-13 15:43:00.995522+00:00,2024-12-13 15:30:56.466133+00:00,5.3634,total_energy_dram,unit_test_energy,MergeSort_SortsListCorrectly
_result,54,2024-12-10 15:43:00.995522+00:00,2024-12-13 15:43:00.995522+00:00,2024-12-13 15:33:03.185310+00:00,5.6872,total_energy_dram,unit_test_energy,MergeSort_SortsListCorrectly
_result,54,2024-12-10 15:43:00.995522+00:00,2024-12-13 15:43:00.995522+00:00,2024-12-13 15:35:10.099803+00:00,5.6015,total_energy_dram,unit_test_energy,MergeSort_SortsListCorrectly
_result,54,2024-12-10 15:43:00.995522+00:00,2024-12-13 15:43:00.995522+00:00,2024-12-13 15:37:17.443833+00:00,5.3132,total_energy_dram,unit_test_energy,MergeSort_SortsListCorrectly
_result,54,2024-12-10 15:43:00.995522+00:00,2024-12-13 15:43:00.995522+00:00,2024-12-13 15:39:24.209797+00:00,5.5397,total_energy_dram,unit_test_energy,MergeSort_SortsListCorrectly
_result,55,2024-12-10 15:43:00.995522+00:00,2024-12-13 15:43:00.995522+00:00,2024-12-13 14:34:08.163697+00:00,19.3959,total_energy_pkg,unit_test_energy,MergeSort_SortsListCorrectly
_result,55,2024-12-10 15:43:00.995522+00:00,2024-12-13 15:43:00.995522+00:00,2024-12-13 14:36:15.520452+00:00,15.0248,total_energy_pkg,unit_test_energy,MergeSort_SortsListCorrectly
_result,55,2024-12-10 15:43:00.995522+00:00,2024-12-13 15:43:00.995522+00:00,2024-12-13 14:38:22.646188+00:00,14.6509,total_energy_pkg,unit_test_energy,MergeSort_SortsListCorrectly
_result,55,2024-12-10 15:43:00.995522+00:00,2024-12-13 15:43:00.995522+00:00,2024-12-13 14:40:29.902389+00:00,14.8763,total_energy_pkg,unit_test_energy,MergeSort_SortsListCorrectly
_result,55,2024-12-10 15:43:00.995522+00:00,2024-12-13 15:43:00.995522+00:00,2024-12-13 14:42:36.959441+00:00,14.5889,total_energy_pkg,unit_test_energy,MergeSort_SortsListCorrectly
_result,55,2024-12-10 15:43:00.995522+00:00,2024-12-13 15:43:00.995522+00:00,2024-12-13 14:44:43.853677+00:00,14.7666,total_energy_pkg,unit_test_energy,MergeSort_SortsListCorrectly
_result,55,2024-12-10 15:43:00.995522+00:00,2024-12-13 15:43:00.995522+00:00,2024-12-13 14:46:50.298280+00:00,15.144,total_energy_pkg,unit_test_energy,MergeSort_SortsListCorrectly
_result,55,2024-12-10 15:43:00.995522+00:00,2024-12-13 15:43:00.995522+00:00,2024-12-13 14:48:57.190843+00:00,14.832,total_energy_pkg,unit_test_energy,MergeSort_SortsListCorrectly
_result,55,2024-12-10 15:43:00.995522+00:00,2024-12-13 15:43:00.995522+00:00,2024-12-13 14:51:04.245196+00:00,15.1541,total_energy_pkg,unit_test_energy,MergeSort_SortsListCorrectly
_result,55,2024-12-10 15:43:00.995522+00:00,2024-12-13 15:43:00.995522+00:00,2024-12-13 14:53:11.777282+00:00,15.3336,total_energy_pkg,unit_test_energy,MergeSort_SortsListCorrectly
_result,55,2024-12-10 15:43:00.995522+00:00,2024-12-13 15:43:00.995522+00:00,2024-12-13 14:55:18.787819+00:00,14.4709,total_energy_pkg,unit_test_energy,MergeSort_SortsListCorrectly
_result,55,2024-12-10 15:43:00.995522+00:00,2024-12-13 15:43:00.995522+00:00,2024-12-13 14:57:25.676847+00:00,15.2938,total_energy_pkg,unit_test_energy,MergeSort_SortsListCorrectly
_result,55,2024-12-10 15:43:00.995522+00:00,2024-12-13 15:43:00.995522+00:00,2024-12-13 14:59:32.331749+00:00,15.4993,total_energy_pkg,unit_test_energy,MergeSort_SortsListCorrectly
_result,55,2024-12-10 15:43:00.995522+00:00,2024-12-13 15:43:00.995522+00:00,2024-12-13 15:01:39.204896+00:00,14.9177,total_energy_pkg,unit_test_energy,MergeSort_SortsListCorrectly
_result,55,2024-12-10 15:43:00.995522+00:00,2024-12-13 15:43:00.995522+00:00,2024-12-13 15:03:47.066636+00:00,21.633,total_energy_pkg,unit_test_energy,MergeSort_SortsListCorrectly
_result,55,2024-12-10 15:43:00.995522+00:00,2024-12-13 15:43:00.995522+00:00,2024-12-13 15:09:46.526490+00:00,15.1699,total_energy_pkg,unit_test_energy,MergeSort_SortsListCorrectly
_result,55,2024-12-10 15:43:00.995522+00:00,2024-12-13 15:43:00.995522+00:00,2024-12-13 15:11:53.772871+00:00,15.1653,total_energy_pkg,unit_test_energy,MergeSort_SortsListCorrectly
_result,55,2024-12-10 15:43:00.995522+00:00,2024-12-13 15:43:00.995522+00:00,2024-12-13 15:14:00.927834+00:00,14.9221,total_energy_pkg,unit_test_energy,MergeSort_SortsListCorrectly
_result,55,2024-12-10 15:43:00.995522+00:00,2024-12-13 15:43:00.995522+00:00,2024-12-13 15:16:08.124378+00:00,14.6774,total_energy_pkg,unit_test_energy,MergeSort_SortsListCorrectly
_result,55,2024-12-10 15:43:00.995522+00:00,2024-12-13 15:43:00.995522+00:00,2024-12-13 15:18:14.905570+00:00,15.1187,total_energy_pkg,unit_test_energy,MergeSort_SortsListCorrectly
_result,55,2024-12-10 15:43:00.995522+00:00,2024-12-13 15:43:00.995522+00:00,2024-12-13 15:20:22.621541+00:00,15.0315,total_energy_pkg,unit_test_energy,MergeSort_SortsListCorrectly
_result,55,2024-12-10 15:43:00.995522+00:00,2024-12-13 15:43:00.995522+00:00,2024-12-13 15:22:29.538134+00:00,14.4979,total_energy_pkg,unit_test_energy,MergeSort_SortsListCorrectly
_result,55,2024-12-10 15:43:00.995522+00:00,2024-12-13 15:43:00.995522+00:00,2024-12-13 15:24:36.046933+00:00,14.2764,total_energy_pkg,unit_test_energy,MergeSort_SortsListCorrectly
_result,55,2024-12-10 15:43:00.995522+00:00,2024-12-13 15:43:00.995522+00:00,2024-12-13 15:26:42.908920+00:00,14.5148,total_energy_pkg,unit_test_energy,MergeSort_SortsListCorrectly
_result,55,2024-12-10 15:43:00.995522+00:00,2024-12-13 15:43:00.995522+00:00,2024-12-13 15:28:49.796143+00:00,15.5163,total_energy_pkg,unit_test_energy,MergeSort_SortsListCorrectly
_result,55,2024-12-10 15:43:00.995522+00:00,2024-12-13 15:43:00.995522+00:00,2024-12-13 15:30:56.466133+00:00,13.9971,total_energy_pkg,unit_test_energy,MergeSort_SortsListCorrectly
_result,55,2024-12-10 15:43:00.995522+00:00,2024-12-13 15:43:00.995522+00:00,2024-12-13 15:33:03.185310+00:00,14.8575,total_energy_pkg,unit_test_energy,MergeSort_SortsListCorrectly
_result,55,2024-12-10 15:43:00.995522+00:00,2024-12-13 15:43:00.995522+00:00,2024-12-13 15:35:10.099803+00:00,14.2528,total_energy_pkg,unit_test_energy,MergeSort_SortsListCorrectly
_result,55,2024-12-10 15:43:00.995522+00:00,2024-12-13 15:43:00.995522+00:00,2024-12-13 15:37:17.443833+00:00,13.9473,total_energy_pkg,unit_test_energy,MergeSort_SortsListCorrectly
_result,55,2024-12-10 15:43:00.995522+00:00,2024-12-13 15:43:00.995522+00:00,2024-12-13 15:39:24.209797+00:00,14.4504,total_energy_pkg,unit_test_energy,MergeSort_SortsListCorrectly
_result,56,2024-12-10 15:43:00.995522+00:00,2024-12-13 15:43:00.995522+00:00,2024-12-13 14:33:52.862578+00:00,51.3441,avg_energy_dram,unit_test_energy,SelectionSort_SortsListCorrectly
_result,56,2024-12-10 15:43:00.995522+00:00,2024-12-13 15:43:00.995522+00:00,2024-12-13 14:36:00.248816+00:00,51.7392,avg_energy_dram,unit_test_energy,SelectionSort_SortsListCorrectly
_result,56,2024-12-10 15:43:00.995522+00:00,2024-12-13 15:43:00.995522+00:00,2024-12-13 14:38:07.401142+00:00,51.8456,avg_energy_dram,unit_test_energy,SelectionSort_SortsListCorrectly
_result,56,2024-12-10 15:43:00.995522+00:00,2024-12-13 15:43:00.995522+00:00,2024-12-13 14:40:14.652182+00:00,51.3364,avg_energy_dram,unit_test_energy,SelectionSort_SortsListCorrectly
_result,56,2024-12-10 15:43:00.995522+00:00,2024-12-13 15:43:00.995522+00:00,2024-12-13 14:42:21.689756+00:00,51.8477,avg_energy_dram,unit_test_energy,SelectionSort_SortsListCorrectly
_result,56,2024-12-10 15:43:00.995522+00:00,2024-12-13 15:43:00.995522+00:00,2024-12-13 14:44:28.608594+00:00,51.8223,avg_energy_dram,unit_test_energy,SelectionSort_SortsListCorrectly
_result,56,2024-12-10 15:43:00.995522+00:00,2024-12-13 15:43:00.995522+00:00,2024-12-13 14:46:35.049176+00:00,51.9337,avg_energy_dram,unit_test_energy,SelectionSort_SortsListCorrectly
_result,56,2024-12-10 15:43:00.995522+00:00,2024-12-13 15:43:00.995522+00:00,2024-12-13 14:48:41.944375+00:00,51.9587,avg_energy_dram,unit_test_energy,SelectionSort_SortsListCorrectly
_result,56,2024-12-10 15:43:00.995522+00:00,2024-12-13 15:43:00.995522+00:00,2024-12-13 14:50:48.970382+00:00,52.024,avg_energy_dram,unit_test_energy,SelectionSort_SortsListCorrectly
_result,56,2024-12-10 15:43:00.995522+00:00,2024-12-13 15:43:00.995522+00:00,2024-12-13 14:52:56.522240+00:00,51.2841,avg_energy_dram,unit_test_energy,SelectionSort_SortsListCorrectly
_result,56,2024-12-10 15:43:00.995522+00:00,2024-12-13 15:43:00.995522+00:00,2024-12-13 14:55:03.545092+00:00,51.8429,avg_energy_dram,unit_test_energy,SelectionSort_SortsListCorrectly
_result,56,2024-12-10 15:43:00.995522+00:00,2024-12-13 15:43:00.995522+00:00,2024-12-13 14:57:10.401761+00:00,51.9127,avg_energy_dram,unit_test_energy,SelectionSort_SortsListCorrectly
_result,56,2024-12-10 15:43:00.995522+00:00,2024-12-13 15:43:00.995522+00:00,2024-12-13 14:59:17.050387+00:00,51.1596,avg_energy_dram,unit_test_energy,SelectionSort_SortsListCorrectly
_result,56,2024-12-10 15:43:00.995522+00:00,2024-12-13 15:43:00.995522+00:00,2024-12-13 15:01:23.958212+00:00,51.4858,avg_energy_dram,unit_test_energy,SelectionSort_SortsListCorrectly
_result,56,2024-12-10 15:43:00.995522+00:00,2024-12-13 15:43:00.995522+00:00,2024-12-13 15:03:31.784369+00:00,51.0059,avg_energy_dram,unit_test_energy,SelectionSort_SortsListCorrectly
_result,56,2024-12-10 15:43:00.995522+00:00,2024-12-13 15:43:00.995522+00:00,2024-12-13 15:09:31.247049+00:00,51.6334,avg_energy_dram,unit_test_energy,SelectionSort_SortsListCorrectly
_result,56,2024-12-10 15:43:00.995522+00:00,2024-12-13 15:43:00.995522+00:00,2024-12-13 15:11:38.490716+00:00,51.7876,avg_energy_dram,unit_test_energy,SelectionSort_SortsListCorrectly
_result,56,2024-12-10 15:43:00.995522+00:00,2024-12-13 15:43:00.995522+00:00,2024-12-13 15:13:45.653303+00:00,51.4463,avg_energy_dram,unit_test_energy,SelectionSort_SortsListCorrectly
_result,56,2024-12-10 15:43:00.995522+00:00,2024-12-13 15:43:00.995522+00:00,2024-12-13 15:15:52.874749+00:00,51.58,avg_energy_dram,unit_test_energy,SelectionSort_SortsListCorrectly
_result,56,2024-12-10 15:43:00.995522+00:00,2024-12-13 15:43:00.995522+00:00,2024-12-13 15:17:59.627816+00:00,51.4595,avg_energy_dram,unit_test_energy,SelectionSort_SortsListCorrectly
_result,56,2024-12-10 15:43:00.995522+00:00,2024-12-13 15:43:00.995522+00:00,2024-12-13 15:20:07.345368+00:00,51.5143,avg_energy_dram,unit_test_energy,SelectionSort_SortsListCorrectly
_result,56,2024-12-10 15:43:00.995522+00:00,2024-12-13 15:43:00.995522+00:00,2024-12-13 15:22:14.292831+00:00,51.5083,avg_energy_dram,unit_test_energy,SelectionSort_SortsListCorrectly
_result,56,2024-12-10 15:43:00.995522+00:00,2024-12-13 15:43:00.995522+00:00,2024-12-13 15:24:20.802892+00:00,51.8949,avg_energy_dram,unit_test_energy,SelectionSort_SortsListCorrectly
_result,56,2024-12-10 15:43:00.995522+00:00,2024-12-13 15:43:00.995522+00:00,2024-12-13 15:26:27.665561+00:00,51.8944,avg_energy_dram,unit_test_energy,SelectionSort_SortsListCorrectly
_result,56,2024-12-10 15:43:00.995522+00:00,2024-12-13 15:43:00.995522+00:00,2024-12-13 15:28:34.517855+00:00,51.7899,avg_energy_dram,unit_test_energy,SelectionSort_SortsListCorrectly
_result,56,2024-12-10 15:43:00.995522+00:00,2024-12-13 15:43:00.995522+00:00,2024-12-13 15:30:41.224211+00:00,51.4309,avg_energy_dram,unit_test_energy,SelectionSort_SortsListCorrectly
_result,56,2024-12-10 15:43:00.995522+00:00,2024-12-13 15:43:00.995522+00:00,2024-12-13 15:32:47.935605+00:00,51.5295,avg_energy_dram,unit_test_energy,SelectionSort_SortsListCorrectly
_result,56,2024-12-10 15:43:00.995522+00:00,2024-12-13 15:43:00.995522+00:00,2024-12-13 15:34:54.855230+00:00,51.4459,avg_energy_dram,unit_test_energy,SelectionSort_SortsListCorrectly
_result,56,2024-12-10 15:43:00.995522+00:00,2024-12-13 15:43:00.995522+00:00,2024-12-13 15:37:02.174172+00:00,51.7905,avg_energy_dram,unit_test_energy,SelectionSort_SortsListCorrectly
_result,56,2024-12-10 15:43:00.995522+00:00,2024-12-13 15:43:00.995522+00:00,2024-12-13 15:39:08.963722+00:00,51.9591,avg_energy_dram,unit_test_energy,SelectionSort_SortsListCorrectly
_result,57,2024-12-10 15:43:00.995522+00:00,2024-12-13 15:43:00.995522+00:00,2024-12-13 14:33:52.862578+00:00,128.8873,avg_energy_pkg,unit_test_energy,SelectionSort_SortsListCorrectly
_result,57,2024-12-10 15:43:00.995522+00:00,2024-12-13 15:43:00.995522+00:00,2024-12-13 14:36:00.248816+00:00,128.8116,avg_energy_pkg,unit_test_energy,SelectionSort_SortsListCorrectly
_result,57,2024-12-10 15:43:00.995522+00:00,2024-12-13 15:43:00.995522+00:00,2024-12-13 14:38:07.401142+00:00,129.6153,avg_energy_pkg,unit_test_energy,SelectionSort_SortsListCorrectly
_result,57,2024-12-10 15:43:00.995522+00:00,2024-12-13 15:43:00.995522+00:00,2024-12-13 14:40:14.652182+00:00,129.3967,avg_energy_pkg,unit_test_energy,SelectionSort_SortsListCorrectly
_result,57,2024-12-10 15:43:00.995522+00:00,2024-12-13 15:43:00.995522+00:00,2024-12-13 14:42:21.689756+00:00,129.3399,avg_energy_pkg,unit_test_energy,SelectionSort_SortsListCorrectly
_result,57,2024-12-10 15:43:00.995522+00:00,2024-12-13 15:43:00.995522+00:00,2024-12-13 14:44:28.608594+00:00,129.508,avg_energy_pkg,unit_test_energy,SelectionSort_SortsListCorrectly
_result,57,2024-12-10 15:43:00.995522+00:00,2024-12-13 15:43:00.995522+00:00,2024-12-13 14:46:35.049176+00:00,129.7438,avg_energy_pkg,unit_test_energy,SelectionSort_SortsListCorrectly
_result,57,2024-12-10 15:43:00.995522+00:00,2024-12-13 15:43:00.995522+00:00,2024-12-13 14:48:41.944375+00:00,129.727,avg_energy_pkg,unit_test_energy,SelectionSort_SortsListCorrectly
_result,57,2024-12-10 15:43:00.995522+00:00,2024-12-13 15:43:00.995522+00:00,2024-12-13 14:50:48.970382+00:00,129.7336,avg_energy_pkg,unit_test_energy,SelectionSort_SortsListCorrectly
_result,57,2024-12-10 15:43:00.995522+00:00,2024-12-13 15:43:00.995522+00:00,2024-12-13 14:52:56.522240+00:00,129.2693,avg_energy_pkg,unit_test_energy,SelectionSort_SortsListCorrectly
_result,57,2024-12-10 15:43:00.995522+00:00,2024-12-13 15:43:00.995522+00:00,2024-12-13 14:55:03.545092+00:00,129.1858,avg_energy_pkg,unit_test_energy,SelectionSort_SortsListCorrectly
_result,57,2024-12-10 15:43:00.995522+00:00,2024-12-13 15:43:00.995522+00:00,2024-12-13 14:57:10.401761+00:00,129.6654,avg_energy_pkg,unit_test_energy,SelectionSort_SortsListCorrectly
_result,57,2024-12-10 15:43:00.995522+00:00,2024-12-13 15:43:00.995522+00:00,2024-12-13 14:59:17.050387+00:00,128.4879,avg_energy_pkg,unit_test_energy,SelectionSort_SortsListCorrectly
_result,57,2024-12-10 15:43:00.995522+00:00,2024-12-13 15:43:00.995522+00:00,2024-12-13 15:01:23.958212+00:00,129.3066,avg_energy_pkg,unit_test_energy,SelectionSort_SortsListCorrectly
_result,57,2024-12-10 15:43:00.995522+00:00,2024-12-13 15:43:00.995522+00:00,2024-12-13 15:03:31.784369+00:00,143.9244,avg_energy_pkg,unit_test_energy,SelectionSort_SortsListCorrectly
_result,57,2024-12-10 15:43:00.995522+00:00,2024-12-13 15:43:00.995522+00:00,2024-12-13 15:09:31.247049+00:00,129.2277,avg_energy_pkg,unit_test_energy,SelectionSort_SortsListCorrectly
_result,57,2024-12-10 15:43:00.995522+00:00,2024-12-13 15:43:00.995522+00:00,2024-12-13 15:11:38.490716+00:00,128.9554,avg_energy_pkg,unit_test_energy,SelectionSort_SortsListCorrectly
_result,57,2024-12-10 15:43:00.995522+00:00,2024-12-13 15:43:00.995522+00:00,2024-12-13 15:13:45.653303+00:00,129.1179,avg_energy_pkg,unit_test_energy,SelectionSort_SortsListCorrectly
_result,57,2024-12-10 15:43:00.995522+00:00,2024-12-13 15:43:00.995522+00:00,2024-12-13 15:15:52.874749+00:00,129.009,avg_energy_pkg,unit_test_energy,SelectionSort_SortsListCorrectly
_result,57,2024-12-10 15:43:00.995522+00:00,2024-12-13 15:43:00.995522+00:00,2024-12-13 15:17:59.627816+00:00,129.4301,avg_energy_pkg,unit_test_energy,SelectionSort_SortsListCorrectly
_result,57,2024-12-10 15:43:00.995522+00:00,2024-12-13 15:43:00.995522+00:00,2024-12-13 15:20:07.345368+00:00,128.5362,avg_energy_pkg,unit_test_energy,SelectionSort_SortsListCorrectly
_result,57,2024-12-10 15:43:00.995522+00:00,2024-12-13 15:43:00.995522+00:00,2024-12-13 15:22:14.292831+00:00,129.2181,avg_energy_pkg,unit_test_energy,SelectionSort_SortsListCorrectly
_result,57,2024-12-10 15:43:00.995522+00:00,2024-12-13 15:43:00.995522+00:00,2024-12-13 15:24:20.802892+00:00,128.6795,avg_energy_pkg,unit_test_energy,SelectionSort_SortsListCorrectly
_result,57,2024-12-10 15:43:00.995522+00:00,2024-12-13 15:43:00.995522+00:00,2024-12-13 15:26:27.665561+00:00,129.7582,avg_energy_pkg,unit_test_energy,SelectionSort_SortsListCorrectly
_result,57,2024-12-10 15:43:00.995522+00:00,2024-12-13 15:43:00.995522+00:00,2024-12-13 15:28:34.517855+00:00,129.5017,avg_energy_pkg,unit_test_energy,SelectionSort_SortsListCorrectly
_result,57,2024-12-10 15:43:00.995522+00:00,2024-12-13 15:43:00.995522+00:00,2024-12-13 15:30:41.224211+00:00,128.573,avg_energy_pkg,unit_test_energy,SelectionSort_SortsListCorrectly
_result,57,2024-12-10 15:43:00.995522+00:00,2024-12-13 15:43:00.995522+00:00,2024-12-13 15:32:47.935605+00:00,129.0615,avg_energy_pkg,unit_test_energy,SelectionSort_SortsListCorrectly
_result,57,2024-12-10 15:43:00.995522+00:00,2024-12-13 15:43:00.995522+00:00,2024-12-13 15:34:54.855230+00:00,128.5255,avg_energy_pkg,unit_test_energy,SelectionSort_SortsListCorrectly
_result,57,2024-12-10 15:43:00.995522+00:00,2024-12-13 15:43:00.995522+00:00,2024-12-13 15:37:02.174172+00:00,129.0147,avg_energy_pkg,unit_test_energy,SelectionSort_SortsListCorrectly
_result,57,2024-12-10 15:43:00.995522+00:00,2024-12-13 15:43:00.995522+00:00,2024-12-13 15:39:08.963722+00:00,129.879,avg_energy_pkg,unit_test_energy,SelectionSort_SortsListCorrectly
_result,58,2024-12-10 15:43:00.995522+00:00,2024-12-13 15:43:00.995522+00:00,2024-12-13 14:33:52.862578+00:00,8.6399,duration,unit_test_energy,SelectionSort_SortsListCorrectly
_result,58,2024-12-10 15:43:00.995522+00:00,2024-12-13 15:43:00.995522+00:00,2024-12-13 14:36:00.248816+00:00,8.4681,duration,unit_test_energy,SelectionSort_SortsListCorrectly
_result,58,2024-12-10 15:43:00.995522+00:00,2024-12-13 15:43:00.995522+00:00,2024-12-13 14:38:07.401142+00:00,8.4612,duration,unit_test_energy,SelectionSort_SortsListCorrectly
_result,58,2024-12-10 15:43:00.995522+00:00,2024-12-13 15:43:00.995522+00:00,2024-12-13 14:40:14.652182+00:00,8.4839,duration,unit_test_energy,SelectionSort_SortsListCorrectly
_result,58,2024-12-10 15:43:00.995522+00:00,2024-12-13 15:43:00.995522+00:00,2024-12-13 14:42:21.689756+00:00,8.413,duration,unit_test_energy,SelectionSort_SortsListCorrectly
_result,58,2024-12-10 15:43:00.995522+00:00,2024-12-13 15:43:00.995522+00:00,2024-12-13 14:44:28.608594+00:00,8.5519,duration,unit_test_energy,SelectionSort_SortsListCorrectly
_result,58,2024-12-10 15:43:00.995522+00:00,2024-12-13 15:43:00.995522+00:00,2024-12-13 14:46:35.049176+00:00,8.4622,duration,unit_test_energy,SelectionSort_SortsListCorrectly
_result,58,2024-12-10 15:43:00.995522+00:00,2024-12-13 15:43:00.995522+00:00,2024-12-13 14:48:41.944375+00:00,8.4804,duration,unit_test_energy,SelectionSort_SortsListCorrectly
_result,58,2024-12-10 15:43:00.995522+00:00,2024-12-13 15:43:00.995522+00:00,2024-12-13 14:50:48.970382+00:00,8.5324,duration,unit_test_energy,SelectionSort_SortsListCorrectly
_result,58,2024-12-10 15:43:00.995522+00:00,2024-12-13 15:43:00.995522+00:00,2024-12-13 14:52:56.522240+00:00,8.4894,duration,unit_test_energy,SelectionSort_SortsListCorrectly
_result,58,2024-12-10 15:43:00.995522+00:00,2024-12-13 15:43:00.995522+00:00,2024-12-13 14:55:03.545092+00:00,8.4279,duration,unit_test_energy,SelectionSort_SortsListCorrectly
_result,58,2024-12-10 15:43:00.995522+00:00,2024-12-13 15:43:00.995522+00:00,2024-12-13 14:57:10.401761+00:00,8.3854,duration,unit_test_energy,SelectionSort_SortsListCorrectly
_result,58,2024-12-10 15:43:00.995522+00:00,2024-12-13 15:43:00.995522+00:00,2024-12-13 14:59:17.050387+00:00,8.449,duration,unit_test_energy,SelectionSort_SortsListCorrectly
_result,58,2024-12-10 15:43:00.995522+00:00,2024-12-13 15:43:00.995522+00:00,2024-12-13 15:01:23.958212+00:00,8.506,duration,unit_test_energy,SelectionSort_SortsListCorrectly
_result,58,2024-12-10 15:43:00.995522+00:00,2024-12-13 15:43:00.995522+00:00,2024-12-13 15:03:31.784369+00:00,8.7392,duration,unit_test_energy,SelectionSort_SortsListCorrectly
_result,58,2024-12-10 15:43:00.995522+00:00,2024-12-13 15:43:00.995522+00:00,2024-12-13 15:09:31.247049+00:00,8.4872,duration,unit_test_energy,SelectionSort_SortsListCorrectly
_result,58,2024-12-10 15:43:00.995522+00:00,2024-12-13 15:43:00.995522+00:00,2024-12-13 15:11:38.490716+00:00,8.4456,duration,unit_test_energy,SelectionSort_SortsListCorrectly
_result,58,2024-12-10 15:43:00.995522+00:00,2024-12-13 15:43:00.995522+00:00,2024-12-13 15:13:45.653303+00:00,8.5253,duration,unit_test_energy,SelectionSort_SortsListCorrectly
_result,58,2024-12-10 15:43:00.995522+00:00,2024-12-13 15:43:00.995522+00:00,2024-12-13 15:15:52.874749+00:00,8.4856,duration,unit_test_energy,SelectionSort_SortsListCorrectly
_result,58,2024-12-10 15:43:00.995522+00:00,2024-12-13 15:43:00.995522+00:00,2024-12-13 15:17:59.627816+00:00,8.4075,duration,unit_test_energy,SelectionSort_SortsListCorrectly
_result,58,2024-12-10 15:43:00.995522+00:00,2024-12-13 15:43:00.995522+00:00,2024-12-13 15:20:07.345368+00:00,8.4872,duration,unit_test_energy,SelectionSort_SortsListCorrectly
_result,58,2024-12-10 15:43:00.995522+00:00,2024-12-13 15:43:00.995522+00:00,2024-12-13 15:22:14.292831+00:00,8.3649,duration,unit_test_energy,SelectionSort_SortsListCorrectly
_result,58,2024-12-10 15:43:00.995522+00:00,2024-12-13 15:43:00.995522+00:00,2024-12-13 15:24:20.802892+00:00,8.4226,duration,unit_test_energy,SelectionSort_SortsListCorrectly
_result,58,2024-12-10 15:43:00.995522+00:00,2024-12-13 15:43:00.995522+00:00,2024-12-13 15:26:27.665561+00:00,8.4127,duration,unit_test_energy,SelectionSort_SortsListCorrectly
_result,58,2024-12-10 15:43:00.995522+00:00,2024-12-13 15:43:00.995522+00:00,2024-12-13 15:28:34.517855+00:00,8.3654,duration,unit_test_energy,SelectionSort_SortsListCorrectly
_result,58,2024-12-10 15:43:00.995522+00:00,2024-12-13 15:43:00.995522+00:00,2024-12-13 15:30:41.224211+00:00,8.4165,duration,unit_test_energy,SelectionSort_SortsListCorrectly
_result,58,2024-12-10 15:43:00.995522+00:00,2024-12-13 15:43:00.995522+00:00,2024-12-13 15:32:47.935605+00:00,8.5156,duration,unit_test_energy,SelectionSort_SortsListCorrectly
_result,58,2024-12-10 15:43:00.995522+00:00,2024-12-13 15:43:00.995522+00:00,2024-12-13 15:34:54.855230+00:00,8.4952,duration,unit_test_energy,SelectionSort_SortsListCorrectly
_result,58,2024-12-10 15:43:00.995522+00:00,2024-12-13 15:43:00.995522+00:00,2024-12-13 15:37:02.174172+00:00,8.4294,duration,unit_test_energy,SelectionSort_SortsListCorrectly
_result,58,2024-12-10 15:43:00.995522+00:00,2024-12-13 15:43:00.995522+00:00,2024-12-13 15:39:08.963722+00:00,8.4798,duration,unit_test_energy,SelectionSort_SortsListCorrectly
_result,59,2024-12-10 15:43:00.995522+00:00,2024-12-13 15:43:00.995522+00:00,2024-12-13 14:33:52.862578+00:00,50.4535,median_energy_dram,unit_test_energy,SelectionSort_SortsListCorrectly
_result,59,2024-12-10 15:43:00.995522+00:00,2024-12-13 15:43:00.995522+00:00,2024-12-13 14:36:00.248816+00:00,51.436,median_energy_dram,unit_test_energy,SelectionSort_SortsListCorrectly
_result,59,2024-12-10 15:43:00.995522+00:00,2024-12-13 15:43:00.995522+00:00,2024-12-13 14:38:07.401142+00:00,51.2009,median_energy_dram,unit_test_energy,SelectionSort_SortsListCorrectly
_result,59,2024-12-10 15:43:00.995522+00:00,2024-12-13 15:43:00.995522+00:00,2024-12-13 14:40:14.652182+00:00,50.583,median_energy_dram,unit_test_energy,SelectionSort_SortsListCorrectly
_result,59,2024-12-10 15:43:00.995522+00:00,2024-12-13 15:43:00.995522+00:00,2024-12-13 14:42:21.689756+00:00,51.3693,median_energy_dram,unit_test_energy,SelectionSort_SortsListCorrectly
_result,59,2024-12-10 15:43:00.995522+00:00,2024-12-13 15:43:00.995522+00:00,2024-12-13 14:44:28.608594+00:00,51.4536,median_energy_dram,unit_test_energy,SelectionSort_SortsListCorrectly
_result,59,2024-12-10 15:43:00.995522+00:00,2024-12-13 15:43:00.995522+00:00,2024-12-13 14:46:35.049176+00:00,51.2088,median_energy_dram,unit_test_energy,SelectionSort_SortsListCorrectly
_result,59,2024-12-10 15:43:00.995522+00:00,2024-12-13 15:43:00.995522+00:00,2024-12-13 14:48:41.944375+00:00,51.4209,median_energy_dram,unit_test_energy,SelectionSort_SortsListCorrectly
_result,59,2024-12-10 15:43:00.995522+00:00,2024-12-13 15:43:00.995522+00:00,2024-12-13 14:50:48.970382+00:00,51.4371,median_energy_dram,unit_test_energy,SelectionSort_SortsListCorrectly
_result,59,2024-12-10 15:43:00.995522+00:00,2024-12-13 15:43:00.995522+00:00,2024-12-13 14:52:56.522240+00:00,51.14,median_energy_dram,unit_test_energy,SelectionSort_SortsListCorrectly
_result,59,2024-12-10 15:43:00.995522+00:00,2024-12-13 15:43:00.995522+00:00,2024-12-13 14:55:03.545092+00:00,51.1636,median_energy_dram,unit_test_energy,SelectionSort_SortsListCorrectly
_result,59,2024-12-10 15:43:00.995522+00:00,2024-12-13 15:43:00.995522+00:00,2024-12-13 14:57:10.401761+00:00,51.3066,median_energy_dram,unit_test_energy,SelectionSort_SortsListCorrectly
_result,59,2024-12-10 15:43:00.995522+00:00,2024-12-13 15:43:00.995522+00:00,2024-12-13 14:59:17.050387+00:00,50.7877,median_energy_dram,unit_test_energy,SelectionSort_SortsListCorrectly
_result,59,2024-12-10 15:43:00.995522+00:00,2024-12-13 15:43:00.995522+00:00,2024-12-13 15:01:23.958212+00:00,50.8484,median_energy_dram,unit_test_energy,SelectionSort_SortsListCorrectly
_result,59,2024-12-10 15:43:00.995522+00:00,2024-12-13 15:43:00.995522+00:00,2024-12-13 15:03:31.784369+00:00,50.145,median_energy_dram,unit_test_energy,SelectionSort_SortsListCorrectly
_result,59,2024-12-10 15:43:00.995522+00:00,2024-12-13 15:43:00.995522+00:00,2024-12-13 15:09:31.247049+00:00,51.1938,median_energy_dram,unit_test_energy,SelectionSort_SortsListCorrectly
_result,59,2024-12-10 15:43:00.995522+00:00,2024-12-13 15:43:00.995522+00:00,2024-12-13 15:11:38.490716+00:00,51.109,median_energy_dram,unit_test_energy,SelectionSort_SortsListCorrectly
_result,59,2024-12-10 15:43:00.995522+00:00,2024-12-13 15:43:00.995522+00:00,2024-12-13 15:13:45.653303+00:00,50.5957,median_energy_dram,unit_test_energy,SelectionSort_SortsListCorrectly
_result,59,2024-12-10 15:43:00.995522+00:00,2024-12-13 15:43:00.995522+00:00,2024-12-13 15:15:52.874749+00:00,50.6966,median_energy_dram,unit_test_energy,SelectionSort_SortsListCorrectly
_result,59,2024-12-10 15:43:00.995522+00:00,2024-12-13 15:43:00.995522+00:00,2024-12-13 15:17:59.627816+00:00,51.0989,median_energy_dram,unit_test_energy,SelectionSort_SortsListCorrectly
_result,59,2024-12-10 15:43:00.995522+00:00,2024-12-13 15:43:00.995522+00:00,2024-12-13 15:20:07.345368+00:00,50.9001,median_energy_dram,unit_test_energy,SelectionSort_SortsListCorrectly
_result,59,2024-12-10 15:43:00.995522+00:00,2024-12-13 15:43:00.995522+00:00,2024-12-13 15:22:14.292831+00:00,51.1581,median_energy_dram,unit_test_energy,SelectionSort_SortsListCorrectly
_result,59,2024-12-10 15:43:00.995522+00:00,2024-12-13 15:43:00.995522+00:00,2024-12-13 15:24:20.802892+00:00,51.5308,median_energy_dram,unit_test_energy,SelectionSort_SortsListCorrectly
_result,59,2024-12-10 15:43:00.995522+00:00,2024-12-13 15:43:00.995522+00:00,2024-12-13 15:26:27.665561+00:00,51.1914,median_energy_dram,unit_test_energy,SelectionSort_SortsListCorrectly
_result,59,2024-12-10 15:43:00.995522+00:00,2024-12-13 15:43:00.995522+00:00,2024-12-13 15:28:34.517855+00:00,51.3835,median_energy_dram,unit_test_energy,SelectionSort_SortsListCorrectly
_result,59,2024-12-10 15:43:00.995522+00:00,2024-12-13 15:43:00.995522+00:00,2024-12-13 15:30:41.224211+00:00,50.8188,median_energy_dram,unit_test_energy,SelectionSort_SortsListCorrectly
_result,59,2024-12-10 15:43:00.995522+00:00,2024-12-13 15:43:00.995522+00:00,2024-12-13 15:32:47.935605+00:00,51.0223,median_energy_dram,unit_test_energy,SelectionSort_SortsListCorrectly
_result,59,2024-12-10 15:43:00.995522+00:00,2024-12-13 15:43:00.995522+00:00,2024-12-13 15:34:54.855230+00:00,50.6177,median_energy_dram,unit_test_energy,SelectionSort_SortsListCorrectly
_result,59,2024-12-10 15:43:00.995522+00:00,2024-12-13 15:43:00.995522+00:00,2024-12-13 15:37:02.174172+00:00,51.3431,median_energy_dram,unit_test_energy,SelectionSort_SortsListCorrectly
_result,59,2024-12-10 15:43:00.995522+00:00,2024-12-13 15:43:00.995522+00:00,2024-12-13 15:39:08.963722+00:00,51.5578,median_energy_dram,unit_test_energy,SelectionSort_SortsListCorrectly
_result,60,2024-12-10 15:43:00.995522+00:00,2024-12-13 15:43:00.995522+00:00,2024-12-13 14:33:52.862578+00:00,127.1326,median_energy_pkg,unit_test_energy,SelectionSort_SortsListCorrectly
_result,60,2024-12-10 15:43:00.995522+00:00,2024-12-13 15:43:00.995522+00:00,2024-12-13 14:36:00.248816+00:00,126.9446,median_energy_pkg,unit_test_energy,SelectionSort_SortsListCorrectly
_result,60,2024-12-10 15:43:00.995522+00:00,2024-12-13 15:43:00.995522+00:00,2024-12-13 14:38:07.401142+00:00,129.3286,median_energy_pkg,unit_test_energy,SelectionSort_SortsListCorrectly
_result,60,2024-12-10 15:43:00.995522+00:00,2024-12-13 15:43:00.995522+00:00,2024-12-13 14:40:14.652182+00:00,127.3425,median_energy_pkg,unit_test_energy,SelectionSort_SortsListCorrectly
_result,60,2024-12-10 15:43:00.995522+00:00,2024-12-13 15:43:00.995522+00:00,2024-12-13 14:42:21.689756+00:00,128.8428,median_energy_pkg,unit_test_energy,SelectionSort_SortsListCorrectly
_result,60,2024-12-10 15:43:00.995522+00:00,2024-12-13 15:43:00.995522+00:00,2024-12-13 14:44:28.608594+00:00,129.4189,median_energy_pkg,unit_test_energy,SelectionSort_SortsListCorrectly
_result,60,2024-12-10 15:43:00.995522+00:00,2024-12-13 15:43:00.995522+00:00,2024-12-13 14:46:35.049176+00:00,128.7177,median_energy_pkg,unit_test_energy,SelectionSort_SortsListCorrectly
_result,60,2024-12-10 15:43:00.995522+00:00,2024-12-13 15:43:00.995522+00:00,2024-12-13 14:48:41.944375+00:00,129.0338,median_energy_pkg,unit_test_energy,SelectionSort_SortsListCorrectly
_result,60,2024-12-10 15:43:00.995522+00:00,2024-12-13 15:43:00.995522+00:00,2024-12-13 14:50:48.970382+00:00,128.335,median_energy_pkg,unit_test_energy,SelectionSort_SortsListCorrectly
_result,60,2024-12-10 15:43:00.995522+00:00,2024-12-13 15:43:00.995522+00:00,2024-12-13 14:52:56.522240+00:00,127.4585,median_energy_pkg,unit_test_energy,SelectionSort_SortsListCorrectly
_result,60,2024-12-10 15:43:00.995522+00:00,2024-12-13 15:43:00.995522+00:00,2024-12-13 14:55:03.545092+00:00,126.9116,median_energy_pkg,unit_test_energy,SelectionSort_SortsListCorrectly
_result,60,2024-12-10 15:43:00.995522+00:00,2024-12-13 15:43:00.995522+00:00,2024-12-13 14:57:10.401761+00:00,128.9178,median_energy_pkg,unit_test_energy,SelectionSort_SortsListCorrectly
_result,60,2024-12-10 15:43:00.995522+00:00,2024-12-13 15:43:00.995522+00:00,2024-12-13 14:59:17.050387+00:00,126.7249,median_energy_pkg,unit_test_energy,SelectionSort_SortsListCorrectly
_result,60,2024-12-10 15:43:00.995522+00:00,2024-12-13 15:43:00.995522+00:00,2024-12-13 15:01:23.958212+00:00,126.5234,median_energy_pkg,unit_test_energy,SelectionSort_SortsListCorrectly
_result,60,2024-12-10 15:43:00.995522+00:00,2024-12-13 15:43:00.995522+00:00,2024-12-13 15:03:31.784369+00:00,142.2876,median_energy_pkg,unit_test_energy,SelectionSort_SortsListCorrectly
_result,60,2024-12-10 15:43:00.995522+00:00,2024-12-13 15:43:00.995522+00:00,2024-12-13 15:09:31.247049+00:00,127.3724,median_energy_pkg,unit_test_energy,SelectionSort_SortsListCorrectly
_result,60,2024-12-10 15:43:00.995522+00:00,2024-12-13 15:43:00.995522+00:00,2024-12-13 15:11:38.490716+00:00,127.7136,median_energy_pkg,unit_test_energy,SelectionSort_SortsListCorrectly
_result,60,2024-12-10 15:43:00.995522+00:00,2024-12-13 15:43:00.995522+00:00,2024-12-13 15:13:45.653303+00:00,127.3743,median_energy_pkg,unit_test_energy,SelectionSort_SortsListCorrectly
_result,60,2024-12-10 15:43:00.995522+00:00,2024-12-13 15:43:00.995522+00:00,2024-12-13 15:15:52.874749+00:00,126.106,median_energy_pkg,unit_test_energy,SelectionSort_SortsListCorrectly
_result,60,2024-12-10 15:43:00.995522+00:00,2024-12-13 15:43:00.995522+00:00,2024-12-13 15:17:59.627816+00:00,127.8491,median_energy_pkg,unit_test_energy,SelectionSort_SortsListCorrectly
_result,60,2024-12-10 15:43:00.995522+00:00,2024-12-13 15:43:00.995522+00:00,2024-12-13 15:20:07.345368+00:00,126.7487,median_energy_pkg,unit_test_energy,SelectionSort_SortsListCorrectly
_result,60,2024-12-10 15:43:00.995522+00:00,2024-12-13 15:43:00.995522+00:00,2024-12-13 15:22:14.292831+00:00,129.0045,median_energy_pkg,unit_test_energy,SelectionSort_SortsListCorrectly
_result,60,2024-12-10 15:43:00.995522+00:00,2024-12-13 15:43:00.995522+00:00,2024-12-13 15:24:20.802892+00:00,128.1873,median_energy_pkg,unit_test_energy,SelectionSort_SortsListCorrectly
_result,60,2024-12-10 15:43:00.995522+00:00,2024-12-13 15:43:00.995522+00:00,2024-12-13 15:26:27.665561+00:00,128.2971,median_energy_pkg,unit_test_energy,SelectionSort_SortsListCorrectly
_result,60,2024-12-10 15:43:00.995522+00:00,2024-12-13 15:43:00.995522+00:00,2024-12-13 15:28:34.517855+00:00,129.0637,median_energy_pkg,unit_test_energy,SelectionSort_SortsListCorrectly
_result,60,2024-12-10 15:43:00.995522+00:00,2024-12-13 15:43:00.995522+00:00,2024-12-13 15:30:41.224211+00:00,126.5564,median_energy_pkg,unit_test_energy,SelectionSort_SortsListCorrectly
_result,60,2024-12-10 15:43:00.995522+00:00,2024-12-13 15:43:00.995522+00:00,2024-12-13 15:32:47.935605+00:00,127.3303,median_energy_pkg,unit_test_energy,SelectionSort_SortsListCorrectly
_result,60,2024-12-10 15:43:00.995522+00:00,2024-12-13 15:43:00.995522+00:00,2024-12-13 15:34:54.855230+00:00,126.5503,median_energy_pkg,unit_test_energy,SelectionSort_SortsListCorrectly
_result,60,2024-12-10 15:43:00.995522+00:00,2024-12-13 15:43:00.995522+00:00,2024-12-13 15:37:02.174172+00:00,128.7756,median_energy_pkg,unit_test_energy,SelectionSort_SortsListCorrectly
_result,60,2024-12-10 15:43:00.995522+00:00,2024-12-13 15:43:00.995522+00:00,2024-12-13 15:39:08.963722+00:00,129.6979,median_energy_pkg,unit_test_energy,SelectionSort_SortsListCorrectly
_result,61,2024-12-10 15:43:00.995522+00:00,2024-12-13 15:43:00.995522+00:00,2024-12-13 14:33:52.862578+00:00,443.6061,total_energy_dram,unit_test_energy,SelectionSort_SortsListCorrectly
_result,61,2024-12-10 15:43:00.995522+00:00,2024-12-13 15:43:00.995522+00:00,2024-12-13 14:36:00.248816+00:00,438.1302,total_energy_dram,unit_test_energy,SelectionSort_SortsListCorrectly
_result,61,2024-12-10 15:43:00.995522+00:00,2024-12-13 15:43:00.995522+00:00,2024-12-13 14:38:07.401142+00:00,438.6774,total_energy_dram,unit_test_energy,SelectionSort_SortsListCorrectly
_result,61,2024-12-10 15:43:00.995522+00:00,2024-12-13 15:43:00.995522+00:00,2024-12-13 14:40:14.652182+00:00,435.5357,total_energy_dram,unit_test_energy,SelectionSort_SortsListCorrectly
_result,61,2024-12-10 15:43:00.995522+00:00,2024-12-13 15:43:00.995522+00:00,2024-12-13 14:42:21.689756+00:00,436.1934,total_energy_dram,unit_test_energy,SelectionSort_SortsListCorrectly
_result,61,2024-12-10 15:43:00.995522+00:00,2024-12-13 15:43:00.995522+00:00,2024-12-13 14:44:28.608594+00:00,443.1775,total_energy_dram,unit_test_energy,SelectionSort_SortsListCorrectly
_result,61,2024-12-10 15:43:00.995522+00:00,2024-12-13 15:43:00.995522+00:00,2024-12-13 14:46:35.049176+00:00,439.4721,total_energy_dram,unit_test_energy,SelectionSort_SortsListCorrectly
_result,61,2024-12-10 15:43:00.995522+00:00,2024-12-13 15:43:00.995522+00:00,2024-12-13 14:48:41.944375+00:00,440.6315,total_energy_dram,unit_test_energy,SelectionSort_SortsListCorrectly
_result,61,2024-12-10 15:43:00.995522+00:00,2024-12-13 15:43:00.995522+00:00,2024-12-13 14:50:48.970382+00:00,443.8886,total_energy_dram,unit_test_energy,SelectionSort_SortsListCorrectly
_result,61,2024-12-10 15:43:00.995522+00:00,2024-12-13 15:43:00.995522+00:00,2024-12-13 14:52:56.522240+00:00,435.3729,total_energy_dram,unit_test_energy,SelectionSort_SortsListCorrectly
_result,61,2024-12-10 15:43:00.995522+00:00,2024-12-13 15:43:00.995522+00:00,2024-12-13 14:55:03.545092+00:00,436.9248,total_energy_dram,unit_test_energy,SelectionSort_SortsListCorrectly
_result,61,2024-12-10 15:43:00.995522+00:00,2024-12-13 15:43:00.995522+00:00,2024-12-13 14:57:10.401761+00:00,435.3091,total_energy_dram,unit_test_energy,SelectionSort_SortsListCorrectly
_result,61,2024-12-10 15:43:00.995522+00:00,2024-12-13 15:43:00.995522+00:00,2024-12-13 14:59:17.050387+00:00,432.2458,total_energy_dram,unit_test_energy,SelectionSort_SortsListCorrectly
_result,61,2024-12-10 15:43:00.995522+00:00,2024-12-13 15:43:00.995522+00:00,2024-12-13 15:01:23.958212+00:00,437.939,total_energy_dram,unit_test_energy,SelectionSort_SortsListCorrectly
_result,61,2024-12-10 15:43:00.995522+00:00,2024-12-13 15:43:00.995522+00:00,2024-12-13 15:03:31.784369+00:00,445.7523,total_energy_dram,unit_test_energy,SelectionSort_SortsListCorrectly
_result,61,2024-12-10 15:43:00.995522+00:00,2024-12-13 15:43:00.995522+00:00,2024-12-13 15:09:31.247049+00:00,438.2229,total_energy_dram,unit_test_energy,SelectionSort_SortsListCorrectly
_result,61,2024-12-10 15:43:00.995522+00:00,2024-12-13 15:43:00.995522+00:00,2024-12-13 15:11:38.490716+00:00,437.3772,total_energy_dram,unit_test_energy,SelectionSort_SortsListCorrectly
_result,61,2024-12-10 15:43:00.995522+00:00,2024-12-13 15:43:00.995522+00:00,2024-12-13 15:13:45.653303+00:00,438.5937,total_energy_dram,unit_test_energy,SelectionSort_SortsListCorrectly
_result,61,2024-12-10 15:43:00.995522+00:00,2024-12-13 15:43:00.995522+00:00,2024-12-13 15:15:52.874749+00:00,437.6846,total_energy_dram,unit_test_energy,SelectionSort_SortsListCorrectly
_result,61,2024-12-10 15:43:00.995522+00:00,2024-12-13 15:43:00.995522+00:00,2024-12-13 15:17:59.627816+00:00,432.6431,total_energy_dram,unit_test_energy,SelectionSort_SortsListCorrectly
_result,61,2024-12-10 15:43:00.995522+00:00,2024-12-13 15:43:00.995522+00:00,2024-12-13 15:20:07.345368+00:00,437.2137,total_energy_dram,unit_test_energy,SelectionSort_SortsListCorrectly
_result,61,2024-12-10 15:43:00.995522+00:00,2024-12-13 15:43:00.995522+00:00,2024-12-13 15:22:14.292831+00:00,430.8606,total_energy_dram,unit_test_energy,SelectionSort_SortsListCorrectly
_result,61,2024-12-10 15:43:00.995522+00:00,2024-12-13 15:43:00.995522+00:00,2024-12-13 15:24:20.802892+00:00,437.09,total_energy_dram,unit_test_energy,SelectionSort_SortsListCorrectly
_result,61,2024-12-10 15:43:00.995522+00:00,2024-12-13 15:43:00.995522+00:00,2024-12-13 15:26:27.665561+00:00,436.5712,total_energy_dram,unit_test_energy,SelectionSort_SortsListCorrectly
_result,61,2024-12-10 15:43:00.995522+00:00,2024-12-13 15:43:00.995522+00:00,2024-12-13 15:28:34.517855+00:00,433.2417,total_energy_dram,unit_test_energy,SelectionSort_SortsListCorrectly
_result,61,2024-12-10 15:43:00.995522+00:00,2024-12-13 15:43:00.995522+00:00,2024-12-13 15:30:41.224211+00:00,432.8689,total_energy_dram,unit_test_energy,SelectionSort_SortsListCorrectly
_result,61,2024-12-10 15:43:00.995522+00:00,2024-12-13 15:43:00.995522+00:00,2024-12-13 15:32:47.935605+00:00,438.8055,total_energy_dram,unit_test_energy,SelectionSort_SortsListCorrectly
_result,61,2024-12-10 15:43:00.995522+00:00,2024-12-13 15:43:00.995522+00:00,2024-12-13 15:34:54.855230+00:00,437.0458,total_energy_dram,unit_test_energy,SelectionSort_SortsListCorrectly
_result,61,2024-12-10 15:43:00.995522+00:00,2024-12-13 15:43:00.995522+00:00,2024-12-13 15:37:02.174172+00:00,436.5617,total_energy_dram,unit_test_energy,SelectionSort_SortsListCorrectly
_result,61,2024-12-10 15:43:00.995522+00:00,2024-12-13 15:43:00.995522+00:00,2024-12-13 15:39:08.963722+00:00,440.6023,total_energy_dram,unit_test_energy,SelectionSort_SortsListCorrectly
_result,62,2024-12-10 15:43:00.995522+00:00,2024-12-13 15:43:00.995522+00:00,2024-12-13 14:33:52.862578+00:00,1113.569,total_energy_pkg,unit_test_energy,SelectionSort_SortsListCorrectly
_result,62,2024-12-10 15:43:00.995522+00:00,2024-12-13 15:43:00.995522+00:00,2024-12-13 14:36:00.248816+00:00,1090.7832,total_energy_pkg,unit_test_energy,SelectionSort_SortsListCorrectly
_result,62,2024-12-10 15:43:00.995522+00:00,2024-12-13 15:43:00.995522+00:00,2024-12-13 14:38:07.401142+00:00,1096.7039,total_energy_pkg,unit_test_energy,SelectionSort_SortsListCorrectly
_result,62,2024-12-10 15:43:00.995522+00:00,2024-12-13 15:43:00.995522+00:00,2024-12-13 14:40:14.652182+00:00,1097.7946,total_energy_pkg,unit_test_energy,SelectionSort_SortsListCorrectly
_result,62,2024-12-10 15:43:00.995522+00:00,2024-12-13 15:43:00.995522+00:00,2024-12-13 14:42:21.689756+00:00,1088.1342,total_energy_pkg,unit_test_energy,SelectionSort_SortsListCorrectly
_result,62,2024-12-10 15:43:00.995522+00:00,2024-12-13 15:43:00.995522+00:00,2024-12-13 14:44:28.608594+00:00,1107.5352,total_energy_pkg,unit_test_energy,SelectionSort_SortsListCorrectly
_result,62,2024-12-10 15:43:00.995522+00:00,2024-12-13 15:43:00.995522+00:00,2024-12-13 14:46:35.049176+00:00,1097.9153,total_energy_pkg,unit_test_energy,SelectionSort_SortsListCorrectly
_result,62,2024-12-10 15:43:00.995522+00:00,2024-12-13 15:43:00.995522+00:00,2024-12-13 14:48:41.944375+00:00,1100.1382,total_energy_pkg,unit_test_energy,SelectionSort_SortsListCorrectly
_result,62,2024-12-10 15:43:00.995522+00:00,2024-12-13 15:43:00.995522+00:00,2024-12-13 14:50:48.970382+00:00,1106.9357,total_energy_pkg,unit_test_energy,SelectionSort_SortsListCorrectly
_result,62,2024-12-10 15:43:00.995522+00:00,2024-12-13 15:43:00.995522+00:00,2024-12-13 14:52:56.522240+00:00,1097.4232,total_energy_pkg,unit_test_energy,SelectionSort_SortsListCorrectly
_result,62,2024-12-10 15:43:00.995522+00:00,2024-12-13 15:43:00.995522+00:00,2024-12-13 14:55:03.545092+00:00,1088.7592,total_energy_pkg,unit_test_energy,SelectionSort_SortsListCorrectly
_result,62,2024-12-10 15:43:00.995522+00:00,2024-12-13 15:43:00.995522+00:00,2024-12-13 14:57:10.401761+00:00,1087.2974,total_energy_pkg,unit_test_energy,SelectionSort_SortsListCorrectly
_result,62,2024-12-10 15:43:00.995522+00:00,2024-12-13 15:43:00.995522+00:00,2024-12-13 14:59:17.050387+00:00,1085.5901,total_energy_pkg,unit_test_energy,SelectionSort_SortsListCorrectly
_result,62,2024-12-10 15:43:00.995522+00:00,2024-12-13 15:43:00.995522+00:00,2024-12-13 15:01:23.958212+00:00,1099.8831,total_energy_pkg,unit_test_energy,SelectionSort_SortsListCorrectly
_result,62,2024-12-10 15:43:00.995522+00:00,2024-12-13 15:43:00.995522+00:00,2024-12-13 15:03:31.784369+00:00,1257.7883,total_energy_pkg,unit_test_energy,SelectionSort_SortsListCorrectly
_result,62,2024-12-10 15:43:00.995522+00:00,2024-12-13 15:43:00.995522+00:00,2024-12-13 15:09:31.247049+00:00,1096.7816,total_energy_pkg,unit_test_energy,SelectionSort_SortsListCorrectly
_result,62,2024-12-10 15:43:00.995522+00:00,2024-12-13 15:43:00.995522+00:00,2024-12-13 15:11:38.490716+00:00,1089.1057,total_energy_pkg,unit_test_energy,SelectionSort_SortsListCorrectly
_result,62,2024-12-10 15:43:00.995522+00:00,2024-12-13 15:43:00.995522+00:00,2024-12-13 15:13:45.653303+00:00,1100.7644,total_energy_pkg,unit_test_energy,SelectionSort_SortsListCorrectly
_result,62,2024-12-10 15:43:00.995522+00:00,2024-12-13 15:43:00.995522+00:00,2024-12-13 15:15:52.874749+00:00,1094.7127,total_energy_pkg,unit_test_energy,SelectionSort_SortsListCorrectly
_result,62,2024-12-10 15:43:00.995522+00:00,2024-12-13 15:43:00.995522+00:00,2024-12-13 15:17:59.627816+00:00,1088.1776,total_energy_pkg,unit_test_energy,SelectionSort_SortsListCorrectly
_result,62,2024-12-10 15:43:00.995522+00:00,2024-12-13 15:43:00.995522+00:00,2024-12-13 15:20:07.345368+00:00,1090.9171,total_energy_pkg,unit_test_energy,SelectionSort_SortsListCorrectly
_result,62,2024-12-10 15:43:00.995522+00:00,2024-12-13 15:43:00.995522+00:00,2024-12-13 15:22:14.292831+00:00,1080.8936,total_energy_pkg,unit_test_energy,SelectionSort_SortsListCorrectly
_result,62,2024-12-10 15:43:00.995522+00:00,2024-12-13 15:43:00.995522+00:00,2024-12-13 15:24:20.802892+00:00,1083.8158,total_energy_pkg,unit_test_energy,SelectionSort_SortsListCorrectly
_result,62,2024-12-10 15:43:00.995522+00:00,2024-12-13 15:43:00.995522+00:00,2024-12-13 15:26:27.665561+00:00,1091.614,total_energy_pkg,unit_test_energy,SelectionSort_SortsListCorrectly
_result,62,2024-12-10 15:43:00.995522+00:00,2024-12-13 15:43:00.995522+00:00,2024-12-13 15:28:34.517855+00:00,1083.3291,total_energy_pkg,unit_test_energy,SelectionSort_SortsListCorrectly
_result,62,2024-12-10 15:43:00.995522+00:00,2024-12-13 15:43:00.995522+00:00,2024-12-13 15:30:41.224211+00:00,1082.1373,total_energy_pkg,unit_test_energy,SelectionSort_SortsListCorrectly
_result,62,2024-12-10 15:43:00.995522+00:00,2024-12-13 15:43:00.995522+00:00,2024-12-13 15:32:47.935605+00:00,1099.0391,total_energy_pkg,unit_test_energy,SelectionSort_SortsListCorrectly
_result,62,2024-12-10 15:43:00.995522+00:00,2024-12-13 15:43:00.995522+00:00,2024-12-13 15:34:54.855230+00:00,1091.8558,total_energy_pkg,unit_test_energy,SelectionSort_SortsListCorrectly
_result,62,2024-12-10 15:43:00.995522+00:00,2024-12-13 15:43:00.995522+00:00,2024-12-13 15:37:02.174172+00:00,1087.5141,total_energy_pkg,unit_test_energy,SelectionSort_SortsListCorrectly
_result,62,2024-12-10 15:43:00.995522+00:00,2024-12-13 15:43:00.995522+00:00,2024-12-13 15:39:08.963722+00:00,1101.3473,total_energy_pkg,unit_test_energy,SelectionSort_SortsListCorrectly
_result,63,2024-12-10 15:43:00.995522+00:00,2024-12-13 15:43:00.995522+00:00,2024-12-13 14:34:23.229484+00:00,45.1686,avg_energy_dram,unit_test_energy,SleepingTest
_result,63,2024-12-10 15:43:00.995522+00:00,2024-12-13 15:43:00.995522+00:00,2024-12-13 14:36:30.583368+00:00,45.178,avg_energy_dram,unit_test_energy,SleepingTest
_result,63,2024-12-10 15:43:00.995522+00:00,2024-12-13 15:43:00.995522+00:00,2024-12-13 14:38:37.712617+00:00,45.1733,avg_energy_dram,unit_test_energy,SleepingTest
_result,63,2024-12-10 15:43:00.995522+00:00,2024-12-13 15:43:00.995522+00:00,2024-12-13 14:40:44.968079+00:00,45.1736,avg_energy_dram,unit_test_energy,SleepingTest
_result,63,2024-12-10 15:43:00.995522+00:00,2024-12-13 15:43:00.995522+00:00,2024-12-13 14:42:52.020665+00:00,45.1928,avg_energy_dram,unit_test_energy,SleepingTest
_result,63,2024-12-10 15:43:00.995522+00:00,2024-12-13 15:43:00.995522+00:00,2024-12-13 14:44:58.921073+00:00,45.1813,avg_energy_dram,unit_test_energy,SleepingTest
_result,63,2024-12-10 15:43:00.995522+00:00,2024-12-13 15:43:00.995522+00:00,2024-12-13 14:47:05.365012+00:00,45.2628,avg_energy_dram,unit_test_energy,SleepingTest
_result,63,2024-12-10 15:43:00.995522+00:00,2024-12-13 15:43:00.995522+00:00,2024-12-13 14:49:12.257554+00:00,45.2013,avg_energy_dram,unit_test_energy,SleepingTest
_result,63,2024-12-10 15:43:00.995522+00:00,2024-12-13 15:43:00.995522+00:00,2024-12-13 14:51:19.307537+00:00,45.2159,avg_energy_dram,unit_test_energy,SleepingTest
_result,63,2024-12-10 15:43:00.995522+00:00,2024-12-13 15:43:00.995522+00:00,2024-12-13 14:53:26.841632+00:00,45.184,avg_energy_dram,unit_test_energy,SleepingTest
_result,63,2024-12-10 15:43:00.995522+00:00,2024-12-13 15:43:00.995522+00:00,2024-12-13 14:55:33.856033+00:00,45.1345,avg_energy_dram,unit_test_energy,SleepingTest
_result,63,2024-12-10 15:43:00.995522+00:00,2024-12-13 15:43:00.995522+00:00,2024-12-13 14:57:40.739349+00:00,45.1646,avg_energy_dram,unit_test_energy,SleepingTest
_result,63,2024-12-10 15:43:00.995522+00:00,2024-12-13 15:43:00.995522+00:00,2024-12-13 14:59:47.396589+00:00,45.1845,avg_energy_dram,unit_test_energy,SleepingTest
_result,63,2024-12-10 15:43:00.995522+00:00,2024-12-13 15:43:00.995522+00:00,2024-12-13 15:01:54.269859+00:00,42.6048,avg_energy_dram,unit_test_energy,SleepingTest
_result,63,2024-12-10 15:43:00.995522+00:00,2024-12-13 15:43:00.995522+00:00,2024-12-13 15:04:02.135260+00:00,51.0236,avg_energy_dram,unit_test_energy,SleepingTest
_result,63,2024-12-10 15:43:00.995522+00:00,2024-12-13 15:43:00.995522+00:00,2024-12-13 15:10:01.591162+00:00,45.1597,avg_energy_dram,unit_test_energy,SleepingTest
_result,63,2024-12-10 15:43:00.995522+00:00,2024-12-13 15:43:00.995522+00:00,2024-12-13 15:12:08.835704+00:00,45.1684,avg_energy_dram,unit_test_energy,SleepingTest
_result,63,2024-12-10 15:43:00.995522+00:00,2024-12-13 15:43:00.995522+00:00,2024-12-13 15:14:15.991465+00:00,45.1743,avg_energy_dram,unit_test_energy,SleepingTest
_result,63,2024-12-10 15:43:00.995522+00:00,2024-12-13 15:43:00.995522+00:00,2024-12-13 15:16:23.189944+00:00,45.2495,avg_energy_dram,unit_test_energy,SleepingTest
_result,63,2024-12-10 15:43:00.995522+00:00,2024-12-13 15:43:00.995522+00:00,2024-12-13 15:18:29.967579+00:00,45.2336,avg_energy_dram,unit_test_energy,SleepingTest
_result,63,2024-12-10 15:43:00.995522+00:00,2024-12-13 15:43:00.995522+00:00,2024-12-13 15:20:37.684033+00:00,45.2525,avg_energy_dram,unit_test_energy,SleepingTest
_result,63,2024-12-10 15:43:00.995522+00:00,2024-12-13 15:43:00.995522+00:00,2024-12-13 15:22:44.604853+00:00,45.2144,avg_energy_dram,unit_test_energy,SleepingTest
_result,63,2024-12-10 15:43:00.995522+00:00,2024-12-13 15:43:00.995522+00:00,2024-12-13 15:24:51.116090+00:00,45.2482,avg_energy_dram,unit_test_energy,SleepingTest
_result,63,2024-12-10 15:43:00.995522+00:00,2024-12-13 15:43:00.995522+00:00,2024-12-13 15:26:57.977000+00:00,45.2454,avg_energy_dram,unit_test_energy,SleepingTest
_result,63,2024-12-10 15:43:00.995522+00:00,2024-12-13 15:43:00.995522+00:00,2024-12-13 15:29:04.859564+00:00,45.2457,avg_energy_dram,unit_test_energy,SleepingTest
_result,63,2024-12-10 15:43:00.995522+00:00,2024-12-13 15:43:00.995522+00:00,2024-12-13 15:31:11.533012+00:00,45.1658,avg_energy_dram,unit_test_energy,SleepingTest
_result,63,2024-12-10 15:43:00.995522+00:00,2024-12-13 15:43:00.995522+00:00,2024-12-13 15:33:18.249707+00:00,45.1573,avg_energy_dram,unit_test_energy,SleepingTest
_result,63,2024-12-10 15:43:00.995522+00:00,2024-12-13 15:43:00.995522+00:00,2024-12-13 15:35:25.165412+00:00,45.1689,avg_energy_dram,unit_test_energy,SleepingTest
_result,63,2024-12-10 15:43:00.995522+00:00,2024-12-13 15:43:00.995522+00:00,2024-12-13 15:37:32.507318+00:00,45.1875,avg_energy_dram,unit_test_energy,SleepingTest
_result,63,2024-12-10 15:43:00.995522+00:00,2024-12-13 15:43:00.995522+00:00,2024-12-13 15:39:39.273370+00:00,45.1705,avg_energy_dram,unit_test_energy,SleepingTest
_result,64,2024-12-10 15:43:00.995522+00:00,2024-12-13 15:43:00.995522+00:00,2024-12-13 14:34:23.229484+00:00,114.2382,avg_energy_pkg,unit_test_energy,SleepingTest
_result,64,2024-12-10 15:43:00.995522+00:00,2024-12-13 15:43:00.995522+00:00,2024-12-13 14:36:30.583368+00:00,114.2415,avg_energy_pkg,unit_test_energy,SleepingTest
_result,64,2024-12-10 15:43:00.995522+00:00,2024-12-13 15:43:00.995522+00:00,2024-12-13 14:38:37.712617+00:00,114.1329,avg_energy_pkg,unit_test_energy,SleepingTest
_result,64,2024-12-10 15:43:00.995522+00:00,2024-12-13 15:43:00.995522+00:00,2024-12-13 14:40:44.968079+00:00,114.2209,avg_energy_pkg,unit_test_energy,SleepingTest
_result,64,2024-12-10 15:43:00.995522+00:00,2024-12-13 15:43:00.995522+00:00,2024-12-13 14:42:52.020665+00:00,114.0948,avg_energy_pkg,unit_test_energy,SleepingTest
_result,64,2024-12-10 15:43:00.995522+00:00,2024-12-13 15:43:00.995522+00:00,2024-12-13 14:44:58.921073+00:00,114.0389,avg_energy_pkg,unit_test_energy,SleepingTest
_result,64,2024-12-10 15:43:00.995522+00:00,2024-12-13 15:43:00.995522+00:00,2024-12-13 14:47:05.365012+00:00,114.1447,avg_energy_pkg,unit_test_energy,SleepingTest
_result,64,2024-12-10 15:43:00.995522+00:00,2024-12-13 15:43:00.995522+00:00,2024-12-13 14:49:12.257554+00:00,114.004,avg_energy_pkg,unit_test_energy,SleepingTest
_result,64,2024-12-10 15:43:00.995522+00:00,2024-12-13 15:43:00.995522+00:00,2024-12-13 14:51:19.307537+00:00,114.1314,avg_energy_pkg,unit_test_energy,SleepingTest
_result,64,2024-12-10 15:43:00.995522+00:00,2024-12-13 15:43:00.995522+00:00,2024-12-13 14:53:26.841632+00:00,113.8343,avg_energy_pkg,unit_test_energy,SleepingTest
_result,64,2024-12-10 15:43:00.995522+00:00,2024-12-13 15:43:00.995522+00:00,2024-12-13 14:55:33.856033+00:00,113.8714,avg_energy_pkg,unit_test_energy,SleepingTest
_result,64,2024-12-10 15:43:00.995522+00:00,2024-12-13 15:43:00.995522+00:00,2024-12-13 14:57:40.739349+00:00,113.9701,avg_energy_pkg,unit_test_energy,SleepingTest
_result,64,2024-12-10 15:43:00.995522+00:00,2024-12-13 15:43:00.995522+00:00,2024-12-13 14:59:47.396589+00:00,113.9835,avg_energy_pkg,unit_test_energy,SleepingTest
_result,64,2024-12-10 15:43:00.995522+00:00,2024-12-13 15:43:00.995522+00:00,2024-12-13 15:01:54.269859+00:00,76.5872,avg_energy_pkg,unit_test_energy,SleepingTest
_result,64,2024-12-10 15:43:00.995522+00:00,2024-12-13 15:43:00.995522+00:00,2024-12-13 15:04:02.135260+00:00,137.5183,avg_energy_pkg,unit_test_energy,SleepingTest
_result,64,2024-12-10 15:43:00.995522+00:00,2024-12-13 15:43:00.995522+00:00,2024-12-13 15:10:01.591162+00:00,113.8349,avg_energy_pkg,unit_test_energy,SleepingTest
_result,64,2024-12-10 15:43:00.995522+00:00,2024-12-13 15:43:00.995522+00:00,2024-12-13 15:12:08.835704+00:00,113.9053,avg_energy_pkg,unit_test_energy,SleepingTest
_result,64,2024-12-10 15:43:00.995522+00:00,2024-12-13 15:43:00.995522+00:00,2024-12-13 15:14:15.991465+00:00,114.0367,avg_energy_pkg,unit_test_energy,SleepingTest
_result,64,2024-12-10 15:43:00.995522+00:00,2024-12-13 15:43:00.995522+00:00,2024-12-13 15:16:23.189944+00:00,114.0313,avg_energy_pkg,unit_test_energy,SleepingTest
_result,64,2024-12-10 15:43:00.995522+00:00,2024-12-13 15:43:00.995522+00:00,2024-12-13 15:18:29.967579+00:00,114.0849,avg_energy_pkg,unit_test_energy,SleepingTest
_result,64,2024-12-10 15:43:00.995522+00:00,2024-12-13 15:43:00.995522+00:00,2024-12-13 15:20:37.684033+00:00,113.9153,avg_energy_pkg,unit_test_energy,SleepingTest
_result,64,2024-12-10 15:43:00.995522+00:00,2024-12-13 15:43:00.995522+00:00,2024-12-13 15:22:44.604853+00:00,113.9734,avg_energy_pkg,unit_test_energy,SleepingTest
_result,64,2024-12-10 15:43:00.995522+00:00,2024-12-13 15:43:00.995522+00:00,2024-12-13 15:24:51.116090+00:00,113.8603,avg_energy_pkg,unit_test_energy,SleepingTest
_result,64,2024-12-10 15:43:00.995522+00:00,2024-12-13 15:43:00.995522+00:00,2024-12-13 15:26:57.977000+00:00,114.0196,avg_energy_pkg,unit_test_energy,SleepingTest
_result,64,2024-12-10 15:43:00.995522+00:00,2024-12-13 15:43:00.995522+00:00,2024-12-13 15:29:04.859564+00:00,114.0193,avg_energy_pkg,unit_test_energy,SleepingTest
_result,64,2024-12-10 15:43:00.995522+00:00,2024-12-13 15:43:00.995522+00:00,2024-12-13 15:31:11.533012+00:00,114.0045,avg_energy_pkg,unit_test_energy,SleepingTest
_result,64,2024-12-10 15:43:00.995522+00:00,2024-12-13 15:43:00.995522+00:00,2024-12-13 15:33:18.249707+00:00,114.0268,avg_energy_pkg,unit_test_energy,SleepingTest
_result,64,2024-12-10 15:43:00.995522+00:00,2024-12-13 15:43:00.995522+00:00,2024-12-13 15:35:25.165412+00:00,113.9177,avg_energy_pkg,unit_test_energy,SleepingTest
_result,64,2024-12-10 15:43:00.995522+00:00,2024-12-13 15:43:00.995522+00:00,2024-12-13 15:37:32.507318+00:00,113.9925,avg_energy_pkg,unit_test_energy,SleepingTest
_result,64,2024-12-10 15:43:00.995522+00:00,2024-12-13 15:43:00.995522+00:00,2024-12-13 15:39:39.273370+00:00,113.9477,avg_energy_pkg,unit_test_energy,SleepingTest
_result,65,2024-12-10 15:43:00.995522+00:00,2024-12-13 15:43:00.995522+00:00,2024-12-13 14:34:23.229484+00:00,5.0014,duration,unit_test_energy,SleepingTest
_result,65,2024-12-10 15:43:00.995522+00:00,2024-12-13 15:43:00.995522+00:00,2024-12-13 14:36:30.583368+00:00,5.0014,duration,unit_test_energy,SleepingTest
_result,65,2024-12-10 15:43:00.995522+00:00,2024-12-13 15:43:00.995522+00:00,2024-12-13 14:38:37.712617+00:00,5.0014,duration,unit_test_energy,SleepingTest
_result,65,2024-12-10 15:43:00.995522+00:00,2024-12-13 15:43:00.995522+00:00,2024-12-13 14:40:44.968079+00:00,5.0014,duration,unit_test_energy,SleepingTest
_result,65,2024-12-10 15:43:00.995522+00:00,2024-12-13 15:43:00.995522+00:00,2024-12-13 14:42:52.020665+00:00,5.0014,duration,unit_test_energy,SleepingTest
_result,65,2024-12-10 15:43:00.995522+00:00,2024-12-13 15:43:00.995522+00:00,2024-12-13 14:44:58.921073+00:00,5.0013,duration,unit_test_energy,SleepingTest
_result,65,2024-12-10 15:43:00.995522+00:00,2024-12-13 15:43:00.995522+00:00,2024-12-13 14:47:05.365012+00:00,5.0012,duration,unit_test_energy,SleepingTest
_result,65,2024-12-10 15:43:00.995522+00:00,2024-12-13 15:43:00.995522+00:00,2024-12-13 14:49:12.257554+00:00,5.0013,duration,unit_test_energy,SleepingTest
_result,65,2024-12-10 15:43:00.995522+00:00,2024-12-13 15:43:00.995522+00:00,2024-12-13 14:51:19.307537+00:00,5.0013,duration,unit_test_energy,SleepingTest
_result,65,2024-12-10 15:43:00.995522+00:00,2024-12-13 15:43:00.995522+00:00,2024-12-13 14:53:26.841632+00:00,5.0014,duration,unit_test_energy,SleepingTest
_result,65,2024-12-10 15:43:00.995522+00:00,2024-12-13 15:43:00.995522+00:00,2024-12-13 14:55:33.856033+00:00,5.0015,duration,unit_test_energy,SleepingTest
_result,65,2024-12-10 15:43:00.995522+00:00,2024-12-13 15:43:00.995522+00:00,2024-12-13 14:57:40.739349+00:00,5.0013,duration,unit_test_energy,SleepingTest
_result,65,2024-12-10 15:43:00.995522+00:00,2024-12-13 15:43:00.995522+00:00,2024-12-13 14:59:47.396589+00:00,5.0014,duration,unit_test_energy,SleepingTest
_result,65,2024-12-10 15:43:00.995522+00:00,2024-12-13 15:43:00.995522+00:00,2024-12-13 15:01:54.269859+00:00,5.0015,duration,unit_test_energy,SleepingTest
_result,65,2024-12-10 15:43:00.995522+00:00,2024-12-13 15:43:00.995522+00:00,2024-12-13 15:04:02.135260+00:00,5.0015,duration,unit_test_energy,SleepingTest
_result,65,2024-12-10 15:43:00.995522+00:00,2024-12-13 15:43:00.995522+00:00,2024-12-13 15:10:01.591162+00:00,5.0013,duration,unit_test_energy,SleepingTest
_result,65,2024-12-10 15:43:00.995522+00:00,2024-12-13 15:43:00.995522+00:00,2024-12-13 15:12:08.835704+00:00,5.0013,duration,unit_test_energy,SleepingTest
_result,65,2024-12-10 15:43:00.995522+00:00,2024-12-13 15:43:00.995522+00:00,2024-12-13 15:14:15.991465+00:00,5.0014,duration,unit_test_energy,SleepingTest
_result,65,2024-12-10 15:43:00.995522+00:00,2024-12-13 15:43:00.995522+00:00,2024-12-13 15:16:23.189944+00:00,5.0014,duration,unit_test_energy,SleepingTest
_result,65,2024-12-10 15:43:00.995522+00:00,2024-12-13 15:43:00.995522+00:00,2024-12-13 15:18:29.967579+00:00,5.0015,duration,unit_test_energy,SleepingTest
_result,65,2024-12-10 15:43:00.995522+00:00,2024-12-13 15:43:00.995522+00:00,2024-12-13 15:20:37.684033+00:00,5.0015,duration,unit_test_energy,SleepingTest
_result,65,2024-12-10 15:43:00.995522+00:00,2024-12-13 15:43:00.995522+00:00,2024-12-13 15:22:44.604853+00:00,5.0014,duration,unit_test_energy,SleepingTest
_result,65,2024-12-10 15:43:00.995522+00:00,2024-12-13 15:43:00.995522+00:00,2024-12-13 15:24:51.116090+00:00,5.0015,duration,unit_test_energy,SleepingTest
_result,65,2024-12-10 15:43:00.995522+00:00,2024-12-13 15:43:00.995522+00:00,2024-12-13 15:26:57.977000+00:00,5.0013,duration,unit_test_energy,SleepingTest
_result,65,2024-12-10 15:43:00.995522+00:00,2024-12-13 15:43:00.995522+00:00,2024-12-13 15:29:04.859564+00:00,5.0014,duration,unit_test_energy,SleepingTest
_result,65,2024-12-10 15:43:00.995522+00:00,2024-12-13 15:43:00.995522+00:00,2024-12-13 15:31:11.533012+00:00,5.0015,duration,unit_test_energy,SleepingTest
_result,65,2024-12-10 15:43:00.995522+00:00,2024-12-13 15:43:00.995522+00:00,2024-12-13 15:33:18.249707+00:00,5.0015,duration,unit_test_energy,SleepingTest
_result,65,2024-12-10 15:43:00.995522+00:00,2024-12-13 15:43:00.995522+00:00,2024-12-13 15:35:25.165412+00:00,5.0015,duration,unit_test_energy,SleepingTest
_result,65,2024-12-10 15:43:00.995522+00:00,2024-12-13 15:43:00.995522+00:00,2024-12-13 15:37:32.507318+00:00,5.0015,duration,unit_test_energy,SleepingTest
_result,65,2024-12-10 15:43:00.995522+00:00,2024-12-13 15:43:00.995522+00:00,2024-12-13 15:39:39.273370+00:00,5.0014,duration,unit_test_energy,SleepingTest
_result,66,2024-12-10 15:43:00.995522+00:00,2024-12-13 15:43:00.995522+00:00,2024-12-13 14:34:23.229484+00:00,44.4518,median_energy_dram,unit_test_energy,SleepingTest
_result,66,2024-12-10 15:43:00.995522+00:00,2024-12-13 15:43:00.995522+00:00,2024-12-13 14:36:30.583368+00:00,44.3652,median_energy_dram,unit_test_energy,SleepingTest
_result,66,2024-12-10 15:43:00.995522+00:00,2024-12-13 15:43:00.995522+00:00,2024-12-13 14:38:37.712617+00:00,44.4098,median_energy_dram,unit_test_energy,SleepingTest
_result,66,2024-12-10 15:43:00.995522+00:00,2024-12-13 15:43:00.995522+00:00,2024-12-13 14:40:44.968079+00:00,44.4089,median_energy_dram,unit_test_energy,SleepingTest
_result,66,2024-12-10 15:43:00.995522+00:00,2024-12-13 15:43:00.995522+00:00,2024-12-13 14:42:52.020665+00:00,44.5334,median_energy_dram,unit_test_energy,SleepingTest
_result,66,2024-12-10 15:43:00.995522+00:00,2024-12-13 15:43:00.995522+00:00,2024-12-13 14:44:58.921073+00:00,44.4528,median_energy_dram,unit_test_energy,SleepingTest
_result,66,2024-12-10 15:43:00.995522+00:00,2024-12-13 15:43:00.995522+00:00,2024-12-13 14:47:05.365012+00:00,44.8534,median_energy_dram,unit_test_energy,SleepingTest
_result,66,2024-12-10 15:43:00.995522+00:00,2024-12-13 15:43:00.995522+00:00,2024-12-13 14:49:12.257554+00:00,44.4095,median_energy_dram,unit_test_energy,SleepingTest
_result,66,2024-12-10 15:43:00.995522+00:00,2024-12-13 15:43:00.995522+00:00,2024-12-13 14:51:19.307537+00:00,44.4489,median_energy_dram,unit_test_energy,SleepingTest
_result,66,2024-12-10 15:43:00.995522+00:00,2024-12-13 15:43:00.995522+00:00,2024-12-13 14:53:26.841632+00:00,44.3799,median_energy_dram,unit_test_energy,SleepingTest
_result,66,2024-12-10 15:43:00.995522+00:00,2024-12-13 15:43:00.995522+00:00,2024-12-13 14:55:33.856033+00:00,44.3878,median_energy_dram,unit_test_energy,SleepingTest
_result,66,2024-12-10 15:43:00.995522+00:00,2024-12-13 15:43:00.995522+00:00,2024-12-13 14:57:40.739349+00:00,44.465,median_energy_dram,unit_test_energy,SleepingTest
_result,66,2024-12-10 15:43:00.995522+00:00,2024-12-13 15:43:00.995522+00:00,2024-12-13 14:59:47.396589+00:00,44.455,median_energy_dram,unit_test_energy,SleepingTest
_result,66,2024-12-10 15:43:00.995522+00:00,2024-12-13 15:43:00.995522+00:00,2024-12-13 15:01:54.269859+00:00,42.6239,median_energy_dram,unit_test_energy,SleepingTest
_result,66,2024-12-10 15:43:00.995522+00:00,2024-12-13 15:43:00.995522+00:00,2024-12-13 15:04:02.135260+00:00,50.1413,median_energy_dram,unit_test_energy,SleepingTest
_result,66,2024-12-10 15:43:00.995522+00:00,2024-12-13 15:43:00.995522+00:00,2024-12-13 15:10:01.591162+00:00,44.3774,median_energy_dram,unit_test_energy,SleepingTest
_result,66,2024-12-10 15:43:00.995522+00:00,2024-12-13 15:43:00.995522+00:00,2024-12-13 15:12:08.835704+00:00,44.411,median_energy_dram,unit_test_energy,SleepingTest
_result,66,2024-12-10 15:43:00.995522+00:00,2024-12-13 15:43:00.995522+00:00,2024-12-13 15:14:15.991465+00:00,44.4534,median_energy_dram,unit_test_energy,SleepingTest
_result,66,2024-12-10 15:43:00.995522+00:00,2024-12-13 15:43:00.995522+00:00,2024-12-13 15:16:23.189944+00:00,44.3918,median_energy_dram,unit_test_energy,SleepingTest
_result,66,2024-12-10 15:43:00.995522+00:00,2024-12-13 15:43:00.995522+00:00,2024-12-13 15:18:29.967579+00:00,44.3988,median_energy_dram,unit_test_energy,SleepingTest
_result,66,2024-12-10 15:43:00.995522+00:00,2024-12-13 15:43:00.995522+00:00,2024-12-13 15:20:37.684033+00:00,44.4214,median_energy_dram,unit_test_energy,SleepingTest
_result,66,2024-12-10 15:43:00.995522+00:00,2024-12-13 15:43:00.995522+00:00,2024-12-13 15:22:44.604853+00:00,44.8132,median_energy_dram,unit_test_energy,SleepingTest
_result,66,2024-12-10 15:43:00.995522+00:00,2024-12-13 15:43:00.995522+00:00,2024-12-13 15:24:51.116090+00:00,45.3033,median_energy_dram,unit_test_energy,SleepingTest
_result,66,2024-12-10 15:43:00.995522+00:00,2024-12-13 15:43:00.995522+00:00,2024-12-13 15:26:57.977000+00:00,44.8233,median_energy_dram,unit_test_energy,SleepingTest
_result,66,2024-12-10 15:43:00.995522+00:00,2024-12-13 15:43:00.995522+00:00,2024-12-13 15:29:04.859564+00:00,45.2609,median_energy_dram,unit_test_energy,SleepingTest
_result,66,2024-12-10 15:43:00.995522+00:00,2024-12-13 15:43:00.995522+00:00,2024-12-13 15:31:11.533012+00:00,44.5572,median_energy_dram,unit_test_energy,SleepingTest
_result,66,2024-12-10 15:43:00.995522+00:00,2024-12-13 15:43:00.995522+00:00,2024-12-13 15:33:18.249707+00:00,44.6506,median_energy_dram,unit_test_energy,SleepingTest
_result,66,2024-12-10 15:43:00.995522+00:00,2024-12-13 15:43:00.995522+00:00,2024-12-13 15:35:25.165412+00:00,44.1966,median_energy_dram,unit_test_energy,SleepingTest
_result,66,2024-12-10 15:43:00.995522+00:00,2024-12-13 15:43:00.995522+00:00,2024-12-13 15:37:32.507318+00:00,45.0967,median_energy_dram,unit_test_energy,SleepingTest
_result,66,2024-12-10 15:43:00.995522+00:00,2024-12-13 15:43:00.995522+00:00,2024-12-13 15:39:39.273370+00:00,44.8531,median_energy_dram,unit_test_energy,SleepingTest
_result,67,2024-12-10 15:43:00.995522+00:00,2024-12-13 15:43:00.995522+00:00,2024-12-13 14:34:23.229484+00:00,113.241,median_energy_pkg,unit_test_energy,SleepingTest
_result,67,2024-12-10 15:43:00.995522+00:00,2024-12-13 15:43:00.995522+00:00,2024-12-13 14:36:30.583368+00:00,111.7615,median_energy_pkg,unit_test_energy,SleepingTest
_result,67,2024-12-10 15:43:00.995522+00:00,2024-12-13 15:43:00.995522+00:00,2024-12-13 14:38:37.712617+00:00,112.1716,median_energy_pkg,unit_test_energy,SleepingTest
_result,67,2024-12-10 15:43:00.995522+00:00,2024-12-13 15:43:00.995522+00:00,2024-12-13 14:40:44.968079+00:00,112.4646,median_energy_pkg,unit_test_energy,SleepingTest
_result,67,2024-12-10 15:43:00.995522+00:00,2024-12-13 15:43:00.995522+00:00,2024-12-13 14:42:52.020665+00:00,111.9995,median_energy_pkg,unit_test_energy,SleepingTest
_result,67,2024-12-10 15:43:00.995522+00:00,2024-12-13 15:43:00.995522+00:00,2024-12-13 14:44:58.921073+00:00,112.2009,median_energy_pkg,unit_test_energy,SleepingTest
_result,67,2024-12-10 15:43:00.995522+00:00,2024-12-13 15:43:00.995522+00:00,2024-12-13 14:47:05.365012+00:00,113.0835,median_energy_pkg,unit_test_energy,SleepingTest
_result,67,2024-12-10 15:43:00.995522+00:00,2024-12-13 15:43:00.995522+00:00,2024-12-13 14:49:12.257554+00:00,112.0178,median_energy_pkg,unit_test_energy,SleepingTest
_result,67,2024-12-10 15:43:00.995522+00:00,2024-12-13 15:43:00.995522+00:00,2024-12-13 14:51:19.307537+00:00,112.0361,median_energy_pkg,unit_test_energy,SleepingTest
_result,67,2024-12-10 15:43:00.995522+00:00,2024-12-13 15:43:00.995522+00:00,2024-12-13 14:53:26.841632+00:00,111.7737,median_energy_pkg,unit_test_energy,SleepingTest
_result,67,2024-12-10 15:43:00.995522+00:00,2024-12-13 15:43:00.995522+00:00,2024-12-13 14:55:33.856033+00:00,111.9727,median_energy_pkg,unit_test_energy,SleepingTest
_result,67,2024-12-10 15:43:00.995522+00:00,2024-12-13 15:43:00.995522+00:00,2024-12-13 14:57:40.739349+00:00,112.179,median_energy_pkg,unit_test_energy,SleepingTest
_result,67,2024-12-10 15:43:00.995522+00:00,2024-12-13 15:43:00.995522+00:00,2024-12-13 14:59:47.396589+00:00,112.0837,median_energy_pkg,unit_test_energy,SleepingTest
_result,67,2024-12-10 15:43:00.995522+00:00,2024-12-13 15:43:00.995522+00:00,2024-12-13 15:01:54.269859+00:00,68.9771,median_energy_pkg,unit_test_energy,SleepingTest
_result,67,2024-12-10 15:43:00.995522+00:00,2024-12-13 15:43:00.995522+00:00,2024-12-13 15:04:02.135260+00:00,134.9463,median_energy_pkg,unit_test_energy,SleepingTest
_result,67,2024-12-10 15:43:00.995522+00:00,2024-12-13 15:43:00.995522+00:00,2024-12-13 15:10:01.591162+00:00,112.1753,median_energy_pkg,unit_test_energy,SleepingTest
_result,67,2024-12-10 15:43:00.995522+00:00,2024-12-13 15:43:00.995522+00:00,2024-12-13 15:12:08.835704+00:00,112.0679,median_energy_pkg,unit_test_energy,SleepingTest
_result,67,2024-12-10 15:43:00.995522+00:00,2024-12-13 15:43:00.995522+00:00,2024-12-13 15:14:15.991465+00:00,112.3254,median_energy_pkg,unit_test_energy,SleepingTest
_result,67,2024-12-10 15:43:00.995522+00:00,2024-12-13 15:43:00.995522+00:00,2024-12-13 15:16:23.189944+00:00,111.9849,median_energy_pkg,unit_test_energy,SleepingTest
_result,67,2024-12-10 15:43:00.995522+00:00,2024-12-13 15:43:00.995522+00:00,2024-12-13 15:18:29.967579+00:00,111.9421,median_energy_pkg,unit_test_energy,SleepingTest
_result,67,2024-12-10 15:43:00.995522+00:00,2024-12-13 15:43:00.995522+00:00,2024-12-13 15:20:37.684033+00:00,111.8616,median_energy_pkg,unit_test_energy,SleepingTest
_result,67,2024-12-10 15:43:00.995522+00:00,2024-12-13 15:43:00.995522+00:00,2024-12-13 15:22:44.604853+00:00,112.8448,median_energy_pkg,unit_test_energy,SleepingTest
_result,67,2024-12-10 15:43:00.995522+00:00,2024-12-13 15:43:00.995522+00:00,2024-12-13 15:24:51.116090+00:00,113.9636,median_energy_pkg,unit_test_energy,SleepingTest
_result,67,2024-12-10 15:43:00.995522+00:00,2024-12-13 15:43:00.995522+00:00,2024-12-13 15:26:57.977000+00:00,112.5024,median_energy_pkg,unit_test_energy,SleepingTest
_result,67,2024-12-10 15:43:00.995522+00:00,2024-12-13 15:43:00.995522+00:00,2024-12-13 15:29:04.859564+00:00,114.0332,median_energy_pkg,unit_test_energy,SleepingTest
_result,67,2024-12-10 15:43:00.995522+00:00,2024-12-13 15:43:00.995522+00:00,2024-12-13 15:31:11.533012+00:00,112.6178,median_energy_pkg,unit_test_energy,SleepingTest
_result,67,2024-12-10 15:43:00.995522+00:00,2024-12-13 15:43:00.995522+00:00,2024-12-13 15:33:18.249707+00:00,113.2397,median_energy_pkg,unit_test_energy,SleepingTest
_result,67,2024-12-10 15:43:00.995522+00:00,2024-12-13 15:43:00.995522+00:00,2024-12-13 15:35:25.165412+00:00,112.4799,median_energy_pkg,unit_test_energy,SleepingTest
_result,67,2024-12-10 15:43:00.995522+00:00,2024-12-13 15:43:00.995522+00:00,2024-12-13 15:37:32.507318+00:00,114.0106,median_energy_pkg,unit_test_energy,SleepingTest
_result,67,2024-12-10 15:43:00.995522+00:00,2024-12-13 15:43:00.995522+00:00,2024-12-13 15:39:39.273370+00:00,113.1079,median_energy_pkg,unit_test_energy,SleepingTest
_result,68,2024-12-10 15:43:00.995522+00:00,2024-12-13 15:43:00.995522+00:00,2024-12-13 14:34:23.229484+00:00,225.906,total_energy_dram,unit_test_energy,SleepingTest
_result,68,2024-12-10 15:43:00.995522+00:00,2024-12-13 15:43:00.995522+00:00,2024-12-13 14:36:30.583368+00:00,225.9547,total_energy_dram,unit_test_energy,SleepingTest
_result,68,2024-12-10 15:43:00.995522+00:00,2024-12-13 15:43:00.995522+00:00,2024-12-13 14:38:37.712617+00:00,225.928,total_energy_dram,unit_test_energy,SleepingTest
_result,68,2024-12-10 15:43:00.995522+00:00,2024-12-13 15:43:00.995522+00:00,2024-12-13 14:40:44.968079+00:00,225.9295,total_energy_dram,unit_test_energy,SleepingTest
_result,68,2024-12-10 15:43:00.995522+00:00,2024-12-13 15:43:00.995522+00:00,2024-12-13 14:42:52.020665+00:00,226.0249,total_energy_dram,unit_test_energy,SleepingTest
_result,68,2024-12-10 15:43:00.995522+00:00,2024-12-13 15:43:00.995522+00:00,2024-12-13 14:44:58.921073+00:00,225.9656,total_energy_dram,unit_test_energy,SleepingTest
_result,68,2024-12-10 15:43:00.995522+00:00,2024-12-13 15:43:00.995522+00:00,2024-12-13 14:47:05.365012+00:00,226.37,total_energy_dram,unit_test_energy,SleepingTest
_result,68,2024-12-10 15:43:00.995522+00:00,2024-12-13 15:43:00.995522+00:00,2024-12-13 14:49:12.257554+00:00,226.0659,total_energy_dram,unit_test_energy,SleepingTest
_result,68,2024-12-10 15:43:00.995522+00:00,2024-12-13 15:43:00.995522+00:00,2024-12-13 14:51:19.307537+00:00,226.1393,total_energy_dram,unit_test_energy,SleepingTest
_result,68,2024-12-10 15:43:00.995522+00:00,2024-12-13 15:43:00.995522+00:00,2024-12-13 14:53:26.841632+00:00,225.9823,total_energy_dram,unit_test_energy,SleepingTest
_result,68,2024-12-10 15:43:00.995522+00:00,2024-12-13 15:43:00.995522+00:00,2024-12-13 14:55:33.856033+00:00,225.7413,total_energy_dram,unit_test_energy,SleepingTest
_result,68,2024-12-10 15:43:00.995522+00:00,2024-12-13 15:43:00.995522+00:00,2024-12-13 14:57:40.739349+00:00,225.8835,total_energy_dram,unit_test_energy,SleepingTest
_result,68,2024-12-10 15:43:00.995522+00:00,2024-12-13 15:43:00.995522+00:00,2024-12-13 14:59:47.396589+00:00,225.9871,total_energy_dram,unit_test_energy,SleepingTest
_result,68,2024-12-10 15:43:00.995522+00:00,2024-12-13 15:43:00.995522+00:00,2024-12-13 15:01:54.269859+00:00,213.0899,total_energy_dram,unit_test_energy,SleepingTest
_result,68,2024-12-10 15:43:00.995522+00:00,2024-12-13 15:43:00.995522+00:00,2024-12-13 15:04:02.135260+00:00,255.1951,total_energy_dram,unit_test_energy,SleepingTest
_result,68,2024-12-10 15:43:00.995522+00:00,2024-12-13 15:43:00.995522+00:00,2024-12-13 15:10:01.591162+00:00,225.8562,total_energy_dram,unit_test_energy,SleepingTest
_result,68,2024-12-10 15:43:00.995522+00:00,2024-12-13 15:43:00.995522+00:00,2024-12-13 15:12:08.835704+00:00,225.9002,total_energy_dram,unit_test_energy,SleepingTest
_result,68,2024-12-10 15:43:00.995522+00:00,2024-12-13 15:43:00.995522+00:00,2024-12-13 15:14:15.991465+00:00,225.9349,total_energy_dram,unit_test_energy,SleepingTest
_result,68,2024-12-10 15:43:00.995522+00:00,2024-12-13 15:43:00.995522+00:00,2024-12-13 15:16:23.189944+00:00,226.3108,total_energy_dram,unit_test_energy,SleepingTest
_result,68,2024-12-10 15:43:00.995522+00:00,2024-12-13 15:43:00.995522+00:00,2024-12-13 15:18:29.967579+00:00,226.234,total_energy_dram,unit_test_energy,SleepingTest
_result,68,2024-12-10 15:43:00.995522+00:00,2024-12-13 15:43:00.995522+00:00,2024-12-13 15:20:37.684033+00:00,226.3314,total_energy_dram,unit_test_energy,SleepingTest
_result,68,2024-12-10 15:43:00.995522+00:00,2024-12-13 15:43:00.995522+00:00,2024-12-13 15:22:44.604853+00:00,226.1364,total_energy_dram,unit_test_energy,SleepingTest
_result,68,2024-12-10 15:43:00.995522+00:00,2024-12-13 15:43:00.995522+00:00,2024-12-13 15:24:51.116090+00:00,226.3069,total_energy_dram,unit_test_energy,SleepingTest
_result,68,2024-12-10 15:43:00.995522+00:00,2024-12-13 15:43:00.995522+00:00,2024-12-13 15:26:57.977000+00:00,226.2864,total_energy_dram,unit_test_energy,SleepingTest
_result,68,2024-12-10 15:43:00.995522+00:00,2024-12-13 15:43:00.995522+00:00,2024-12-13 15:29:04.859564+00:00,226.2928,total_energy_dram,unit_test_energy,SleepingTest
_result,68,2024-12-10 15:43:00.995522+00:00,2024-12-13 15:43:00.995522+00:00,2024-12-13 15:31:11.533012+00:00,225.8954,total_energy_dram,unit_test_energy,SleepingTest
_result,68,2024-12-10 15:43:00.995522+00:00,2024-12-13 15:43:00.995522+00:00,2024-12-13 15:33:18.249707+00:00,225.8528,total_energy_dram,unit_test_energy,SleepingTest
_result,68,2024-12-10 15:43:00.995522+00:00,2024-12-13 15:43:00.995522+00:00,2024-12-13 15:35:25.165412+00:00,225.9113,total_energy_dram,unit_test_energy,SleepingTest
_result,68,2024-12-10 15:43:00.995522+00:00,2024-12-13 15:43:00.995522+00:00,2024-12-13 15:37:32.507318+00:00,226.0036,total_energy_dram,unit_test_energy,SleepingTest
_result,68,2024-12-10 15:43:00.995522+00:00,2024-12-13 15:43:00.995522+00:00,2024-12-13 15:39:39.273370+00:00,225.918,total_energy_dram,unit_test_energy,SleepingTest
_result,69,2024-12-10 15:43:00.995522+00:00,2024-12-13 15:43:00.995522+00:00,2024-12-13 14:34:23.229484+00:00,571.3505,total_energy_pkg,unit_test_energy,SleepingTest
_result,69,2024-12-10 15:43:00.995522+00:00,2024-12-13 15:43:00.995522+00:00,2024-12-13 14:36:30.583368+00:00,571.3705,total_energy_pkg,unit_test_energy,SleepingTest
_result,69,2024-12-10 15:43:00.995522+00:00,2024-12-13 15:43:00.995522+00:00,2024-12-13 14:38:37.712617+00:00,570.8203,total_energy_pkg,unit_test_energy,SleepingTest
_result,69,2024-12-10 15:43:00.995522+00:00,2024-12-13 15:43:00.995522+00:00,2024-12-13 14:40:44.968079+00:00,571.2595,total_energy_pkg,unit_test_energy,SleepingTest
_result,69,2024-12-10 15:43:00.995522+00:00,2024-12-13 15:43:00.995522+00:00,2024-12-13 14:42:52.020665+00:00,570.6279,total_energy_pkg,unit_test_energy,SleepingTest
_result,69,2024-12-10 15:43:00.995522+00:00,2024-12-13 15:43:00.995522+00:00,2024-12-13 14:44:58.921073+00:00,570.3437,total_energy_pkg,unit_test_energy,SleepingTest
_result,69,2024-12-10 15:43:00.995522+00:00,2024-12-13 15:43:00.995522+00:00,2024-12-13 14:47:05.365012+00:00,570.8649,total_energy_pkg,unit_test_energy,SleepingTest
_result,69,2024-12-10 15:43:00.995522+00:00,2024-12-13 15:43:00.995522+00:00,2024-12-13 14:49:12.257554+00:00,570.17,total_energy_pkg,unit_test_energy,SleepingTest
_result,69,2024-12-10 15:43:00.995522+00:00,2024-12-13 15:43:00.995522+00:00,2024-12-13 14:51:19.307537+00:00,570.8082,total_energy_pkg,unit_test_energy,SleepingTest
_result,69,2024-12-10 15:43:00.995522+00:00,2024-12-13 15:43:00.995522+00:00,2024-12-13 14:53:26.841632+00:00,569.3285,total_energy_pkg,unit_test_energy,SleepingTest
_result,69,2024-12-10 15:43:00.995522+00:00,2024-12-13 15:43:00.995522+00:00,2024-12-13 14:55:33.856033+00:00,569.5304,total_energy_pkg,unit_test_energy,SleepingTest
_result,69,2024-12-10 15:43:00.995522+00:00,2024-12-13 15:43:00.995522+00:00,2024-12-13 14:57:40.739349+00:00,570.0032,total_energy_pkg,unit_test_energy,SleepingTest
_result,69,2024-12-10 15:43:00.995522+00:00,2024-12-13 15:43:00.995522+00:00,2024-12-13 14:59:47.396589+00:00,570.0804,total_energy_pkg,unit_test_energy,SleepingTest
_result,69,2024-12-10 15:43:00.995522+00:00,2024-12-13 15:43:00.995522+00:00,2024-12-13 15:01:54.269859+00:00,383.0548,total_energy_pkg,unit_test_energy,SleepingTest
_result,69,2024-12-10 15:43:00.995522+00:00,2024-12-13 15:43:00.995522+00:00,2024-12-13 15:04:02.135260+00:00,687.7993,total_energy_pkg,unit_test_energy,SleepingTest
_result,69,2024-12-10 15:43:00.995522+00:00,2024-12-13 15:43:00.995522+00:00,2024-12-13 15:10:01.591162+00:00,569.3197,total_energy_pkg,unit_test_energy,SleepingTest
_result,69,2024-12-10 15:43:00.995522+00:00,2024-12-13 15:43:00.995522+00:00,2024-12-13 15:12:08.835704+00:00,569.6738,total_energy_pkg,unit_test_energy,SleepingTest
_result,69,2024-12-10 15:43:00.995522+00:00,2024-12-13 15:43:00.995522+00:00,2024-12-13 15:14:15.991465+00:00,570.3441,total_energy_pkg,unit_test_energy,SleepingTest
_result,69,2024-12-10 15:43:00.995522+00:00,2024-12-13 15:43:00.995522+00:00,2024-12-13 15:16:23.189944+00:00,570.3152,total_energy_pkg,unit_test_energy,SleepingTest
_result,69,2024-12-10 15:43:00.995522+00:00,2024-12-13 15:43:00.995522+00:00,2024-12-13 15:18:29.967579+00:00,570.5908,total_energy_pkg,unit_test_energy,SleepingTest
_result,69,2024-12-10 15:43:00.995522+00:00,2024-12-13 15:43:00.995522+00:00,2024-12-13 15:20:37.684033+00:00,569.7496,total_energy_pkg,unit_test_energy,SleepingTest
_result,69,2024-12-10 15:43:00.995522+00:00,2024-12-13 15:43:00.995522+00:00,2024-12-13 15:22:44.604853+00:00,570.0295,total_energy_pkg,unit_test_energy,SleepingTest
_result,69,2024-12-10 15:43:00.995522+00:00,2024-12-13 15:43:00.995522+00:00,2024-12-13 15:24:51.116090+00:00,569.4669,total_energy_pkg,unit_test_energy,SleepingTest
_result,69,2024-12-10 15:43:00.995522+00:00,2024-12-13 15:43:00.995522+00:00,2024-12-13 15:26:57.977000+00:00,570.2479,total_energy_pkg,unit_test_energy,SleepingTest
_result,69,2024-12-10 15:43:00.995522+00:00,2024-12-13 15:43:00.995522+00:00,2024-12-13 15:29:04.859564+00:00,570.259,total_energy_pkg,unit_test_energy,SleepingTest
_result,69,2024-12-10 15:43:00.995522+00:00,2024-12-13 15:43:00.995522+00:00,2024-12-13 15:31:11.533012+00:00,570.1899,total_energy_pkg,unit_test_energy,SleepingTest
_result,69,2024-12-10 15:43:00.995522+00:00,2024-12-13 15:43:00.995522+00:00,2024-12-13 15:33:18.249707+00:00,570.301,total_energy_pkg,unit_test_energy,SleepingTest
_result,69,2024-12-10 15:43:00.995522+00:00,2024-12-13 15:43:00.995522+00:00,2024-12-13 15:35:25.165412+00:00,569.7568,total_energy_pkg,unit_test_energy,SleepingTest
_result,69,2024-12-10 15:43:00.995522+00:00,2024-12-13 15:43:00.995522+00:00,2024-12-13 15:37:32.507318+00:00,570.1288,total_energy_pkg,unit_test_energy,SleepingTest
_result,69,2024-12-10 15:43:00.995522+00:00,2024-12-13 15:43:00.995522+00:00,2024-12-13 15:39:39.273370+00:00,569.9037,total_energy_pkg,unit_test_energy,SleepingTest
_result,70,2024-12-10 15:43:00.995522+00:00,2024-12-13 15:43:00.995522+00:00,2024-12-13 14:34:13.201002+00:00,45.3941,avg_energy_dram,unit_test_energy,Sort_SortsListCorrectly
_result,70,2024-12-10 15:43:00.995522+00:00,2024-12-13 15:43:00.995522+00:00,2024-12-13 14:36:20.555475+00:00,41.3593,avg_energy_dram,unit_test_energy,Sort_SortsListCorrectly
_result,70,2024-12-10 15:43:00.995522+00:00,2024-12-13 15:43:00.995522+00:00,2024-12-13 14:38:27.683510+00:00,45.8661,avg_energy_dram,unit_test_energy,Sort_SortsListCorrectly
_result,70,2024-12-10 15:43:00.995522+00:00,2024-12-13 15:43:00.995522+00:00,2024-12-13 14:40:34.939760+00:00,46.4452,avg_energy_dram,unit_test_energy,Sort_SortsListCorrectly
_result,70,2024-12-10 15:43:00.995522+00:00,2024-12-13 15:43:00.995522+00:00,2024-12-13 14:42:41.993954+00:00,46.8103,avg_energy_dram,unit_test_energy,Sort_SortsListCorrectly
_result,70,2024-12-10 15:43:00.995522+00:00,2024-12-13 15:43:00.995522+00:00,2024-12-13 14:44:48.892071+00:00,43.7823,avg_energy_dram,unit_test_energy,Sort_SortsListCorrectly
_result,70,2024-12-10 15:43:00.995522+00:00,2024-12-13 15:43:00.995522+00:00,2024-12-13 14:46:55.336489+00:00,44.2536,avg_energy_dram,unit_test_energy,Sort_SortsListCorrectly
_result,70,2024-12-10 15:43:00.995522+00:00,2024-12-13 15:43:00.995522+00:00,2024-12-13 14:49:02.229070+00:00,47.7089,avg_energy_dram,unit_test_energy,Sort_SortsListCorrectly
_result,70,2024-12-10 15:43:00.995522+00:00,2024-12-13 15:43:00.995522+00:00,2024-12-13 14:51:09.279956+00:00,46.7711,avg_energy_dram,unit_test_energy,Sort_SortsListCorrectly
_result,70,2024-12-10 15:43:00.995522+00:00,2024-12-13 15:43:00.995522+00:00,2024-12-13 14:53:16.813157+00:00,47.0582,avg_energy_dram,unit_test_energy,Sort_SortsListCorrectly
_result,70,2024-12-10 15:43:00.995522+00:00,2024-12-13 15:43:00.995522+00:00,2024-12-13 14:55:23.824880+00:00,53.6178,avg_energy_dram,unit_test_energy,Sort_SortsListCorrectly
_result,70,2024-12-10 15:43:00.995522+00:00,2024-12-13 15:43:00.995522+00:00,2024-12-13 14:57:30.710675+00:00,45.6961,avg_energy_dram,unit_test_energy,Sort_SortsListCorrectly
_result,70,2024-12-10 15:43:00.995522+00:00,2024-12-13 15:43:00.995522+00:00,2024-12-13 14:59:37.369035+00:00,45.5495,avg_energy_dram,unit_test_energy,Sort_SortsListCorrectly
_result,70,2024-12-10 15:43:00.995522+00:00,2024-12-13 15:43:00.995522+00:00,2024-12-13 15:01:44.241414+00:00,41.7456,avg_energy_dram,unit_test_energy,Sort_SortsListCorrectly
_result,70,2024-12-10 15:43:00.995522+00:00,2024-12-13 15:43:00.995522+00:00,2024-12-13 15:03:52.104450+00:00,50.2311,avg_energy_dram,unit_test_energy,Sort_SortsListCorrectly
_result,70,2024-12-10 15:43:00.995522+00:00,2024-12-13 15:43:00.995522+00:00,2024-12-13 15:09:51.563197+00:00,49.3728,avg_energy_dram,unit_test_energy,Sort_SortsListCorrectly
_result,70,2024-12-10 15:43:00.995522+00:00,2024-12-13 15:43:00.995522+00:00,2024-12-13 15:11:58.807679+00:00,42.3508,avg_energy_dram,unit_test_energy,Sort_SortsListCorrectly
_result,70,2024-12-10 15:43:00.995522+00:00,2024-12-13 15:43:00.995522+00:00,2024-12-13 15:14:05.963367+00:00,45.9623,avg_energy_dram,unit_test_energy,Sort_SortsListCorrectly
_result,70,2024-12-10 15:43:00.995522+00:00,2024-12-13 15:43:00.995522+00:00,2024-12-13 15:16:13.161230+00:00,45.5757,avg_energy_dram,unit_test_energy,Sort_SortsListCorrectly
_result,70,2024-12-10 15:43:00.995522+00:00,2024-12-13 15:43:00.995522+00:00,2024-12-13 15:18:19.939931+00:00,46.7219,avg_energy_dram,unit_test_energy,Sort_SortsListCorrectly
_result,70,2024-12-10 15:43:00.995522+00:00,2024-12-13 15:43:00.995522+00:00,2024-12-13 15:20:27.656263+00:00,45.4888,avg_energy_dram,unit_test_energy,Sort_SortsListCorrectly
_result,70,2024-12-10 15:43:00.995522+00:00,2024-12-13 15:43:00.995522+00:00,2024-12-13 15:22:34.575601+00:00,46.5534,avg_energy_dram,unit_test_energy,Sort_SortsListCorrectly
_result,70,2024-12-10 15:43:00.995522+00:00,2024-12-13 15:43:00.995522+00:00,2024-12-13 15:24:41.084821+00:00,49.3152,avg_energy_dram,unit_test_energy,Sort_SortsListCorrectly
_result,70,2024-12-10 15:43:00.995522+00:00,2024-12-13 15:43:00.995522+00:00,2024-12-13 15:26:47.947672+00:00,48.4583,avg_energy_dram,unit_test_energy,Sort_SortsListCorrectly
_result,70,2024-12-10 15:43:00.995522+00:00,2024-12-13 15:43:00.995522+00:00,2024-12-13 15:28:54.831559+00:00,44.2831,avg_energy_dram,unit_test_energy,Sort_SortsListCorrectly
_result,70,2024-12-10 15:43:00.995522+00:00,2024-12-13 15:43:00.995522+00:00,2024-12-13 15:31:01.503759+00:00,45.6087,avg_energy_dram,unit_test_energy,Sort_SortsListCorrectly
_result,70,2024-12-10 15:43:00.995522+00:00,2024-12-13 15:43:00.995522+00:00,2024-12-13 15:33:08.221447+00:00,46.6921,avg_energy_dram,unit_test_energy,Sort_SortsListCorrectly
_result,70,2024-12-10 15:43:00.995522+00:00,2024-12-13 15:43:00.995522+00:00,2024-12-13 15:35:15.136964+00:00,44.4649,avg_energy_dram,unit_test_energy,Sort_SortsListCorrectly
_result,70,2024-12-10 15:43:00.995522+00:00,2024-12-13 15:43:00.995522+00:00,2024-12-13 15:37:22.479336+00:00,45.0617,avg_energy_dram,unit_test_energy,Sort_SortsListCorrectly
_result,70,2024-12-10 15:43:00.995522+00:00,2024-12-13 15:43:00.995522+00:00,2024-12-13 15:39:29.245297+00:00,45.6837,avg_energy_dram,unit_test_energy,Sort_SortsListCorrectly
_result,71,2024-12-10 15:43:00.995522+00:00,2024-12-13 15:43:00.995522+00:00,2024-12-13 14:34:13.201002+00:00,117.3072,avg_energy_pkg,unit_test_energy,Sort_SortsListCorrectly
_result,71,2024-12-10 15:43:00.995522+00:00,2024-12-13 15:43:00.995522+00:00,2024-12-13 14:36:20.555475+00:00,106.3132,avg_energy_pkg,unit_test_energy,Sort_SortsListCorrectly
_result,71,2024-12-10 15:43:00.995522+00:00,2024-12-13 15:43:00.995522+00:00,2024-12-13 14:38:27.683510+00:00,118.6185,avg_energy_pkg,unit_test_energy,Sort_SortsListCorrectly
_result,71,2024-12-10 15:43:00.995522+00:00,2024-12-13 15:43:00.995522+00:00,2024-12-13 14:40:34.939760+00:00,119.4988,avg_energy_pkg,unit_test_energy,Sort_SortsListCorrectly
_result,71,2024-12-10 15:43:00.995522+00:00,2024-12-13 15:43:00.995522+00:00,2024-12-13 14:42:41.993954+00:00,116.0006,avg_energy_pkg,unit_test_energy,Sort_SortsListCorrectly
_result,71,2024-12-10 15:43:00.995522+00:00,2024-12-13 15:43:00.995522+00:00,2024-12-13 14:44:48.892071+00:00,111.66,avg_energy_pkg,unit_test_energy,Sort_SortsListCorrectly
_result,71,2024-12-10 15:43:00.995522+00:00,2024-12-13 15:43:00.995522+00:00,2024-12-13 14:46:55.336489+00:00,112.6873,avg_energy_pkg,unit_test_energy,Sort_SortsListCorrectly
_result,71,2024-12-10 15:43:00.995522+00:00,2024-12-13 15:43:00.995522+00:00,2024-12-13 14:49:02.229070+00:00,121.4219,avg_energy_pkg,unit_test_energy,Sort_SortsListCorrectly
_result,71,2024-12-10 15:43:00.995522+00:00,2024-12-13 15:43:00.995522+00:00,2024-12-13 14:51:09.279956+00:00,122.0508,avg_energy_pkg,unit_test_energy,Sort_SortsListCorrectly
_result,71,2024-12-10 15:43:00.995522+00:00,2024-12-13 15:43:00.995522+00:00,2024-12-13 14:53:16.813157+00:00,121.6948,avg_energy_pkg,unit_test_energy,Sort_SortsListCorrectly
_result,71,2024-12-10 15:43:00.995522+00:00,2024-12-13 15:43:00.995522+00:00,2024-12-13 14:55:23.824880+00:00,139.7362,avg_energy_pkg,unit_test_energy,Sort_SortsListCorrectly
_result,71,2024-12-10 15:43:00.995522+00:00,2024-12-13 15:43:00.995522+00:00,2024-12-13 14:57:30.710675+00:00,117.8997,avg_energy_pkg,unit_test_energy,Sort_SortsListCorrectly
_result,71,2024-12-10 15:43:00.995522+00:00,2024-12-13 15:43:00.995522+00:00,2024-12-13 14:59:37.369035+00:00,117.8111,avg_energy_pkg,unit_test_energy,Sort_SortsListCorrectly
_result,71,2024-12-10 15:43:00.995522+00:00,2024-12-13 15:43:00.995522+00:00,2024-12-13 15:01:44.241414+00:00,107.2046,avg_energy_pkg,unit_test_energy,Sort_SortsListCorrectly
_result,71,2024-12-10 15:43:00.995522+00:00,2024-12-13 15:43:00.995522+00:00,2024-12-13 15:03:52.104450+00:00,140.3673,avg_energy_pkg,unit_test_energy,Sort_SortsListCorrectly
_result,71,2024-12-10 15:43:00.995522+00:00,2024-12-13 15:43:00.995522+00:00,2024-12-13 15:09:51.563197+00:00,122.9912,avg_energy_pkg,unit_test_energy,Sort_SortsListCorrectly
_result,71,2024-12-10 15:43:00.995522+00:00,2024-12-13 15:43:00.995522+00:00,2024-12-13 15:11:58.807679+00:00,109.3961,avg_energy_pkg,unit_test_energy,Sort_SortsListCorrectly
_result,71,2024-12-10 15:43:00.995522+00:00,2024-12-13 15:43:00.995522+00:00,2024-12-13 15:14:05.963367+00:00,118.8216,avg_energy_pkg,unit_test_energy,Sort_SortsListCorrectly
_result,71,2024-12-10 15:43:00.995522+00:00,2024-12-13 15:43:00.995522+00:00,2024-12-13 15:16:13.161230+00:00,118.3428,avg_energy_pkg,unit_test_energy,Sort_SortsListCorrectly
_result,71,2024-12-10 15:43:00.995522+00:00,2024-12-13 15:43:00.995522+00:00,2024-12-13 15:18:19.939931+00:00,124.6631,avg_energy_pkg,unit_test_energy,Sort_SortsListCorrectly
_result,71,2024-12-10 15:43:00.995522+00:00,2024-12-13 15:43:00.995522+00:00,2024-12-13 15:20:27.656263+00:00,117.525,avg_energy_pkg,unit_test_energy,Sort_SortsListCorrectly
_result,71,2024-12-10 15:43:00.995522+00:00,2024-12-13 15:43:00.995522+00:00,2024-12-13 15:22:34.575601+00:00,120.7079,avg_energy_pkg,unit_test_energy,Sort_SortsListCorrectly
_result,71,2024-12-10 15:43:00.995522+00:00,2024-12-13 15:43:00.995522+00:00,2024-12-13 15:24:41.084821+00:00,126.305,avg_energy_pkg,unit_test_energy,Sort_SortsListCorrectly
_result,71,2024-12-10 15:43:00.995522+00:00,2024-12-13 15:43:00.995522+00:00,2024-12-13 15:26:47.947672+00:00,124.1026,avg_energy_pkg,unit_test_energy,Sort_SortsListCorrectly
_result,71,2024-12-10 15:43:00.995522+00:00,2024-12-13 15:43:00.995522+00:00,2024-12-13 15:28:54.831559+00:00,116.7978,avg_energy_pkg,unit_test_energy,Sort_SortsListCorrectly
_result,71,2024-12-10 15:43:00.995522+00:00,2024-12-13 15:43:00.995522+00:00,2024-12-13 15:31:01.503759+00:00,119.3463,avg_energy_pkg,unit_test_energy,Sort_SortsListCorrectly
_result,71,2024-12-10 15:43:00.995522+00:00,2024-12-13 15:43:00.995522+00:00,2024-12-13 15:33:08.221447+00:00,119.1431,avg_energy_pkg,unit_test_energy,Sort_SortsListCorrectly
_result,71,2024-12-10 15:43:00.995522+00:00,2024-12-13 15:43:00.995522+00:00,2024-12-13 15:35:15.136964+00:00,113.2179,avg_energy_pkg,unit_test_energy,Sort_SortsListCorrectly
_result,71,2024-12-10 15:43:00.995522+00:00,2024-12-13 15:43:00.995522+00:00,2024-12-13 15:37:22.479336+00:00,118.0468,avg_energy_pkg,unit_test_energy,Sort_SortsListCorrectly
_result,71,2024-12-10 15:43:00.995522+00:00,2024-12-13 15:43:00.995522+00:00,2024-12-13 15:39:29.245297+00:00,120.3441,avg_energy_pkg,unit_test_energy,Sort_SortsListCorrectly
_result,72,2024-12-10 15:43:00.995522+00:00,2024-12-13 15:43:00.995522+00:00,2024-12-13 14:34:13.201002+00:00,0.005,duration,unit_test_energy,Sort_SortsListCorrectly
_result,72,2024-12-10 15:43:00.995522+00:00,2024-12-13 15:43:00.995522+00:00,2024-12-13 14:36:20.555475+00:00,0.0049,duration,unit_test_energy,Sort_SortsListCorrectly
_result,72,2024-12-10 15:43:00.995522+00:00,2024-12-13 15:43:00.995522+00:00,2024-12-13 14:38:27.683510+00:00,0.005,duration,unit_test_energy,Sort_SortsListCorrectly
_result,72,2024-12-10 15:43:00.995522+00:00,2024-12-13 15:43:00.995522+00:00,2024-12-13 14:40:34.939760+00:00,0.0049,duration,unit_test_energy,Sort_SortsListCorrectly
_result,72,2024-12-10 15:43:00.995522+00:00,2024-12-13 15:43:00.995522+00:00,2024-12-13 14:42:41.993954+00:00,0.005,duration,unit_test_energy,Sort_SortsListCorrectly
_result,72,2024-12-10 15:43:00.995522+00:00,2024-12-13 15:43:00.995522+00:00,2024-12-13 14:44:48.892071+00:00,0.0052,duration,unit_test_energy,Sort_SortsListCorrectly
_result,72,2024-12-10 15:43:00.995522+00:00,2024-12-13 15:43:00.995522+00:00,2024-12-13 14:46:55.336489+00:00,0.0052,duration,unit_test_energy,Sort_SortsListCorrectly
_result,72,2024-12-10 15:43:00.995522+00:00,2024-12-13 15:43:00.995522+00:00,2024-12-13 14:49:02.229070+00:00,0.0053,duration,unit_test_energy,Sort_SortsListCorrectly
_result,72,2024-12-10 15:43:00.995522+00:00,2024-12-13 15:43:00.995522+00:00,2024-12-13 14:51:09.279956+00:00,0.0049,duration,unit_test_energy,Sort_SortsListCorrectly
_result,72,2024-12-10 15:43:00.995522+00:00,2024-12-13 15:43:00.995522+00:00,2024-12-13 14:53:16.813157+00:00,0.0048,duration,unit_test_energy,Sort_SortsListCorrectly
_result,72,2024-12-10 15:43:00.995522+00:00,2024-12-13 15:43:00.995522+00:00,2024-12-13 14:55:23.824880+00:00,0.0051,duration,unit_test_energy,Sort_SortsListCorrectly
_result,72,2024-12-10 15:43:00.995522+00:00,2024-12-13 15:43:00.995522+00:00,2024-12-13 14:57:30.710675+00:00,0.005,duration,unit_test_energy,Sort_SortsListCorrectly
_result,72,2024-12-10 15:43:00.995522+00:00,2024-12-13 15:43:00.995522+00:00,2024-12-13 14:59:37.369035+00:00,0.005,duration,unit_test_energy,Sort_SortsListCorrectly
_result,72,2024-12-10 15:43:00.995522+00:00,2024-12-13 15:43:00.995522+00:00,2024-12-13 15:01:44.241414+00:00,0.0049,duration,unit_test_energy,Sort_SortsListCorrectly
_result,72,2024-12-10 15:43:00.995522+00:00,2024-12-13 15:43:00.995522+00:00,2024-12-13 15:03:52.104450+00:00,0.0051,duration,unit_test_energy,Sort_SortsListCorrectly
_result,72,2024-12-10 15:43:00.995522+00:00,2024-12-13 15:43:00.995522+00:00,2024-12-13 15:09:51.563197+00:00,0.005,duration,unit_test_energy,Sort_SortsListCorrectly
_result,72,2024-12-10 15:43:00.995522+00:00,2024-12-13 15:43:00.995522+00:00,2024-12-13 15:11:58.807679+00:00,0.0049,duration,unit_test_energy,Sort_SortsListCorrectly
_result,72,2024-12-10 15:43:00.995522+00:00,2024-12-13 15:43:00.995522+00:00,2024-12-13 15:14:05.963367+00:00,0.0049,duration,unit_test_energy,Sort_SortsListCorrectly
_result,72,2024-12-10 15:43:00.995522+00:00,2024-12-13 15:43:00.995522+00:00,2024-12-13 15:16:13.161230+00:00,0.005,duration,unit_test_energy,Sort_SortsListCorrectly
_result,72,2024-12-10 15:43:00.995522+00:00,2024-12-13 15:43:00.995522+00:00,2024-12-13 15:18:19.939931+00:00,0.0048,duration,unit_test_energy,Sort_SortsListCorrectly
_result,72,2024-12-10 15:43:00.995522+00:00,2024-12-13 15:43:00.995522+00:00,2024-12-13 15:20:27.656263+00:00,0.005,duration,unit_test_energy,Sort_SortsListCorrectly
_result,72,2024-12-10 15:43:00.995522+00:00,2024-12-13 15:43:00.995522+00:00,2024-12-13 15:22:34.575601+00:00,0.0049,duration,unit_test_energy,Sort_SortsListCorrectly
_result,72,2024-12-10 15:43:00.995522+00:00,2024-12-13 15:43:00.995522+00:00,2024-12-13 15:24:41.084821+00:00,0.0051,duration,unit_test_energy,Sort_SortsListCorrectly
_result,72,2024-12-10 15:43:00.995522+00:00,2024-12-13 15:43:00.995522+00:00,2024-12-13 15:26:47.947672+00:00,0.0053,duration,unit_test_energy,Sort_SortsListCorrectly
_result,72,2024-12-10 15:43:00.995522+00:00,2024-12-13 15:43:00.995522+00:00,2024-12-13 15:28:54.831559+00:00,0.0051,duration,unit_test_energy,Sort_SortsListCorrectly
_result,72,2024-12-10 15:43:00.995522+00:00,2024-12-13 15:43:00.995522+00:00,2024-12-13 15:31:01.503759+00:00,0.005,duration,unit_test_energy,Sort_SortsListCorrectly
_result,72,2024-12-10 15:43:00.995522+00:00,2024-12-13 15:43:00.995522+00:00,2024-12-13 15:33:08.221447+00:00,0.0049,duration,unit_test_energy,Sort_SortsListCorrectly
_result,72,2024-12-10 15:43:00.995522+00:00,2024-12-13 15:43:00.995522+00:00,2024-12-13 15:35:15.136964+00:00,0.0051,duration,unit_test_energy,Sort_SortsListCorrectly
_result,72,2024-12-10 15:43:00.995522+00:00,2024-12-13 15:43:00.995522+00:00,2024-12-13 15:37:22.479336+00:00,0.005,duration,unit_test_energy,Sort_SortsListCorrectly
_result,72,2024-12-10 15:43:00.995522+00:00,2024-12-13 15:43:00.995522+00:00,2024-12-13 15:39:29.245297+00:00,0.0049,duration,unit_test_energy,Sort_SortsListCorrectly
_result,73,2024-12-10 15:43:00.995522+00:00,2024-12-13 15:43:00.995522+00:00,2024-12-13 14:34:13.201002+00:00,0.0,median_energy_dram,unit_test_energy,Sort_SortsListCorrectly
_result,73,2024-12-10 15:43:00.995522+00:00,2024-12-13 15:43:00.995522+00:00,2024-12-13 14:36:20.555475+00:00,0.0,median_energy_dram,unit_test_energy,Sort_SortsListCorrectly
_result,73,2024-12-10 15:43:00.995522+00:00,2024-12-13 15:43:00.995522+00:00,2024-12-13 14:38:27.683510+00:00,0.0,median_energy_dram,unit_test_energy,Sort_SortsListCorrectly
_result,73,2024-12-10 15:43:00.995522+00:00,2024-12-13 15:43:00.995522+00:00,2024-12-13 14:40:34.939760+00:00,0.0,median_energy_dram,unit_test_energy,Sort_SortsListCorrectly
_result,73,2024-12-10 15:43:00.995522+00:00,2024-12-13 15:43:00.995522+00:00,2024-12-13 14:42:41.993954+00:00,0.0,median_energy_dram,unit_test_energy,Sort_SortsListCorrectly
_result,73,2024-12-10 15:43:00.995522+00:00,2024-12-13 15:43:00.995522+00:00,2024-12-13 14:44:48.892071+00:00,0.0,median_energy_dram,unit_test_energy,Sort_SortsListCorrectly
_result,73,2024-12-10 15:43:00.995522+00:00,2024-12-13 15:43:00.995522+00:00,2024-12-13 14:46:55.336489+00:00,0.0,median_energy_dram,unit_test_energy,Sort_SortsListCorrectly
_result,73,2024-12-10 15:43:00.995522+00:00,2024-12-13 15:43:00.995522+00:00,2024-12-13 14:49:02.229070+00:00,0.0,median_energy_dram,unit_test_energy,Sort_SortsListCorrectly
_result,73,2024-12-10 15:43:00.995522+00:00,2024-12-13 15:43:00.995522+00:00,2024-12-13 14:51:09.279956+00:00,0.0,median_energy_dram,unit_test_energy,Sort_SortsListCorrectly
_result,73,2024-12-10 15:43:00.995522+00:00,2024-12-13 15:43:00.995522+00:00,2024-12-13 14:53:16.813157+00:00,0.0,median_energy_dram,unit_test_energy,Sort_SortsListCorrectly
_result,73,2024-12-10 15:43:00.995522+00:00,2024-12-13 15:43:00.995522+00:00,2024-12-13 14:55:23.824880+00:00,0.0,median_energy_dram,unit_test_energy,Sort_SortsListCorrectly
_result,73,2024-12-10 15:43:00.995522+00:00,2024-12-13 15:43:00.995522+00:00,2024-12-13 14:57:30.710675+00:00,0.0,median_energy_dram,unit_test_energy,Sort_SortsListCorrectly
_result,73,2024-12-10 15:43:00.995522+00:00,2024-12-13 15:43:00.995522+00:00,2024-12-13 14:59:37.369035+00:00,0.0,median_energy_dram,unit_test_energy,Sort_SortsListCorrectly
_result,73,2024-12-10 15:43:00.995522+00:00,2024-12-13 15:43:00.995522+00:00,2024-12-13 15:01:44.241414+00:00,0.0,median_energy_dram,unit_test_energy,Sort_SortsListCorrectly
_result,73,2024-12-10 15:43:00.995522+00:00,2024-12-13 15:43:00.995522+00:00,2024-12-13 15:03:52.104450+00:00,0.0,median_energy_dram,unit_test_energy,Sort_SortsListCorrectly
_result,73,2024-12-10 15:43:00.995522+00:00,2024-12-13 15:43:00.995522+00:00,2024-12-13 15:09:51.563197+00:00,0.0,median_energy_dram,unit_test_energy,Sort_SortsListCorrectly
_result,73,2024-12-10 15:43:00.995522+00:00,2024-12-13 15:43:00.995522+00:00,2024-12-13 15:11:58.807679+00:00,0.0,median_energy_dram,unit_test_energy,Sort_SortsListCorrectly
_result,73,2024-12-10 15:43:00.995522+00:00,2024-12-13 15:43:00.995522+00:00,2024-12-13 15:14:05.963367+00:00,0.0,median_energy_dram,unit_test_energy,Sort_SortsListCorrectly
_result,73,2024-12-10 15:43:00.995522+00:00,2024-12-13 15:43:00.995522+00:00,2024-12-13 15:16:13.161230+00:00,0.0,median_energy_dram,unit_test_energy,Sort_SortsListCorrectly
_result,73,2024-12-10 15:43:00.995522+00:00,2024-12-13 15:43:00.995522+00:00,2024-12-13 15:18:19.939931+00:00,0.0,median_energy_dram,unit_test_energy,Sort_SortsListCorrectly
_result,73,2024-12-10 15:43:00.995522+00:00,2024-12-13 15:43:00.995522+00:00,2024-12-13 15:20:27.656263+00:00,0.0,median_energy_dram,unit_test_energy,Sort_SortsListCorrectly
_result,73,2024-12-10 15:43:00.995522+00:00,2024-12-13 15:43:00.995522+00:00,2024-12-13 15:22:34.575601+00:00,0.0,median_energy_dram,unit_test_energy,Sort_SortsListCorrectly
_result,73,2024-12-10 15:43:00.995522+00:00,2024-12-13 15:43:00.995522+00:00,2024-12-13 15:24:41.084821+00:00,0.0,median_energy_dram,unit_test_energy,Sort_SortsListCorrectly
_result,73,2024-12-10 15:43:00.995522+00:00,2024-12-13 15:43:00.995522+00:00,2024-12-13 15:26:47.947672+00:00,0.0,median_energy_dram,unit_test_energy,Sort_SortsListCorrectly
_result,73,2024-12-10 15:43:00.995522+00:00,2024-12-13 15:43:00.995522+00:00,2024-12-13 15:28:54.831559+00:00,0.0,median_energy_dram,unit_test_energy,Sort_SortsListCorrectly
_result,73,2024-12-10 15:43:00.995522+00:00,2024-12-13 15:43:00.995522+00:00,2024-12-13 15:31:01.503759+00:00,0.0,median_energy_dram,unit_test_energy,Sort_SortsListCorrectly
_result,73,2024-12-10 15:43:00.995522+00:00,2024-12-13 15:43:00.995522+00:00,2024-12-13 15:33:08.221447+00:00,0.0,median_energy_dram,unit_test_energy,Sort_SortsListCorrectly
_result,73,2024-12-10 15:43:00.995522+00:00,2024-12-13 15:43:00.995522+00:00,2024-12-13 15:35:15.136964+00:00,0.0,median_energy_dram,unit_test_energy,Sort_SortsListCorrectly
_result,73,2024-12-10 15:43:00.995522+00:00,2024-12-13 15:43:00.995522+00:00,2024-12-13 15:37:22.479336+00:00,0.0,median_energy_dram,unit_test_energy,Sort_SortsListCorrectly
_result,73,2024-12-10 15:43:00.995522+00:00,2024-12-13 15:43:00.995522+00:00,2024-12-13 15:39:29.245297+00:00,0.0,median_energy_dram,unit_test_energy,Sort_SortsListCorrectly
_result,74,2024-12-10 15:43:00.995522+00:00,2024-12-13 15:43:00.995522+00:00,2024-12-13 14:34:13.201002+00:00,0.0,median_energy_pkg,unit_test_energy,Sort_SortsListCorrectly
_result,74,2024-12-10 15:43:00.995522+00:00,2024-12-13 15:43:00.995522+00:00,2024-12-13 14:36:20.555475+00:00,0.0,median_energy_pkg,unit_test_energy,Sort_SortsListCorrectly
_result,74,2024-12-10 15:43:00.995522+00:00,2024-12-13 15:43:00.995522+00:00,2024-12-13 14:38:27.683510+00:00,0.0,median_energy_pkg,unit_test_energy,Sort_SortsListCorrectly
_result,74,2024-12-10 15:43:00.995522+00:00,2024-12-13 15:43:00.995522+00:00,2024-12-13 14:40:34.939760+00:00,0.0,median_energy_pkg,unit_test_energy,Sort_SortsListCorrectly
_result,74,2024-12-10 15:43:00.995522+00:00,2024-12-13 15:43:00.995522+00:00,2024-12-13 14:42:41.993954+00:00,0.0,median_energy_pkg,unit_test_energy,Sort_SortsListCorrectly
_result,74,2024-12-10 15:43:00.995522+00:00,2024-12-13 15:43:00.995522+00:00,2024-12-13 14:44:48.892071+00:00,0.0,median_energy_pkg,unit_test_energy,Sort_SortsListCorrectly
_result,74,2024-12-10 15:43:00.995522+00:00,2024-12-13 15:43:00.995522+00:00,2024-12-13 14:46:55.336489+00:00,0.0,median_energy_pkg,unit_test_energy,Sort_SortsListCorrectly
_result,74,2024-12-10 15:43:00.995522+00:00,2024-12-13 15:43:00.995522+00:00,2024-12-13 14:49:02.229070+00:00,0.0,median_energy_pkg,unit_test_energy,Sort_SortsListCorrectly
_result,74,2024-12-10 15:43:00.995522+00:00,2024-12-13 15:43:00.995522+00:00,2024-12-13 14:51:09.279956+00:00,0.0,median_energy_pkg,unit_test_energy,Sort_SortsListCorrectly
_result,74,2024-12-10 15:43:00.995522+00:00,2024-12-13 15:43:00.995522+00:00,2024-12-13 14:53:16.813157+00:00,0.0,median_energy_pkg,unit_test_energy,Sort_SortsListCorrectly
_result,74,2024-12-10 15:43:00.995522+00:00,2024-12-13 15:43:00.995522+00:00,2024-12-13 14:55:23.824880+00:00,0.0,median_energy_pkg,unit_test_energy,Sort_SortsListCorrectly
_result,74,2024-12-10 15:43:00.995522+00:00,2024-12-13 15:43:00.995522+00:00,2024-12-13 14:57:30.710675+00:00,0.0,median_energy_pkg,unit_test_energy,Sort_SortsListCorrectly
_result,74,2024-12-10 15:43:00.995522+00:00,2024-12-13 15:43:00.995522+00:00,2024-12-13 14:59:37.369035+00:00,0.0,median_energy_pkg,unit_test_energy,Sort_SortsListCorrectly
_result,74,2024-12-10 15:43:00.995522+00:00,2024-12-13 15:43:00.995522+00:00,2024-12-13 15:01:44.241414+00:00,0.0,median_energy_pkg,unit_test_energy,Sort_SortsListCorrectly
_result,74,2024-12-10 15:43:00.995522+00:00,2024-12-13 15:43:00.995522+00:00,2024-12-13 15:03:52.104450+00:00,0.0,median_energy_pkg,unit_test_energy,Sort_SortsListCorrectly
_result,74,2024-12-10 15:43:00.995522+00:00,2024-12-13 15:43:00.995522+00:00,2024-12-13 15:09:51.563197+00:00,0.0,median_energy_pkg,unit_test_energy,Sort_SortsListCorrectly
_result,74,2024-12-10 15:43:00.995522+00:00,2024-12-13 15:43:00.995522+00:00,2024-12-13 15:11:58.807679+00:00,0.0,median_energy_pkg,unit_test_energy,Sort_SortsListCorrectly
_result,74,2024-12-10 15:43:00.995522+00:00,2024-12-13 15:43:00.995522+00:00,2024-12-13 15:14:05.963367+00:00,0.0,median_energy_pkg,unit_test_energy,Sort_SortsListCorrectly
_result,74,2024-12-10 15:43:00.995522+00:00,2024-12-13 15:43:00.995522+00:00,2024-12-13 15:16:13.161230+00:00,0.0,median_energy_pkg,unit_test_energy,Sort_SortsListCorrectly
_result,74,2024-12-10 15:43:00.995522+00:00,2024-12-13 15:43:00.995522+00:00,2024-12-13 15:18:19.939931+00:00,0.0,median_energy_pkg,unit_test_energy,Sort_SortsListCorrectly
_result,74,2024-12-10 15:43:00.995522+00:00,2024-12-13 15:43:00.995522+00:00,2024-12-13 15:20:27.656263+00:00,0.0,median_energy_pkg,unit_test_energy,Sort_SortsListCorrectly
_result,74,2024-12-10 15:43:00.995522+00:00,2024-12-13 15:43:00.995522+00:00,2024-12-13 15:22:34.575601+00:00,0.0,median_energy_pkg,unit_test_energy,Sort_SortsListCorrectly
_result,74,2024-12-10 15:43:00.995522+00:00,2024-12-13 15:43:00.995522+00:00,2024-12-13 15:24:41.084821+00:00,0.0,median_energy_pkg,unit_test_energy,Sort_SortsListCorrectly
_result,74,2024-12-10 15:43:00.995522+00:00,2024-12-13 15:43:00.995522+00:00,2024-12-13 15:26:47.947672+00:00,0.0,median_energy_pkg,unit_test_energy,Sort_SortsListCorrectly
_result,74,2024-12-10 15:43:00.995522+00:00,2024-12-13 15:43:00.995522+00:00,2024-12-13 15:28:54.831559+00:00,0.0,median_energy_pkg,unit_test_energy,Sort_SortsListCorrectly
_result,74,2024-12-10 15:43:00.995522+00:00,2024-12-13 15:43:00.995522+00:00,2024-12-13 15:31:01.503759+00:00,0.0,median_energy_pkg,unit_test_energy,Sort_SortsListCorrectly
_result,74,2024-12-10 15:43:00.995522+00:00,2024-12-13 15:43:00.995522+00:00,2024-12-13 15:33:08.221447+00:00,0.0,median_energy_pkg,unit_test_energy,Sort_SortsListCorrectly
_result,74,2024-12-10 15:43:00.995522+00:00,2024-12-13 15:43:00.995522+00:00,2024-12-13 15:35:15.136964+00:00,0.0,median_energy_pkg,unit_test_energy,Sort_SortsListCorrectly
_result,74,2024-12-10 15:43:00.995522+00:00,2024-12-13 15:43:00.995522+00:00,2024-12-13 15:37:22.479336+00:00,0.0,median_energy_pkg,unit_test_energy,Sort_SortsListCorrectly
_result,74,2024-12-10 15:43:00.995522+00:00,2024-12-13 15:43:00.995522+00:00,2024-12-13 15:39:29.245297+00:00,0.0,median_energy_pkg,unit_test_energy,Sort_SortsListCorrectly
_result,75,2024-12-10 15:43:00.995522+00:00,2024-12-13 15:43:00.995522+00:00,2024-12-13 14:34:13.201002+00:00,0.2265,total_energy_dram,unit_test_energy,Sort_SortsListCorrectly
_result,75,2024-12-10 15:43:00.995522+00:00,2024-12-13 15:43:00.995522+00:00,2024-12-13 14:36:20.555475+00:00,0.2018,total_energy_dram,unit_test_energy,Sort_SortsListCorrectly
_result,75,2024-12-10 15:43:00.995522+00:00,2024-12-13 15:43:00.995522+00:00,2024-12-13 14:38:27.683510+00:00,0.228,total_energy_dram,unit_test_energy,Sort_SortsListCorrectly
_result,75,2024-12-10 15:43:00.995522+00:00,2024-12-13 15:43:00.995522+00:00,2024-12-13 14:40:34.939760+00:00,0.2287,total_energy_dram,unit_test_energy,Sort_SortsListCorrectly
_result,75,2024-12-10 15:43:00.995522+00:00,2024-12-13 15:43:00.995522+00:00,2024-12-13 14:42:41.993954+00:00,0.2359,total_energy_dram,unit_test_energy,Sort_SortsListCorrectly
_result,75,2024-12-10 15:43:00.995522+00:00,2024-12-13 15:43:00.995522+00:00,2024-12-13 14:44:48.892071+00:00,0.2291,total_energy_dram,unit_test_energy,Sort_SortsListCorrectly
_result,75,2024-12-10 15:43:00.995522+00:00,2024-12-13 15:43:00.995522+00:00,2024-12-13 14:46:55.336489+00:00,0.2289,total_energy_dram,unit_test_energy,Sort_SortsListCorrectly
_result,75,2024-12-10 15:43:00.995522+00:00,2024-12-13 15:43:00.995522+00:00,2024-12-13 14:49:02.229070+00:00,0.2514,total_energy_dram,unit_test_energy,Sort_SortsListCorrectly
_result,75,2024-12-10 15:43:00.995522+00:00,2024-12-13 15:43:00.995522+00:00,2024-12-13 14:51:09.279956+00:00,0.2279,total_energy_dram,unit_test_energy,Sort_SortsListCorrectly
_result,75,2024-12-10 15:43:00.995522+00:00,2024-12-13 15:43:00.995522+00:00,2024-12-13 14:53:16.813157+00:00,0.2269,total_energy_dram,unit_test_energy,Sort_SortsListCorrectly
_result,75,2024-12-10 15:43:00.995522+00:00,2024-12-13 15:43:00.995522+00:00,2024-12-13 14:55:23.824880+00:00,0.2733,total_energy_dram,unit_test_energy,Sort_SortsListCorrectly
_result,75,2024-12-10 15:43:00.995522+00:00,2024-12-13 15:43:00.995522+00:00,2024-12-13 14:57:30.710675+00:00,0.2277,total_energy_dram,unit_test_energy,Sort_SortsListCorrectly
_result,75,2024-12-10 15:43:00.995522+00:00,2024-12-13 15:43:00.995522+00:00,2024-12-13 14:59:37.369035+00:00,0.226,total_energy_dram,unit_test_energy,Sort_SortsListCorrectly
_result,75,2024-12-10 15:43:00.995522+00:00,2024-12-13 15:43:00.995522+00:00,2024-12-13 15:01:44.241414+00:00,0.2048,total_energy_dram,unit_test_energy,Sort_SortsListCorrectly
_result,75,2024-12-10 15:43:00.995522+00:00,2024-12-13 15:43:00.995522+00:00,2024-12-13 15:03:52.104450+00:00,0.2564,total_energy_dram,unit_test_energy,Sort_SortsListCorrectly
_result,75,2024-12-10 15:43:00.995522+00:00,2024-12-13 15:43:00.995522+00:00,2024-12-13 15:09:51.563197+00:00,0.247,total_energy_dram,unit_test_energy,Sort_SortsListCorrectly
_result,75,2024-12-10 15:43:00.995522+00:00,2024-12-13 15:43:00.995522+00:00,2024-12-13 15:11:58.807679+00:00,0.2081,total_energy_dram,unit_test_energy,Sort_SortsListCorrectly
_result,75,2024-12-10 15:43:00.995522+00:00,2024-12-13 15:43:00.995522+00:00,2024-12-13 15:14:05.963367+00:00,0.227,total_energy_dram,unit_test_energy,Sort_SortsListCorrectly
_result,75,2024-12-10 15:43:00.995522+00:00,2024-12-13 15:43:00.995522+00:00,2024-12-13 15:16:13.161230+00:00,0.2257,total_energy_dram,unit_test_energy,Sort_SortsListCorrectly
_result,75,2024-12-10 15:43:00.995522+00:00,2024-12-13 15:43:00.995522+00:00,2024-12-13 15:18:19.939931+00:00,0.2261,total_energy_dram,unit_test_energy,Sort_SortsListCorrectly
_result,75,2024-12-10 15:43:00.995522+00:00,2024-12-13 15:43:00.995522+00:00,2024-12-13 15:20:27.656263+00:00,0.2256,total_energy_dram,unit_test_energy,Sort_SortsListCorrectly
_result,75,2024-12-10 15:43:00.995522+00:00,2024-12-13 15:43:00.995522+00:00,2024-12-13 15:22:34.575601+00:00,0.2259,total_energy_dram,unit_test_energy,Sort_SortsListCorrectly
_result,75,2024-12-10 15:43:00.995522+00:00,2024-12-13 15:43:00.995522+00:00,2024-12-13 15:24:41.084821+00:00,0.253,total_energy_dram,unit_test_energy,Sort_SortsListCorrectly
_result,75,2024-12-10 15:43:00.995522+00:00,2024-12-13 15:43:00.995522+00:00,2024-12-13 15:26:47.947672+00:00,0.2559,total_energy_dram,unit_test_energy,Sort_SortsListCorrectly
_result,75,2024-12-10 15:43:00.995522+00:00,2024-12-13 15:43:00.995522+00:00,2024-12-13 15:28:54.831559+00:00,0.2262,total_energy_dram,unit_test_energy,Sort_SortsListCorrectly
_result,75,2024-12-10 15:43:00.995522+00:00,2024-12-13 15:43:00.995522+00:00,2024-12-13 15:31:01.503759+00:00,0.2262,total_energy_dram,unit_test_energy,Sort_SortsListCorrectly
_result,75,2024-12-10 15:43:00.995522+00:00,2024-12-13 15:43:00.995522+00:00,2024-12-13 15:33:08.221447+00:00,0.2266,total_energy_dram,unit_test_energy,Sort_SortsListCorrectly
_result,75,2024-12-10 15:43:00.995522+00:00,2024-12-13 15:43:00.995522+00:00,2024-12-13 15:35:15.136964+00:00,0.2287,total_energy_dram,unit_test_energy,Sort_SortsListCorrectly
_result,75,2024-12-10 15:43:00.995522+00:00,2024-12-13 15:43:00.995522+00:00,2024-12-13 15:37:22.479336+00:00,0.2256,total_energy_dram,unit_test_energy,Sort_SortsListCorrectly
_result,75,2024-12-10 15:43:00.995522+00:00,2024-12-13 15:43:00.995522+00:00,2024-12-13 15:39:29.245297+00:00,0.225,total_energy_dram,unit_test_energy,Sort_SortsListCorrectly
_result,76,2024-12-10 15:43:00.995522+00:00,2024-12-13 15:43:00.995522+00:00,2024-12-13 14:34:13.201002+00:00,0.5852,total_energy_pkg,unit_test_energy,Sort_SortsListCorrectly
_result,76,2024-12-10 15:43:00.995522+00:00,2024-12-13 15:43:00.995522+00:00,2024-12-13 14:36:20.555475+00:00,0.5187,total_energy_pkg,unit_test_energy,Sort_SortsListCorrectly
_result,76,2024-12-10 15:43:00.995522+00:00,2024-12-13 15:43:00.995522+00:00,2024-12-13 14:38:27.683510+00:00,0.5897,total_energy_pkg,unit_test_energy,Sort_SortsListCorrectly
_result,76,2024-12-10 15:43:00.995522+00:00,2024-12-13 15:43:00.995522+00:00,2024-12-13 14:40:34.939760+00:00,0.5884,total_energy_pkg,unit_test_energy,Sort_SortsListCorrectly
_result,76,2024-12-10 15:43:00.995522+00:00,2024-12-13 15:43:00.995522+00:00,2024-12-13 14:42:41.993954+00:00,0.5845,total_energy_pkg,unit_test_energy,Sort_SortsListCorrectly
_result,76,2024-12-10 15:43:00.995522+00:00,2024-12-13 15:43:00.995522+00:00,2024-12-13 14:44:48.892071+00:00,0.5844,total_energy_pkg,unit_test_energy,Sort_SortsListCorrectly
_result,76,2024-12-10 15:43:00.995522+00:00,2024-12-13 15:43:00.995522+00:00,2024-12-13 14:46:55.336489+00:00,0.5828,total_energy_pkg,unit_test_energy,Sort_SortsListCorrectly
_result,76,2024-12-10 15:43:00.995522+00:00,2024-12-13 15:43:00.995522+00:00,2024-12-13 14:49:02.229070+00:00,0.64,total_energy_pkg,unit_test_energy,Sort_SortsListCorrectly
_result,76,2024-12-10 15:43:00.995522+00:00,2024-12-13 15:43:00.995522+00:00,2024-12-13 14:51:09.279956+00:00,0.5947,total_energy_pkg,unit_test_energy,Sort_SortsListCorrectly
_result,76,2024-12-10 15:43:00.995522+00:00,2024-12-13 15:43:00.995522+00:00,2024-12-13 14:53:16.813157+00:00,0.5867,total_energy_pkg,unit_test_energy,Sort_SortsListCorrectly
_result,76,2024-12-10 15:43:00.995522+00:00,2024-12-13 15:43:00.995522+00:00,2024-12-13 14:55:23.824880+00:00,0.7123,total_energy_pkg,unit_test_energy,Sort_SortsListCorrectly
_result,76,2024-12-10 15:43:00.995522+00:00,2024-12-13 15:43:00.995522+00:00,2024-12-13 14:57:30.710675+00:00,0.5875,total_energy_pkg,unit_test_energy,Sort_SortsListCorrectly
_result,76,2024-12-10 15:43:00.995522+00:00,2024-12-13 15:43:00.995522+00:00,2024-12-13 14:59:37.369035+00:00,0.5844,total_energy_pkg,unit_test_energy,Sort_SortsListCorrectly
_result,76,2024-12-10 15:43:00.995522+00:00,2024-12-13 15:43:00.995522+00:00,2024-12-13 15:01:44.241414+00:00,0.5261,total_energy_pkg,unit_test_energy,Sort_SortsListCorrectly
_result,76,2024-12-10 15:43:00.995522+00:00,2024-12-13 15:43:00.995522+00:00,2024-12-13 15:03:52.104450+00:00,0.7164,total_energy_pkg,unit_test_energy,Sort_SortsListCorrectly
_result,76,2024-12-10 15:43:00.995522+00:00,2024-12-13 15:43:00.995522+00:00,2024-12-13 15:09:51.563197+00:00,0.6154,total_energy_pkg,unit_test_energy,Sort_SortsListCorrectly
_result,76,2024-12-10 15:43:00.995522+00:00,2024-12-13 15:43:00.995522+00:00,2024-12-13 15:11:58.807679+00:00,0.5377,total_energy_pkg,unit_test_energy,Sort_SortsListCorrectly
_result,76,2024-12-10 15:43:00.995522+00:00,2024-12-13 15:43:00.995522+00:00,2024-12-13 15:14:05.963367+00:00,0.5869,total_energy_pkg,unit_test_energy,Sort_SortsListCorrectly
_result,76,2024-12-10 15:43:00.995522+00:00,2024-12-13 15:43:00.995522+00:00,2024-12-13 15:16:13.161230+00:00,0.586,total_energy_pkg,unit_test_energy,Sort_SortsListCorrectly
_result,76,2024-12-10 15:43:00.995522+00:00,2024-12-13 15:43:00.995522+00:00,2024-12-13 15:18:19.939931+00:00,0.6033,total_energy_pkg,unit_test_energy,Sort_SortsListCorrectly
_result,76,2024-12-10 15:43:00.995522+00:00,2024-12-13 15:43:00.995522+00:00,2024-12-13 15:20:27.656263+00:00,0.5828,total_energy_pkg,unit_test_energy,Sort_SortsListCorrectly
_result,76,2024-12-10 15:43:00.995522+00:00,2024-12-13 15:43:00.995522+00:00,2024-12-13 15:22:34.575601+00:00,0.5856,total_energy_pkg,unit_test_energy,Sort_SortsListCorrectly
_result,76,2024-12-10 15:43:00.995522+00:00,2024-12-13 15:43:00.995522+00:00,2024-12-13 15:24:41.084821+00:00,0.6481,total_energy_pkg,unit_test_energy,Sort_SortsListCorrectly
_result,76,2024-12-10 15:43:00.995522+00:00,2024-12-13 15:43:00.995522+00:00,2024-12-13 15:26:47.947672+00:00,0.6555,total_energy_pkg,unit_test_energy,Sort_SortsListCorrectly
_result,76,2024-12-10 15:43:00.995522+00:00,2024-12-13 15:43:00.995522+00:00,2024-12-13 15:28:54.831559+00:00,0.5967,total_energy_pkg,unit_test_energy,Sort_SortsListCorrectly
_result,76,2024-12-10 15:43:00.995522+00:00,2024-12-13 15:43:00.995522+00:00,2024-12-13 15:31:01.503759+00:00,0.5919,total_energy_pkg,unit_test_energy,Sort_SortsListCorrectly
_result,76,2024-12-10 15:43:00.995522+00:00,2024-12-13 15:43:00.995522+00:00,2024-12-13 15:33:08.221447+00:00,0.5783,total_energy_pkg,unit_test_energy,Sort_SortsListCorrectly
_result,76,2024-12-10 15:43:00.995522+00:00,2024-12-13 15:43:00.995522+00:00,2024-12-13 15:35:15.136964+00:00,0.5824,total_energy_pkg,unit_test_energy,Sort_SortsListCorrectly
_result,76,2024-12-10 15:43:00.995522+00:00,2024-12-13 15:43:00.995522+00:00,2024-12-13 15:37:22.479336+00:00,0.5909,total_energy_pkg,unit_test_energy,Sort_SortsListCorrectly
_result,76,2024-12-10 15:43:00.995522+00:00,2024-12-13 15:43:00.995522+00:00,2024-12-13 15:39:29.245297+00:00,0.5927,total_energy_pkg,unit_test_energy,Sort_SortsListCorrectly
_result,77,2024-12-10 15:43:00.995522+00:00,2024-12-13 15:43:00.995522+00:00,2024-12-13 14:34:53.938730+00:00,52.2682,avg_energy_dram,unit_test_energy,Sort_SortsListCorrectly4
_result,77,2024-12-10 15:43:00.995522+00:00,2024-12-13 15:43:00.995522+00:00,2024-12-13 14:37:01.046078+00:00,44.6546,avg_energy_dram,unit_test_energy,Sort_SortsListCorrectly4
_result,77,2024-12-10 15:43:00.995522+00:00,2024-12-13 15:43:00.995522+00:00,2024-12-13 14:39:08.050505+00:00,50.1146,avg_energy_dram,unit_test_energy,Sort_SortsListCorrectly4
_result,77,2024-12-10 15:43:00.995522+00:00,2024-12-13 15:43:00.995522+00:00,2024-12-13 14:41:15.652854+00:00,55.1554,avg_energy_dram,unit_test_energy,Sort_SortsListCorrectly4
_result,77,2024-12-10 15:43:00.995522+00:00,2024-12-13 15:43:00.995522+00:00,2024-12-13 14:43:22.621428+00:00,54.949,avg_energy_dram,unit_test_energy,Sort_SortsListCorrectly4
_result,77,2024-12-10 15:43:00.995522+00:00,2024-12-13 15:43:00.995522+00:00,2024-12-13 14:45:29.249490+00:00,47.8215,avg_energy_dram,unit_test_energy,Sort_SortsListCorrectly4
_result,77,2024-12-10 15:43:00.995522+00:00,2024-12-13 15:43:00.995522+00:00,2024-12-13 14:47:35.559282+00:00,48.1242,avg_energy_dram,unit_test_energy,Sort_SortsListCorrectly4
_result,77,2024-12-10 15:43:00.995522+00:00,2024-12-13 15:43:00.995522+00:00,2024-12-13 14:49:42.448836+00:00,48.7388,avg_energy_dram,unit_test_energy,Sort_SortsListCorrectly4
_result,77,2024-12-10 15:43:00.995522+00:00,2024-12-13 15:43:00.995522+00:00,2024-12-13 14:51:49.832733+00:00,41.2548,avg_energy_dram,unit_test_energy,Sort_SortsListCorrectly4
_result,77,2024-12-10 15:43:00.995522+00:00,2024-12-13 15:43:00.995522+00:00,2024-12-13 14:53:57.149810+00:00,49.2012,avg_energy_dram,unit_test_energy,Sort_SortsListCorrectly4
_result,77,2024-12-10 15:43:00.995522+00:00,2024-12-13 15:43:00.995522+00:00,2024-12-13 14:56:04.386042+00:00,49.6471,avg_energy_dram,unit_test_energy,Sort_SortsListCorrectly4
_result,77,2024-12-10 15:43:00.995522+00:00,2024-12-13 15:43:00.995522+00:00,2024-12-13 14:58:10.979472+00:00,40.6513,avg_energy_dram,unit_test_energy,Sort_SortsListCorrectly4
_result,77,2024-12-10 15:43:00.995522+00:00,2024-12-13 15:43:00.995522+00:00,2024-12-13 15:00:17.693212+00:00,54.2685,avg_energy_dram,unit_test_energy,Sort_SortsListCorrectly4
_result,77,2024-12-10 15:43:00.995522+00:00,2024-12-13 15:43:00.995522+00:00,2024-12-13 15:02:24.754327+00:00,38.7611,avg_energy_dram,unit_test_energy,Sort_SortsListCorrectly4
_result,77,2024-12-10 15:43:00.995522+00:00,2024-12-13 15:43:00.995522+00:00,2024-12-13 15:04:33.051104+00:00,45.9345,avg_energy_dram,unit_test_energy,Sort_SortsListCorrectly4
_result,77,2024-12-10 15:43:00.995522+00:00,2024-12-13 15:43:00.995522+00:00,2024-12-13 15:10:32.105070+00:00,51.4724,avg_energy_dram,unit_test_energy,Sort_SortsListCorrectly4
_result,77,2024-12-10 15:43:00.995522+00:00,2024-12-13 15:43:00.995522+00:00,2024-12-13 15:12:39.213759+00:00,53.7756,avg_energy_dram,unit_test_energy,Sort_SortsListCorrectly4
_result,77,2024-12-10 15:43:00.995522+00:00,2024-12-13 15:43:00.995522+00:00,2024-12-13 15:14:46.416335+00:00,49.5539,avg_energy_dram,unit_test_energy,Sort_SortsListCorrectly4
_result,77,2024-12-10 15:43:00.995522+00:00,2024-12-13 15:43:00.995522+00:00,2024-12-13 15:16:53.769152+00:00,55.9322,avg_energy_dram,unit_test_energy,Sort_SortsListCorrectly4
_result,77,2024-12-10 15:43:00.995522+00:00,2024-12-13 15:43:00.995522+00:00,2024-12-13 15:19:00.543718+00:00,49.0883,avg_energy_dram,unit_test_energy,Sort_SortsListCorrectly4
_result,77,2024-12-10 15:43:00.995522+00:00,2024-12-13 15:43:00.995522+00:00,2024-12-13 15:21:08.228571+00:00,49.5048,avg_energy_dram,unit_test_energy,Sort_SortsListCorrectly4
_result,77,2024-12-10 15:43:00.995522+00:00,2024-12-13 15:43:00.995522+00:00,2024-12-13 15:23:14.950247+00:00,51.363,avg_energy_dram,unit_test_energy,Sort_SortsListCorrectly4
_result,77,2024-12-10 15:43:00.995522+00:00,2024-12-13 15:43:00.995522+00:00,2024-12-13 15:25:21.424805+00:00,51.3554,avg_energy_dram,unit_test_energy,Sort_SortsListCorrectly4
_result,77,2024-12-10 15:43:00.995522+00:00,2024-12-13 15:43:00.995522+00:00,2024-12-13 15:27:28.326050+00:00,33.7768,avg_energy_dram,unit_test_energy,Sort_SortsListCorrectly4
_result,77,2024-12-10 15:43:00.995522+00:00,2024-12-13 15:43:00.995522+00:00,2024-12-13 15:29:35.122839+00:00,41.7293,avg_energy_dram,unit_test_energy,Sort_SortsListCorrectly4
_result,77,2024-12-10 15:43:00.995522+00:00,2024-12-13 15:43:00.995522+00:00,2024-12-13 15:31:41.896343+00:00,49.777,avg_energy_dram,unit_test_energy,Sort_SortsListCorrectly4
_result,77,2024-12-10 15:43:00.995522+00:00,2024-12-13 15:43:00.995522+00:00,2024-12-13 15:33:48.494586+00:00,50.7653,avg_energy_dram,unit_test_energy,Sort_SortsListCorrectly4
_result,77,2024-12-10 15:43:00.995522+00:00,2024-12-13 15:43:00.995522+00:00,2024-12-13 15:35:55.701831+00:00,39.8175,avg_energy_dram,unit_test_energy,Sort_SortsListCorrectly4
_result,77,2024-12-10 15:43:00.995522+00:00,2024-12-13 15:43:00.995522+00:00,2024-12-13 15:38:02.928967+00:00,54.4955,avg_energy_dram,unit_test_energy,Sort_SortsListCorrectly4
_result,77,2024-12-10 15:43:00.995522+00:00,2024-12-13 15:43:00.995522+00:00,2024-12-13 15:40:09.417908+00:00,49.9668,avg_energy_dram,unit_test_energy,Sort_SortsListCorrectly4
_result,78,2024-12-10 15:43:00.995522+00:00,2024-12-13 15:43:00.995522+00:00,2024-12-13 14:34:53.938730+00:00,131.7962,avg_energy_pkg,unit_test_energy,Sort_SortsListCorrectly4
_result,78,2024-12-10 15:43:00.995522+00:00,2024-12-13 15:43:00.995522+00:00,2024-12-13 14:37:01.046078+00:00,115.5245,avg_energy_pkg,unit_test_energy,Sort_SortsListCorrectly4
_result,78,2024-12-10 15:43:00.995522+00:00,2024-12-13 15:43:00.995522+00:00,2024-12-13 14:39:08.050505+00:00,130.9521,avg_energy_pkg,unit_test_energy,Sort_SortsListCorrectly4
_result,78,2024-12-10 15:43:00.995522+00:00,2024-12-13 15:43:00.995522+00:00,2024-12-13 14:41:15.652854+00:00,138.0829,avg_energy_pkg,unit_test_energy,Sort_SortsListCorrectly4
_result,78,2024-12-10 15:43:00.995522+00:00,2024-12-13 15:43:00.995522+00:00,2024-12-13 14:43:22.621428+00:00,119.5858,avg_energy_pkg,unit_test_energy,Sort_SortsListCorrectly4
_result,78,2024-12-10 15:43:00.995522+00:00,2024-12-13 15:43:00.995522+00:00,2024-12-13 14:45:29.249490+00:00,122.6178,avg_energy_pkg,unit_test_energy,Sort_SortsListCorrectly4
_result,78,2024-12-10 15:43:00.995522+00:00,2024-12-13 15:43:00.995522+00:00,2024-12-13 14:47:35.559282+00:00,127.2942,avg_energy_pkg,unit_test_energy,Sort_SortsListCorrectly4
_result,78,2024-12-10 15:43:00.995522+00:00,2024-12-13 15:43:00.995522+00:00,2024-12-13 14:49:42.448836+00:00,128.3878,avg_energy_pkg,unit_test_energy,Sort_SortsListCorrectly4
_result,78,2024-12-10 15:43:00.995522+00:00,2024-12-13 15:43:00.995522+00:00,2024-12-13 14:51:49.832733+00:00,114.0229,avg_energy_pkg,unit_test_energy,Sort_SortsListCorrectly4
_result,78,2024-12-10 15:43:00.995522+00:00,2024-12-13 15:43:00.995522+00:00,2024-12-13 14:53:57.149810+00:00,121.8437,avg_energy_pkg,unit_test_energy,Sort_SortsListCorrectly4
_result,78,2024-12-10 15:43:00.995522+00:00,2024-12-13 15:43:00.995522+00:00,2024-12-13 14:56:04.386042+00:00,124.736,avg_energy_pkg,unit_test_energy,Sort_SortsListCorrectly4
_result,78,2024-12-10 15:43:00.995522+00:00,2024-12-13 15:43:00.995522+00:00,2024-12-13 14:58:10.979472+00:00,103.8591,avg_energy_pkg,unit_test_energy,Sort_SortsListCorrectly4
_result,78,2024-12-10 15:43:00.995522+00:00,2024-12-13 15:43:00.995522+00:00,2024-12-13 15:00:17.693212+00:00,129.6344,avg_energy_pkg,unit_test_energy,Sort_SortsListCorrectly4
_result,78,2024-12-10 15:43:00.995522+00:00,2024-12-13 15:43:00.995522+00:00,2024-12-13 15:02:24.754327+00:00,77.2642,avg_energy_pkg,unit_test_energy,Sort_SortsListCorrectly4
_result,78,2024-12-10 15:43:00.995522+00:00,2024-12-13 15:43:00.995522+00:00,2024-12-13 15:04:33.051104+00:00,132.2105,avg_energy_pkg,unit_test_energy,Sort_SortsListCorrectly4
_result,78,2024-12-10 15:43:00.995522+00:00,2024-12-13 15:43:00.995522+00:00,2024-12-13 15:10:32.105070+00:00,134.4173,avg_energy_pkg,unit_test_energy,Sort_SortsListCorrectly4
_result,78,2024-12-10 15:43:00.995522+00:00,2024-12-13 15:43:00.995522+00:00,2024-12-13 15:12:39.213759+00:00,129.9171,avg_energy_pkg,unit_test_energy,Sort_SortsListCorrectly4
_result,78,2024-12-10 15:43:00.995522+00:00,2024-12-13 15:43:00.995522+00:00,2024-12-13 15:14:46.416335+00:00,136.671,avg_energy_pkg,unit_test_energy,Sort_SortsListCorrectly4
_result,78,2024-12-10 15:43:00.995522+00:00,2024-12-13 15:43:00.995522+00:00,2024-12-13 15:16:53.769152+00:00,134.302,avg_energy_pkg,unit_test_energy,Sort_SortsListCorrectly4
_result,78,2024-12-10 15:43:00.995522+00:00,2024-12-13 15:43:00.995522+00:00,2024-12-13 15:19:00.543718+00:00,123.8158,avg_energy_pkg,unit_test_energy,Sort_SortsListCorrectly4
_result,78,2024-12-10 15:43:00.995522+00:00,2024-12-13 15:43:00.995522+00:00,2024-12-13 15:21:08.228571+00:00,136.0559,avg_energy_pkg,unit_test_energy,Sort_SortsListCorrectly4
_result,78,2024-12-10 15:43:00.995522+00:00,2024-12-13 15:43:00.995522+00:00,2024-12-13 15:23:14.950247+00:00,140.5783,avg_energy_pkg,unit_test_energy,Sort_SortsListCorrectly4
_result,78,2024-12-10 15:43:00.995522+00:00,2024-12-13 15:43:00.995522+00:00,2024-12-13 15:25:21.424805+00:00,134.2399,avg_energy_pkg,unit_test_energy,Sort_SortsListCorrectly4
_result,78,2024-12-10 15:43:00.995522+00:00,2024-12-13 15:43:00.995522+00:00,2024-12-13 15:27:28.326050+00:00,90.2689,avg_energy_pkg,unit_test_energy,Sort_SortsListCorrectly4
_result,78,2024-12-10 15:43:00.995522+00:00,2024-12-13 15:43:00.995522+00:00,2024-12-13 15:29:35.122839+00:00,104.8389,avg_energy_pkg,unit_test_energy,Sort_SortsListCorrectly4
_result,78,2024-12-10 15:43:00.995522+00:00,2024-12-13 15:43:00.995522+00:00,2024-12-13 15:31:41.896343+00:00,132.7386,avg_energy_pkg,unit_test_energy,Sort_SortsListCorrectly4
_result,78,2024-12-10 15:43:00.995522+00:00,2024-12-13 15:43:00.995522+00:00,2024-12-13 15:33:48.494586+00:00,129.794,avg_energy_pkg,unit_test_energy,Sort_SortsListCorrectly4
_result,78,2024-12-10 15:43:00.995522+00:00,2024-12-13 15:43:00.995522+00:00,2024-12-13 15:35:55.701831+00:00,107.7786,avg_energy_pkg,unit_test_energy,Sort_SortsListCorrectly4
_result,78,2024-12-10 15:43:00.995522+00:00,2024-12-13 15:43:00.995522+00:00,2024-12-13 15:38:02.928967+00:00,139.0314,avg_energy_pkg,unit_test_energy,Sort_SortsListCorrectly4
_result,78,2024-12-10 15:43:00.995522+00:00,2024-12-13 15:43:00.995522+00:00,2024-12-13 15:40:09.417908+00:00,127.9858,avg_energy_pkg,unit_test_energy,Sort_SortsListCorrectly4
_result,79,2024-12-10 15:43:00.995522+00:00,2024-12-13 15:43:00.995522+00:00,2024-12-13 14:34:53.938730+00:00,0.0028,duration,unit_test_energy,Sort_SortsListCorrectly4
_result,79,2024-12-10 15:43:00.995522+00:00,2024-12-13 15:43:00.995522+00:00,2024-12-13 14:37:01.046078+00:00,0.0027,duration,unit_test_energy,Sort_SortsListCorrectly4
_result,79,2024-12-10 15:43:00.995522+00:00,2024-12-13 15:43:00.995522+00:00,2024-12-13 14:39:08.050505+00:00,0.0028,duration,unit_test_energy,Sort_SortsListCorrectly4
_result,79,2024-12-10 15:43:00.995522+00:00,2024-12-13 15:43:00.995522+00:00,2024-12-13 14:41:15.652854+00:00,0.0028,duration,unit_test_energy,Sort_SortsListCorrectly4
_result,79,2024-12-10 15:43:00.995522+00:00,2024-12-13 15:43:00.995522+00:00,2024-12-13 14:43:22.621428+00:00,0.0028,duration,unit_test_energy,Sort_SortsListCorrectly4
_result,79,2024-12-10 15:43:00.995522+00:00,2024-12-13 15:43:00.995522+00:00,2024-12-13 14:45:29.249490+00:00,0.003,duration,unit_test_energy,Sort_SortsListCorrectly4
_result,79,2024-12-10 15:43:00.995522+00:00,2024-12-13 15:43:00.995522+00:00,2024-12-13 14:47:35.559282+00:00,0.0028,duration,unit_test_energy,Sort_SortsListCorrectly4
_result,79,2024-12-10 15:43:00.995522+00:00,2024-12-13 15:43:00.995522+00:00,2024-12-13 14:49:42.448836+00:00,0.0028,duration,unit_test_energy,Sort_SortsListCorrectly4
_result,79,2024-12-10 15:43:00.995522+00:00,2024-12-13 15:43:00.995522+00:00,2024-12-13 14:51:49.832733+00:00,0.0027,duration,unit_test_energy,Sort_SortsListCorrectly4
_result,79,2024-12-10 15:43:00.995522+00:00,2024-12-13 15:43:00.995522+00:00,2024-12-13 14:53:57.149810+00:00,0.0027,duration,unit_test_energy,Sort_SortsListCorrectly4
_result,79,2024-12-10 15:43:00.995522+00:00,2024-12-13 15:43:00.995522+00:00,2024-12-13 14:56:04.386042+00:00,0.0028,duration,unit_test_energy,Sort_SortsListCorrectly4
_result,79,2024-12-10 15:43:00.995522+00:00,2024-12-13 15:43:00.995522+00:00,2024-12-13 14:58:10.979472+00:00,0.0028,duration,unit_test_energy,Sort_SortsListCorrectly4
_result,79,2024-12-10 15:43:00.995522+00:00,2024-12-13 15:43:00.995522+00:00,2024-12-13 15:00:17.693212+00:00,0.0029,duration,unit_test_energy,Sort_SortsListCorrectly4
_result,79,2024-12-10 15:43:00.995522+00:00,2024-12-13 15:43:00.995522+00:00,2024-12-13 15:02:24.754327+00:00,0.0028,duration,unit_test_energy,Sort_SortsListCorrectly4
_result,79,2024-12-10 15:43:00.995522+00:00,2024-12-13 15:43:00.995522+00:00,2024-12-13 15:04:33.051104+00:00,0.0028,duration,unit_test_energy,Sort_SortsListCorrectly4
_result,79,2024-12-10 15:43:00.995522+00:00,2024-12-13 15:43:00.995522+00:00,2024-12-13 15:10:32.105070+00:00,0.0027,duration,unit_test_energy,Sort_SortsListCorrectly4
_result,79,2024-12-10 15:43:00.995522+00:00,2024-12-13 15:43:00.995522+00:00,2024-12-13 15:12:39.213759+00:00,0.0029,duration,unit_test_energy,Sort_SortsListCorrectly4
_result,79,2024-12-10 15:43:00.995522+00:00,2024-12-13 15:43:00.995522+00:00,2024-12-13 15:14:46.416335+00:00,0.0027,duration,unit_test_energy,Sort_SortsListCorrectly4
_result,79,2024-12-10 15:43:00.995522+00:00,2024-12-13 15:43:00.995522+00:00,2024-12-13 15:16:53.769152+00:00,0.0028,duration,unit_test_energy,Sort_SortsListCorrectly4
_result,79,2024-12-10 15:43:00.995522+00:00,2024-12-13 15:43:00.995522+00:00,2024-12-13 15:19:00.543718+00:00,0.0027,duration,unit_test_energy,Sort_SortsListCorrectly4
_result,79,2024-12-10 15:43:00.995522+00:00,2024-12-13 15:43:00.995522+00:00,2024-12-13 15:21:08.228571+00:00,0.0027,duration,unit_test_energy,Sort_SortsListCorrectly4
_result,79,2024-12-10 15:43:00.995522+00:00,2024-12-13 15:43:00.995522+00:00,2024-12-13 15:23:14.950247+00:00,0.0027,duration,unit_test_energy,Sort_SortsListCorrectly4
_result,79,2024-12-10 15:43:00.995522+00:00,2024-12-13 15:43:00.995522+00:00,2024-12-13 15:25:21.424805+00:00,0.0027,duration,unit_test_energy,Sort_SortsListCorrectly4
_result,79,2024-12-10 15:43:00.995522+00:00,2024-12-13 15:43:00.995522+00:00,2024-12-13 15:27:28.326050+00:00,0.0028,duration,unit_test_energy,Sort_SortsListCorrectly4
_result,79,2024-12-10 15:43:00.995522+00:00,2024-12-13 15:43:00.995522+00:00,2024-12-13 15:29:35.122839+00:00,0.0029,duration,unit_test_energy,Sort_SortsListCorrectly4
_result,79,2024-12-10 15:43:00.995522+00:00,2024-12-13 15:43:00.995522+00:00,2024-12-13 15:31:41.896343+00:00,0.0027,duration,unit_test_energy,Sort_SortsListCorrectly4
_result,79,2024-12-10 15:43:00.995522+00:00,2024-12-13 15:43:00.995522+00:00,2024-12-13 15:33:48.494586+00:00,0.0028,duration,unit_test_energy,Sort_SortsListCorrectly4
_result,79,2024-12-10 15:43:00.995522+00:00,2024-12-13 15:43:00.995522+00:00,2024-12-13 15:35:55.701831+00:00,0.0027,duration,unit_test_energy,Sort_SortsListCorrectly4
_result,79,2024-12-10 15:43:00.995522+00:00,2024-12-13 15:43:00.995522+00:00,2024-12-13 15:38:02.928967+00:00,0.0028,duration,unit_test_energy,Sort_SortsListCorrectly4
_result,79,2024-12-10 15:43:00.995522+00:00,2024-12-13 15:43:00.995522+00:00,2024-12-13 15:40:09.417908+00:00,0.0028,duration,unit_test_energy,Sort_SortsListCorrectly4
_result,80,2024-12-10 15:43:00.995522+00:00,2024-12-13 15:43:00.995522+00:00,2024-12-13 14:34:53.938730+00:00,0.0,median_energy_dram,unit_test_energy,Sort_SortsListCorrectly4
_result,80,2024-12-10 15:43:00.995522+00:00,2024-12-13 15:43:00.995522+00:00,2024-12-13 14:37:01.046078+00:00,0.0,median_energy_dram,unit_test_energy,Sort_SortsListCorrectly4
_result,80,2024-12-10 15:43:00.995522+00:00,2024-12-13 15:43:00.995522+00:00,2024-12-13 14:39:08.050505+00:00,0.0,median_energy_dram,unit_test_energy,Sort_SortsListCorrectly4
_result,80,2024-12-10 15:43:00.995522+00:00,2024-12-13 15:43:00.995522+00:00,2024-12-13 14:41:15.652854+00:00,0.0,median_energy_dram,unit_test_energy,Sort_SortsListCorrectly4
_result,80,2024-12-10 15:43:00.995522+00:00,2024-12-13 15:43:00.995522+00:00,2024-12-13 14:43:22.621428+00:00,0.0,median_energy_dram,unit_test_energy,Sort_SortsListCorrectly4
_result,80,2024-12-10 15:43:00.995522+00:00,2024-12-13 15:43:00.995522+00:00,2024-12-13 14:45:29.249490+00:00,0.0,median_energy_dram,unit_test_energy,Sort_SortsListCorrectly4
_result,80,2024-12-10 15:43:00.995522+00:00,2024-12-13 15:43:00.995522+00:00,2024-12-13 14:47:35.559282+00:00,0.0,median_energy_dram,unit_test_energy,Sort_SortsListCorrectly4
_result,80,2024-12-10 15:43:00.995522+00:00,2024-12-13 15:43:00.995522+00:00,2024-12-13 14:49:42.448836+00:00,0.0,median_energy_dram,unit_test_energy,Sort_SortsListCorrectly4
_result,80,2024-12-10 15:43:00.995522+00:00,2024-12-13 15:43:00.995522+00:00,2024-12-13 14:51:49.832733+00:00,0.0,median_energy_dram,unit_test_energy,Sort_SortsListCorrectly4
_result,80,2024-12-10 15:43:00.995522+00:00,2024-12-13 15:43:00.995522+00:00,2024-12-13 14:53:57.149810+00:00,0.0,median_energy_dram,unit_test_energy,Sort_SortsListCorrectly4
_result,80,2024-12-10 15:43:00.995522+00:00,2024-12-13 15:43:00.995522+00:00,2024-12-13 14:56:04.386042+00:00,0.0,median_energy_dram,unit_test_energy,Sort_SortsListCorrectly4
_result,80,2024-12-10 15:43:00.995522+00:00,2024-12-13 15:43:00.995522+00:00,2024-12-13 14:58:10.979472+00:00,0.0,median_energy_dram,unit_test_energy,Sort_SortsListCorrectly4
_result,80,2024-12-10 15:43:00.995522+00:00,2024-12-13 15:43:00.995522+00:00,2024-12-13 15:00:17.693212+00:00,0.0,median_energy_dram,unit_test_energy,Sort_SortsListCorrectly4
_result,80,2024-12-10 15:43:00.995522+00:00,2024-12-13 15:43:00.995522+00:00,2024-12-13 15:02:24.754327+00:00,0.0,median_energy_dram,unit_test_energy,Sort_SortsListCorrectly4
_result,80,2024-12-10 15:43:00.995522+00:00,2024-12-13 15:43:00.995522+00:00,2024-12-13 15:04:33.051104+00:00,0.0,median_energy_dram,unit_test_energy,Sort_SortsListCorrectly4
_result,80,2024-12-10 15:43:00.995522+00:00,2024-12-13 15:43:00.995522+00:00,2024-12-13 15:10:32.105070+00:00,0.0,median_energy_dram,unit_test_energy,Sort_SortsListCorrectly4
_result,80,2024-12-10 15:43:00.995522+00:00,2024-12-13 15:43:00.995522+00:00,2024-12-13 15:12:39.213759+00:00,0.0,median_energy_dram,unit_test_energy,Sort_SortsListCorrectly4
_result,80,2024-12-10 15:43:00.995522+00:00,2024-12-13 15:43:00.995522+00:00,2024-12-13 15:14:46.416335+00:00,0.0,median_energy_dram,unit_test_energy,Sort_SortsListCorrectly4
_result,80,2024-12-10 15:43:00.995522+00:00,2024-12-13 15:43:00.995522+00:00,2024-12-13 15:16:53.769152+00:00,0.0,median_energy_dram,unit_test_energy,Sort_SortsListCorrectly4
_result,80,2024-12-10 15:43:00.995522+00:00,2024-12-13 15:43:00.995522+00:00,2024-12-13 15:19:00.543718+00:00,0.0,median_energy_dram,unit_test_energy,Sort_SortsListCorrectly4
_result,80,2024-12-10 15:43:00.995522+00:00,2024-12-13 15:43:00.995522+00:00,2024-12-13 15:21:08.228571+00:00,0.0,median_energy_dram,unit_test_energy,Sort_SortsListCorrectly4
_result,80,2024-12-10 15:43:00.995522+00:00,2024-12-13 15:43:00.995522+00:00,2024-12-13 15:23:14.950247+00:00,0.0,median_energy_dram,unit_test_energy,Sort_SortsListCorrectly4
_result,80,2024-12-10 15:43:00.995522+00:00,2024-12-13 15:43:00.995522+00:00,2024-12-13 15:25:21.424805+00:00,0.0,median_energy_dram,unit_test_energy,Sort_SortsListCorrectly4
_result,80,2024-12-10 15:43:00.995522+00:00,2024-12-13 15:43:00.995522+00:00,2024-12-13 15:27:28.326050+00:00,0.0,median_energy_dram,unit_test_energy,Sort_SortsListCorrectly4
_result,80,2024-12-10 15:43:00.995522+00:00,2024-12-13 15:43:00.995522+00:00,2024-12-13 15:29:35.122839+00:00,0.0,median_energy_dram,unit_test_energy,Sort_SortsListCorrectly4
_result,80,2024-12-10 15:43:00.995522+00:00,2024-12-13 15:43:00.995522+00:00,2024-12-13 15:31:41.896343+00:00,0.0,median_energy_dram,unit_test_energy,Sort_SortsListCorrectly4
_result,80,2024-12-10 15:43:00.995522+00:00,2024-12-13 15:43:00.995522+00:00,2024-12-13 15:33:48.494586+00:00,0.0,median_energy_dram,unit_test_energy,Sort_SortsListCorrectly4
_result,80,2024-12-10 15:43:00.995522+00:00,2024-12-13 15:43:00.995522+00:00,2024-12-13 15:35:55.701831+00:00,0.0,median_energy_dram,unit_test_energy,Sort_SortsListCorrectly4
_result,80,2024-12-10 15:43:00.995522+00:00,2024-12-13 15:43:00.995522+00:00,2024-12-13 15:38:02.928967+00:00,0.0,median_energy_dram,unit_test_energy,Sort_SortsListCorrectly4
_result,80,2024-12-10 15:43:00.995522+00:00,2024-12-13 15:43:00.995522+00:00,2024-12-13 15:40:09.417908+00:00,0.0,median_energy_dram,unit_test_energy,Sort_SortsListCorrectly4
_result,81,2024-12-10 15:43:00.995522+00:00,2024-12-13 15:43:00.995522+00:00,2024-12-13 14:34:53.938730+00:00,0.0,median_energy_pkg,unit_test_energy,Sort_SortsListCorrectly4
_result,81,2024-12-10 15:43:00.995522+00:00,2024-12-13 15:43:00.995522+00:00,2024-12-13 14:37:01.046078+00:00,0.0,median_energy_pkg,unit_test_energy,Sort_SortsListCorrectly4
_result,81,2024-12-10 15:43:00.995522+00:00,2024-12-13 15:43:00.995522+00:00,2024-12-13 14:39:08.050505+00:00,0.0,median_energy_pkg,unit_test_energy,Sort_SortsListCorrectly4
_result,81,2024-12-10 15:43:00.995522+00:00,2024-12-13 15:43:00.995522+00:00,2024-12-13 14:41:15.652854+00:00,0.0,median_energy_pkg,unit_test_energy,Sort_SortsListCorrectly4
_result,81,2024-12-10 15:43:00.995522+00:00,2024-12-13 15:43:00.995522+00:00,2024-12-13 14:43:22.621428+00:00,0.0,median_energy_pkg,unit_test_energy,Sort_SortsListCorrectly4
_result,81,2024-12-10 15:43:00.995522+00:00,2024-12-13 15:43:00.995522+00:00,2024-12-13 14:45:29.249490+00:00,0.0,median_energy_pkg,unit_test_energy,Sort_SortsListCorrectly4
_result,81,2024-12-10 15:43:00.995522+00:00,2024-12-13 15:43:00.995522+00:00,2024-12-13 14:47:35.559282+00:00,0.0,median_energy_pkg,unit_test_energy,Sort_SortsListCorrectly4
_result,81,2024-12-10 15:43:00.995522+00:00,2024-12-13 15:43:00.995522+00:00,2024-12-13 14:49:42.448836+00:00,0.0,median_energy_pkg,unit_test_energy,Sort_SortsListCorrectly4
_result,81,2024-12-10 15:43:00.995522+00:00,2024-12-13 15:43:00.995522+00:00,2024-12-13 14:51:49.832733+00:00,0.0,median_energy_pkg,unit_test_energy,Sort_SortsListCorrectly4
_result,81,2024-12-10 15:43:00.995522+00:00,2024-12-13 15:43:00.995522+00:00,2024-12-13 14:53:57.149810+00:00,0.0,median_energy_pkg,unit_test_energy,Sort_SortsListCorrectly4
_result,81,2024-12-10 15:43:00.995522+00:00,2024-12-13 15:43:00.995522+00:00,2024-12-13 14:56:04.386042+00:00,0.0,median_energy_pkg,unit_test_energy,Sort_SortsListCorrectly4
_result,81,2024-12-10 15:43:00.995522+00:00,2024-12-13 15:43:00.995522+00:00,2024-12-13 14:58:10.979472+00:00,0.0,median_energy_pkg,unit_test_energy,Sort_SortsListCorrectly4
_result,81,2024-12-10 15:43:00.995522+00:00,2024-12-13 15:43:00.995522+00:00,2024-12-13 15:00:17.693212+00:00,0.0,median_energy_pkg,unit_test_energy,Sort_SortsListCorrectly4
_result,81,2024-12-10 15:43:00.995522+00:00,2024-12-13 15:43:00.995522+00:00,2024-12-13 15:02:24.754327+00:00,0.0,median_energy_pkg,unit_test_energy,Sort_SortsListCorrectly4
_result,81,2024-12-10 15:43:00.995522+00:00,2024-12-13 15:43:00.995522+00:00,2024-12-13 15:04:33.051104+00:00,0.0,median_energy_pkg,unit_test_energy,Sort_SortsListCorrectly4
_result,81,2024-12-10 15:43:00.995522+00:00,2024-12-13 15:43:00.995522+00:00,2024-12-13 15:10:32.105070+00:00,0.0,median_energy_pkg,unit_test_energy,Sort_SortsListCorrectly4
_result,81,2024-12-10 15:43:00.995522+00:00,2024-12-13 15:43:00.995522+00:00,2024-12-13 15:12:39.213759+00:00,0.0,median_energy_pkg,unit_test_energy,Sort_SortsListCorrectly4
_result,81,2024-12-10 15:43:00.995522+00:00,2024-12-13 15:43:00.995522+00:00,2024-12-13 15:14:46.416335+00:00,0.0,median_energy_pkg,unit_test_energy,Sort_SortsListCorrectly4
_result,81,2024-12-10 15:43:00.995522+00:00,2024-12-13 15:43:00.995522+00:00,2024-12-13 15:16:53.769152+00:00,0.0,median_energy_pkg,unit_test_energy,Sort_SortsListCorrectly4
_result,81,2024-12-10 15:43:00.995522+00:00,2024-12-13 15:43:00.995522+00:00,2024-12-13 15:19:00.543718+00:00,0.0,median_energy_pkg,unit_test_energy,Sort_SortsListCorrectly4
_result,81,2024-12-10 15:43:00.995522+00:00,2024-12-13 15:43:00.995522+00:00,2024-12-13 15:21:08.228571+00:00,0.0,median_energy_pkg,unit_test_energy,Sort_SortsListCorrectly4
_result,81,2024-12-10 15:43:00.995522+00:00,2024-12-13 15:43:00.995522+00:00,2024-12-13 15:23:14.950247+00:00,0.0,median_energy_pkg,unit_test_energy,Sort_SortsListCorrectly4
_result,81,2024-12-10 15:43:00.995522+00:00,2024-12-13 15:43:00.995522+00:00,2024-12-13 15:25:21.424805+00:00,0.0,median_energy_pkg,unit_test_energy,Sort_SortsListCorrectly4
_result,81,2024-12-10 15:43:00.995522+00:00,2024-12-13 15:43:00.995522+00:00,2024-12-13 15:27:28.326050+00:00,0.0,median_energy_pkg,unit_test_energy,Sort_SortsListCorrectly4
_result,81,2024-12-10 15:43:00.995522+00:00,2024-12-13 15:43:00.995522+00:00,2024-12-13 15:29:35.122839+00:00,0.0,median_energy_pkg,unit_test_energy,Sort_SortsListCorrectly4
_result,81,2024-12-10 15:43:00.995522+00:00,2024-12-13 15:43:00.995522+00:00,2024-12-13 15:31:41.896343+00:00,0.0,median_energy_pkg,unit_test_energy,Sort_SortsListCorrectly4
_result,81,2024-12-10 15:43:00.995522+00:00,2024-12-13 15:43:00.995522+00:00,2024-12-13 15:33:48.494586+00:00,0.0,median_energy_pkg,unit_test_energy,Sort_SortsListCorrectly4
_result,81,2024-12-10 15:43:00.995522+00:00,2024-12-13 15:43:00.995522+00:00,2024-12-13 15:35:55.701831+00:00,0.0,median_energy_pkg,unit_test_energy,Sort_SortsListCorrectly4
_result,81,2024-12-10 15:43:00.995522+00:00,2024-12-13 15:43:00.995522+00:00,2024-12-13 15:38:02.928967+00:00,0.0,median_energy_pkg,unit_test_energy,Sort_SortsListCorrectly4
_result,81,2024-12-10 15:43:00.995522+00:00,2024-12-13 15:43:00.995522+00:00,2024-12-13 15:40:09.417908+00:00,0.0,median_energy_pkg,unit_test_energy,Sort_SortsListCorrectly4
_result,82,2024-12-10 15:43:00.995522+00:00,2024-12-13 15:43:00.995522+00:00,2024-12-13 14:34:53.938730+00:00,0.1459,total_energy_dram,unit_test_energy,Sort_SortsListCorrectly4
_result,82,2024-12-10 15:43:00.995522+00:00,2024-12-13 15:43:00.995522+00:00,2024-12-13 14:37:01.046078+00:00,0.1199,total_energy_dram,unit_test_energy,Sort_SortsListCorrectly4
_result,82,2024-12-10 15:43:00.995522+00:00,2024-12-13 15:43:00.995522+00:00,2024-12-13 14:39:08.050505+00:00,0.1419,total_energy_dram,unit_test_energy,Sort_SortsListCorrectly4
_result,82,2024-12-10 15:43:00.995522+00:00,2024-12-13 15:43:00.995522+00:00,2024-12-13 14:41:15.652854+00:00,0.1538,total_energy_dram,unit_test_energy,Sort_SortsListCorrectly4
_result,82,2024-12-10 15:43:00.995522+00:00,2024-12-13 15:43:00.995522+00:00,2024-12-13 14:43:22.621428+00:00,0.152,total_energy_dram,unit_test_energy,Sort_SortsListCorrectly4
_result,82,2024-12-10 15:43:00.995522+00:00,2024-12-13 15:43:00.995522+00:00,2024-12-13 14:45:29.249490+00:00,0.1422,total_energy_dram,unit_test_energy,Sort_SortsListCorrectly4
_result,82,2024-12-10 15:43:00.995522+00:00,2024-12-13 15:43:00.995522+00:00,2024-12-13 14:47:35.559282+00:00,0.136,total_energy_dram,unit_test_energy,Sort_SortsListCorrectly4
_result,82,2024-12-10 15:43:00.995522+00:00,2024-12-13 15:43:00.995522+00:00,2024-12-13 14:49:42.448836+00:00,0.1354,total_energy_dram,unit_test_energy,Sort_SortsListCorrectly4
_result,82,2024-12-10 15:43:00.995522+00:00,2024-12-13 15:43:00.995522+00:00,2024-12-13 14:51:49.832733+00:00,0.1095,total_energy_dram,unit_test_energy,Sort_SortsListCorrectly4
_result,82,2024-12-10 15:43:00.995522+00:00,2024-12-13 15:43:00.995522+00:00,2024-12-13 14:53:57.149810+00:00,0.1305,total_energy_dram,unit_test_energy,Sort_SortsListCorrectly4
_result,82,2024-12-10 15:43:00.995522+00:00,2024-12-13 15:43:00.995522+00:00,2024-12-13 14:56:04.386042+00:00,0.1409,total_energy_dram,unit_test_energy,Sort_SortsListCorrectly4
_result,82,2024-12-10 15:43:00.995522+00:00,2024-12-13 15:43:00.995522+00:00,2024-12-13 14:58:10.979472+00:00,0.1154,total_energy_dram,unit_test_energy,Sort_SortsListCorrectly4
_result,82,2024-12-10 15:43:00.995522+00:00,2024-12-13 15:43:00.995522+00:00,2024-12-13 15:00:17.693212+00:00,0.1564,total_energy_dram,unit_test_energy,Sort_SortsListCorrectly4
_result,82,2024-12-10 15:43:00.995522+00:00,2024-12-13 15:43:00.995522+00:00,2024-12-13 15:02:24.754327+00:00,0.11,total_energy_dram,unit_test_energy,Sort_SortsListCorrectly4
_result,82,2024-12-10 15:43:00.995522+00:00,2024-12-13 15:43:00.995522+00:00,2024-12-13 15:04:33.051104+00:00,0.129,total_energy_dram,unit_test_energy,Sort_SortsListCorrectly4
_result,82,2024-12-10 15:43:00.995522+00:00,2024-12-13 15:43:00.995522+00:00,2024-12-13 15:10:32.105070+00:00,0.1411,total_energy_dram,unit_test_energy,Sort_SortsListCorrectly4
_result,82,2024-12-10 15:43:00.995522+00:00,2024-12-13 15:43:00.995522+00:00,2024-12-13 15:12:39.213759+00:00,0.1572,total_energy_dram,unit_test_energy,Sort_SortsListCorrectly4
_result,82,2024-12-10 15:43:00.995522+00:00,2024-12-13 15:43:00.995522+00:00,2024-12-13 15:14:46.416335+00:00,0.1349,total_energy_dram,unit_test_energy,Sort_SortsListCorrectly4
_result,82,2024-12-10 15:43:00.995522+00:00,2024-12-13 15:43:00.995522+00:00,2024-12-13 15:16:53.769152+00:00,0.1585,total_energy_dram,unit_test_energy,Sort_SortsListCorrectly4
_result,82,2024-12-10 15:43:00.995522+00:00,2024-12-13 15:43:00.995522+00:00,2024-12-13 15:19:00.543718+00:00,0.1306,total_energy_dram,unit_test_energy,Sort_SortsListCorrectly4
_result,82,2024-12-10 15:43:00.995522+00:00,2024-12-13 15:43:00.995522+00:00,2024-12-13 15:21:08.228571+00:00,0.1353,total_energy_dram,unit_test_energy,Sort_SortsListCorrectly4
_result,82,2024-12-10 15:43:00.995522+00:00,2024-12-13 15:43:00.995522+00:00,2024-12-13 15:23:14.950247+00:00,0.1389,total_energy_dram,unit_test_energy,Sort_SortsListCorrectly4
_result,82,2024-12-10 15:43:00.995522+00:00,2024-12-13 15:43:00.995522+00:00,2024-12-13 15:25:21.424805+00:00,0.1412,total_energy_dram,unit_test_energy,Sort_SortsListCorrectly4
_result,82,2024-12-10 15:43:00.995522+00:00,2024-12-13 15:43:00.995522+00:00,2024-12-13 15:27:28.326050+00:00,0.094,total_energy_dram,unit_test_energy,Sort_SortsListCorrectly4
_result,82,2024-12-10 15:43:00.995522+00:00,2024-12-13 15:43:00.995522+00:00,2024-12-13 15:29:35.122839+00:00,0.121,total_energy_dram,unit_test_energy,Sort_SortsListCorrectly4
_result,82,2024-12-10 15:43:00.995522+00:00,2024-12-13 15:43:00.995522+00:00,2024-12-13 15:31:41.896343+00:00,0.1349,total_energy_dram,unit_test_energy,Sort_SortsListCorrectly4
_result,82,2024-12-10 15:43:00.995522+00:00,2024-12-13 15:43:00.995522+00:00,2024-12-13 15:33:48.494586+00:00,0.141,total_energy_dram,unit_test_energy,Sort_SortsListCorrectly4
_result,82,2024-12-10 15:43:00.995522+00:00,2024-12-13 15:43:00.995522+00:00,2024-12-13 15:35:55.701831+00:00,0.1095,total_energy_dram,unit_test_energy,Sort_SortsListCorrectly4
_result,82,2024-12-10 15:43:00.995522+00:00,2024-12-13 15:43:00.995522+00:00,2024-12-13 15:38:02.928967+00:00,0.1542,total_energy_dram,unit_test_energy,Sort_SortsListCorrectly4
_result,82,2024-12-10 15:43:00.995522+00:00,2024-12-13 15:43:00.995522+00:00,2024-12-13 15:40:09.417908+00:00,0.1398,total_energy_dram,unit_test_energy,Sort_SortsListCorrectly4
_result,83,2024-12-10 15:43:00.995522+00:00,2024-12-13 15:43:00.995522+00:00,2024-12-13 14:34:53.938730+00:00,0.368,total_energy_pkg,unit_test_energy,Sort_SortsListCorrectly4
_result,83,2024-12-10 15:43:00.995522+00:00,2024-12-13 15:43:00.995522+00:00,2024-12-13 14:37:01.046078+00:00,0.3101,total_energy_pkg,unit_test_energy,Sort_SortsListCorrectly4
_result,83,2024-12-10 15:43:00.995522+00:00,2024-12-13 15:43:00.995522+00:00,2024-12-13 14:39:08.050505+00:00,0.3708,total_energy_pkg,unit_test_energy,Sort_SortsListCorrectly4
_result,83,2024-12-10 15:43:00.995522+00:00,2024-12-13 15:43:00.995522+00:00,2024-12-13 14:41:15.652854+00:00,0.3849,total_energy_pkg,unit_test_energy,Sort_SortsListCorrectly4
_result,83,2024-12-10 15:43:00.995522+00:00,2024-12-13 15:43:00.995522+00:00,2024-12-13 14:43:22.621428+00:00,0.3307,total_energy_pkg,unit_test_energy,Sort_SortsListCorrectly4
_result,83,2024-12-10 15:43:00.995522+00:00,2024-12-13 15:43:00.995522+00:00,2024-12-13 14:45:29.249490+00:00,0.3646,total_energy_pkg,unit_test_energy,Sort_SortsListCorrectly4
_result,83,2024-12-10 15:43:00.995522+00:00,2024-12-13 15:43:00.995522+00:00,2024-12-13 14:47:35.559282+00:00,0.3596,total_energy_pkg,unit_test_energy,Sort_SortsListCorrectly4
_result,83,2024-12-10 15:43:00.995522+00:00,2024-12-13 15:43:00.995522+00:00,2024-12-13 14:49:42.448836+00:00,0.3566,total_energy_pkg,unit_test_energy,Sort_SortsListCorrectly4
_result,83,2024-12-10 15:43:00.995522+00:00,2024-12-13 15:43:00.995522+00:00,2024-12-13 14:51:49.832733+00:00,0.3026,total_energy_pkg,unit_test_energy,Sort_SortsListCorrectly4
_result,83,2024-12-10 15:43:00.995522+00:00,2024-12-13 15:43:00.995522+00:00,2024-12-13 14:53:57.149810+00:00,0.3231,total_energy_pkg,unit_test_energy,Sort_SortsListCorrectly4
_result,83,2024-12-10 15:43:00.995522+00:00,2024-12-13 15:43:00.995522+00:00,2024-12-13 14:56:04.386042+00:00,0.354,total_energy_pkg,unit_test_energy,Sort_SortsListCorrectly4
_result,83,2024-12-10 15:43:00.995522+00:00,2024-12-13 15:43:00.995522+00:00,2024-12-13 14:58:10.979472+00:00,0.2948,total_energy_pkg,unit_test_energy,Sort_SortsListCorrectly4
_result,83,2024-12-10 15:43:00.995522+00:00,2024-12-13 15:43:00.995522+00:00,2024-12-13 15:00:17.693212+00:00,0.3735,total_energy_pkg,unit_test_energy,Sort_SortsListCorrectly4
_result,83,2024-12-10 15:43:00.995522+00:00,2024-12-13 15:43:00.995522+00:00,2024-12-13 15:02:24.754327+00:00,0.2194,total_energy_pkg,unit_test_energy,Sort_SortsListCorrectly4
_result,83,2024-12-10 15:43:00.995522+00:00,2024-12-13 15:43:00.995522+00:00,2024-12-13 15:04:33.051104+00:00,0.3712,total_energy_pkg,unit_test_energy,Sort_SortsListCorrectly4
_result,83,2024-12-10 15:43:00.995522+00:00,2024-12-13 15:43:00.995522+00:00,2024-12-13 15:10:32.105070+00:00,0.3685,total_energy_pkg,unit_test_energy,Sort_SortsListCorrectly4
_result,83,2024-12-10 15:43:00.995522+00:00,2024-12-13 15:43:00.995522+00:00,2024-12-13 15:12:39.213759+00:00,0.3799,total_energy_pkg,unit_test_energy,Sort_SortsListCorrectly4
_result,83,2024-12-10 15:43:00.995522+00:00,2024-12-13 15:43:00.995522+00:00,2024-12-13 15:14:46.416335+00:00,0.3722,total_energy_pkg,unit_test_energy,Sort_SortsListCorrectly4
_result,83,2024-12-10 15:43:00.995522+00:00,2024-12-13 15:43:00.995522+00:00,2024-12-13 15:16:53.769152+00:00,0.3805,total_energy_pkg,unit_test_energy,Sort_SortsListCorrectly4
_result,83,2024-12-10 15:43:00.995522+00:00,2024-12-13 15:43:00.995522+00:00,2024-12-13 15:19:00.543718+00:00,0.3295,total_energy_pkg,unit_test_energy,Sort_SortsListCorrectly4
_result,83,2024-12-10 15:43:00.995522+00:00,2024-12-13 15:43:00.995522+00:00,2024-12-13 15:21:08.228571+00:00,0.3718,total_energy_pkg,unit_test_energy,Sort_SortsListCorrectly4
_result,83,2024-12-10 15:43:00.995522+00:00,2024-12-13 15:43:00.995522+00:00,2024-12-13 15:23:14.950247+00:00,0.3802,total_energy_pkg,unit_test_energy,Sort_SortsListCorrectly4
_result,83,2024-12-10 15:43:00.995522+00:00,2024-12-13 15:43:00.995522+00:00,2024-12-13 15:25:21.424805+00:00,0.3691,total_energy_pkg,unit_test_energy,Sort_SortsListCorrectly4
_result,83,2024-12-10 15:43:00.995522+00:00,2024-12-13 15:43:00.995522+00:00,2024-12-13 15:27:28.326050+00:00,0.2512,total_energy_pkg,unit_test_energy,Sort_SortsListCorrectly4
_result,83,2024-12-10 15:43:00.995522+00:00,2024-12-13 15:43:00.995522+00:00,2024-12-13 15:29:35.122839+00:00,0.3041,total_energy_pkg,unit_test_energy,Sort_SortsListCorrectly4
_result,83,2024-12-10 15:43:00.995522+00:00,2024-12-13 15:43:00.995522+00:00,2024-12-13 15:31:41.896343+00:00,0.3597,total_energy_pkg,unit_test_energy,Sort_SortsListCorrectly4
_result,83,2024-12-10 15:43:00.995522+00:00,2024-12-13 15:43:00.995522+00:00,2024-12-13 15:33:48.494586+00:00,0.3606,total_energy_pkg,unit_test_energy,Sort_SortsListCorrectly4
_result,83,2024-12-10 15:43:00.995522+00:00,2024-12-13 15:43:00.995522+00:00,2024-12-13 15:35:55.701831+00:00,0.2963,total_energy_pkg,unit_test_energy,Sort_SortsListCorrectly4
_result,83,2024-12-10 15:43:00.995522+00:00,2024-12-13 15:43:00.995522+00:00,2024-12-13 15:38:02.928967+00:00,0.3935,total_energy_pkg,unit_test_energy,Sort_SortsListCorrectly4
_result,83,2024-12-10 15:43:00.995522+00:00,2024-12-13 15:43:00.995522+00:00,2024-12-13 15:40:09.417908+00:00,0.358,total_energy_pkg,unit_test_energy,Sort_SortsListCorrectly4
_result,84,2024-12-10 15:43:00.995522+00:00,2024-12-13 15:43:00.995522+00:00,2024-12-13 14:26:33+00:00,45.0334,avg_energy_dram,unit_test_energy,idle_consumption
_result,84,2024-12-10 15:43:00.995522+00:00,2024-12-13 15:43:00.995522+00:00,2024-12-13 14:26:53+00:00,44.9869,avg_energy_dram,unit_test_energy,idle_consumption
_result,84,2024-12-10 15:43:00.995522+00:00,2024-12-13 15:43:00.995522+00:00,2024-12-13 14:27:13+00:00,45.037,avg_energy_dram,unit_test_energy,idle_consumption
_result,84,2024-12-10 15:43:00.995522+00:00,2024-12-13 15:43:00.995522+00:00,2024-12-13 14:27:33+00:00,45.0389,avg_energy_dram,unit_test_energy,idle_consumption
_result,84,2024-12-10 15:43:00.995522+00:00,2024-12-13 15:43:00.995522+00:00,2024-12-13 14:27:53+00:00,45.0686,avg_energy_dram,unit_test_energy,idle_consumption
_result,84,2024-12-10 15:43:00.995522+00:00,2024-12-13 15:43:00.995522+00:00,2024-12-13 14:28:14+00:00,45.0301,avg_energy_dram,unit_test_energy,idle_consumption
_result,84,2024-12-10 15:43:00.995522+00:00,2024-12-13 15:43:00.995522+00:00,2024-12-13 14:28:34+00:00,44.9869,avg_energy_dram,unit_test_energy,idle_consumption
_result,84,2024-12-10 15:43:00.995522+00:00,2024-12-13 15:43:00.995522+00:00,2024-12-13 14:28:54+00:00,45.0458,avg_energy_dram,unit_test_energy,idle_consumption
_result,84,2024-12-10 15:43:00.995522+00:00,2024-12-13 15:43:00.995522+00:00,2024-12-13 14:29:14+00:00,45.0546,avg_energy_dram,unit_test_energy,idle_consumption
_result,84,2024-12-10 15:43:00.995522+00:00,2024-12-13 15:43:00.995522+00:00,2024-12-13 14:29:34+00:00,45.0596,avg_energy_dram,unit_test_energy,idle_consumption
_result,84,2024-12-10 15:43:00.995522+00:00,2024-12-13 15:43:00.995522+00:00,2024-12-13 14:29:54+00:00,45.0614,avg_energy_dram,unit_test_energy,idle_consumption
_result,84,2024-12-10 15:43:00.995522+00:00,2024-12-13 15:43:00.995522+00:00,2024-12-13 14:30:14+00:00,45.0781,avg_energy_dram,unit_test_energy,idle_consumption
_result,84,2024-12-10 15:43:00.995522+00:00,2024-12-13 15:43:00.995522+00:00,2024-12-13 14:30:34+00:00,45.0549,avg_energy_dram,unit_test_energy,idle_consumption
_result,84,2024-12-10 15:43:00.995522+00:00,2024-12-13 15:43:00.995522+00:00,2024-12-13 14:30:54+00:00,45.0076,avg_energy_dram,unit_test_energy,idle_consumption
_result,84,2024-12-10 15:43:00.995522+00:00,2024-12-13 15:43:00.995522+00:00,2024-12-13 14:31:15+00:00,45.0557,avg_energy_dram,unit_test_energy,idle_consumption
_result,85,2024-12-10 15:43:00.995522+00:00,2024-12-13 15:43:00.995522+00:00,2024-12-13 14:26:33+00:00,115.1515,avg_energy_pkg,unit_test_energy,idle_consumption
_result,85,2024-12-10 15:43:00.995522+00:00,2024-12-13 15:43:00.995522+00:00,2024-12-13 14:26:53+00:00,115.3486,avg_energy_pkg,unit_test_energy,idle_consumption
_result,85,2024-12-10 15:43:00.995522+00:00,2024-12-13 15:43:00.995522+00:00,2024-12-13 14:27:13+00:00,114.874,avg_energy_pkg,unit_test_energy,idle_consumption
_result,85,2024-12-10 15:43:00.995522+00:00,2024-12-13 15:43:00.995522+00:00,2024-12-13 14:27:33+00:00,115.2029,avg_energy_pkg,unit_test_energy,idle_consumption
_result,85,2024-12-10 15:43:00.995522+00:00,2024-12-13 15:43:00.995522+00:00,2024-12-13 14:27:53+00:00,114.8658,avg_energy_pkg,unit_test_energy,idle_consumption
_result,85,2024-12-10 15:43:00.995522+00:00,2024-12-13 15:43:00.995522+00:00,2024-12-13 14:28:14+00:00,115.0812,avg_energy_pkg,unit_test_energy,idle_consumption
_result,85,2024-12-10 15:43:00.995522+00:00,2024-12-13 15:43:00.995522+00:00,2024-12-13 14:28:34+00:00,114.8088,avg_energy_pkg,unit_test_energy,idle_consumption
_result,85,2024-12-10 15:43:00.995522+00:00,2024-12-13 15:43:00.995522+00:00,2024-12-13 14:28:54+00:00,114.5595,avg_energy_pkg,unit_test_energy,idle_consumption
_result,85,2024-12-10 15:43:00.995522+00:00,2024-12-13 15:43:00.995522+00:00,2024-12-13 14:29:14+00:00,114.8691,avg_energy_pkg,unit_test_energy,idle_consumption
_result,85,2024-12-10 15:43:00.995522+00:00,2024-12-13 15:43:00.995522+00:00,2024-12-13 14:29:34+00:00,114.6207,avg_energy_pkg,unit_test_energy,idle_consumption
_result,85,2024-12-10 15:43:00.995522+00:00,2024-12-13 15:43:00.995522+00:00,2024-12-13 14:29:54+00:00,114.5381,avg_energy_pkg,unit_test_energy,idle_consumption
_result,85,2024-12-10 15:43:00.995522+00:00,2024-12-13 15:43:00.995522+00:00,2024-12-13 14:30:14+00:00,113.9791,avg_energy_pkg,unit_test_energy,idle_consumption
_result,85,2024-12-10 15:43:00.995522+00:00,2024-12-13 15:43:00.995522+00:00,2024-12-13 14:30:34+00:00,114.4977,avg_energy_pkg,unit_test_energy,idle_consumption
_result,85,2024-12-10 15:43:00.995522+00:00,2024-12-13 15:43:00.995522+00:00,2024-12-13 14:30:54+00:00,114.3631,avg_energy_pkg,unit_test_energy,idle_consumption
_result,85,2024-12-10 15:43:00.995522+00:00,2024-12-13 15:43:00.995522+00:00,2024-12-13 14:31:15+00:00,114.1195,avg_energy_pkg,unit_test_energy,idle_consumption
_result,86,2024-12-10 15:43:00.995522+00:00,2024-12-13 15:43:00.995522+00:00,2024-12-13 14:26:33+00:00,10.0003,duration,unit_test_energy,idle_consumption
_result,86,2024-12-10 15:43:00.995522+00:00,2024-12-13 15:43:00.995522+00:00,2024-12-13 14:26:53+00:00,10.0003,duration,unit_test_energy,idle_consumption
_result,86,2024-12-10 15:43:00.995522+00:00,2024-12-13 15:43:00.995522+00:00,2024-12-13 14:27:13+00:00,10.0003,duration,unit_test_energy,idle_consumption
_result,86,2024-12-10 15:43:00.995522+00:00,2024-12-13 15:43:00.995522+00:00,2024-12-13 14:27:33+00:00,10.0003,duration,unit_test_energy,idle_consumption
_result,86,2024-12-10 15:43:00.995522+00:00,2024-12-13 15:43:00.995522+00:00,2024-12-13 14:27:53+00:00,10.0003,duration,unit_test_energy,idle_consumption
_result,86,2024-12-10 15:43:00.995522+00:00,2024-12-13 15:43:00.995522+00:00,2024-12-13 14:28:14+00:00,10.0003,duration,unit_test_energy,idle_consumption
_result,86,2024-12-10 15:43:00.995522+00:00,2024-12-13 15:43:00.995522+00:00,2024-12-13 14:28:34+00:00,10.0003,duration,unit_test_energy,idle_consumption
_result,86,2024-12-10 15:43:00.995522+00:00,2024-12-13 15:43:00.995522+00:00,2024-12-13 14:28:54+00:00,10.0003,duration,unit_test_energy,idle_consumption
_result,86,2024-12-10 15:43:00.995522+00:00,2024-12-13 15:43:00.995522+00:00,2024-12-13 14:29:14+00:00,10.0003,duration,unit_test_energy,idle_consumption
_result,86,2024-12-10 15:43:00.995522+00:00,2024-12-13 15:43:00.995522+00:00,2024-12-13 14:29:34+00:00,10.0003,duration,unit_test_energy,idle_consumption
_result,86,2024-12-10 15:43:00.995522+00:00,2024-12-13 15:43:00.995522+00:00,2024-12-13 14:29:54+00:00,10.0003,duration,unit_test_energy,idle_consumption
_result,86,2024-12-10 15:43:00.995522+00:00,2024-12-13 15:43:00.995522+00:00,2024-12-13 14:30:14+00:00,10.0003,duration,unit_test_energy,idle_consumption
_result,86,2024-12-10 15:43:00.995522+00:00,2024-12-13 15:43:00.995522+00:00,2024-12-13 14:30:34+00:00,10.0003,duration,unit_test_energy,idle_consumption
_result,86,2024-12-10 15:43:00.995522+00:00,2024-12-13 15:43:00.995522+00:00,2024-12-13 14:30:54+00:00,10.0003,duration,unit_test_energy,idle_consumption
_result,86,2024-12-10 15:43:00.995522+00:00,2024-12-13 15:43:00.995522+00:00,2024-12-13 14:31:15+00:00,10.0003,duration,unit_test_energy,idle_consumption
_result,87,2024-12-10 15:43:00.995522+00:00,2024-12-13 15:43:00.995522+00:00,2024-12-13 14:26:33+00:00,0.0,median_energy_dram,unit_test_energy,idle_consumption
_result,87,2024-12-10 15:43:00.995522+00:00,2024-12-13 15:43:00.995522+00:00,2024-12-13 14:26:53+00:00,0.0,median_energy_dram,unit_test_energy,idle_consumption
_result,87,2024-12-10 15:43:00.995522+00:00,2024-12-13 15:43:00.995522+00:00,2024-12-13 14:27:13+00:00,0.0,median_energy_dram,unit_test_energy,idle_consumption
_result,87,2024-12-10 15:43:00.995522+00:00,2024-12-13 15:43:00.995522+00:00,2024-12-13 14:27:33+00:00,0.0,median_energy_dram,unit_test_energy,idle_consumption
_result,87,2024-12-10 15:43:00.995522+00:00,2024-12-13 15:43:00.995522+00:00,2024-12-13 14:27:53+00:00,0.0,median_energy_dram,unit_test_energy,idle_consumption
_result,87,2024-12-10 15:43:00.995522+00:00,2024-12-13 15:43:00.995522+00:00,2024-12-13 14:28:14+00:00,0.0,median_energy_dram,unit_test_energy,idle_consumption
_result,87,2024-12-10 15:43:00.995522+00:00,2024-12-13 15:43:00.995522+00:00,2024-12-13 14:28:34+00:00,0.0,median_energy_dram,unit_test_energy,idle_consumption
_result,87,2024-12-10 15:43:00.995522+00:00,2024-12-13 15:43:00.995522+00:00,2024-12-13 14:28:54+00:00,0.0,median_energy_dram,unit_test_energy,idle_consumption
_result,87,2024-12-10 15:43:00.995522+00:00,2024-12-13 15:43:00.995522+00:00,2024-12-13 14:29:14+00:00,0.0,median_energy_dram,unit_test_energy,idle_consumption
_result,87,2024-12-10 15:43:00.995522+00:00,2024-12-13 15:43:00.995522+00:00,2024-12-13 14:29:34+00:00,0.0,median_energy_dram,unit_test_energy,idle_consumption
_result,87,2024-12-10 15:43:00.995522+00:00,2024-12-13 15:43:00.995522+00:00,2024-12-13 14:29:54+00:00,0.0,median_energy_dram,unit_test_energy,idle_consumption
_result,87,2024-12-10 15:43:00.995522+00:00,2024-12-13 15:43:00.995522+00:00,2024-12-13 14:30:14+00:00,0.0,median_energy_dram,unit_test_energy,idle_consumption
_result,87,2024-12-10 15:43:00.995522+00:00,2024-12-13 15:43:00.995522+00:00,2024-12-13 14:30:34+00:00,0.0,median_energy_dram,unit_test_energy,idle_consumption
_result,87,2024-12-10 15:43:00.995522+00:00,2024-12-13 15:43:00.995522+00:00,2024-12-13 14:30:54+00:00,0.0,median_energy_dram,unit_test_energy,idle_consumption
_result,87,2024-12-10 15:43:00.995522+00:00,2024-12-13 15:43:00.995522+00:00,2024-12-13 14:31:15+00:00,0.0,median_energy_dram,unit_test_energy,idle_consumption
_result,88,2024-12-10 15:43:00.995522+00:00,2024-12-13 15:43:00.995522+00:00,2024-12-13 14:26:33+00:00,0.0,median_energy_pkg,unit_test_energy,idle_consumption
_result,88,2024-12-10 15:43:00.995522+00:00,2024-12-13 15:43:00.995522+00:00,2024-12-13 14:26:53+00:00,0.0,median_energy_pkg,unit_test_energy,idle_consumption
_result,88,2024-12-10 15:43:00.995522+00:00,2024-12-13 15:43:00.995522+00:00,2024-12-13 14:27:13+00:00,0.0,median_energy_pkg,unit_test_energy,idle_consumption
_result,88,2024-12-10 15:43:00.995522+00:00,2024-12-13 15:43:00.995522+00:00,2024-12-13 14:27:33+00:00,0.0,median_energy_pkg,unit_test_energy,idle_consumption
_result,88,2024-12-10 15:43:00.995522+00:00,2024-12-13 15:43:00.995522+00:00,2024-12-13 14:27:53+00:00,0.0,median_energy_pkg,unit_test_energy,idle_consumption
_result,88,2024-12-10 15:43:00.995522+00:00,2024-12-13 15:43:00.995522+00:00,2024-12-13 14:28:14+00:00,0.0,median_energy_pkg,unit_test_energy,idle_consumption
_result,88,2024-12-10 15:43:00.995522+00:00,2024-12-13 15:43:00.995522+00:00,2024-12-13 14:28:34+00:00,0.0,median_energy_pkg,unit_test_energy,idle_consumption
_result,88,2024-12-10 15:43:00.995522+00:00,2024-12-13 15:43:00.995522+00:00,2024-12-13 14:28:54+00:00,0.0,median_energy_pkg,unit_test_energy,idle_consumption
_result,88,2024-12-10 15:43:00.995522+00:00,2024-12-13 15:43:00.995522+00:00,2024-12-13 14:29:14+00:00,0.0,median_energy_pkg,unit_test_energy,idle_consumption
_result,88,2024-12-10 15:43:00.995522+00:00,2024-12-13 15:43:00.995522+00:00,2024-12-13 14:29:34+00:00,0.0,median_energy_pkg,unit_test_energy,idle_consumption
_result,88,2024-12-10 15:43:00.995522+00:00,2024-12-13 15:43:00.995522+00:00,2024-12-13 14:29:54+00:00,0.0,median_energy_pkg,unit_test_energy,idle_consumption
_result,88,2024-12-10 15:43:00.995522+00:00,2024-12-13 15:43:00.995522+00:00,2024-12-13 14:30:14+00:00,0.0,median_energy_pkg,unit_test_energy,idle_consumption
_result,88,2024-12-10 15:43:00.995522+00:00,2024-12-13 15:43:00.995522+00:00,2024-12-13 14:30:34+00:00,0.0,median_energy_pkg,unit_test_energy,idle_consumption
_result,88,2024-12-10 15:43:00.995522+00:00,2024-12-13 15:43:00.995522+00:00,2024-12-13 14:30:54+00:00,0.0,median_energy_pkg,unit_test_energy,idle_consumption
_result,88,2024-12-10 15:43:00.995522+00:00,2024-12-13 15:43:00.995522+00:00,2024-12-13 14:31:15+00:00,0.0,median_energy_pkg,unit_test_energy,idle_consumption
_result,89,2024-12-10 15:43:00.995522+00:00,2024-12-13 15:43:00.995522+00:00,2024-12-13 14:26:33+00:00,450.3458,total_energy_dram,unit_test_energy,idle_consumption
_result,89,2024-12-10 15:43:00.995522+00:00,2024-12-13 15:43:00.995522+00:00,2024-12-13 14:26:53+00:00,449.8804,total_energy_dram,unit_test_energy,idle_consumption
_result,89,2024-12-10 15:43:00.995522+00:00,2024-12-13 15:43:00.995522+00:00,2024-12-13 14:27:13+00:00,450.3831,total_energy_dram,unit_test_energy,idle_consumption
_result,89,2024-12-10 15:43:00.995522+00:00,2024-12-13 15:43:00.995522+00:00,2024-12-13 14:27:33+00:00,450.4009,total_energy_dram,unit_test_energy,idle_consumption
_result,89,2024-12-10 15:43:00.995522+00:00,2024-12-13 15:43:00.995522+00:00,2024-12-13 14:27:53+00:00,450.6985,total_energy_dram,unit_test_energy,idle_consumption
_result,89,2024-12-10 15:43:00.995522+00:00,2024-12-13 15:43:00.995522+00:00,2024-12-13 14:28:14+00:00,450.3132,total_energy_dram,unit_test_energy,idle_consumption
_result,89,2024-12-10 15:43:00.995522+00:00,2024-12-13 15:43:00.995522+00:00,2024-12-13 14:28:34+00:00,449.8806,total_energy_dram,unit_test_energy,idle_consumption
_result,89,2024-12-10 15:43:00.995522+00:00,2024-12-13 15:43:00.995522+00:00,2024-12-13 14:28:54+00:00,450.4723,total_energy_dram,unit_test_energy,idle_consumption
_result,89,2024-12-10 15:43:00.995522+00:00,2024-12-13 15:43:00.995522+00:00,2024-12-13 14:29:14+00:00,450.5597,total_energy_dram,unit_test_energy,idle_consumption
_result,89,2024-12-10 15:43:00.995522+00:00,2024-12-13 15:43:00.995522+00:00,2024-12-13 14:29:34+00:00,450.6078,total_energy_dram,unit_test_energy,idle_consumption
_result,89,2024-12-10 15:43:00.995522+00:00,2024-12-13 15:43:00.995522+00:00,2024-12-13 14:29:54+00:00,450.6283,total_energy_dram,unit_test_energy,idle_consumption
_result,89,2024-12-10 15:43:00.995522+00:00,2024-12-13 15:43:00.995522+00:00,2024-12-13 14:30:14+00:00,450.7925,total_energy_dram,unit_test_energy,idle_consumption
_result,89,2024-12-10 15:43:00.995522+00:00,2024-12-13 15:43:00.995522+00:00,2024-12-13 14:30:34+00:00,450.5608,total_energy_dram,unit_test_energy,idle_consumption
_result,89,2024-12-10 15:43:00.995522+00:00,2024-12-13 15:43:00.995522+00:00,2024-12-13 14:30:54+00:00,450.0884,total_energy_dram,unit_test_energy,idle_consumption
_result,89,2024-12-10 15:43:00.995522+00:00,2024-12-13 15:43:00.995522+00:00,2024-12-13 14:31:15+00:00,450.5692,total_energy_dram,unit_test_energy,idle_consumption
_result,90,2024-12-10 15:43:00.995522+00:00,2024-12-13 15:43:00.995522+00:00,2024-12-13 14:26:33+00:00,1151.5444,total_energy_pkg,unit_test_energy,idle_consumption
_result,90,2024-12-10 15:43:00.995522+00:00,2024-12-13 15:43:00.995522+00:00,2024-12-13 14:26:53+00:00,1153.5152,total_energy_pkg,unit_test_energy,idle_consumption
_result,90,2024-12-10 15:43:00.995522+00:00,2024-12-13 15:43:00.995522+00:00,2024-12-13 14:27:13+00:00,1148.7722,total_energy_pkg,unit_test_energy,idle_consumption
_result,90,2024-12-10 15:43:00.995522+00:00,2024-12-13 15:43:00.995522+00:00,2024-12-13 14:27:33+00:00,1152.0582,total_energy_pkg,unit_test_energy,idle_consumption
_result,90,2024-12-10 15:43:00.995522+00:00,2024-12-13 15:43:00.995522+00:00,2024-12-13 14:27:53+00:00,1148.6901,total_energy_pkg,unit_test_energy,idle_consumption
_result,90,2024-12-10 15:43:00.995522+00:00,2024-12-13 15:43:00.995522+00:00,2024-12-13 14:28:14+00:00,1150.8435,total_energy_pkg,unit_test_energy,idle_consumption
_result,90,2024-12-10 15:43:00.995522+00:00,2024-12-13 15:43:00.995522+00:00,2024-12-13 14:28:34+00:00,1148.1166,total_energy_pkg,unit_test_energy,idle_consumption
_result,90,2024-12-10 15:43:00.995522+00:00,2024-12-13 15:43:00.995522+00:00,2024-12-13 14:28:54+00:00,1145.63,total_energy_pkg,unit_test_energy,idle_consumption
_result,90,2024-12-10 15:43:00.995522+00:00,2024-12-13 15:43:00.995522+00:00,2024-12-13 14:29:14+00:00,1148.7268,total_energy_pkg,unit_test_energy,idle_consumption
_result,90,2024-12-10 15:43:00.995522+00:00,2024-12-13 15:43:00.995522+00:00,2024-12-13 14:29:34+00:00,1146.2377,total_energy_pkg,unit_test_energy,idle_consumption
_result,90,2024-12-10 15:43:00.995522+00:00,2024-12-13 15:43:00.995522+00:00,2024-12-13 14:29:54+00:00,1145.417,total_energy_pkg,unit_test_energy,idle_consumption
_result,90,2024-12-10 15:43:00.995522+00:00,2024-12-13 15:43:00.995522+00:00,2024-12-13 14:30:14+00:00,1139.8195,total_energy_pkg,unit_test_energy,idle_consumption
_result,90,2024-12-10 15:43:00.995522+00:00,2024-12-13 15:43:00.995522+00:00,2024-12-13 14:30:34+00:00,1145.0069,total_energy_pkg,unit_test_energy,idle_consumption
_result,90,2024-12-10 15:43:00.995522+00:00,2024-12-13 15:43:00.995522+00:00,2024-12-13 14:30:54+00:00,1143.6617,total_energy_pkg,unit_test_energy,idle_consumption
_result,90,2024-12-10 15:43:00.995522+00:00,2024-12-13 15:43:00.995522+00:00,2024-12-13 14:31:15+00:00,1141.2252,total_energy_pkg,unit_test_energy,idle_consumption
